{
  "T1": {
    "tokens": 4800.0,
    "trace_sum": 9530698.56737271,
    "trace_per_token": 1985.562201535981,
    "dim": 4096,
    "mean_diag": 2326.830704924979
  },
  "T4": {
    "tokens": 19200.0,
    "trace_sum": 4011404.0684468155,
    "trace_per_token": 208.92729523160497,
    "dim": 4096,
    "mean_diag": 979.3466963981493
  },
  "T9": {
    "tokens": 43200.0,
    "trace_sum": 7945288.032931964,
    "trace_per_token": 183.9187044660177,
    "dim": 4096,
    "mean_diag": 1939.76758616503
  },
  "T16": {
    "tokens": 76800.0,
    "trace_sum": 11181592.012264581,
    "trace_per_token": 145.59364599302842,
    "dim": 4096,
    "mean_diag": 2729.880862369284
  },
  "T25": {
    "tokens": 120000.0,
    "trace_sum": 16674902.214088459,
    "trace_per_token": 138.95751845073715,
    "dim": 4096,
    "mean_diag": 4071.021048361444
  },
  "T36": {
    "tokens": 172800.0,
    "trace_sum": 22709967.986322507,
    "trace_per_token": 131.42342584677377,
    "dim": 4096,
    "mean_diag": 5544.425777910786
  },
  "T64": {
    "tokens": 307200.0,
    "trace_sum": 40951047.35412953,
    "trace_per_token": 133.3041906058904,
    "dim": 4096,
    "mean_diag": 9997.814295441774
  },
  "T100": {
    "tokens": 480000.0,
    "trace_sum": 67763798.90959153,
    "trace_per_token": 141.174581061649,
    "dim": 4096,
    "mean_diag": 16543.896218162008
  },
  "T169": {
    "tokens": 811200.0,
    "trace_sum": 123986673.44876762,
    "trace_per_token": 152.84353235794825,
    "dim": 4096,
    "mean_diag": 30270.183947453028
  },
  "T256": {
    "tokens": 1228800.0,
    "trace_sum": 237234542.19234848,
    "trace_per_token": 193.06196467476275,
    "dim": 4096,
    "mean_diag": 57918.58940242877
  }
}