==========================================
VAR 剪枝方法完整对比实验
==========================================
实验目录:
  剪枝训练目录: /home/project/real_prune/slimgpt_pub_prune
  图片生成目录: /home/project/real_prune/VAR_FIDtest

第一步：开始模型训练...
开始批量训练所有剪枝模型...
第一阶段：训练 Chain KFAC 模型...
训练 Chain KFAC: sparsity=0.1, strategy=natural
/root/miniconda3/envs/var/lib/python3.10/site-packages/torch/backends/__init__.py:46: UserWarning: Please use the new API settings to control TF32 behavior, such as torch.backends.cudnn.conv.fp32_precision = 'tf32' or torch.backends.cuda.matmul.fp32_precision = 'ieee'. Old settings, e.g, torch.backends.cuda.matmul.allow_tf32 = True, torch.backends.cudnn.allow_tf32 = True, allowTF32CuDNN() and allowTF32CuBLAS() will be deprecated after Pytorch 2.9. Please see https://pytorch.org/docs/main/notes/cuda.html#tensorfloat-32-tf32-on-ampere-and-later-devices (Triggered internally at /pytorch/aten/src/ATen/Context.cpp:80.)
  self.setter(val)
/home/project/real_prune/slimgpt_pub_prune/slim_utils
================================================================================
VAR Chain Pruning with KFAC-OBS
  Method: Chain Pruning + Full-KFAC-OBS
  Scale weighting: natural
  Target sparsity: 10.0%
================================================================================
Loading VAR model...

[constructor]  ==== flash_if_available=True (0/16), fused_if_available=True (fusing_add_ln=0/16, fusing_mlp=0/16) ==== 
    [VAR config ] embed_dim=1024, num_heads=16, depth=16, mlp_ratio=4.0
    [drop ratios ] drop_rate=0.0, attn_drop_rate=0.0, drop_path_rate=0.0666667 (tensor([0.0000, 0.0044, 0.0089, 0.0133, 0.0178, 0.0222, 0.0267, 0.0311, 0.0356,
        0.0400, 0.0444, 0.0489, 0.0533, 0.0578, 0.0622, 0.0667]))

/root/miniconda3/envs/var/lib/python3.10/site-packages/torch/nn/modules/module.py:1866: FutureWarning: Using a non-full backward hook when the forward contains multiple autograd Nodes is deprecated and will be removed in future versions. This hook will be missing some grad_input. Please use register_full_backward_hook to get the documented behavior.
  self._maybe_warn_non_full_backward_hook(args, result, grad_fn)
[init_weights] VAR with init_std=0.0180422
Model preparation finished.
Preparing calibration data...
Before pruning - All params: 0.31B	 Layer params: 0.31B	 Extra params: 0.00B
Starting chain pruning...
Chain Pruning: Starting model slimming...
  Strategy: Layer 0 = SlimGPT, Layers 1+ = Chain KFAC
  Scale weighting: natural
  Total samples: 50

============================================================
Processing Layer 0/16
============================================================
  attn.proj: Using SlimGPT (first layer)
decoder_time:53.23505401611328ms
decoder_time:4.419803619384766ms
decoder_time:5.611419677734375ms
decoder_time:7.181406021118164ms
decoder_time:7.970571517944336ms
decoder_time:8.721351623535156ms
decoder_time:9.582281112670898ms
decoder_time:10.411262512207031ms
decoder_time:11.216163635253906ms
decoder_time:12.063980102539062ms
    Processed 10/50 batches
decoder_time:12.847185134887695ms
decoder_time:13.647317886352539ms
decoder_time:14.428138732910156ms
decoder_time:15.228986740112305ms
decoder_time:16.02792739868164ms
decoder_time:16.792774200439453ms
decoder_time:17.629384994506836ms
decoder_time:18.416166305541992ms
decoder_time:19.20342445373535ms
decoder_time:20.0345516204834ms
    Processed 20/50 batches
decoder_time:20.80225944519043ms
decoder_time:21.557092666625977ms
decoder_time:22.32670783996582ms
decoder_time:23.087263107299805ms
decoder_time:23.93174171447754ms
decoder_time:24.736404418945312ms
decoder_time:25.489330291748047ms
decoder_time:26.323318481445312ms
decoder_time:4.77290153503418ms
decoder_time:27.857303619384766ms
    Processed 30/50 batches
decoder_time:28.708696365356445ms
decoder_time:29.4339656829834ms
decoder_time:4.576683044433594ms
decoder_time:31.137943267822266ms
decoder_time:31.838655471801758ms
decoder_time:32.64117240905762ms
decoder_time:33.469438552856445ms
decoder_time:34.24954414367676ms
decoder_time:35.08329391479492ms
decoder_time:4.789590835571289ms
    Processed 40/50 batches
decoder_time:36.63778305053711ms
decoder_time:37.43457794189453ms
decoder_time:38.22135925292969ms
decoder_time:39.01338577270508ms
decoder_time:39.87622261047363ms
decoder_time:40.62652587890625ms
decoder_time:41.43381118774414ms
decoder_time:42.21916198730469ms
decoder_time:43.01714897155762ms
decoder_time:43.81823539733887ms
    Processed 50/50 batches
  Layer 0: attn.proj sparsity 0.100
    Layer 0 complete: torch.Size([4096, 1024])

============================================================
Processing Layer 1/16
============================================================
  attn.proj: Using Chain Pruning + KFAC
decoder_time:4.507303237915039ms
decoder_time:4.458904266357422ms
decoder_time:6.494998931884766ms
decoder_time:7.161140441894531ms
decoder_time:7.9021453857421875ms
decoder_time:8.668184280395508ms
decoder_time:9.544134140014648ms
decoder_time:10.31637191772461ms
decoder_time:11.199235916137695ms
decoder_time:12.006998062133789ms
    Processed 10/50 batches
decoder_time:12.727022171020508ms
decoder_time:13.550996780395508ms
decoder_time:14.378547668457031ms
decoder_time:15.143632888793945ms
decoder_time:15.974044799804688ms
decoder_time:16.528606414794922ms
decoder_time:17.494916915893555ms
decoder_time:18.32127571105957ms
decoder_time:19.073486328125ms
decoder_time:19.83332633972168ms
    Processed 20/50 batches
decoder_time:20.715951919555664ms
decoder_time:21.454811096191406ms
decoder_time:22.246837615966797ms
decoder_time:23.015737533569336ms
decoder_time:23.854970932006836ms
decoder_time:4.233360290527344ms
decoder_time:25.400161743164062ms
decoder_time:26.164531707763672ms
decoder_time:27.029991149902344ms
decoder_time:27.75120735168457ms
    Processed 30/50 batches
decoder_time:28.582096099853516ms
decoder_time:29.357194900512695ms
decoder_time:30.175209045410156ms
decoder_time:30.963659286499023ms
decoder_time:4.18853759765625ms
decoder_time:32.58323669433594ms
decoder_time:33.446311950683594ms
decoder_time:34.230947494506836ms
decoder_time:35.03108024597168ms
decoder_time:35.7663631439209ms
    Processed 40/50 batches
decoder_time:36.5450382232666ms
decoder_time:37.458181381225586ms
decoder_time:4.470348358154297ms
decoder_time:38.9254093170166ms
decoder_time:4.254817962646484ms
decoder_time:4.168272018432617ms
decoder_time:41.34082794189453ms
decoder_time:4.197597503662109ms
decoder_time:4.448413848876953ms
decoder_time:4.147052764892578ms
    Processed 50/50 batches
    Processing 50 cached batches for attn.proj
  Layer 1: attn.proj sparsity 0.100
    Layer 1: Collected 50 batches
    Scale weights: ['0.001', '0.006', '0.013', '0.024', '0.037', '0.053', '0.094', '0.147', '0.249', '0.376']
    Head importances: [9.328653301221568e-13, 9.739065023189886e-13, 1.2272202568400226e-12, 1.3864447784284195e-12, 1.185397049616177e-12, 1.4237746181686162e-12, 8.963754218049846e-13, 1.3133567584172612e-12, 1.4985076981360868e-12, 1.2676463611444033e-12, 1.337496086106782e-12, 1.2871489898230726e-12, 1.2608011423081988e-12, 1.0991524530823416e-12, 1.1296226540974397e-12, 8.692899373420604e-13]
    Pruning 2/16 heads: [15, 6]
    Layer 1 complete: torch.Size([4096, 1024])

============================================================
Processing Layer 2/16
============================================================
  attn.proj: Using Chain Pruning + KFAC
decoder_time:4.120826721191406ms
decoder_time:4.143953323364258ms
decoder_time:6.46519660949707ms
decoder_time:7.18379020690918ms
decoder_time:7.92384147644043ms
decoder_time:8.714914321899414ms
decoder_time:9.538888931274414ms
decoder_time:10.3607177734375ms
decoder_time:11.191129684448242ms
decoder_time:12.015819549560547ms
    Processed 10/50 batches
decoder_time:12.825965881347656ms
decoder_time:13.632059097290039ms
decoder_time:14.443159103393555ms
decoder_time:15.197992324829102ms
decoder_time:15.988588333129883ms
decoder_time:16.744613647460938ms
decoder_time:17.592191696166992ms
decoder_time:18.36681365966797ms
decoder_time:19.1650390625ms
decoder_time:19.90985870361328ms
    Processed 20/50 batches
decoder_time:20.76125144958496ms
decoder_time:21.540164947509766ms
decoder_time:22.356748580932617ms
decoder_time:23.134469985961914ms
decoder_time:23.938894271850586ms
decoder_time:24.72972869873047ms
decoder_time:25.487184524536133ms
decoder_time:154.96230125427246ms
decoder_time:27.09794044494629ms
decoder_time:27.89449691772461ms
    Processed 30/50 batches
decoder_time:28.67436408996582ms
decoder_time:29.47711944580078ms
decoder_time:30.277729034423828ms
decoder_time:31.052350997924805ms
decoder_time:31.876802444458008ms
decoder_time:12.156248092651367ms
decoder_time:33.47158432006836ms
decoder_time:34.276723861694336ms
decoder_time:35.0651741027832ms
decoder_time:35.75849533081055ms
    Processed 40/50 batches
decoder_time:36.683082580566406ms
decoder_time:37.45222091674805ms
decoder_time:38.23661804199219ms
decoder_time:4.1713714599609375ms
decoder_time:39.89362716674805ms
decoder_time:40.57645797729492ms
decoder_time:41.466712951660156ms
decoder_time:4.213571548461914ms
decoder_time:32.45878219604492ms
decoder_time:4.206180572509766ms
    Processed 50/50 batches
    Processing 50 cached batches for attn.proj
  Layer 2: attn.proj sparsity 0.100
    Layer 2: Collected 50 batches
    Scale weights: ['0.001', '0.006', '0.013', '0.024', '0.037', '0.053', '0.094', '0.147', '0.249', '0.376']
    Head importances: [8.945324949521938e-13, 3.808250373035782e-13, 7.265665933481325e-13, 6.878965713025265e-13, 3.9133030583365924e-13, 3.069094999842703e-13, 9.936797478599102e-13, 6.781022141369442e-13, 4.213544118648882e-13, 6.698975684067687e-13, 5.802167557175664e-13, 4.240826168965678e-13, 7.047341226210091e-13, 3.707783591874042e-13, 4.2127477721531914e-13, 5.739706127917688e-13]
    Pruning 2/16 heads: [5, 13]
    Layer 2 complete: torch.Size([4096, 1024])

============================================================
Processing Layer 3/16
============================================================
  attn.proj: Using Chain Pruning + KFAC
decoder_time:4.114866256713867ms
decoder_time:4.020452499389648ms
decoder_time:6.447553634643555ms
decoder_time:7.155179977416992ms
decoder_time:7.93910026550293ms
decoder_time:8.646488189697266ms
decoder_time:9.521245956420898ms
decoder_time:10.367393493652344ms
decoder_time:11.202812194824219ms
decoder_time:12.034177780151367ms
    Processed 10/50 batches
decoder_time:12.812137603759766ms
decoder_time:13.596057891845703ms
decoder_time:14.444351196289062ms
decoder_time:15.153646469116211ms
decoder_time:16.02625846862793ms
decoder_time:16.78013801574707ms
decoder_time:17.59171485900879ms
decoder_time:18.372774124145508ms
decoder_time:19.134998321533203ms
decoder_time:19.9582576751709ms
    Processed 20/50 batches
decoder_time:20.789623260498047ms
decoder_time:21.500349044799805ms
decoder_time:22.340774536132812ms
decoder_time:23.115158081054688ms
decoder_time:23.941993713378906ms
decoder_time:24.71613883972168ms
decoder_time:25.501251220703125ms
decoder_time:26.323318481445312ms
decoder_time:4.462480545043945ms
decoder_time:27.83513069152832ms
    Processed 30/50 batches
decoder_time:28.701066970825195ms
decoder_time:29.44159507751465ms
decoder_time:30.267715454101562ms
decoder_time:31.126976013183594ms
decoder_time:31.864643096923828ms
decoder_time:4.903554916381836ms
decoder_time:33.47659111022949ms
decoder_time:34.23142433166504ms
decoder_time:35.0799560546875ms
decoder_time:35.86220741271973ms
    Processed 40/50 batches
decoder_time:36.71431541442871ms
decoder_time:4.169225692749023ms
decoder_time:38.24138641357422ms
decoder_time:39.02244567871094ms
decoder_time:4.149913787841797ms
decoder_time:19.707441329956055ms
decoder_time:41.48268699645996ms
decoder_time:4.174470901489258ms
decoder_time:17.21358299255371ms
decoder_time:4.175901412963867ms
    Processed 50/50 batches
    Processing 50 cached batches for attn.proj
  Layer 3: attn.proj sparsity 0.100
    Layer 3: Collected 50 batches
    Scale weights: ['0.001', '0.006', '0.013', '0.024', '0.037', '0.053', '0.094', '0.147', '0.249', '0.376']
    Head importances: [9.170372794464754e-13, 1.2454412501305967e-12, 1.2583866240700736e-12, 7.29383025331598e-13, 1.4215823613758505e-12, 8.189872391373143e-13, 1.4389222235608456e-12, 8.675490339137004e-13, 6.18487032422177e-13, 6.552762889591723e-13, 7.889920270939821e-13, 8.484922291683572e-13, 5.281716362014188e-13, 6.164120863044742e-13, 1.3063853384481794e-12, 2.0110536499973186e-12]
    Pruning 2/16 heads: [12, 13]
    Layer 3 complete: torch.Size([4096, 1024])

============================================================
Processing Layer 4/16
============================================================
  attn.proj: Using Chain Pruning + KFAC
decoder_time:4.139184951782227ms
decoder_time:4.134654998779297ms
decoder_time:6.48045539855957ms
decoder_time:7.142066955566406ms
decoder_time:7.938146591186523ms
decoder_time:8.716821670532227ms
decoder_time:9.53984260559082ms
decoder_time:10.356664657592773ms
decoder_time:11.223316192626953ms
decoder_time:12.011528015136719ms
    Processed 10/50 batches
decoder_time:12.818098068237305ms
decoder_time:13.628244400024414ms
decoder_time:14.445304870605469ms
decoder_time:15.157461166381836ms
decoder_time:16.022920608520508ms
decoder_time:16.767501831054688ms
decoder_time:17.600536346435547ms
decoder_time:18.369197845458984ms
decoder_time:19.158363342285156ms
decoder_time:19.99640464782715ms
    Processed 20/50 batches
decoder_time:20.799636840820312ms
decoder_time:21.49486541748047ms
decoder_time:22.358417510986328ms
decoder_time:23.13518524169922ms
decoder_time:23.933887481689453ms
decoder_time:24.734973907470703ms
decoder_time:25.511503219604492ms
decoder_time:26.27706527709961ms
decoder_time:27.127981185913086ms
decoder_time:27.83823013305664ms
    Processed 30/50 batches
decoder_time:28.66339683532715ms
decoder_time:136.7325782775879ms
decoder_time:30.30681610107422ms
decoder_time:31.060457229614258ms
decoder_time:31.835079193115234ms
decoder_time:32.6533317565918ms
decoder_time:33.510446548461914ms
decoder_time:34.23953056335449ms
decoder_time:35.04800796508789ms
decoder_time:35.81094741821289ms
    Processed 40/50 batches
decoder_time:36.650896072387695ms
decoder_time:37.482500076293945ms
decoder_time:38.277387619018555ms
decoder_time:39.04390335083008ms
decoder_time:39.88194465637207ms
decoder_time:27.895212173461914ms
decoder_time:41.47458076477051ms
decoder_time:4.160642623901367ms
decoder_time:10.364294052124023ms
decoder_time:43.90859603881836ms
    Processed 50/50 batches
    Processing 50 cached batches for attn.proj
  Layer 4: attn.proj sparsity 0.100
    Layer 4: Collected 50 batches
    Scale weights: ['0.001', '0.006', '0.013', '0.024', '0.037', '0.053', '0.094', '0.147', '0.249', '0.376']
    Head importances: [2.0669442719889464e-12, 9.879916980023995e-13, 1.894599711491085e-12, 1.5041840386101346e-12, 1.01175708436263e-12, 1.3864666793123037e-12, 1.2481608628600593e-12, 2.6961460408009286e-12, 1.4170498541937748e-12, 2.2464326406013146e-12, 7.227695004996537e-13, 1.0843478892574865e-12, 2.369059375756377e-12, 9.380660311031352e-13, 2.1830742508860412e-12, 1.1771900728513307e-12]
    Pruning 2/16 heads: [10, 13]
    Layer 4 complete: torch.Size([4096, 1024])

============================================================
Processing Layer 5/16
============================================================
  attn.proj: Using Chain Pruning + KFAC
decoder_time:4.06956672668457ms
decoder_time:4.235029220581055ms
decoder_time:6.464958190917969ms
decoder_time:7.1277618408203125ms
decoder_time:7.913112640380859ms
decoder_time:8.726835250854492ms
decoder_time:9.522199630737305ms
decoder_time:10.460138320922852ms
decoder_time:11.191129684448242ms
decoder_time:12.032747268676758ms
    Processed 10/50 batches
decoder_time:12.827873229980469ms
decoder_time:13.610601425170898ms
decoder_time:14.435768127441406ms
decoder_time:15.159368515014648ms
decoder_time:16.034841537475586ms
decoder_time:16.7539119720459ms
decoder_time:17.59028434753418ms
decoder_time:18.35346221923828ms
decoder_time:19.17099952697754ms
decoder_time:19.95253562927246ms
    Processed 20/50 batches
decoder_time:20.781278610229492ms
decoder_time:21.529674530029297ms
decoder_time:22.34792709350586ms
decoder_time:23.12326431274414ms
decoder_time:23.96869659423828ms
decoder_time:24.75118637084961ms
decoder_time:25.18630027770996ms
decoder_time:26.27396583557129ms
decoder_time:27.124643325805664ms
decoder_time:27.859210968017578ms
    Processed 30/50 batches
decoder_time:28.686046600341797ms
decoder_time:29.46186065673828ms
decoder_time:30.34234046936035ms
decoder_time:31.107664108276367ms
decoder_time:31.87084197998047ms
decoder_time:32.663583755493164ms
decoder_time:33.47492218017578ms
decoder_time:34.2097282409668ms
decoder_time:35.07256507873535ms
decoder_time:35.852670669555664ms
    Processed 40/50 batches
decoder_time:36.62919998168945ms
decoder_time:37.44244575500488ms
decoder_time:20.256519317626953ms
decoder_time:39.064645767211914ms
decoder_time:39.91389274597168ms
decoder_time:4.333019256591797ms
decoder_time:4.238605499267578ms
decoder_time:4.209280014038086ms
decoder_time:19.98734474182129ms
decoder_time:43.87998580932617ms
    Processed 50/50 batches
    Processing 50 cached batches for attn.proj
  Layer 5: attn.proj sparsity 0.100
    Layer 5: Collected 50 batches
    Scale weights: ['0.001', '0.006', '0.013', '0.024', '0.037', '0.053', '0.094', '0.147', '0.249', '0.376']
    Head importances: [6.239217042319778e-13, 1.2533832478844875e-12, 4.5053441229472857e-13, 6.946746238141455e-13, 5.796657641735092e-13, 4.514856099657044e-13, 6.718531438652808e-13, 1.1678817635196737e-12, 1.2089510165527728e-12, 1.2325950806899022e-12, 1.169993138830372e-12, 5.516207065778267e-13, 6.300078731272252e-13, 6.530271657624598e-13, 4.56221920051153e-13, 5.971606672691698e-13]
    Pruning 2/16 heads: [2, 5]
    Layer 5 complete: torch.Size([4096, 1024])

============================================================
Processing Layer 6/16
============================================================
  attn.proj: Using Chain Pruning + KFAC
decoder_time:4.087209701538086ms
decoder_time:4.034996032714844ms
decoder_time:6.467342376708984ms
decoder_time:7.136106491088867ms
decoder_time:7.89332389831543ms
decoder_time:8.733510971069336ms
decoder_time:9.522438049316406ms
decoder_time:10.368108749389648ms
decoder_time:11.207342147827148ms
decoder_time:12.015581130981445ms
    Processed 10/50 batches
decoder_time:12.79592514038086ms
decoder_time:13.618707656860352ms
decoder_time:14.427661895751953ms
decoder_time:15.17486572265625ms
decoder_time:16.034364700317383ms
decoder_time:16.744375228881836ms
decoder_time:17.559289932250977ms
decoder_time:18.390893936157227ms
decoder_time:19.152164459228516ms
decoder_time:19.949913024902344ms
    Processed 20/50 batches
decoder_time:20.775556564331055ms
decoder_time:21.515846252441406ms
decoder_time:22.365093231201172ms
decoder_time:23.13375473022461ms
decoder_time:23.971080780029297ms
decoder_time:24.76668357849121ms
decoder_time:25.4666805267334ms
decoder_time:26.29232406616211ms
decoder_time:27.139663696289062ms
decoder_time:27.842283248901367ms
    Processed 30/50 batches
decoder_time:28.672218322753906ms
decoder_time:29.44207191467285ms
decoder_time:30.3041934967041ms
decoder_time:31.075477600097656ms
decoder_time:31.841516494750977ms
decoder_time:32.70268440246582ms
decoder_time:33.51259231567383ms
decoder_time:34.28053855895996ms
decoder_time:35.1109504699707ms
decoder_time:35.83216667175293ms
    Processed 40/50 batches
decoder_time:36.69881820678711ms
decoder_time:37.48655319213867ms
decoder_time:4.233360290527344ms
decoder_time:39.02721405029297ms
decoder_time:39.899349212646484ms
decoder_time:40.64512252807617ms
decoder_time:41.48554801940918ms
decoder_time:4.234552383422852ms
decoder_time:4.16254997253418ms
decoder_time:4.275321960449219ms
    Processed 50/50 batches
    Processing 50 cached batches for attn.proj
  Layer 6: attn.proj sparsity 0.100
    Layer 6: Collected 50 batches
    Scale weights: ['0.001', '0.006', '0.013', '0.024', '0.037', '0.053', '0.094', '0.147', '0.249', '0.376']
    Head importances: [6.088093354103541e-13, 7.130663789468861e-13, 1.6503736311596073e-12, 6.178639414336495e-13, 7.53805980309441e-13, 6.938009737035566e-13, 5.153656906613235e-13, 5.521853590692571e-13, 2.033317091088005e-12, 5.0094368757303e-13, 6.484629456668389e-13, 7.414659706529714e-13, 5.547935700254969e-13, 8.580873641847453e-13, 6.709410587876774e-13, 9.438600075128978e-13]
    Pruning 2/16 heads: [9, 6]
    Layer 6 complete: torch.Size([4096, 1024])

============================================================
Processing Layer 7/16
============================================================
  attn.proj: Using Chain Pruning + KFAC
decoder_time:4.058837890625ms
decoder_time:3.9758682250976562ms
decoder_time:6.486177444458008ms
decoder_time:7.147550582885742ms
decoder_time:7.91168212890625ms
decoder_time:8.746623992919922ms
decoder_time:9.540319442749023ms
decoder_time:10.380029678344727ms
decoder_time:11.231422424316406ms
decoder_time:12.068510055541992ms
    Processed 10/50 batches
decoder_time:12.922048568725586ms
decoder_time:13.577461242675781ms
decoder_time:14.443397521972656ms
decoder_time:15.198230743408203ms
decoder_time:16.006946563720703ms
decoder_time:16.759634017944336ms
decoder_time:17.584562301635742ms
decoder_time:18.352746963500977ms
decoder_time:19.173383712768555ms
decoder_time:19.92511749267578ms
    Processed 20/50 batches
decoder_time:20.777463912963867ms
decoder_time:21.517515182495117ms
decoder_time:22.39251136779785ms
decoder_time:23.135900497436523ms
decoder_time:23.92745018005371ms
decoder_time:24.761199951171875ms
decoder_time:25.513887405395508ms
decoder_time:26.308536529541016ms
decoder_time:27.127504348754883ms
decoder_time:27.875185012817383ms
    Processed 30/50 batches
decoder_time:28.69725227355957ms
decoder_time:29.47521209716797ms
decoder_time:30.320405960083008ms
decoder_time:31.103849411010742ms
decoder_time:31.872987747192383ms
decoder_time:32.71031379699707ms
decoder_time:33.50090980529785ms
decoder_time:34.278154373168945ms
decoder_time:35.092830657958984ms
decoder_time:35.85362434387207ms
    Processed 40/50 batches
decoder_time:36.660194396972656ms
decoder_time:37.4913215637207ms
decoder_time:38.24472427368164ms
decoder_time:39.093017578125ms
decoder_time:23.037433624267578ms
decoder_time:4.178047180175781ms
decoder_time:41.495323181152344ms
decoder_time:42.25969314575195ms
decoder_time:43.100595474243164ms
decoder_time:43.95174980163574ms
    Processed 50/50 batches
    Processing 50 cached batches for attn.proj
  Layer 7: attn.proj sparsity 0.100
    Layer 7: Collected 50 batches
    Scale weights: ['0.001', '0.006', '0.013', '0.024', '0.037', '0.053', '0.094', '0.147', '0.249', '0.376']
    Head importances: [1.6200042609465504e-12, 2.2705930018129816e-12, 2.998101766849004e-12, 1.6379925844509091e-12, 2.178487858855993e-12, 2.0878283910757967e-12, 1.392656606355458e-12, 1.3103461458247034e-12, 2.055672038842049e-12, 1.4924164334906287e-12, 1.740235342981289e-12, 1.5805306282506981e-12, 1.4654742263447984e-12, 1.5431739002966238e-12, 2.0201887038218125e-12, 2.259862002390589e-12]
    Pruning 2/16 heads: [7, 6]
    Layer 7 complete: torch.Size([4096, 1024])

============================================================
Processing Layer 8/16
============================================================
  attn.proj: Using Chain Pruning + KFAC
decoder_time:4.068851470947266ms
decoder_time:3.9505958557128906ms
decoder_time:6.346702575683594ms
decoder_time:7.152557373046875ms
decoder_time:7.920265197753906ms
decoder_time:8.736371994018555ms
decoder_time:9.55510139465332ms
decoder_time:10.350704193115234ms
decoder_time:11.23356819152832ms
decoder_time:12.012958526611328ms
    Processed 10/50 batches
decoder_time:12.774467468261719ms
decoder_time:13.624429702758789ms
decoder_time:14.417886734008789ms
decoder_time:15.192747116088867ms
decoder_time:15.982389450073242ms
decoder_time:16.767263412475586ms
decoder_time:17.61031150817871ms
decoder_time:18.402814865112305ms
decoder_time:19.139766693115234ms
decoder_time:19.923686981201172ms
    Processed 20/50 batches
decoder_time:20.79939842224121ms
decoder_time:21.530628204345703ms
decoder_time:22.37558364868164ms
decoder_time:23.138999938964844ms
decoder_time:23.914813995361328ms
decoder_time:24.732589721679688ms
decoder_time:25.50220489501953ms
decoder_time:26.277542114257812ms
decoder_time:27.10580825805664ms
decoder_time:27.862548828125ms
    Processed 30/50 batches
decoder_time:28.66053581237793ms
decoder_time:29.483795166015625ms
decoder_time:30.321359634399414ms
decoder_time:31.084060668945312ms
decoder_time:31.85248374938965ms
decoder_time:32.6993465423584ms
decoder_time:33.563852310180664ms
decoder_time:34.271240234375ms
decoder_time:35.08424758911133ms
decoder_time:35.845279693603516ms
    Processed 40/50 batches
decoder_time:36.66210174560547ms
decoder_time:37.51969337463379ms
decoder_time:38.28120231628418ms
decoder_time:39.09158706665039ms
decoder_time:19.317150115966797ms
decoder_time:4.2018890380859375ms
decoder_time:41.49341583251953ms
decoder_time:19.292593002319336ms
decoder_time:14.483928680419922ms
decoder_time:4.191875457763672ms
    Processed 50/50 batches
    Processing 50 cached batches for attn.proj
  Layer 8: attn.proj sparsity 0.100
    Layer 8: Collected 50 batches
    Scale weights: ['0.001', '0.006', '0.013', '0.024', '0.037', '0.053', '0.094', '0.147', '0.249', '0.376']
    Head importances: [1.128208637624084e-12, 1.3445423160257652e-12, 2.1123367811848315e-12, 1.6833786968539766e-12, 1.3161469527081526e-12, 2.203873151682134e-12, 1.4670621488466207e-12, 2.3006507723216663e-12, 2.529629934341915e-12, 2.2226521838308866e-12, 1.5533462103395346e-12, 2.1122678259266614e-12, 1.2421123157801972e-12, 1.5322692116861991e-12, 9.967430526780507e-13, 1.9044982604854432e-12]
    Pruning 2/16 heads: [14, 0]
    Layer 8 complete: torch.Size([4096, 1024])

============================================================
Processing Layer 9/16
============================================================
  attn.proj: Using Chain Pruning + KFAC
decoder_time:4.120349884033203ms
decoder_time:4.001140594482422ms
decoder_time:6.44230842590332ms
decoder_time:7.147073745727539ms
decoder_time:7.9021453857421875ms
decoder_time:8.666515350341797ms
decoder_time:9.517908096313477ms
decoder_time:10.329961776733398ms
decoder_time:11.201143264770508ms
decoder_time:12.008905410766602ms
    Processed 10/50 batches
decoder_time:12.783050537109375ms
decoder_time:13.584136962890625ms
decoder_time:14.429330825805664ms
decoder_time:15.158653259277344ms
decoder_time:15.985965728759766ms
decoder_time:16.73412322998047ms
decoder_time:17.540454864501953ms
decoder_time:18.36085319519043ms
decoder_time:19.130468368530273ms
decoder_time:19.899606704711914ms
    Processed 20/50 batches
decoder_time:20.734071731567383ms
decoder_time:21.505117416381836ms
decoder_time:22.306203842163086ms
decoder_time:23.050308227539062ms
decoder_time:23.879528045654297ms
decoder_time:24.69325065612793ms
decoder_time:25.47001838684082ms
decoder_time:26.259183883666992ms
decoder_time:27.04453468322754ms
decoder_time:27.80008316040039ms
    Processed 30/50 batches
decoder_time:28.63788604736328ms
decoder_time:29.381513595581055ms
decoder_time:30.298233032226562ms
decoder_time:30.99226951599121ms
decoder_time:31.770944595336914ms
decoder_time:32.59134292602539ms
decoder_time:33.405303955078125ms
decoder_time:34.22427177429199ms
decoder_time:35.01248359680176ms
decoder_time:35.76493263244629ms
    Processed 40/50 batches
decoder_time:36.577463150024414ms
decoder_time:37.39476203918457ms
decoder_time:38.21110725402832ms
decoder_time:39.00957107543945ms
decoder_time:39.83902931213379ms
decoder_time:40.587663650512695ms
decoder_time:4.154682159423828ms
decoder_time:4.177570343017578ms
decoder_time:42.97924041748047ms
decoder_time:43.8084602355957ms
    Processed 50/50 batches
    Processing 50 cached batches for attn.proj
  Layer 9: attn.proj sparsity 0.100
    Layer 9: Collected 50 batches
    Scale weights: ['0.001', '0.006', '0.013', '0.024', '0.037', '0.053', '0.094', '0.147', '0.249', '0.376']
    Head importances: [4.228876797351955e-12, 2.0630658639775312e-12, 2.113427488570352e-12, 1.5642809313501371e-12, 1.955047885734973e-12, 2.5348646792711094e-12, 2.635038021114866e-12, 3.4314326553819274e-12, 2.645805883411123e-12, 2.767356656330211e-12, 2.307139288643123e-12, 3.4264624557828194e-12, 2.1755305890103216e-12, 2.143475501259484e-12, 2.1880934564233456e-12, 1.6648588974446654e-12]
    Pruning 2/16 heads: [3, 15]
    Layer 9 complete: torch.Size([4096, 1024])

============================================================
Processing Layer 10/16
============================================================
  attn.proj: Using Chain Pruning + KFAC
decoder_time:4.1332244873046875ms
decoder_time:3.988981246948242ms
decoder_time:6.431818008422852ms
decoder_time:7.140874862670898ms
decoder_time:7.874965667724609ms
decoder_time:8.667230606079102ms
decoder_time:9.514570236206055ms
decoder_time:10.31351089477539ms
decoder_time:11.165857315063477ms
decoder_time:11.986970901489258ms
    Processed 10/50 batches
decoder_time:12.77470588684082ms
decoder_time:13.544559478759766ms
decoder_time:14.387845993041992ms
decoder_time:15.125513076782227ms
decoder_time:15.937089920043945ms
decoder_time:16.659975051879883ms
decoder_time:17.51255989074707ms
decoder_time:18.284320831298828ms
decoder_time:19.11187171936035ms
decoder_time:19.856929779052734ms
    Processed 20/50 batches
decoder_time:20.705461502075195ms
decoder_time:21.463632583618164ms
decoder_time:22.281646728515625ms
decoder_time:23.00095558166504ms
decoder_time:23.867368698120117ms
decoder_time:24.61385726928711ms
decoder_time:25.41804313659668ms
decoder_time:26.175975799560547ms
decoder_time:26.995182037353516ms
decoder_time:27.752399444580078ms
    Processed 30/50 batches
decoder_time:28.56278419494629ms
decoder_time:29.336214065551758ms
decoder_time:30.12681007385254ms
decoder_time:30.961275100708008ms
decoder_time:31.65149688720703ms
decoder_time:32.50527381896973ms
decoder_time:33.342838287353516ms
decoder_time:34.116268157958984ms
decoder_time:34.93237495422363ms
decoder_time:35.675764083862305ms
    Processed 40/50 batches
decoder_time:36.5142822265625ms
decoder_time:37.30916976928711ms
decoder_time:38.069963455200195ms
decoder_time:38.87343406677246ms
decoder_time:39.74652290344238ms
decoder_time:40.479183197021484ms
decoder_time:41.29457473754883ms
decoder_time:42.05203056335449ms
decoder_time:4.21905517578125ms
decoder_time:43.69974136352539ms
    Processed 50/50 batches
    Processing 50 cached batches for attn.proj
  Layer 10: attn.proj sparsity 0.100
    Layer 10: Collected 50 batches
    Scale weights: ['0.001', '0.006', '0.013', '0.024', '0.037', '0.053', '0.094', '0.147', '0.249', '0.376']
    Head importances: [3.776092286078558e-12, 3.838428706826047e-12, 4.361592684243298e-12, 4.347951686189955e-12, 5.920900922329331e-12, 3.208280863198354e-12, 2.9095866341255494e-12, 7.044861222160748e-12, 3.4558512735510805e-12, 4.811976771906812e-12, 3.3648773871408633e-12, 3.654508987094296e-12, 3.802647433048811e-12, 3.2797306537268867e-12, 4.114451834791311e-12, 3.1953185757049862e-12]
    Pruning 2/16 heads: [6, 15]
    Layer 10 complete: torch.Size([4096, 1024])

============================================================
Processing Layer 11/16
============================================================
  attn.proj: Using Chain Pruning + KFAC
decoder_time:4.0798187255859375ms
decoder_time:4.026174545288086ms
decoder_time:6.446599960327148ms
decoder_time:7.117509841918945ms
decoder_time:7.888317108154297ms
decoder_time:8.656978607177734ms
decoder_time:9.482145309448242ms
decoder_time:10.324239730834961ms
decoder_time:11.121273040771484ms
decoder_time:11.948823928833008ms
    Processed 10/50 batches
decoder_time:12.738466262817383ms
decoder_time:13.545036315917969ms
decoder_time:14.345884323120117ms
decoder_time:15.116214752197266ms
decoder_time:15.899896621704102ms
decoder_time:16.65663719177246ms
decoder_time:17.459869384765625ms
decoder_time:18.245220184326172ms
decoder_time:19.034147262573242ms
decoder_time:19.82259750366211ms
    Processed 20/50 batches
decoder_time:20.66493034362793ms
decoder_time:21.37923240661621ms
decoder_time:22.22156524658203ms
decoder_time:22.937536239624023ms
decoder_time:23.793458938598633ms
decoder_time:24.60479736328125ms
decoder_time:25.350332260131836ms
decoder_time:26.140451431274414ms
decoder_time:26.973724365234375ms
decoder_time:27.697324752807617ms
    Processed 30/50 batches
decoder_time:28.50198745727539ms
decoder_time:29.277563095092773ms
decoder_time:30.059814453125ms
decoder_time:30.842304229736328ms
decoder_time:31.66794776916504ms
decoder_time:32.45258331298828ms
decoder_time:33.283233642578125ms
decoder_time:34.00921821594238ms
decoder_time:34.83724594116211ms
decoder_time:35.60972213745117ms
    Processed 40/50 batches
decoder_time:36.40937805175781ms
decoder_time:37.24074363708496ms
decoder_time:38.00249099731445ms
decoder_time:38.79046440124512ms
decoder_time:39.67142105102539ms
decoder_time:12.474536895751953ms
decoder_time:41.179656982421875ms
decoder_time:4.165887832641602ms
decoder_time:42.78850555419922ms
decoder_time:4.165410995483398ms
    Processed 50/50 batches
    Processing 50 cached batches for attn.proj
  Layer 11: attn.proj sparsity 0.100
    Layer 11: Collected 50 batches
    Scale weights: ['0.001', '0.006', '0.013', '0.024', '0.037', '0.053', '0.094', '0.147', '0.249', '0.376']
    Head importances: [4.372449451117699e-12, 3.675144390202778e-12, 4.484683024247316e-12, 6.089939316722415e-12, 4.556069931049844e-12, 4.5022761560598035e-12, 5.629037166943185e-12, 4.6929335417722484e-12, 3.5139456448785023e-12, 4.333703534920019e-12, 3.2660230856601524e-12, 6.492666647373024e-12, 5.051471827638432e-12, 3.4887808787742447e-12, 2.938788969120143e-12, 3.3116638771535367e-12]
    Pruning 2/16 heads: [14, 10]
    Layer 11 complete: torch.Size([4096, 1024])

============================================================
Processing Layer 12/16
============================================================
  attn.proj: Using Chain Pruning + KFAC
decoder_time:4.089832305908203ms
decoder_time:4.009723663330078ms
decoder_time:6.433963775634766ms
decoder_time:7.114410400390625ms
decoder_time:7.863521575927734ms
decoder_time:8.629083633422852ms
decoder_time:9.438753128051758ms
decoder_time:10.270357131958008ms
decoder_time:11.110067367553711ms
decoder_time:11.945486068725586ms
    Processed 10/50 batches
decoder_time:12.729644775390625ms
decoder_time:13.516426086425781ms
decoder_time:14.339923858642578ms
decoder_time:15.065193176269531ms
decoder_time:15.895366668701172ms
decoder_time:16.61849021911621ms
decoder_time:17.445087432861328ms
decoder_time:18.253803253173828ms
decoder_time:18.994569778442383ms
decoder_time:19.77849006652832ms
    Processed 20/50 batches
decoder_time:20.612716674804688ms
decoder_time:21.361112594604492ms
decoder_time:22.118806838989258ms
decoder_time:22.899866104125977ms
decoder_time:23.71692657470703ms
decoder_time:24.564743041992188ms
decoder_time:25.28238296508789ms
decoder_time:26.062965393066406ms
decoder_time:26.908159255981445ms
decoder_time:27.659893035888672ms
    Processed 30/50 batches
decoder_time:28.458356857299805ms
decoder_time:29.17766571044922ms
decoder_time:30.026674270629883ms
decoder_time:30.81536293029785ms
decoder_time:31.558513641357422ms
decoder_time:32.35626220703125ms
decoder_time:33.22100639343262ms
decoder_time:33.97536277770996ms
decoder_time:34.74712371826172ms
decoder_time:35.48455238342285ms
    Processed 40/50 batches
decoder_time:36.35692596435547ms
decoder_time:37.11295127868652ms
decoder_time:37.93811798095703ms
decoder_time:38.68579864501953ms
decoder_time:4.132747650146484ms
decoder_time:40.27700424194336ms
decoder_time:41.0768985748291ms
decoder_time:4.184246063232422ms
decoder_time:42.70577430725098ms
decoder_time:43.46895217895508ms
    Processed 50/50 batches
    Processing 50 cached batches for attn.proj
  Layer 12: attn.proj sparsity 0.100
    Layer 12: Collected 50 batches
    Scale weights: ['0.001', '0.006', '0.013', '0.024', '0.037', '0.053', '0.094', '0.147', '0.249', '0.376']
    Head importances: [2.1121535076495945e-11, 1.1386783876909945e-11, 1.1692494195081338e-11, 2.2426430504318695e-11, 1.59908909030948e-11, 1.4738814335668593e-11, 1.1720569827178284e-11, 1.69724824472528e-11, 1.279162886724805e-11, 1.0147780185598698e-11, 1.32282127959793e-11, 1.2100743150555981e-11, 1.7206198271724205e-11, 1.6532362284715774e-11, 1.3707235867188583e-11, 1.8138927859734366e-11]
    Pruning 2/16 heads: [9, 1]
    Layer 12 complete: torch.Size([4096, 1024])

============================================================
Processing Layer 13/16
============================================================
  attn.proj: Using Chain Pruning + KFAC
decoder_time:4.068136215209961ms
decoder_time:3.950834274291992ms
decoder_time:6.405115127563477ms
decoder_time:7.085561752319336ms
decoder_time:7.851600646972656ms
decoder_time:8.626699447631836ms
decoder_time:9.433269500732422ms
decoder_time:10.242938995361328ms
decoder_time:11.09457015991211ms
decoder_time:11.893749237060547ms
    Processed 10/50 batches
decoder_time:12.679338455200195ms
decoder_time:13.515710830688477ms
decoder_time:14.281988143920898ms
decoder_time:15.057563781738281ms
decoder_time:15.87533950805664ms
decoder_time:16.557693481445312ms
decoder_time:17.38739013671875ms
decoder_time:18.15962791442871ms
decoder_time:18.94974708557129ms
decoder_time:19.730806350708008ms
    Processed 20/50 batches
decoder_time:20.554304122924805ms
decoder_time:21.30866050720215ms
decoder_time:22.125720977783203ms
decoder_time:22.88222312927246ms
decoder_time:23.703813552856445ms
decoder_time:24.465322494506836ms
decoder_time:25.24256706237793ms
decoder_time:25.992155075073242ms
decoder_time:26.86333656311035ms
decoder_time:27.600765228271484ms
    Processed 30/50 batches
decoder_time:28.394222259521484ms
decoder_time:29.129981994628906ms
decoder_time:29.94990348815918ms
decoder_time:30.745983123779297ms
decoder_time:31.490325927734375ms
decoder_time:32.29665756225586ms
decoder_time:33.12540054321289ms
decoder_time:33.856868743896484ms
decoder_time:34.694671630859375ms
decoder_time:35.448551177978516ms
    Processed 40/50 batches
decoder_time:36.27657890319824ms
decoder_time:37.00065612792969ms
decoder_time:152.1463394165039ms
decoder_time:38.581132888793945ms
decoder_time:39.432525634765625ms
decoder_time:40.17829895019531ms
decoder_time:41.01443290710449ms
decoder_time:41.70656204223633ms
decoder_time:4.168033599853516ms
decoder_time:43.311119079589844ms
    Processed 50/50 batches
    Processing 50 cached batches for attn.proj
  Layer 13: attn.proj sparsity 0.100
    Layer 13: Collected 50 batches
    Scale weights: ['0.001', '0.006', '0.013', '0.024', '0.037', '0.053', '0.094', '0.147', '0.249', '0.376']
    Head importances: [1.1439953151448634e-11, 1.1209994738026197e-11, 1.1489182001611642e-11, 9.78189231004567e-12, 8.204569836023357e-12, 1.2644897282032552e-11, 7.605727679604879e-12, 9.53749926257963e-12, 1.5900884775543744e-11, 1.228172338135769e-11, 9.859106586684874e-12, 1.2202625195023575e-11, 1.2598389345641614e-11, 1.40402724169153e-11, 9.761331500046655e-12, 1.5432884137300817e-11]
    Pruning 2/16 heads: [6, 4]
    Layer 13 complete: torch.Size([4096, 1024])

============================================================
Processing Layer 14/16
============================================================
  attn.proj: Using Chain Pruning + KFAC
decoder_time:4.10151481628418ms
decoder_time:3.9980411529541016ms
decoder_time:6.407022476196289ms
decoder_time:7.084131240844727ms
decoder_time:7.862091064453125ms
decoder_time:8.616924285888672ms
decoder_time:9.929895401000977ms
decoder_time:10.195732116699219ms
decoder_time:11.080265045166016ms
decoder_time:11.869668960571289ms
    Processed 10/50 batches
decoder_time:12.653589248657227ms
decoder_time:13.445854187011719ms
decoder_time:14.26243782043457ms
decoder_time:15.049457550048828ms
decoder_time:15.807390213012695ms
decoder_time:16.543865203857422ms
decoder_time:17.37523078918457ms
decoder_time:18.157243728637695ms
decoder_time:18.936872482299805ms
decoder_time:19.707441329956055ms
    Processed 20/50 batches
decoder_time:20.52450180053711ms
decoder_time:21.252870559692383ms
decoder_time:22.05824851989746ms
decoder_time:22.80879020690918ms
decoder_time:23.624420166015625ms
decoder_time:24.430036544799805ms
decoder_time:25.207042694091797ms
decoder_time:25.92945098876953ms
decoder_time:26.76844596862793ms
decoder_time:27.533531188964844ms
    Processed 30/50 batches
decoder_time:28.310775756835938ms
decoder_time:29.05440330505371ms
decoder_time:29.894113540649414ms
decoder_time:30.66563606262207ms
decoder_time:31.456470489501953ms
decoder_time:32.20629692077637ms
decoder_time:33.075809478759766ms
decoder_time:33.81991386413574ms
decoder_time:34.58881378173828ms
decoder_time:35.334110260009766ms
    Processed 40/50 batches
decoder_time:36.1788272857666ms
decoder_time:36.95869445800781ms
decoder_time:37.714242935180664ms
decoder_time:38.533926010131836ms
decoder_time:4.199981689453125ms
decoder_time:40.086984634399414ms
decoder_time:40.93289375305176ms
decoder_time:41.631460189819336ms
decoder_time:42.46354103088379ms
decoder_time:43.274879455566406ms
    Processed 50/50 batches
    Processing 50 cached batches for attn.proj
  Layer 14: attn.proj sparsity 0.100
    Layer 14: Collected 50 batches
    Scale weights: ['0.001', '0.006', '0.013', '0.024', '0.037', '0.053', '0.094', '0.147', '0.249', '0.376']
    Head importances: [1.0660877562684856e-11, 5.036614875164602e-11, 1.0711261738682865e-11, 1.0139349429505451e-11, 1.531192360404443e-11, 1.594637616397776e-11, 1.0857232647654147e-11, 2.093168346983809e-11, 9.893381253123223e-12, 9.848516099864035e-12, 1.8035208743105713e-11, 1.0259813831847708e-11, 1.1317574481750636e-11, 1.0700948807618182e-11, 1.0376292707003909e-11, 1.1541925401536979e-11]
    Pruning 2/16 heads: [9, 8]
    Layer 14 complete: torch.Size([4096, 1024])

============================================================
Processing Layer 15/16
============================================================
  attn.proj: Using Chain Pruning + KFAC
decoder_time:4.132986068725586ms
decoder_time:4.082202911376953ms
decoder_time:6.428956985473633ms
decoder_time:7.0743560791015625ms
decoder_time:7.821083068847656ms
decoder_time:8.611202239990234ms
decoder_time:9.384632110595703ms
decoder_time:10.162830352783203ms
decoder_time:11.027336120605469ms
decoder_time:11.853694915771484ms
    Processed 10/50 batches
decoder_time:12.635231018066406ms
decoder_time:13.435602188110352ms
decoder_time:14.240503311157227ms
decoder_time:14.984846115112305ms
decoder_time:15.7928466796875ms
decoder_time:16.521453857421875ms
decoder_time:17.32349395751953ms
decoder_time:18.120288848876953ms
decoder_time:18.863916397094727ms
decoder_time:19.67144012451172ms
    Processed 20/50 batches
decoder_time:20.48349380493164ms
decoder_time:21.203279495239258ms
decoder_time:22.034645080566406ms
decoder_time:22.78423309326172ms
decoder_time:23.579835891723633ms
decoder_time:24.340391159057617ms
decoder_time:25.130510330200195ms
decoder_time:25.915145874023438ms
decoder_time:26.710033416748047ms
decoder_time:27.434825897216797ms
    Processed 30/50 batches
decoder_time:28.27167510986328ms
decoder_time:28.992652893066406ms
decoder_time:29.849767684936523ms
decoder_time:30.569791793823242ms
decoder_time:4.1942596435546875ms
decoder_time:32.16719627380371ms
decoder_time:32.94515609741211ms
decoder_time:33.698320388793945ms
decoder_time:34.49726104736328ms
decoder_time:35.24446487426758ms
    Processed 40/50 batches
decoder_time:36.10587120056152ms
decoder_time:36.914825439453125ms
decoder_time:37.63532638549805ms
decoder_time:38.440704345703125ms
decoder_time:39.22867774963379ms
decoder_time:39.97445106506348ms
decoder_time:40.80533981323242ms
decoder_time:41.55445098876953ms
decoder_time:42.35959053039551ms
decoder_time:43.183088302612305ms
    Processed 50/50 batches
    Processing 50 cached batches for attn.proj
  Layer 15: attn.proj sparsity 0.100
    Layer 15: Collected 50 batches
    Scale weights: ['0.001', '0.006', '0.013', '0.024', '0.037', '0.053', '0.094', '0.147', '0.249', '0.376']
    Head importances: [1.6295599314375409e-09, 1.0711217468539758e-09, 1.0733010036290125e-09, 1.158538154300004e-09, 3.3063165538749217e-09, 3.943992687993614e-09, 8.206411550304438e-09, 1.1994490956013237e-09, 7.534628032601631e-09, 1.0613327994235533e-09, 4.277046272704865e-09, 1.2706622420921576e-09, 2.9565869752445906e-09, 4.5158641270859334e-09, 1.072988364825278e-09, 1.8752739805449892e-08]
    Pruning 2/16 heads: [9, 1]
    Layer 15 complete: torch.Size([4096, 1024])
memory consumption: 10941.92 MB
Pruning completed in 344.06 seconds
******************************
layer 0 sparsity 0.000000
layer 1 sparsity 0.000000
layer 2 sparsity 0.000000
layer 3 sparsity 0.000000
layer 4 sparsity 0.000000
layer 5 sparsity 0.000000
layer 6 sparsity 0.000000
layer 7 sparsity 0.000000
layer 8 sparsity 0.000000
layer 9 sparsity 0.000000
layer 10 sparsity 0.000000
layer 11 sparsity 0.000000
layer 12 sparsity 0.000000
layer 13 sparsity 0.000000
layer 14 sparsity 0.000000
layer 15 sparsity 0.000000
Final sparsity: 0.0000
******************************
After pruning - All params: 0.30B	 Layer params: 0.30B	 Extra params: 0.00B
decoder_time:4.15349006652832ms
Inference time: 0.1325 seconds
Pruned model saved to: /home/project/real_prune/VAR_FIDtest/batch_models/chain_kfac/var_d16_chain_kfac_s0.1_natural_n50.pth
Chain pruning completed successfully!
✅ 完成: var_d16_chain_kfac_s0.1_natural_n50.pth
----------------------------------------
训练 Chain KFAC: sparsity=0.1, strategy=equal
/root/miniconda3/envs/var/lib/python3.10/site-packages/torch/backends/__init__.py:46: UserWarning: Please use the new API settings to control TF32 behavior, such as torch.backends.cudnn.conv.fp32_precision = 'tf32' or torch.backends.cuda.matmul.fp32_precision = 'ieee'. Old settings, e.g, torch.backends.cuda.matmul.allow_tf32 = True, torch.backends.cudnn.allow_tf32 = True, allowTF32CuDNN() and allowTF32CuBLAS() will be deprecated after Pytorch 2.9. Please see https://pytorch.org/docs/main/notes/cuda.html#tensorfloat-32-tf32-on-ampere-and-later-devices (Triggered internally at /pytorch/aten/src/ATen/Context.cpp:80.)
  self.setter(val)
/home/project/real_prune/slimgpt_pub_prune/slim_utils
================================================================================
VAR Chain Pruning with KFAC-OBS
  Method: Chain Pruning + Full-KFAC-OBS
  Scale weighting: equal
  Target sparsity: 10.0%
================================================================================
Loading VAR model...

[constructor]  ==== flash_if_available=True (0/16), fused_if_available=True (fusing_add_ln=0/16, fusing_mlp=0/16) ==== 
    [VAR config ] embed_dim=1024, num_heads=16, depth=16, mlp_ratio=4.0
    [drop ratios ] drop_rate=0.0, attn_drop_rate=0.0, drop_path_rate=0.0666667 (tensor([0.0000, 0.0044, 0.0089, 0.0133, 0.0178, 0.0222, 0.0267, 0.0311, 0.0356,
        0.0400, 0.0444, 0.0489, 0.0533, 0.0578, 0.0622, 0.0667]))

/root/miniconda3/envs/var/lib/python3.10/site-packages/torch/nn/modules/module.py:1866: FutureWarning: Using a non-full backward hook when the forward contains multiple autograd Nodes is deprecated and will be removed in future versions. This hook will be missing some grad_input. Please use register_full_backward_hook to get the documented behavior.
  self._maybe_warn_non_full_backward_hook(args, result, grad_fn)
[init_weights] VAR with init_std=0.0180422
Model preparation finished.
Preparing calibration data...
Before pruning - All params: 0.31B	 Layer params: 0.31B	 Extra params: 0.00B
Starting chain pruning...
Chain Pruning: Starting model slimming...
  Strategy: Layer 0 = SlimGPT, Layers 1+ = Chain KFAC
  Scale weighting: equal
  Total samples: 50

============================================================
Processing Layer 0/16
============================================================
  attn.proj: Using SlimGPT (first layer)
decoder_time:52.92534828186035ms
decoder_time:4.57763671875ms
decoder_time:5.934238433837891ms
decoder_time:7.197380065917969ms
decoder_time:7.972240447998047ms
decoder_time:8.734703063964844ms
decoder_time:9.592294692993164ms
decoder_time:10.406970977783203ms
decoder_time:11.272430419921875ms
decoder_time:12.100696563720703ms
    Processed 10/50 batches
decoder_time:12.864828109741211ms
decoder_time:13.689279556274414ms
decoder_time:14.483213424682617ms
decoder_time:15.248298645019531ms
decoder_time:16.07203483581543ms
decoder_time:16.821861267089844ms
decoder_time:17.68660545349121ms
decoder_time:18.46170425415039ms
decoder_time:19.223928451538086ms
decoder_time:20.042896270751953ms
    Processed 20/50 batches
decoder_time:20.845413208007812ms
decoder_time:21.61383628845215ms
decoder_time:22.42875099182129ms
decoder_time:23.209333419799805ms
decoder_time:23.966312408447266ms
decoder_time:24.802684783935547ms
decoder_time:25.570154190063477ms
decoder_time:26.323318481445312ms
decoder_time:4.7454833984375ms
decoder_time:27.958393096923828ms
    Processed 30/50 batches
decoder_time:28.73086929321289ms
decoder_time:29.56867218017578ms
decoder_time:4.573345184326172ms
decoder_time:31.142234802246094ms
decoder_time:31.955718994140625ms
decoder_time:32.76968002319336ms
decoder_time:33.58745574951172ms
decoder_time:34.38258171081543ms
decoder_time:35.22896766662598ms
decoder_time:4.491567611694336ms
    Processed 40/50 batches
decoder_time:36.773681640625ms
decoder_time:37.57905960083008ms
decoder_time:38.36822509765625ms
decoder_time:39.17741775512695ms
decoder_time:39.84498977661133ms
decoder_time:40.74883460998535ms
decoder_time:41.57090187072754ms
decoder_time:42.389869689941406ms
decoder_time:43.1668758392334ms
decoder_time:44.03233528137207ms
    Processed 50/50 batches
  Layer 0: attn.proj sparsity 0.100
    Layer 0 complete: torch.Size([4096, 1024])

============================================================
Processing Layer 1/16
============================================================
  attn.proj: Using Chain Pruning + KFAC
decoder_time:4.487276077270508ms
decoder_time:4.2476654052734375ms
decoder_time:6.460666656494141ms
decoder_time:7.154703140258789ms
decoder_time:7.943153381347656ms
decoder_time:8.695363998413086ms
decoder_time:9.529352188110352ms
decoder_time:10.348320007324219ms
decoder_time:11.206626892089844ms
decoder_time:12.046575546264648ms
    Processed 10/50 batches
decoder_time:12.800931930541992ms
decoder_time:13.617992401123047ms
decoder_time:14.439105987548828ms
decoder_time:15.161752700805664ms
decoder_time:15.975713729858398ms
decoder_time:16.74652099609375ms
decoder_time:17.566919326782227ms
decoder_time:18.38541030883789ms
decoder_time:19.17886734008789ms
decoder_time:19.956588745117188ms
    Processed 20/50 batches
decoder_time:20.745038986206055ms
decoder_time:21.512985229492188ms
decoder_time:22.38607406616211ms
decoder_time:23.112058639526367ms
decoder_time:23.902416229248047ms
decoder_time:4.17637825012207ms
decoder_time:25.485515594482422ms
decoder_time:26.280641555786133ms
decoder_time:27.098417282104492ms
decoder_time:27.801990509033203ms
    Processed 30/50 batches
decoder_time:4.68134880065918ms
decoder_time:29.448270797729492ms
decoder_time:30.27486801147461ms
decoder_time:31.047582626342773ms
decoder_time:4.173755645751953ms
decoder_time:32.66477584838867ms
decoder_time:33.504486083984375ms
decoder_time:34.24358367919922ms
decoder_time:35.059452056884766ms
decoder_time:35.837411880493164ms
    Processed 40/50 batches
decoder_time:36.65518760681152ms
decoder_time:37.46795654296875ms
decoder_time:38.19537162780762ms
decoder_time:4.200220108032227ms
decoder_time:39.89982604980469ms
decoder_time:4.151344299316406ms
decoder_time:4.139423370361328ms
decoder_time:4.214763641357422ms
decoder_time:4.146814346313477ms
decoder_time:43.85256767272949ms
    Processed 50/50 batches
    Processing 50 cached batches for attn.proj
  Layer 1: attn.proj sparsity 0.100
    Layer 1: Collected 50 batches
    Scale weights: ['0.100', '0.100', '0.100', '0.100', '0.100', '0.100', '0.100', '0.100', '0.100', '0.100']
    Head importances: [3.2041334863119886e-11, 3.648054081040186e-11, 4.6221367011600734e-11, 4.728456862168606e-11, 4.471167186492764e-11, 4.952382948175682e-11, 3.34901481546801e-11, 4.474388914932348e-11, 5.325977506243085e-11, 4.217725474431333e-11, 4.4051793463006916e-11, 4.3510032382565456e-11, 4.729074770670749e-11, 4.1009171752870444e-11, 4.167141978705935e-11, 3.186229058371737e-11]
    Pruning 2/16 heads: [15, 0]
    Layer 1 complete: torch.Size([4096, 1024])

============================================================
Processing Layer 2/16
============================================================
  attn.proj: Using Chain Pruning + KFAC
decoder_time:4.065513610839844ms
decoder_time:3.954648971557617ms
decoder_time:6.454944610595703ms
decoder_time:7.126092910766602ms
decoder_time:7.944583892822266ms
decoder_time:8.702516555786133ms
decoder_time:10.440826416015625ms
decoder_time:10.344266891479492ms
decoder_time:11.203765869140625ms
decoder_time:12.018203735351562ms
    Processed 10/50 batches
decoder_time:12.788057327270508ms
decoder_time:13.594865798950195ms
decoder_time:14.404535293579102ms
decoder_time:15.186309814453125ms
decoder_time:15.987396240234375ms
decoder_time:16.763687133789062ms
decoder_time:17.59815216064453ms
decoder_time:18.416404724121094ms
decoder_time:19.16050910949707ms
decoder_time:19.949913024902344ms
    Processed 20/50 batches
decoder_time:20.77484130859375ms
decoder_time:21.511316299438477ms
decoder_time:22.34196662902832ms
decoder_time:23.131608963012695ms
decoder_time:23.928165435791016ms
decoder_time:24.721622467041016ms
decoder_time:25.519609451293945ms
decoder_time:26.24821662902832ms
decoder_time:27.096271514892578ms
decoder_time:27.874231338500977ms
    Processed 30/50 batches
decoder_time:28.661012649536133ms
decoder_time:29.424667358398438ms
decoder_time:4.101753234863281ms
decoder_time:31.115055084228516ms
decoder_time:31.83603286743164ms
decoder_time:32.692909240722656ms
decoder_time:146.47650718688965ms
decoder_time:34.20662879943848ms
decoder_time:35.07041931152344ms
decoder_time:35.843610763549805ms
    Processed 40/50 batches
decoder_time:36.64970397949219ms
decoder_time:37.43553161621094ms
decoder_time:38.26022148132324ms
decoder_time:39.012908935546875ms
decoder_time:4.178524017333984ms
decoder_time:4.087924957275391ms
decoder_time:4.122018814086914ms
decoder_time:31.276464462280273ms
decoder_time:4.126310348510742ms
decoder_time:43.889760971069336ms
    Processed 50/50 batches
    Processing 50 cached batches for attn.proj
  Layer 2: attn.proj sparsity 0.100
    Layer 2: Collected 50 batches
    Scale weights: ['0.100', '0.100', '0.100', '0.100', '0.100', '0.100', '0.100', '0.100', '0.100', '0.100']
    Head importances: [3.232609319114843e-11, 1.558084217201383e-11, 2.7223582763080678e-11, 2.529553996821754e-11, 1.573401131604868e-11, 1.2347583892846625e-11, 3.509651250177548e-11, 2.5058323471771615e-11, 1.7019840398146968e-11, 2.3218926781254368e-11, 2.222103057114566e-11, 1.758636812565495e-11, 2.581474617402435e-11, 1.4911729837030485e-11, 1.6787099488269064e-11, 2.194515749676107e-11]
    Pruning 2/16 heads: [5, 13]
    Layer 2 complete: torch.Size([4096, 1024])

============================================================
Processing Layer 3/16
============================================================
  attn.proj: Using Chain Pruning + KFAC
decoder_time:4.000663757324219ms
decoder_time:3.946542739868164ms
decoder_time:6.4373016357421875ms
decoder_time:7.119894027709961ms
decoder_time:7.891654968261719ms
decoder_time:8.708477020263672ms
decoder_time:9.543657302856445ms
decoder_time:10.343790054321289ms
decoder_time:11.19232177734375ms
decoder_time:12.027740478515625ms
    Processed 10/50 batches
decoder_time:12.804985046386719ms
decoder_time:13.624429702758789ms
decoder_time:14.423370361328125ms
decoder_time:15.172004699707031ms
decoder_time:16.031980514526367ms
decoder_time:16.76201820373535ms
decoder_time:17.565250396728516ms
decoder_time:18.372058868408203ms
decoder_time:19.17123794555664ms
decoder_time:19.968748092651367ms
    Processed 20/50 batches
decoder_time:20.778179168701172ms
decoder_time:21.518468856811523ms
decoder_time:22.348403930664062ms
decoder_time:23.12612533569336ms
decoder_time:23.931026458740234ms
decoder_time:24.67489242553711ms
decoder_time:25.508642196655273ms
decoder_time:26.261568069458008ms
decoder_time:27.126073837280273ms
decoder_time:27.816295623779297ms
    Processed 30/50 batches
decoder_time:4.139900207519531ms
decoder_time:29.427528381347656ms
decoder_time:30.223846435546875ms
decoder_time:31.037092208862305ms
decoder_time:31.85725212097168ms
decoder_time:32.65261650085449ms
decoder_time:33.49876403808594ms
decoder_time:34.288883209228516ms
decoder_time:35.04037857055664ms
decoder_time:11.90185546875ms
    Processed 40/50 batches
decoder_time:36.64064407348633ms
decoder_time:37.4603271484375ms
decoder_time:38.16080093383789ms
decoder_time:4.161596298217773ms
decoder_time:39.92652893066406ms
decoder_time:4.1046142578125ms
decoder_time:4.112958908081055ms
decoder_time:4.359245300292969ms
decoder_time:4.141330718994141ms
decoder_time:4.14276123046875ms
    Processed 50/50 batches
    Processing 50 cached batches for attn.proj
  Layer 3: attn.proj sparsity 0.100
    Layer 3: Collected 50 batches
    Scale weights: ['0.100', '0.100', '0.100', '0.100', '0.100', '0.100', '0.100', '0.100', '0.100', '0.100']
    Head importances: [3.137421572541044e-11, 4.360054331464802e-11, 4.168910355817346e-11, 2.394647848069642e-11, 4.9238037258536593e-11, 3.23368692933812e-11, 4.8800526120107435e-11, 3.1622749557813634e-11, 2.5197835137880098e-11, 2.5467527392519784e-11, 2.724385647634442e-11, 2.8435448440333744e-11, 2.0324334229493424e-11, 2.3935096959970537e-11, 4.233519784735407e-11, 6.58422899535438e-11]
    Pruning 2/16 heads: [12, 13]
    Layer 3 complete: torch.Size([4096, 1024])

============================================================
Processing Layer 4/16
============================================================
  attn.proj: Using Chain Pruning + KFAC
decoder_time:4.0645599365234375ms
decoder_time:4.003047943115234ms
decoder_time:6.448984146118164ms
decoder_time:7.132053375244141ms
decoder_time:7.9345703125ms
decoder_time:8.7127685546875ms
decoder_time:9.544134140014648ms
decoder_time:10.35308837890625ms
decoder_time:11.177301406860352ms
decoder_time:12.040376663208008ms
    Processed 10/50 batches
decoder_time:12.794256210327148ms
decoder_time:13.607978820800781ms
decoder_time:14.435052871704102ms
decoder_time:15.167236328125ms
decoder_time:15.989542007446289ms
decoder_time:16.733884811401367ms
decoder_time:17.58575439453125ms
decoder_time:18.399477005004883ms
decoder_time:19.13738250732422ms
decoder_time:19.925594329833984ms
    Processed 20/50 batches
decoder_time:20.760297775268555ms
decoder_time:21.524429321289062ms
decoder_time:22.3696231842041ms
decoder_time:23.13852310180664ms
decoder_time:23.93937110900879ms
decoder_time:24.708986282348633ms
decoder_time:25.453805923461914ms
decoder_time:26.28326416015625ms
decoder_time:27.14085578918457ms
decoder_time:27.85944938659668ms
    Processed 30/50 batches
decoder_time:28.639554977416992ms
decoder_time:29.44326400756836ms
decoder_time:30.30872344970703ms
decoder_time:31.05902671813965ms
decoder_time:31.89992904663086ms
decoder_time:32.59587287902832ms
decoder_time:33.505916595458984ms
decoder_time:34.27386283874512ms
decoder_time:35.05373001098633ms
decoder_time:35.835981369018555ms
    Processed 40/50 batches
decoder_time:36.69309616088867ms
decoder_time:4.112482070922852ms
decoder_time:38.24973106384277ms
decoder_time:38.99693489074707ms
decoder_time:4.163980484008789ms
decoder_time:4.141330718994141ms
decoder_time:4.121065139770508ms
decoder_time:11.708974838256836ms
decoder_time:4.109621047973633ms
decoder_time:4.162073135375977ms
    Processed 50/50 batches
    Processing 50 cached batches for attn.proj
  Layer 4: attn.proj sparsity 0.100
    Layer 4: Collected 50 batches
    Scale weights: ['0.100', '0.100', '0.100', '0.100', '0.100', '0.100', '0.100', '0.100', '0.100', '0.100']
    Head importances: [7.240042593226192e-11, 3.9296767229135554e-11, 6.707255584270655e-11, 5.3893896290180265e-11, 4.207540219014483e-11, 4.809796658178378e-11, 4.4614791028241285e-11, 9.191651606510476e-11, 5.635850119922736e-11, 8.029006626220081e-11, 2.947566496436238e-11, 3.921230007364329e-11, 8.128502732018816e-11, 3.871142295608365e-11, 7.766272347442538e-11, 4.154764379760145e-11]
    Pruning 2/16 heads: [10, 13]
    Layer 4 complete: torch.Size([4096, 1024])

============================================================
Processing Layer 5/16
============================================================
  attn.proj: Using Chain Pruning + KFAC
decoder_time:4.05430793762207ms
decoder_time:4.014730453491211ms
decoder_time:6.463289260864258ms
decoder_time:7.119417190551758ms
decoder_time:7.924079895019531ms
decoder_time:8.706092834472656ms
decoder_time:9.516477584838867ms
decoder_time:10.386228561401367ms
decoder_time:11.208057403564453ms
decoder_time:11.996746063232422ms
    Processed 10/50 batches
decoder_time:12.81595230102539ms
decoder_time:13.599157333374023ms
decoder_time:14.435768127441406ms
decoder_time:15.197038650512695ms
decoder_time:16.022682189941406ms
decoder_time:16.75248146057129ms
decoder_time:17.54593849182129ms
decoder_time:18.355607986450195ms
decoder_time:19.190549850463867ms
decoder_time:19.930362701416016ms
    Processed 20/50 batches
decoder_time:20.794153213500977ms
decoder_time:21.544933319091797ms
decoder_time:22.34792709350586ms
decoder_time:23.101806640625ms
decoder_time:23.931503295898438ms
decoder_time:24.72400665283203ms
decoder_time:25.528907775878906ms
decoder_time:26.271820068359375ms
decoder_time:27.125120162963867ms
decoder_time:27.870655059814453ms
    Processed 30/50 batches
decoder_time:28.672456741333008ms
decoder_time:29.474496841430664ms
decoder_time:30.28106689453125ms
decoder_time:31.095504760742188ms
decoder_time:31.867265701293945ms
decoder_time:32.61113166809082ms
decoder_time:33.50234031677246ms
decoder_time:34.24835205078125ms
decoder_time:35.02464294433594ms
decoder_time:35.80474853515625ms
    Processed 40/50 batches
decoder_time:36.6818904876709ms
decoder_time:37.473440170288086ms
decoder_time:38.259267807006836ms
decoder_time:39.02792930603027ms
decoder_time:39.92581367492676ms
decoder_time:40.668487548828125ms
decoder_time:41.49580001831055ms
decoder_time:4.267215728759766ms
decoder_time:4.087209701538086ms
decoder_time:43.927907943725586ms
    Processed 50/50 batches
    Processing 50 cached batches for attn.proj
  Layer 5: attn.proj sparsity 0.100
    Layer 5: Collected 50 batches
    Scale weights: ['0.100', '0.100', '0.100', '0.100', '0.100', '0.100', '0.100', '0.100', '0.100', '0.100']
    Head importances: [2.2895796369937216e-11, 3.8394253054629957e-11, 1.611758469743929e-11, 2.1717509735008633e-11, 2.1376114420212922e-11, 1.6389325660504106e-11, 2.6059012586676644e-11, 3.542534321443469e-11, 3.6253052643209216e-11, 3.6208584741626026e-11, 3.574020940311229e-11, 2.005409727168228e-11, 2.27339379960112e-11, 2.1197476066103782e-11, 1.620246298239536e-11, 2.2255437076568185e-11]
    Pruning 2/16 heads: [2, 14]
    Layer 5 complete: torch.Size([4096, 1024])

============================================================
Processing Layer 6/16
============================================================
  attn.proj: Using Chain Pruning + KFAC
decoder_time:4.109382629394531ms
decoder_time:4.070758819580078ms
decoder_time:6.452083587646484ms
decoder_time:7.155656814575195ms
decoder_time:7.934808731079102ms
decoder_time:8.67462158203125ms
decoder_time:9.50932502746582ms
decoder_time:10.337114334106445ms
decoder_time:11.216402053833008ms
decoder_time:12.04228401184082ms
    Processed 10/50 batches
decoder_time:12.763023376464844ms
decoder_time:13.610124588012695ms
decoder_time:14.401674270629883ms
decoder_time:15.15960693359375ms
decoder_time:15.955924987792969ms
decoder_time:16.73293113708496ms
decoder_time:17.606496810913086ms
decoder_time:18.40043067932129ms
decoder_time:19.121646881103516ms
decoder_time:19.91891860961914ms
    Processed 20/50 batches
decoder_time:20.797252655029297ms
decoder_time:21.536827087402344ms
decoder_time:22.35579490661621ms
decoder_time:23.104190826416016ms
decoder_time:23.92888069152832ms
decoder_time:24.750947952270508ms
decoder_time:25.498151779174805ms
decoder_time:26.314496994018555ms
decoder_time:27.092456817626953ms
decoder_time:27.842283248901367ms
    Processed 30/50 batches
decoder_time:28.699398040771484ms
decoder_time:29.46782112121582ms
decoder_time:30.252933502197266ms
decoder_time:31.046390533447266ms
decoder_time:31.889677047729492ms
decoder_time:32.62758255004883ms
decoder_time:33.51736068725586ms
decoder_time:34.2717170715332ms
decoder_time:35.04061698913574ms
decoder_time:35.817861557006836ms
    Processed 40/50 batches
decoder_time:36.67926788330078ms
decoder_time:37.39666938781738ms
decoder_time:38.23518753051758ms
decoder_time:39.08872604370117ms
decoder_time:4.155635833740234ms
decoder_time:4.133939743041992ms
decoder_time:41.46599769592285ms
decoder_time:4.174232482910156ms
decoder_time:4.198312759399414ms
decoder_time:4.108667373657227ms
    Processed 50/50 batches
    Processing 50 cached batches for attn.proj
  Layer 6: attn.proj sparsity 0.100
    Layer 6: Collected 50 batches
    Scale weights: ['0.100', '0.100', '0.100', '0.100', '0.100', '0.100', '0.100', '0.100', '0.100', '0.100']
    Head importances: [2.227030712620426e-11, 2.512549023003796e-11, 6.030981269944391e-11, 2.7658200382751907e-11, 2.807079568789561e-11, 2.3865777409870503e-11, 2.235549419193905e-11, 2.4599633094424256e-11, 7.528563883418826e-11, 2.1753788007061736e-11, 2.341731669686098e-11, 3.2434416263882326e-11, 2.4666499745529258e-11, 3.185236796543478e-11, 2.4661111694412874e-11, 3.552644289861462e-11]
    Pruning 2/16 heads: [9, 0]
    Layer 6 complete: torch.Size([4096, 1024])

============================================================
Processing Layer 7/16
============================================================
  attn.proj: Using Chain Pruning + KFAC
decoder_time:4.0283203125ms
decoder_time:3.971576690673828ms
decoder_time:6.439924240112305ms
decoder_time:7.127046585083008ms
decoder_time:7.893562316894531ms
decoder_time:8.709907531738281ms
decoder_time:9.553670883178711ms
decoder_time:10.378360748291016ms
decoder_time:11.213064193725586ms
decoder_time:12.027740478515625ms
    Processed 10/50 batches
decoder_time:12.789487838745117ms
decoder_time:13.611793518066406ms
decoder_time:14.427661895751953ms
decoder_time:15.190362930297852ms
decoder_time:16.000032424926758ms
decoder_time:16.735076904296875ms
decoder_time:17.56739616394043ms
decoder_time:18.39160919189453ms
decoder_time:19.153594970703125ms
decoder_time:19.930124282836914ms
    Processed 20/50 batches
decoder_time:20.771265029907227ms
decoder_time:21.511554718017578ms
decoder_time:22.35269546508789ms
decoder_time:23.108482360839844ms
decoder_time:23.932456970214844ms
decoder_time:24.709463119506836ms
decoder_time:25.493621826171875ms
decoder_time:26.30615234375ms
decoder_time:27.09817886352539ms
decoder_time:27.820825576782227ms
    Processed 30/50 batches
decoder_time:28.662919998168945ms
decoder_time:29.457807540893555ms
decoder_time:30.34067153930664ms
decoder_time:31.06069564819336ms
decoder_time:31.842947006225586ms
decoder_time:32.67979621887207ms
decoder_time:33.51235389709473ms
decoder_time:34.230947494506836ms
decoder_time:35.08448600769043ms
decoder_time:35.87198257446289ms
    Processed 40/50 batches
decoder_time:36.64684295654297ms
decoder_time:37.49537467956543ms
decoder_time:38.28716278076172ms
decoder_time:39.08061981201172ms
decoder_time:39.90960121154785ms
decoder_time:6.95347785949707ms
decoder_time:4.1675567626953125ms
decoder_time:4.169702529907227ms
decoder_time:4.108905792236328ms
decoder_time:4.142284393310547ms
    Processed 50/50 batches
    Processing 50 cached batches for attn.proj
  Layer 7: attn.proj sparsity 0.100
    Layer 7: Collected 50 batches
    Scale weights: ['0.100', '0.100', '0.100', '0.100', '0.100', '0.100', '0.100', '0.100', '0.100', '0.100']
    Head importances: [7.14793918499268e-11, 8.310667432009922e-11, 1.217758949234593e-10, 7.3552247625841e-11, 8.08681177577597e-11, 7.591878514734418e-11, 6.166442356736468e-11, 5.1023667929639416e-11, 8.238648652181269e-11, 6.749611980438885e-11, 7.936997586943662e-11, 6.543605240993955e-11, 6.620108627952703e-11, 5.4005654115396595e-11, 9.155144004013849e-11, 9.432836456380045e-11]
    Pruning 2/16 heads: [7, 13]
    Layer 7 complete: torch.Size([4096, 1024])

============================================================
Processing Layer 8/16
============================================================
  attn.proj: Using Chain Pruning + KFAC
decoder_time:4.101037979125977ms
decoder_time:4.005670547485352ms
decoder_time:6.471157073974609ms
decoder_time:7.1258544921875ms
decoder_time:7.936954498291016ms
decoder_time:8.694887161254883ms
decoder_time:9.534835815429688ms
decoder_time:10.355234146118164ms
decoder_time:11.187314987182617ms
decoder_time:12.025594711303711ms
    Processed 10/50 batches
decoder_time:12.797355651855469ms
decoder_time:13.616323471069336ms
decoder_time:14.417886734008789ms
decoder_time:15.191078186035156ms
decoder_time:15.991926193237305ms
decoder_time:16.763687133789062ms
decoder_time:17.551183700561523ms
decoder_time:18.364667892456055ms
decoder_time:19.138336181640625ms
decoder_time:19.942522048950195ms
    Processed 20/50 batches
decoder_time:20.781755447387695ms
decoder_time:21.550655364990234ms
decoder_time:22.369861602783203ms
decoder_time:23.108482360839844ms
decoder_time:23.960351943969727ms
decoder_time:24.728059768676758ms
decoder_time:25.519609451293945ms
decoder_time:26.2753963470459ms
decoder_time:27.111530303955078ms
decoder_time:27.85515785217285ms
    Processed 30/50 batches
decoder_time:28.686046600341797ms
decoder_time:29.435157775878906ms
decoder_time:30.30228614807129ms
decoder_time:31.118392944335938ms
decoder_time:31.845808029174805ms
decoder_time:32.683610916137695ms
decoder_time:33.48898887634277ms
decoder_time:34.21163558959961ms
decoder_time:35.09807586669922ms
decoder_time:35.863637924194336ms
    Processed 40/50 batches
decoder_time:36.67807579040527ms
decoder_time:37.51349449157715ms
decoder_time:38.2840633392334ms
decoder_time:39.09707069396973ms
decoder_time:4.171133041381836ms
decoder_time:40.65895080566406ms
decoder_time:41.50271415710449ms
decoder_time:4.146337509155273ms
decoder_time:4.184484481811523ms
decoder_time:43.94221305847168ms
    Processed 50/50 batches
    Processing 50 cached batches for attn.proj
  Layer 8: attn.proj sparsity 0.100
    Layer 8: Collected 50 batches
    Scale weights: ['0.100', '0.100', '0.100', '0.100', '0.100', '0.100', '0.100', '0.100', '0.100', '0.100']
    Head importances: [4.466060507524183e-11, 5.380564396806342e-11, 9.02894911614105e-11, 6.726295909142976e-11, 5.792129970094706e-11, 9.921642674104447e-11, 5.7877834469532985e-11, 9.24942900049075e-11, 9.721823346353631e-11, 8.833803827323905e-11, 5.924426227377211e-11, 8.041391857949165e-11, 4.97770435980982e-11, 5.959573112779282e-11, 3.954238325665216e-11, 7.596402673559766e-11]
    Pruning 2/16 heads: [14, 0]
    Layer 8 complete: torch.Size([4096, 1024])

============================================================
Processing Layer 9/16
============================================================
  attn.proj: Using Chain Pruning + KFAC
decoder_time:4.135608673095703ms
decoder_time:4.01759147644043ms
decoder_time:6.432294845581055ms
decoder_time:7.110834121704102ms
decoder_time:7.920265197753906ms
decoder_time:8.675575256347656ms
decoder_time:9.514093399047852ms
decoder_time:10.327816009521484ms
decoder_time:11.158466339111328ms
decoder_time:12.009382247924805ms
    Processed 10/50 batches
decoder_time:12.786626815795898ms
decoder_time:13.562440872192383ms
decoder_time:14.395713806152344ms
decoder_time:15.13981819152832ms
decoder_time:16.00956916809082ms
decoder_time:16.733407974243164ms
decoder_time:17.548322677612305ms
decoder_time:18.288612365722656ms
decoder_time:19.115209579467773ms
decoder_time:19.913911819458008ms
    Processed 20/50 batches
decoder_time:20.71213722229004ms
decoder_time:21.480083465576172ms
decoder_time:22.30358123779297ms
decoder_time:23.064851760864258ms
decoder_time:23.875951766967773ms
decoder_time:24.672746658325195ms
decoder_time:25.453567504882812ms
decoder_time:26.210546493530273ms
decoder_time:27.052640914916992ms
decoder_time:27.82154083251953ms
    Processed 30/50 batches
decoder_time:28.628110885620117ms
decoder_time:29.38699722290039ms
decoder_time:30.25031089782715ms
decoder_time:31.00752830505371ms
decoder_time:31.82840347290039ms
decoder_time:32.610177993774414ms
decoder_time:33.448219299316406ms
decoder_time:34.2104434967041ms
decoder_time:35.00032424926758ms
decoder_time:35.76207160949707ms
    Processed 40/50 batches
decoder_time:36.594390869140625ms
decoder_time:37.375688552856445ms
decoder_time:38.163185119628906ms
decoder_time:38.9256477355957ms
decoder_time:4.136800765991211ms
decoder_time:40.56119918823242ms
decoder_time:4.357337951660156ms
decoder_time:42.157888412475586ms
decoder_time:42.99736022949219ms
decoder_time:4.115104675292969ms
    Processed 50/50 batches
    Processing 50 cached batches for attn.proj
  Layer 9: attn.proj sparsity 0.100
    Layer 9: Collected 50 batches
    Scale weights: ['0.100', '0.100', '0.100', '0.100', '0.100', '0.100', '0.100', '0.100', '0.100', '0.100']
    Head importances: [1.4268003445394584e-10, 8.157465675173725e-11, 6.881555048021681e-11, 5.7081658844104766e-11, 7.069446417151681e-11, 9.685072188680977e-11, 1.019778497757251e-10, 1.1596116428203018e-10, 1.0978212783285812e-10, 1.0673563421992327e-10, 8.117714833666412e-11, 9.909525283680054e-11, 8.84892645269808e-11, 7.108898886221127e-11, 8.252673544539846e-11, 6.498966642620729e-11]
    Pruning 2/16 heads: [3, 15]
    Layer 9 complete: torch.Size([4096, 1024])

============================================================
Processing Layer 10/16
============================================================
  attn.proj: Using Chain Pruning + KFAC
decoder_time:3.9892196655273438ms
decoder_time:4.010915756225586ms
decoder_time:6.424903869628906ms
decoder_time:7.12132453918457ms
decoder_time:7.901430130004883ms
decoder_time:8.669137954711914ms
decoder_time:9.485244750976562ms
decoder_time:10.330677032470703ms
decoder_time:11.123180389404297ms
decoder_time:11.95979118347168ms
    Processed 10/50 batches
decoder_time:12.791156768798828ms
decoder_time:13.573646545410156ms
decoder_time:14.357566833496094ms
decoder_time:15.124797821044922ms
decoder_time:15.940189361572266ms
decoder_time:16.676664352416992ms
decoder_time:17.53520965576172ms
decoder_time:18.323898315429688ms
decoder_time:19.04129981994629ms
decoder_time:19.866943359375ms
    Processed 20/50 batches
decoder_time:20.694255828857422ms
decoder_time:21.439313888549805ms
decoder_time:22.29142189025879ms
decoder_time:23.010969161987305ms
decoder_time:23.851633071899414ms
decoder_time:24.63507652282715ms
decoder_time:25.4061222076416ms
decoder_time:26.15642547607422ms
decoder_time:27.00185775756836ms
decoder_time:27.743101119995117ms
    Processed 30/50 batches
decoder_time:28.57351303100586ms
decoder_time:29.328584671020508ms
decoder_time:30.169963836669922ms
decoder_time:31.012535095214844ms
decoder_time:31.714677810668945ms
decoder_time:32.518863677978516ms
decoder_time:33.3406925201416ms
decoder_time:34.06405448913574ms
decoder_time:34.93857383728027ms
decoder_time:35.726070404052734ms
    Processed 40/50 batches
decoder_time:36.527156829833984ms
decoder_time:37.28914260864258ms
decoder_time:38.11335563659668ms
decoder_time:38.903236389160156ms
decoder_time:4.161834716796875ms
decoder_time:40.480852127075195ms
decoder_time:4.1484832763671875ms
decoder_time:42.02389717102051ms
decoder_time:42.89746284484863ms
decoder_time:20.135879516601562ms
    Processed 50/50 batches
    Processing 50 cached batches for attn.proj
  Layer 10: attn.proj sparsity 0.100
    Layer 10: Collected 50 batches
    Scale weights: ['0.100', '0.100', '0.100', '0.100', '0.100', '0.100', '0.100', '0.100', '0.100', '0.100']
    Head importances: [1.2571868546196185e-10, 1.4425992345135086e-10, 1.44497774856589e-10, 1.6231610500128113e-10, 1.983541109140674e-10, 1.196822640991968e-10, 1.108129976667982e-10, 2.2860116577483325e-10, 1.1258587812035259e-10, 1.7885060099587236e-10, 1.2833940854495296e-10, 1.242213276686499e-10, 1.259245763218786e-10, 1.2353945644250075e-10, 1.4395859504467978e-10, 1.0346527107296666e-10]
    Pruning 2/16 heads: [15, 6]
    Layer 10 complete: torch.Size([4096, 1024])

============================================================
Processing Layer 11/16
============================================================
  attn.proj: Using Chain Pruning + KFAC
decoder_time:4.043340682983398ms
decoder_time:3.9663314819335938ms
decoder_time:6.407260894775391ms
decoder_time:7.07554817199707ms
decoder_time:7.866859436035156ms
decoder_time:8.660078048706055ms
decoder_time:9.48023796081543ms
decoder_time:10.256052017211914ms
decoder_time:11.130809783935547ms
decoder_time:11.937379837036133ms
    Processed 10/50 batches
decoder_time:12.732982635498047ms
decoder_time:13.505935668945312ms
decoder_time:14.333009719848633ms
decoder_time:15.086174011230469ms
decoder_time:15.896081924438477ms
decoder_time:16.6776180267334ms
decoder_time:17.47274398803711ms
decoder_time:18.265962600708008ms
decoder_time:19.013166427612305ms
decoder_time:19.812822341918945ms
    Processed 20/50 batches
decoder_time:20.646333694458008ms
decoder_time:21.396160125732422ms
decoder_time:22.216081619262695ms
decoder_time:22.946596145629883ms
decoder_time:23.802518844604492ms
decoder_time:24.599075317382812ms
decoder_time:25.347471237182617ms
decoder_time:26.12471580505371ms
decoder_time:26.92246437072754ms
decoder_time:27.680397033691406ms
    Processed 30/50 batches
decoder_time:28.506755828857422ms
decoder_time:29.236316680908203ms
decoder_time:30.084848403930664ms
decoder_time:30.860185623168945ms
decoder_time:31.582355499267578ms
decoder_time:32.43064880371094ms
decoder_time:33.264875411987305ms
decoder_time:34.01017189025879ms
decoder_time:34.838199615478516ms
decoder_time:35.60900688171387ms
    Processed 40/50 batches
decoder_time:36.46373748779297ms
decoder_time:37.163734436035156ms
decoder_time:37.96267509460449ms
decoder_time:38.811445236206055ms
decoder_time:39.635658264160156ms
decoder_time:40.38858413696289ms
decoder_time:4.129648208618164ms
decoder_time:41.93449020385742ms
decoder_time:42.752981185913086ms
decoder_time:43.60032081604004ms
    Processed 50/50 batches
    Processing 50 cached batches for attn.proj
  Layer 11: attn.proj sparsity 0.100
    Layer 11: Collected 50 batches
    Scale weights: ['0.100', '0.100', '0.100', '0.100', '0.100', '0.100', '0.100', '0.100', '0.100', '0.100']
    Head importances: [1.3343015581313011e-10, 1.2423104212011538e-10, 1.3669429477225492e-10, 2.0287402313634573e-10, 1.4622891786331138e-10, 1.344159505922704e-10, 1.8771395549066483e-10, 1.4421430716282657e-10, 1.025688700639904e-10, 1.4675180515233421e-10, 1.0532094640858247e-10, 1.7115292516578506e-10, 1.5938360353739967e-10, 1.1628206730840418e-10, 9.124853650455123e-11, 1.102477276138103e-10]
    Pruning 2/16 heads: [14, 8]
    Layer 11 complete: torch.Size([4096, 1024])

============================================================
Processing Layer 12/16
============================================================
  attn.proj: Using Chain Pruning + KFAC
decoder_time:4.015445709228516ms
decoder_time:3.880023956298828ms
decoder_time:6.378412246704102ms
decoder_time:7.066249847412109ms
decoder_time:7.842063903808594ms
decoder_time:8.64553451538086ms
decoder_time:9.431838989257812ms
decoder_time:10.258197784423828ms
decoder_time:11.093616485595703ms
decoder_time:11.919975280761719ms
    Processed 10/50 batches
decoder_time:12.693166732788086ms
decoder_time:13.503551483154297ms
decoder_time:14.32037353515625ms
decoder_time:15.047550201416016ms
decoder_time:15.87224006652832ms
decoder_time:16.596078872680664ms
decoder_time:17.400026321411133ms
decoder_time:18.24784278869629ms
decoder_time:18.984079360961914ms
decoder_time:19.75846290588379ms
    Processed 20/50 batches
decoder_time:20.612716674804688ms
decoder_time:21.32105827331543ms
decoder_time:22.156238555908203ms
decoder_time:22.88961410522461ms
decoder_time:23.727893829345703ms
decoder_time:24.501800537109375ms
decoder_time:25.28834342956543ms
decoder_time:26.08180046081543ms
decoder_time:26.843547821044922ms
decoder_time:27.573823928833008ms
    Processed 30/50 batches
decoder_time:28.43475341796875ms
decoder_time:29.22368049621582ms
decoder_time:30.028343200683594ms
decoder_time:30.78150749206543ms
decoder_time:31.54730796813965ms
decoder_time:32.39798545837402ms
decoder_time:33.19239616394043ms
decoder_time:33.94746780395508ms
decoder_time:34.775733947753906ms
decoder_time:35.4762077331543ms
    Processed 40/50 batches
decoder_time:36.39340400695801ms
decoder_time:37.093162536621094ms
decoder_time:37.917375564575195ms
decoder_time:38.675546646118164ms
decoder_time:39.563894271850586ms
decoder_time:40.25721549987793ms
decoder_time:41.11909866333008ms
decoder_time:5.593538284301758ms
decoder_time:42.695045471191406ms
decoder_time:4.108428955078125ms
    Processed 50/50 batches
    Processing 50 cached batches for attn.proj
  Layer 12: attn.proj sparsity 0.100
    Layer 12: Collected 50 batches
    Scale weights: ['0.100', '0.100', '0.100', '0.100', '0.100', '0.100', '0.100', '0.100', '0.100', '0.100']
    Head importances: [1.2614393973819915e-09, 6.916269779111417e-10, 6.407812058739637e-10, 1.3318133262885112e-09, 8.906675397213348e-10, 7.732773865676279e-10, 6.54427567692295e-10, 8.933455086790332e-10, 6.829641852057478e-10, 6.112623740506251e-10, 7.862420714488394e-10, 6.404261565506886e-10, 9.548908330714312e-10, 9.87295467602678e-10, 7.213915020898298e-10, 9.636758058206851e-10]
    Pruning 2/16 heads: [9, 11]
    Layer 12 complete: torch.Size([4096, 1024])

============================================================
Processing Layer 13/16
============================================================
  attn.proj: Using Chain Pruning + KFAC
decoder_time:4.022836685180664ms
decoder_time:3.8912296295166016ms
decoder_time:6.415843963623047ms
decoder_time:7.053136825561523ms
decoder_time:7.844448089599609ms
decoder_time:8.600473403930664ms
decoder_time:9.420156478881836ms
decoder_time:10.207176208496094ms
decoder_time:11.062383651733398ms
decoder_time:11.914968490600586ms
    Processed 10/50 batches
decoder_time:12.657880783081055ms
decoder_time:13.468503952026367ms
decoder_time:14.274120330810547ms
decoder_time:15.046358108520508ms
decoder_time:15.835046768188477ms
decoder_time:16.576528549194336ms
decoder_time:17.421722412109375ms
decoder_time:18.15485954284668ms
decoder_time:18.957138061523438ms
decoder_time:19.73867416381836ms
    Processed 20/50 batches
decoder_time:20.558595657348633ms
decoder_time:21.287202835083008ms
decoder_time:22.11141586303711ms
decoder_time:22.879600524902344ms
decoder_time:23.657798767089844ms
decoder_time:24.480342864990234ms
decoder_time:25.13861656188965ms
decoder_time:26.044368743896484ms
decoder_time:26.83854103088379ms
decoder_time:27.602434158325195ms
    Processed 30/50 batches
decoder_time:28.365373611450195ms
decoder_time:29.140233993530273ms
decoder_time:29.95014190673828ms
decoder_time:30.756235122680664ms
decoder_time:31.456708908081055ms
decoder_time:32.31048583984375ms
decoder_time:33.127546310424805ms
decoder_time:33.84685516357422ms
decoder_time:34.69586372375488ms
decoder_time:35.423994064331055ms
    Processed 40/50 batches
decoder_time:36.26847267150879ms
decoder_time:37.078857421875ms
decoder_time:37.808895111083984ms
decoder_time:38.60187530517578ms
decoder_time:4.13203239440918ms
decoder_time:40.14086723327637ms
decoder_time:41.00394248962402ms
decoder_time:41.75925254821777ms
decoder_time:42.607784271240234ms
decoder_time:4.185676574707031ms
    Processed 50/50 batches
    Processing 50 cached batches for attn.proj
  Layer 13: attn.proj sparsity 0.100
    Layer 13: Collected 50 batches
    Scale weights: ['0.100', '0.100', '0.100', '0.100', '0.100', '0.100', '0.100', '0.100', '0.100', '0.100']
    Head importances: [4.636444561612052e-10, 4.6226861227793847e-10, 4.825105315298117e-10, 4.0129707890024235e-10, 3.712627427709947e-10, 5.764214661141409e-10, 3.502302892144371e-10, 4.0189890304631604e-10, 6.741620595107634e-10, 5.032710359564874e-10, 4.003566089760824e-10, 4.920900353866386e-10, 5.109259126889754e-10, 6.158850651694081e-10, 3.984386154343156e-10, 6.956727416351782e-10]
    Pruning 2/16 heads: [6, 4]
    Layer 13 complete: torch.Size([4096, 1024])

============================================================
Processing Layer 14/16
============================================================
  attn.proj: Using Chain Pruning + KFAC
decoder_time:4.045009613037109ms
decoder_time:3.9284229278564453ms
decoder_time:6.381034851074219ms
decoder_time:7.053852081298828ms
decoder_time:7.826805114746094ms
decoder_time:8.599042892456055ms
decoder_time:9.393692016601562ms
decoder_time:10.186433792114258ms
decoder_time:11.046171188354492ms
decoder_time:11.850118637084961ms
    Processed 10/50 batches
decoder_time:12.615442276000977ms
decoder_time:13.458013534545898ms
decoder_time:14.267683029174805ms
decoder_time:15.030145645141602ms
decoder_time:15.820980072021484ms
decoder_time:16.559362411499023ms
decoder_time:17.36736297607422ms
decoder_time:18.146038055419922ms
decoder_time:18.90850067138672ms
decoder_time:19.685029983520508ms
    Processed 20/50 batches
decoder_time:20.52474021911621ms
decoder_time:21.227359771728516ms
decoder_time:22.082090377807617ms
decoder_time:22.8121280670166ms
decoder_time:23.63896369934082ms
decoder_time:24.415254592895508ms
decoder_time:25.163888931274414ms
decoder_time:25.94900131225586ms
decoder_time:26.761293411254883ms
decoder_time:27.518272399902344ms
    Processed 30/50 batches
decoder_time:28.284788131713867ms
decoder_time:28.99456024169922ms
decoder_time:29.911279678344727ms
decoder_time:30.632734298706055ms
decoder_time:31.380653381347656ms
decoder_time:32.24897384643555ms
decoder_time:33.066511154174805ms
decoder_time:33.736228942871094ms
decoder_time:34.56449508666992ms
decoder_time:35.34698486328125ms
    Processed 40/50 batches
decoder_time:36.1325740814209ms
decoder_time:36.942243576049805ms
decoder_time:37.70732879638672ms
decoder_time:38.52534294128418ms
decoder_time:39.31593894958496ms
decoder_time:4.207849502563477ms
decoder_time:40.845632553100586ms
decoder_time:41.316986083984375ms
decoder_time:42.47450828552246ms
decoder_time:43.2891845703125ms
    Processed 50/50 batches
    Processing 50 cached batches for attn.proj
  Layer 14: attn.proj sparsity 0.100
    Layer 14: Collected 50 batches
    Scale weights: ['0.100', '0.100', '0.100', '0.100', '0.100', '0.100', '0.100', '0.100', '0.100', '0.100']
    Head importances: [3.5743047410718987e-10, 1.7364600868319258e-09, 3.6531391800487256e-10, 3.4296265827293837e-10, 5.159168647850265e-10, 5.924949419977565e-10, 3.714813456845434e-10, 7.21736004294371e-10, 3.261272363275225e-10, 3.420018990230034e-10, 6.396051466239783e-10, 3.449048269210664e-10, 3.7728672963588394e-10, 3.588960240108463e-10, 3.4305280838253793e-10, 4.1037842568592e-10]
    Pruning 2/16 heads: [8, 9]
    Layer 14 complete: torch.Size([4096, 1024])

============================================================
Processing Layer 15/16
============================================================
  attn.proj: Using Chain Pruning + KFAC
decoder_time:4.499197006225586ms
decoder_time:4.021883010864258ms
decoder_time:5.639791488647461ms
decoder_time:7.078647613525391ms
decoder_time:7.812976837158203ms
decoder_time:8.584976196289062ms
decoder_time:9.341239929199219ms
decoder_time:10.162591934204102ms
decoder_time:10.992765426635742ms
decoder_time:11.843204498291016ms
    Processed 10/50 batches
decoder_time:12.614250183105469ms
decoder_time:13.418197631835938ms
decoder_time:14.20736312866211ms
decoder_time:14.938116073608398ms
decoder_time:15.770673751831055ms
decoder_time:16.497135162353516ms
decoder_time:17.322063446044922ms
decoder_time:18.100261688232422ms
decoder_time:18.88418197631836ms
decoder_time:19.680500030517578ms
    Processed 20/50 batches
decoder_time:20.45130729675293ms
decoder_time:21.240711212158203ms
decoder_time:22.022008895874023ms
decoder_time:22.759437561035156ms
decoder_time:23.57172966003418ms
decoder_time:24.373292922973633ms
decoder_time:25.08854866027832ms
decoder_time:25.90775489807129ms
decoder_time:26.693105697631836ms
decoder_time:27.422666549682617ms
    Processed 30/50 batches
decoder_time:28.208255767822266ms
decoder_time:29.013395309448242ms
decoder_time:29.72126007080078ms
decoder_time:30.57694435119629ms
decoder_time:24.123668670654297ms
decoder_time:32.11188316345215ms
decoder_time:32.94777870178223ms
decoder_time:33.701181411743164ms
decoder_time:34.554481506347656ms
decoder_time:35.27259826660156ms
    Processed 40/50 batches
decoder_time:36.0722541809082ms
decoder_time:36.84067726135254ms
decoder_time:37.523508071899414ms
decoder_time:38.384199142456055ms
decoder_time:39.27254676818848ms
decoder_time:39.99924659729004ms
decoder_time:40.754079818725586ms
decoder_time:4.239320755004883ms
decoder_time:42.30189323425293ms
decoder_time:43.120622634887695ms
    Processed 50/50 batches
    Processing 50 cached batches for attn.proj
  Layer 15: attn.proj sparsity 0.100
    Layer 15: Collected 50 batches
    Scale weights: ['0.100', '0.100', '0.100', '0.100', '0.100', '0.100', '0.100', '0.100', '0.100', '0.100']
    Head importances: [9.991262572839332e-08, 6.419609377417146e-08, 6.273589292504766e-08, 6.996981483098352e-08, 2.1781701775580586e-07, 2.368726086388051e-07, 5.573959356297564e-07, 7.076704378050636e-08, 4.444533772129944e-07, 6.423906739883023e-08, 2.5915991841429786e-07, 7.71745902738985e-08, 1.793540036487684e-07, 2.921053692261921e-07, 6.645362304880109e-08, 1.1464624094514875e-06]
    Pruning 2/16 heads: [2, 1]
    Layer 15 complete: torch.Size([4096, 1024])
memory consumption: 10936.60 MB
Pruning completed in 344.19 seconds
******************************
layer 0 sparsity 0.000000
layer 1 sparsity 0.000000
layer 2 sparsity 0.000000
layer 3 sparsity 0.000000
layer 4 sparsity 0.000000
layer 5 sparsity 0.000000
layer 6 sparsity 0.000000
layer 7 sparsity 0.000000
layer 8 sparsity 0.000000
layer 9 sparsity 0.000000
layer 10 sparsity 0.000000
layer 11 sparsity 0.000000
layer 12 sparsity 0.000000
layer 13 sparsity 0.000000
layer 14 sparsity 0.000000
layer 15 sparsity 0.000000
Final sparsity: 0.0000
******************************
After pruning - All params: 0.30B	 Layer params: 0.30B	 Extra params: 0.00B
decoder_time:4.071712493896484ms
Inference time: 0.1301 seconds
Pruned model saved to: /home/project/real_prune/VAR_FIDtest/batch_models/chain_kfac/var_d16_chain_kfac_s0.1_equal_n50.pth
Chain pruning completed successfully!
✅ 完成: var_d16_chain_kfac_s0.1_equal_n50.pth
----------------------------------------
训练 Chain KFAC: sparsity=0.1, strategy=sqrt
/root/miniconda3/envs/var/lib/python3.10/site-packages/torch/backends/__init__.py:46: UserWarning: Please use the new API settings to control TF32 behavior, such as torch.backends.cudnn.conv.fp32_precision = 'tf32' or torch.backends.cuda.matmul.fp32_precision = 'ieee'. Old settings, e.g, torch.backends.cuda.matmul.allow_tf32 = True, torch.backends.cudnn.allow_tf32 = True, allowTF32CuDNN() and allowTF32CuBLAS() will be deprecated after Pytorch 2.9. Please see https://pytorch.org/docs/main/notes/cuda.html#tensorfloat-32-tf32-on-ampere-and-later-devices (Triggered internally at /pytorch/aten/src/ATen/Context.cpp:80.)
  self.setter(val)
/home/project/real_prune/slimgpt_pub_prune/slim_utils
================================================================================
VAR Chain Pruning with KFAC-OBS
  Method: Chain Pruning + Full-KFAC-OBS
  Scale weighting: sqrt
  Target sparsity: 10.0%
================================================================================
Loading VAR model...

[constructor]  ==== flash_if_available=True (0/16), fused_if_available=True (fusing_add_ln=0/16, fusing_mlp=0/16) ==== 
    [VAR config ] embed_dim=1024, num_heads=16, depth=16, mlp_ratio=4.0
    [drop ratios ] drop_rate=0.0, attn_drop_rate=0.0, drop_path_rate=0.0666667 (tensor([0.0000, 0.0044, 0.0089, 0.0133, 0.0178, 0.0222, 0.0267, 0.0311, 0.0356,
        0.0400, 0.0444, 0.0489, 0.0533, 0.0578, 0.0622, 0.0667]))

/root/miniconda3/envs/var/lib/python3.10/site-packages/torch/nn/modules/module.py:1866: FutureWarning: Using a non-full backward hook when the forward contains multiple autograd Nodes is deprecated and will be removed in future versions. This hook will be missing some grad_input. Please use register_full_backward_hook to get the documented behavior.
  self._maybe_warn_non_full_backward_hook(args, result, grad_fn)
[init_weights] VAR with init_std=0.0180422
Model preparation finished.
Preparing calibration data...
Before pruning - All params: 0.31B	 Layer params: 0.31B	 Extra params: 0.00B
Starting chain pruning...
Chain Pruning: Starting model slimming...
  Strategy: Layer 0 = SlimGPT, Layers 1+ = Chain KFAC
  Scale weighting: sqrt
  Total samples: 50

============================================================
Processing Layer 0/16
============================================================
  attn.proj: Using SlimGPT (first layer)
decoder_time:53.47394943237305ms
decoder_time:4.49824333190918ms
decoder_time:6.512165069580078ms
decoder_time:7.225275039672852ms
decoder_time:7.994413375854492ms
decoder_time:8.790254592895508ms
decoder_time:9.60230827331543ms
decoder_time:10.413169860839844ms
decoder_time:11.249065399169922ms
decoder_time:12.093067169189453ms
    Processed 10/50 batches
decoder_time:12.861967086791992ms
decoder_time:13.676881790161133ms
decoder_time:14.498472213745117ms
decoder_time:15.252113342285156ms
decoder_time:16.084671020507812ms
decoder_time:16.849756240844727ms
decoder_time:17.673730850219727ms
decoder_time:18.466472625732422ms
decoder_time:19.268512725830078ms
decoder_time:20.05481719970703ms
    Processed 20/50 batches
decoder_time:20.876646041870117ms
decoder_time:21.633386611938477ms
decoder_time:22.456645965576172ms
decoder_time:23.1931209564209ms
decoder_time:24.03545379638672ms
decoder_time:24.790525436401367ms
decoder_time:25.608062744140625ms
decoder_time:26.388883590698242ms
decoder_time:4.844903945922852ms
decoder_time:27.96149253845215ms
    Processed 30/50 batches
decoder_time:28.80120277404785ms
decoder_time:29.581308364868164ms
decoder_time:4.471540451049805ms
decoder_time:31.195640563964844ms
decoder_time:32.006025314331055ms
decoder_time:32.77182579040527ms
decoder_time:33.620595932006836ms
decoder_time:34.37995910644531ms
decoder_time:35.20321846008301ms
decoder_time:4.590034484863281ms
    Processed 40/50 batches
decoder_time:36.806344985961914ms
decoder_time:37.627220153808594ms
decoder_time:38.41829299926758ms
decoder_time:39.06702995300293ms
decoder_time:40.077924728393555ms
decoder_time:40.76361656188965ms
decoder_time:41.60284996032715ms
decoder_time:42.356252670288086ms
decoder_time:43.190717697143555ms
decoder_time:44.00277137756348ms
    Processed 50/50 batches
  Layer 0: attn.proj sparsity 0.100
    Layer 0 complete: torch.Size([4096, 1024])

============================================================
Processing Layer 1/16
============================================================
  attn.proj: Using Chain Pruning + KFAC
decoder_time:4.46009635925293ms
decoder_time:4.2877197265625ms
decoder_time:6.472587585449219ms
decoder_time:7.175922393798828ms
decoder_time:7.96198844909668ms
decoder_time:8.730411529541016ms
decoder_time:9.561300277709961ms
decoder_time:10.373353958129883ms
decoder_time:11.225223541259766ms
decoder_time:12.049198150634766ms
    Processed 10/50 batches
decoder_time:12.825489044189453ms
decoder_time:13.636112213134766ms
decoder_time:14.405965805053711ms
decoder_time:15.17176628112793ms
decoder_time:16.011714935302734ms
decoder_time:16.773462295532227ms
decoder_time:17.571687698364258ms
decoder_time:18.40519905090332ms
decoder_time:19.15597915649414ms
decoder_time:19.478797912597656ms
    Processed 20/50 batches
decoder_time:20.80702781677246ms
decoder_time:21.532773971557617ms
decoder_time:22.368907928466797ms
decoder_time:23.08511734008789ms
decoder_time:23.943424224853516ms
decoder_time:4.186153411865234ms
decoder_time:25.510311126708984ms
decoder_time:26.282787322998047ms
decoder_time:27.14705467224121ms
decoder_time:27.86421775817871ms
    Processed 30/50 batches
decoder_time:28.69248390197754ms
decoder_time:29.471397399902344ms
decoder_time:30.295372009277344ms
decoder_time:31.102895736694336ms
decoder_time:4.137992858886719ms
decoder_time:32.678842544555664ms
decoder_time:33.527374267578125ms
decoder_time:34.2411994934082ms
decoder_time:35.07828712463379ms
decoder_time:35.773515701293945ms
    Processed 40/50 batches
decoder_time:36.632537841796875ms
decoder_time:37.4600887298584ms
decoder_time:4.555225372314453ms
decoder_time:38.99240493774414ms
decoder_time:4.1942596435546875ms
decoder_time:4.1446685791015625ms
decoder_time:41.46289825439453ms
decoder_time:4.14586067199707ms
decoder_time:4.414081573486328ms
decoder_time:4.193544387817383ms
    Processed 50/50 batches
    Processing 50 cached batches for attn.proj
  Layer 1: attn.proj sparsity 0.100
    Layer 1: Collected 50 batches
    Scale weights: ['0.015', '0.029', '0.044', '0.059', '0.074', '0.088', '0.118', '0.147', '0.191', '0.235']
    Head importances: [6.393917513503045e-12, 6.876408730621675e-12, 8.676671360563493e-12, 9.498565128884806e-12, 8.386107780422591e-12, 9.851177165676184e-12, 6.321325407565581e-12, 8.951943353263658e-12, 1.0467316249873626e-11, 8.461635905843146e-12, 8.973974341408564e-12, 8.743964753643585e-12, 8.913937296628482e-12, 7.737513754713099e-12, 7.909368472669431e-12, 6.079514929674401e-12]
    Pruning 2/16 heads: [15, 6]
    Layer 1 complete: torch.Size([4096, 1024])

============================================================
Processing Layer 2/16
============================================================
  attn.proj: Using Chain Pruning + KFAC
decoder_time:4.094362258911133ms
decoder_time:3.9551258087158203ms
decoder_time:6.479501724243164ms
decoder_time:7.19141960144043ms
decoder_time:7.9555511474609375ms
decoder_time:8.71729850769043ms
decoder_time:9.540557861328125ms
decoder_time:10.372161865234375ms
decoder_time:11.198759078979492ms
decoder_time:12.035608291625977ms
    Processed 10/50 batches
decoder_time:12.817859649658203ms
decoder_time:13.599157333374023ms
decoder_time:14.450550079345703ms
decoder_time:15.189647674560547ms
decoder_time:15.972137451171875ms
decoder_time:16.755342483520508ms
decoder_time:17.59815216064453ms
decoder_time:18.377065658569336ms
decoder_time:19.17743682861328ms
decoder_time:19.93560791015625ms
    Processed 20/50 batches
decoder_time:20.771503448486328ms
decoder_time:21.52562141418457ms
decoder_time:22.340774536132812ms
decoder_time:23.11396598815918ms
decoder_time:23.960351943969727ms
decoder_time:24.728059768676758ms
decoder_time:24.817943572998047ms
decoder_time:147.3979949951172ms
decoder_time:27.127981185913086ms
decoder_time:27.88567543029785ms
    Processed 30/50 batches
decoder_time:28.647422790527344ms
decoder_time:29.49380874633789ms
decoder_time:30.280590057373047ms
decoder_time:31.0671329498291ms
decoder_time:31.87394142150879ms
decoder_time:12.30621337890625ms
decoder_time:33.522844314575195ms
decoder_time:34.27863121032715ms
decoder_time:35.09044647216797ms
decoder_time:35.81809997558594ms
    Processed 40/50 batches
decoder_time:36.661624908447266ms
decoder_time:37.453413009643555ms
decoder_time:38.25235366821289ms
decoder_time:4.180669784545898ms
decoder_time:39.89911079406738ms
decoder_time:40.59457778930664ms
decoder_time:41.492462158203125ms
decoder_time:4.30607795715332ms
decoder_time:33.04862976074219ms
decoder_time:4.145622253417969ms
    Processed 50/50 batches
    Processing 50 cached batches for attn.proj
  Layer 2: attn.proj sparsity 0.100
    Layer 2: Collected 50 batches
    Scale weights: ['0.015', '0.029', '0.044', '0.059', '0.074', '0.088', '0.118', '0.147', '0.191', '0.235']
    Head importances: [6.0782177901952394e-12, 2.694591511726019e-12, 5.084473640726284e-12, 4.76654393039011e-12, 2.741351633542277e-12, 2.1700948329983483e-12, 6.703823260401087e-12, 4.707950175542042e-12, 2.9578336308011544e-12, 4.5106470641931296e-12, 4.0983848259568134e-12, 3.034688819680831e-12, 4.858786983863439e-12, 2.594592943272467e-12, 2.9500041732327675e-12, 4.0908201305589476e-12]
    Pruning 2/16 heads: [5, 13]
    Layer 2 complete: torch.Size([4096, 1024])

============================================================
Processing Layer 3/16
============================================================
  attn.proj: Using Chain Pruning + KFAC
decoder_time:4.086494445800781ms
decoder_time:3.9446353912353516ms
decoder_time:6.450414657592773ms
decoder_time:7.142543792724609ms
decoder_time:7.939577102661133ms
decoder_time:8.725166320800781ms
decoder_time:9.543418884277344ms
decoder_time:10.356903076171875ms
decoder_time:11.214733123779297ms
decoder_time:12.041568756103516ms
    Processed 10/50 batches
decoder_time:12.810707092285156ms
decoder_time:13.583183288574219ms
decoder_time:14.445066452026367ms
decoder_time:15.185832977294922ms
decoder_time:16.061067581176758ms
decoder_time:16.74818992614746ms
decoder_time:17.588138580322266ms
decoder_time:18.382787704467773ms
decoder_time:19.15264129638672ms
decoder_time:19.934415817260742ms
    Processed 20/50 batches
decoder_time:20.819902420043945ms
decoder_time:21.471738815307617ms
decoder_time:22.35865592956543ms
decoder_time:23.140907287597656ms
decoder_time:23.964643478393555ms
decoder_time:24.718284606933594ms
decoder_time:25.57516098022461ms
decoder_time:26.316165924072266ms
decoder_time:4.414558410644531ms
decoder_time:27.844667434692383ms
    Processed 30/50 batches
decoder_time:28.683185577392578ms
decoder_time:29.442548751831055ms
decoder_time:30.299901962280273ms
decoder_time:31.090974807739258ms
decoder_time:31.858205795288086ms
decoder_time:4.996776580810547ms
decoder_time:33.51473808288574ms
decoder_time:34.23929214477539ms
decoder_time:35.07876396179199ms
decoder_time:35.8583927154541ms
    Processed 40/50 batches
decoder_time:36.72289848327637ms
decoder_time:4.136323928833008ms
decoder_time:38.27095031738281ms
decoder_time:39.06989097595215ms
decoder_time:4.169940948486328ms
decoder_time:20.12157440185547ms
decoder_time:41.536569595336914ms
decoder_time:4.140615463256836ms
decoder_time:15.872001647949219ms
decoder_time:4.106283187866211ms
    Processed 50/50 batches
    Processing 50 cached batches for attn.proj
  Layer 3: attn.proj sparsity 0.100
    Layer 3: Collected 50 batches
    Scale weights: ['0.015', '0.029', '0.044', '0.059', '0.074', '0.088', '0.118', '0.147', '0.191', '0.235']
    Head importances: [5.790961894042157e-12, 7.806297275259055e-12, 8.056379348364562e-12, 4.531044810185403e-12, 9.064898137678412e-12, 5.25229512660097e-12, 8.941004187024149e-12, 5.5847999835823e-12, 4.104179669728314e-12, 4.174707454729365e-12, 5.061335031641967e-12, 5.4410317397446395e-12, 3.350833065879355e-12, 4.0644284812763054e-12, 8.353771667468646e-12, 1.2657147031858162e-11]
    Pruning 2/16 heads: [12, 13]
    Layer 3 complete: torch.Size([4096, 1024])

============================================================
Processing Layer 4/16
============================================================
  attn.proj: Using Chain Pruning + KFAC
decoder_time:4.098415374755859ms
decoder_time:4.037380218505859ms
decoder_time:6.468057632446289ms
decoder_time:7.158517837524414ms
decoder_time:7.923126220703125ms
decoder_time:8.695125579833984ms
decoder_time:9.540557861328125ms
decoder_time:10.35761833190918ms
decoder_time:11.244535446166992ms
decoder_time:12.030601501464844ms
    Processed 10/50 batches
decoder_time:12.848138809204102ms
decoder_time:13.609647750854492ms
decoder_time:14.41049575805664ms
decoder_time:15.159130096435547ms
decoder_time:16.01386070251465ms
decoder_time:16.78943634033203ms
decoder_time:17.589330673217773ms
decoder_time:18.35799217224121ms
decoder_time:19.159793853759766ms
decoder_time:19.96016502380371ms
    Processed 20/50 batches
decoder_time:20.78843116760254ms
decoder_time:21.506071090698242ms
decoder_time:22.380352020263672ms
decoder_time:23.140907287597656ms
decoder_time:23.9107608795166ms
decoder_time:24.744033813476562ms
decoder_time:25.534391403198242ms
decoder_time:26.278018951416016ms
decoder_time:27.172327041625977ms
decoder_time:27.862071990966797ms
    Processed 30/50 batches
decoder_time:28.691768646240234ms
decoder_time:136.53230667114258ms
decoder_time:30.278921127319336ms
decoder_time:31.10814094543457ms
decoder_time:31.88490867614746ms
decoder_time:32.64021873474121ms
decoder_time:33.54334831237793ms
decoder_time:34.2717170715332ms
decoder_time:35.05825996398926ms
decoder_time:35.83693504333496ms
    Processed 40/50 batches
decoder_time:36.69381141662598ms
decoder_time:37.51230239868164ms
decoder_time:38.27095031738281ms
decoder_time:39.003610610961914ms
decoder_time:39.91961479187012ms
decoder_time:29.494762420654297ms
decoder_time:41.50819778442383ms
decoder_time:4.101753234863281ms
decoder_time:10.345458984375ms
decoder_time:43.87974739074707ms
    Processed 50/50 batches
    Processing 50 cached batches for attn.proj
  Layer 4: attn.proj sparsity 0.100
    Layer 4: Collected 50 batches
    Scale weights: ['0.015', '0.029', '0.044', '0.059', '0.074', '0.088', '0.118', '0.147', '0.191', '0.235']
    Head importances: [1.5175145862134087e-11, 7.712270058690684e-12, 1.4011678969860775e-11, 1.0912364761805904e-11, 7.986416215854941e-12, 1.019048387340682e-11, 9.360216594866966e-12, 1.9258634617602688e-11, 1.085927528454711e-11, 1.6663276661277315e-11, 5.675114458231212e-12, 7.870093465811578e-12, 1.7137976801584465e-11, 7.384292829981653e-12, 1.602581262138969e-11, 8.715484930976736e-12]
    Pruning 2/16 heads: [10, 13]
    Layer 4 complete: torch.Size([4096, 1024])

============================================================
Processing Layer 5/16
============================================================
  attn.proj: Using Chain Pruning + KFAC
decoder_time:4.094123840332031ms
decoder_time:4.0149688720703125ms
decoder_time:6.453275680541992ms
decoder_time:7.192850112915039ms
decoder_time:7.904529571533203ms
decoder_time:8.737802505493164ms
decoder_time:9.533166885375977ms
decoder_time:10.35618782043457ms
decoder_time:11.201143264770508ms
decoder_time:12.030363082885742ms
    Processed 10/50 batches
decoder_time:12.812137603759766ms
decoder_time:13.636350631713867ms
decoder_time:14.42098617553711ms
decoder_time:15.174388885498047ms
decoder_time:16.05367660522461ms
decoder_time:16.7388916015625ms
decoder_time:17.578840255737305ms
decoder_time:18.38088035583496ms
decoder_time:19.145488739013672ms
decoder_time:19.944190979003906ms
    Processed 20/50 batches
decoder_time:20.776748657226562ms
decoder_time:21.5609073638916ms
decoder_time:22.375106811523438ms
decoder_time:23.14591407775879ms
decoder_time:24.114608764648438ms
decoder_time:24.7194766998291ms
decoder_time:25.508642196655273ms
decoder_time:26.261329650878906ms
decoder_time:27.113914489746094ms
decoder_time:27.889251708984375ms
    Processed 30/50 batches
decoder_time:28.717756271362305ms
decoder_time:29.470205307006836ms
decoder_time:30.366182327270508ms
decoder_time:31.09908103942871ms
decoder_time:31.897783279418945ms
decoder_time:32.63974189758301ms
decoder_time:33.5540771484375ms
decoder_time:34.2249870300293ms
decoder_time:35.09211540222168ms
decoder_time:35.857200622558594ms
    Processed 40/50 batches
decoder_time:36.67759895324707ms
decoder_time:37.46461868286133ms
decoder_time:20.082473754882812ms
decoder_time:39.02626037597656ms
decoder_time:39.95370864868164ms
decoder_time:4.318714141845703ms
decoder_time:4.151105880737305ms
decoder_time:4.13966178894043ms
decoder_time:22.614717483520508ms
decoder_time:43.84756088256836ms
    Processed 50/50 batches
    Processing 50 cached batches for attn.proj
  Layer 5: attn.proj sparsity 0.100
    Layer 5: Collected 50 batches
    Scale weights: ['0.015', '0.029', '0.044', '0.059', '0.074', '0.088', '0.118', '0.147', '0.191', '0.235']
    Head importances: [4.231411228350357e-12, 7.906511383104498e-12, 2.9813989818605613e-12, 4.396355241659267e-12, 3.868956370556287e-12, 3.0164794273535023e-12, 4.698220978927026e-12, 7.568333112994985e-12, 7.784821398626462e-12, 7.818363144396212e-12, 7.340363560037755e-12, 3.659681065137921e-12, 4.191303554224035e-12, 4.183679878227986e-12, 2.9944265383247126e-12, 3.999927125630798e-12]
    Pruning 2/16 heads: [2, 14]
    Layer 5 complete: torch.Size([4096, 1024])

============================================================
Processing Layer 6/16
============================================================
  attn.proj: Using Chain Pruning + KFAC
decoder_time:4.082679748535156ms
decoder_time:4.052877426147461ms
decoder_time:6.502628326416016ms
decoder_time:7.164478302001953ms
decoder_time:7.923603057861328ms
decoder_time:8.709192276000977ms
decoder_time:9.528160095214844ms
decoder_time:10.370016098022461ms
decoder_time:11.212825775146484ms
decoder_time:12.047529220581055ms
    Processed 10/50 batches
decoder_time:12.800455093383789ms
decoder_time:13.633966445922852ms
decoder_time:14.413118362426758ms
decoder_time:15.175580978393555ms
decoder_time:16.036272048950195ms
decoder_time:16.77227020263672ms
decoder_time:17.57216453552246ms
decoder_time:18.357515335083008ms
decoder_time:19.161701202392578ms
decoder_time:19.9582576751709ms
    Processed 20/50 batches
decoder_time:20.795345306396484ms
decoder_time:21.551132202148438ms
decoder_time:22.382497787475586ms
decoder_time:23.13399314880371ms
decoder_time:23.95486831665039ms
decoder_time:24.729013442993164ms
decoder_time:25.507688522338867ms
decoder_time:26.276350021362305ms
decoder_time:27.156352996826172ms
decoder_time:27.857303619384766ms
    Processed 30/50 batches
decoder_time:28.679609298706055ms
decoder_time:29.47068214416504ms
decoder_time:30.321598052978516ms
decoder_time:31.069278717041016ms
decoder_time:31.891584396362305ms
decoder_time:32.7301025390625ms
decoder_time:33.50687026977539ms
decoder_time:34.319162368774414ms
decoder_time:35.10427474975586ms
decoder_time:35.839080810546875ms
    Processed 40/50 batches
decoder_time:36.72623634338379ms
decoder_time:37.47892379760742ms
decoder_time:4.160165786743164ms
decoder_time:39.06655311584473ms
decoder_time:39.93535041809082ms
decoder_time:40.671348571777344ms
decoder_time:41.518449783325195ms
decoder_time:4.329919815063477ms
decoder_time:4.145383834838867ms
decoder_time:4.125833511352539ms
    Processed 50/50 batches
    Processing 50 cached batches for attn.proj
  Layer 6: attn.proj sparsity 0.100
    Layer 6: Collected 50 batches
    Scale weights: ['0.015', '0.029', '0.044', '0.059', '0.074', '0.088', '0.118', '0.147', '0.191', '0.235']
    Head importances: [4.320484074671338e-12, 4.998783505183457e-12, 1.1475794273185791e-11, 4.678683655778837e-12, 5.420932799871103e-12, 4.824142387643837e-12, 3.841215973771073e-12, 4.1607550738120835e-12, 1.4242268822628468e-11, 3.777073272204223e-12, 4.579333440224431e-12, 5.548687377621153e-12, 4.204523881834454e-12, 6.042570957487392e-12, 4.792744326409526e-12, 6.9167501587363844e-12]
    Pruning 2/16 heads: [9, 6]
    Layer 6 complete: torch.Size([4096, 1024])

============================================================
Processing Layer 7/16
============================================================
  attn.proj: Using Chain Pruning + KFAC
decoder_time:4.084348678588867ms
decoder_time:4.065990447998047ms
decoder_time:6.480932235717773ms
decoder_time:7.144927978515625ms
decoder_time:7.909536361694336ms
decoder_time:8.734941482543945ms
decoder_time:9.551048278808594ms
decoder_time:10.387420654296875ms
decoder_time:11.224985122680664ms
decoder_time:12.040853500366211ms
    Processed 10/50 batches
decoder_time:12.80665397644043ms
decoder_time:13.57126235961914ms
decoder_time:14.42098617553711ms
decoder_time:15.179634094238281ms
decoder_time:16.034841537475586ms
decoder_time:16.762495040893555ms
decoder_time:17.605304718017578ms
decoder_time:18.360614776611328ms
decoder_time:19.1500186920166ms
decoder_time:19.933700561523438ms
    Processed 20/50 batches
decoder_time:20.77317237854004ms
decoder_time:21.55923843383789ms
decoder_time:22.39847183227539ms
decoder_time:23.107528686523438ms
decoder_time:23.91958236694336ms
decoder_time:24.72996711730957ms
decoder_time:25.498628616333008ms
decoder_time:26.31068229675293ms
decoder_time:27.143478393554688ms
decoder_time:27.89783477783203ms
    Processed 30/50 batches
decoder_time:28.68938446044922ms
decoder_time:29.499292373657227ms
decoder_time:30.293703079223633ms
decoder_time:31.096220016479492ms
decoder_time:31.890392303466797ms
decoder_time:32.69004821777344ms
decoder_time:33.52761268615723ms
decoder_time:34.287452697753906ms
decoder_time:35.033226013183594ms
decoder_time:35.8586311340332ms
    Processed 40/50 batches
decoder_time:36.721229553222656ms
decoder_time:37.48512268066406ms
decoder_time:38.281917572021484ms
decoder_time:39.08109664916992ms
decoder_time:23.313522338867188ms
decoder_time:4.128456115722656ms
decoder_time:41.55087471008301ms
decoder_time:42.244911193847656ms
decoder_time:43.0905818939209ms
decoder_time:43.933868408203125ms
    Processed 50/50 batches
    Processing 50 cached batches for attn.proj
  Layer 7: attn.proj sparsity 0.100
    Layer 7: Collected 50 batches
    Scale weights: ['0.015', '0.029', '0.044', '0.059', '0.074', '0.088', '0.118', '0.147', '0.191', '0.235']
    Head importances: [1.2747901692589103e-11, 1.6851072620616137e-11, 2.280718322533737e-11, 1.2920140651795364e-11, 1.592643378289793e-11, 1.5197898495245e-11, 1.1063649996145841e-11, 9.711364525044619e-12, 1.56877878743078e-11, 1.1877735774101783e-11, 1.4267923648114689e-11, 1.2166561161319756e-11, 1.1666114255182158e-11, 1.1037753176734721e-11, 1.6063719798786735e-11, 1.730416851475347e-11]
    Pruning 2/16 heads: [7, 13]
    Layer 7 complete: torch.Size([4096, 1024])

============================================================
Processing Layer 8/16
============================================================
  attn.proj: Using Chain Pruning + KFAC
decoder_time:4.077672958374023ms
decoder_time:4.016399383544922ms
decoder_time:6.447076797485352ms
decoder_time:7.154226303100586ms
decoder_time:7.928609848022461ms
decoder_time:8.711576461791992ms
decoder_time:9.55963134765625ms
decoder_time:10.376691818237305ms
decoder_time:11.228084564208984ms
decoder_time:12.018680572509766ms
    Processed 10/50 batches
decoder_time:12.82644271850586ms
decoder_time:13.640642166137695ms
decoder_time:14.431238174438477ms
decoder_time:15.177249908447266ms
decoder_time:15.994548797607422ms
decoder_time:16.74795150756836ms
decoder_time:17.610549926757812ms
decoder_time:18.38517189025879ms
decoder_time:19.125938415527344ms
decoder_time:19.908666610717773ms
    Processed 20/50 batches
decoder_time:20.78700065612793ms
decoder_time:21.550655364990234ms
decoder_time:22.381067276000977ms
decoder_time:23.13685417175293ms
decoder_time:23.948192596435547ms
decoder_time:24.686336517333984ms
decoder_time:25.518417358398438ms
decoder_time:26.265859603881836ms
decoder_time:27.124881744384766ms
decoder_time:27.8780460357666ms
    Processed 30/50 batches
decoder_time:28.69868278503418ms
decoder_time:29.471158981323242ms
decoder_time:30.349254608154297ms
decoder_time:31.129837036132812ms
decoder_time:31.9216251373291ms
decoder_time:32.6838493347168ms
decoder_time:33.565521240234375ms
decoder_time:34.23285484313965ms
decoder_time:35.17961502075195ms
decoder_time:35.83121299743652ms
    Processed 40/50 batches
decoder_time:36.71598434448242ms
decoder_time:37.506103515625ms
decoder_time:38.29598426818848ms
decoder_time:39.0620231628418ms
decoder_time:19.78445053100586ms
decoder_time:4.154443740844727ms
decoder_time:41.536569595336914ms
decoder_time:19.186973571777344ms
decoder_time:14.704227447509766ms
decoder_time:4.284381866455078ms
    Processed 50/50 batches
    Processing 50 cached batches for attn.proj
  Layer 8: attn.proj sparsity 0.100
    Layer 8: Collected 50 batches
    Scale weights: ['0.015', '0.029', '0.044', '0.059', '0.074', '0.088', '0.118', '0.147', '0.191', '0.235']
    Head importances: [8.100506376784722e-12, 9.710991559497284e-12, 1.5620435500629526e-11, 1.206132069220267e-11, 9.820861138210013e-12, 1.6580060241411232e-11, 1.0745247573662464e-11, 1.6658736889940684e-11, 1.858070988736138e-11, 1.600388224720639e-11, 1.1025101838424423e-11, 1.4982470125657343e-11, 8.976193920096076e-12, 1.0980473474919705e-11, 7.1283369831864896e-12, 1.3777695997974071e-11]
    Pruning 2/16 heads: [14, 0]
    Layer 8 complete: torch.Size([4096, 1024])

============================================================
Processing Layer 9/16
============================================================
  attn.proj: Using Chain Pruning + KFAC
decoder_time:4.111528396606445ms
decoder_time:3.9789676666259766ms
decoder_time:6.442546844482422ms
decoder_time:7.1163177490234375ms
decoder_time:7.896184921264648ms
decoder_time:8.672952651977539ms
decoder_time:9.51075553894043ms
decoder_time:10.340690612792969ms
decoder_time:11.203527450561523ms
decoder_time:11.994123458862305ms
    Processed 10/50 batches
decoder_time:12.818574905395508ms
decoder_time:13.586997985839844ms
decoder_time:14.385461807250977ms
decoder_time:15.167474746704102ms
decoder_time:15.980720520019531ms
decoder_time:16.701459884643555ms
decoder_time:17.532825469970703ms
decoder_time:18.360137939453125ms
decoder_time:19.14501190185547ms
decoder_time:19.924163818359375ms
    Processed 20/50 batches
decoder_time:20.74456214904785ms
decoder_time:21.49176597595215ms
decoder_time:22.336721420288086ms
decoder_time:22.97186851501465ms
decoder_time:23.903608322143555ms
decoder_time:24.70231056213379ms
decoder_time:25.504350662231445ms
decoder_time:26.258230209350586ms
decoder_time:27.08125114440918ms
decoder_time:27.79221534729004ms
    Processed 30/50 batches
decoder_time:28.653860092163086ms
decoder_time:29.415130615234375ms
decoder_time:30.25364875793457ms
decoder_time:31.041622161865234ms
decoder_time:31.804800033569336ms
decoder_time:32.60612487792969ms
decoder_time:33.477783203125ms
decoder_time:34.17706489562988ms
decoder_time:35.005807876586914ms
decoder_time:35.775184631347656ms
    Processed 40/50 batches
decoder_time:36.63778305053711ms
decoder_time:37.39356994628906ms
decoder_time:38.2237434387207ms
decoder_time:38.970947265625ms
decoder_time:39.858341217041016ms
decoder_time:40.555477142333984ms
decoder_time:4.128456115722656ms
decoder_time:4.125356674194336ms
decoder_time:42.928218841552734ms
decoder_time:43.77126693725586ms
    Processed 50/50 batches
    Processing 50 cached batches for attn.proj
  Layer 9: attn.proj sparsity 0.100
    Layer 9: Collected 50 batches
    Scale weights: ['0.015', '0.029', '0.044', '0.059', '0.074', '0.088', '0.118', '0.147', '0.191', '0.235']
    Head importances: [2.778728636076977e-11, 1.4685027499572456e-11, 1.3297661582978293e-11, 1.0808316915078553e-11, 1.3587114940094569e-11, 1.806829859340997e-11, 1.879978464569554e-11, 2.1975780570282488e-11, 1.9222507266491995e-11, 1.9834744957591965e-11, 1.5671451983334528e-11, 2.029577374218494e-11, 1.5555017343626965e-11, 1.358285879604626e-11, 1.5227341956802753e-11, 1.1851470325952018e-11]
    Pruning 2/16 heads: [3, 15]
    Layer 9 complete: torch.Size([4096, 1024])

============================================================
Processing Layer 10/16
============================================================
  attn.proj: Using Chain Pruning + KFAC
decoder_time:4.073143005371094ms
decoder_time:3.9997100830078125ms
decoder_time:6.440162658691406ms
decoder_time:7.157087326049805ms
decoder_time:7.868289947509766ms
decoder_time:8.661031723022461ms
decoder_time:9.521484375ms
decoder_time:10.29515266418457ms
decoder_time:11.153459548950195ms
decoder_time:11.963367462158203ms
    Processed 10/50 batches
decoder_time:12.802600860595703ms
decoder_time:13.540029525756836ms
decoder_time:14.392375946044922ms
decoder_time:15.136957168579102ms
decoder_time:15.954017639160156ms
decoder_time:16.66998863220215ms
decoder_time:17.510414123535156ms
decoder_time:18.305540084838867ms
decoder_time:19.100427627563477ms
decoder_time:19.873857498168945ms
    Processed 20/50 batches
decoder_time:20.700931549072266ms
decoder_time:21.457672119140625ms
decoder_time:22.280216217041016ms
decoder_time:22.99952507019043ms
decoder_time:23.851394653320312ms
decoder_time:24.608373641967773ms
decoder_time:25.403499603271484ms
decoder_time:26.17168426513672ms
decoder_time:26.990413665771484ms
decoder_time:27.771949768066406ms
    Processed 30/50 batches
decoder_time:28.57518196105957ms
decoder_time:29.361486434936523ms
decoder_time:30.169010162353516ms
decoder_time:30.92813491821289ms
decoder_time:31.733274459838867ms
decoder_time:32.54103660583496ms
decoder_time:33.347129821777344ms
decoder_time:34.10458564758301ms
decoder_time:34.96074676513672ms
decoder_time:35.70151329040527ms
    Processed 40/50 batches
decoder_time:36.52644157409668ms
decoder_time:37.31656074523926ms
decoder_time:38.09714317321777ms
decoder_time:38.84243965148926ms
decoder_time:39.74747657775879ms
decoder_time:40.46344757080078ms
decoder_time:41.31126403808594ms
decoder_time:42.14763641357422ms
decoder_time:4.15802001953125ms
decoder_time:43.66612434387207ms
    Processed 50/50 batches
    Processing 50 cached batches for attn.proj
  Layer 10: attn.proj sparsity 0.100
    Layer 10: Collected 50 batches
    Scale weights: ['0.015', '0.029', '0.044', '0.059', '0.074', '0.088', '0.118', '0.147', '0.191', '0.235']
    Head importances: [2.2802929683374273e-11, 2.4337669032870046e-11, 2.6237749820023915e-11, 2.756807802872796e-11, 3.584973637393851e-11, 2.0177498560869367e-11, 1.8495666803675093e-11, 4.161100283783803e-11, 2.0981594933688896e-11, 3.016837127334249e-11, 2.1248251422245623e-11, 2.2491813966851737e-11, 2.269125165543784e-11, 2.0787611215711266e-11, 2.519354863617096e-11, 1.9140551990592947e-11]
    Pruning 2/16 heads: [6, 15]
    Layer 10 complete: torch.Size([4096, 1024])

============================================================
Processing Layer 11/16
============================================================
  attn.proj: Using Chain Pruning + KFAC
decoder_time:4.105091094970703ms
decoder_time:4.023075103759766ms
decoder_time:6.436347961425781ms
decoder_time:7.098197937011719ms
decoder_time:7.872343063354492ms
decoder_time:8.65626335144043ms
decoder_time:9.480714797973633ms
decoder_time:10.288238525390625ms
decoder_time:11.129617691040039ms
decoder_time:11.970996856689453ms
    Processed 10/50 batches
decoder_time:12.778759002685547ms
decoder_time:13.528823852539062ms
decoder_time:14.371395111083984ms
decoder_time:15.102863311767578ms
decoder_time:15.891313552856445ms
decoder_time:16.67046546936035ms
decoder_time:17.496824264526367ms
decoder_time:18.25571060180664ms
decoder_time:19.07205581665039ms
decoder_time:19.848346710205078ms
    Processed 20/50 batches
decoder_time:20.682334899902344ms
decoder_time:21.44145965576172ms
decoder_time:22.206544876098633ms
decoder_time:22.93992042541504ms
decoder_time:23.830652236938477ms
decoder_time:24.6584415435791ms
decoder_time:25.397539138793945ms
decoder_time:26.15833282470703ms
decoder_time:26.978015899658203ms
decoder_time:27.6947021484375ms
    Processed 30/50 batches
decoder_time:28.525352478027344ms
decoder_time:29.279470443725586ms
decoder_time:30.141353607177734ms
decoder_time:30.901193618774414ms
decoder_time:31.707286834716797ms
decoder_time:32.42897987365723ms
decoder_time:33.2791805267334ms
decoder_time:34.02566909790039ms
decoder_time:34.85369682312012ms
decoder_time:35.585880279541016ms
    Processed 40/50 batches
decoder_time:36.46373748779297ms
decoder_time:37.229061126708984ms
decoder_time:37.993431091308594ms
decoder_time:38.72513771057129ms
decoder_time:39.67142105102539ms
decoder_time:12.784719467163086ms
decoder_time:41.21732711791992ms
decoder_time:4.117488861083984ms
decoder_time:42.79160499572754ms
decoder_time:4.104852676391602ms
    Processed 50/50 batches
    Processing 50 cached batches for attn.proj
  Layer 11: attn.proj sparsity 0.100
    Layer 11: Collected 50 batches
    Scale weights: ['0.015', '0.029', '0.044', '0.059', '0.074', '0.088', '0.118', '0.147', '0.191', '0.235']
    Head importances: [2.8074624222607092e-11, 2.482824709715281e-11, 2.8996340051268277e-11, 4.017561977542883e-11, 3.0457733557476274e-11, 2.911371144165287e-11, 3.753862151678611e-11, 3.05812909717762e-11, 2.2317604361776766e-11, 2.88848528429142e-11, 2.1457629076349072e-11, 3.8888395975655854e-11, 3.317570176908369e-11, 2.313586301705417e-11, 1.8906459731127256e-11, 2.199722175244556e-11]
    Pruning 2/16 heads: [14, 10]
    Layer 11 complete: torch.Size([4096, 1024])

============================================================
Processing Layer 12/16
============================================================
  attn.proj: Using Chain Pruning + KFAC
decoder_time:4.130125045776367ms
decoder_time:4.02379035949707ms
decoder_time:6.440401077270508ms
decoder_time:7.130861282348633ms
decoder_time:7.866144180297852ms
decoder_time:8.656024932861328ms
decoder_time:9.451866149902344ms
decoder_time:10.27226448059082ms
decoder_time:11.072158813476562ms
decoder_time:11.93380355834961ms
    Processed 10/50 batches
decoder_time:12.746810913085938ms
decoder_time:13.504505157470703ms
decoder_time:14.371633529663086ms
decoder_time:15.074968338012695ms
decoder_time:15.894651412963867ms
decoder_time:16.62755012512207ms
decoder_time:17.43769645690918ms
decoder_time:18.22519302368164ms
decoder_time:18.984079360961914ms
decoder_time:19.761323928833008ms
    Processed 20/50 batches
decoder_time:20.64800262451172ms
decoder_time:21.39735221862793ms
decoder_time:22.167205810546875ms
decoder_time:22.908449172973633ms
decoder_time:23.729324340820312ms
decoder_time:24.56951141357422ms
decoder_time:25.307893753051758ms
decoder_time:26.064157485961914ms
decoder_time:26.92699432373047ms
decoder_time:27.613162994384766ms
    Processed 30/50 batches
decoder_time:28.444766998291016ms
decoder_time:29.176712036132812ms
decoder_time:30.035972595214844ms
decoder_time:30.814409255981445ms
decoder_time:31.544208526611328ms
decoder_time:32.325029373168945ms
decoder_time:33.20741653442383ms
decoder_time:33.95199775695801ms
decoder_time:34.75069999694824ms
decoder_time:35.50601005554199ms
    Processed 40/50 batches
decoder_time:36.406755447387695ms
decoder_time:37.08624839782715ms
decoder_time:37.938833236694336ms
decoder_time:38.674116134643555ms
decoder_time:4.151344299316406ms
decoder_time:40.3294563293457ms
decoder_time:41.13268852233887ms
decoder_time:4.160165786743164ms
decoder_time:42.69742965698242ms
decoder_time:43.463706970214844ms
    Processed 50/50 batches
    Processing 50 cached batches for attn.proj
  Layer 12: attn.proj sparsity 0.100
    Layer 12: Collected 50 batches
    Scale weights: ['0.015', '0.029', '0.044', '0.059', '0.074', '0.088', '0.118', '0.147', '0.191', '0.235']
    Head importances: [1.759241641252629e-10, 9.672986023279151e-11, 9.73855163177717e-11, 1.85339882330382e-10, 1.3703002621490157e-10, 1.2145334737923008e-10, 9.776204845657332e-11, 1.418527656449342e-10, 1.059003093550892e-10, 8.614739477330602e-11, 1.1043337078131543e-10, 9.953012025665231e-11, 1.4859699581926122e-10, 1.3946707677625625e-10, 1.121532866577013e-10, 1.5150027066201943e-10]
    Pruning 2/16 heads: [9, 1]
    Layer 12 complete: torch.Size([4096, 1024])

============================================================
Processing Layer 13/16
============================================================
  attn.proj: Using Chain Pruning + KFAC
decoder_time:4.053354263305664ms
decoder_time:3.915071487426758ms
decoder_time:6.397247314453125ms
decoder_time:7.078886032104492ms
decoder_time:7.837772369384766ms
decoder_time:8.673667907714844ms
decoder_time:9.448051452636719ms
decoder_time:10.231256484985352ms
decoder_time:11.068105697631836ms
decoder_time:11.889219284057617ms
    Processed 10/50 batches
decoder_time:12.678861618041992ms
decoder_time:13.483285903930664ms
decoder_time:14.32037353515625ms
decoder_time:15.044212341308594ms
decoder_time:15.8538818359375ms
decoder_time:16.60919189453125ms
decoder_time:17.42076873779297ms
decoder_time:18.138408660888672ms
decoder_time:18.977880477905273ms
decoder_time:19.725561141967773ms
    Processed 20/50 batches
decoder_time:20.54119110107422ms
decoder_time:21.309852600097656ms
decoder_time:22.132396697998047ms
decoder_time:22.83763885498047ms
decoder_time:23.70429039001465ms
decoder_time:24.45816993713379ms
decoder_time:25.278091430664062ms
decoder_time:26.018619537353516ms
decoder_time:26.874542236328125ms
decoder_time:27.565717697143555ms
    Processed 30/50 batches
decoder_time:28.380632400512695ms
decoder_time:29.124975204467773ms
decoder_time:29.947996139526367ms
decoder_time:30.756235122680664ms
decoder_time:31.5244197845459ms
decoder_time:32.38177299499512ms
decoder_time:33.10728073120117ms
decoder_time:33.89382362365723ms
decoder_time:34.6982479095459ms
decoder_time:35.425424575805664ms
    Processed 40/50 batches
decoder_time:36.29732131958008ms
decoder_time:37.03165054321289ms
decoder_time:152.14037895202637ms
decoder_time:38.622140884399414ms
decoder_time:39.45302963256836ms
decoder_time:40.097713470458984ms
decoder_time:40.97747802734375ms
decoder_time:41.74447059631348ms
decoder_time:4.1046142578125ms
decoder_time:43.33686828613281ms
    Processed 50/50 batches
    Processing 50 cached batches for attn.proj
  Layer 13: attn.proj sparsity 0.100
    Layer 13: Collected 50 batches
    Scale weights: ['0.015', '0.029', '0.044', '0.059', '0.074', '0.088', '0.118', '0.147', '0.191', '0.235']
    Head importances: [8.289560704533017e-11, 8.124115269403376e-11, 8.318393196482532e-11, 7.088839237834321e-11, 6.000102498182613e-11, 9.277725115941493e-11, 5.5540114174412736e-11, 6.942195429626707e-11, 1.1736109306603737e-10, 8.902048542758223e-11, 7.076837726938123e-11, 8.772156612213422e-11, 9.171234605087619e-11, 1.0275509609858346e-10, 7.02232855198659e-11, 1.128526369575944e-10]
    Pruning 2/16 heads: [6, 4]
    Layer 13 complete: torch.Size([4096, 1024])

============================================================
Processing Layer 14/16
============================================================
  attn.proj: Using Chain Pruning + KFAC
decoder_time:4.053354263305664ms
decoder_time:3.936290740966797ms
decoder_time:6.385087966918945ms
decoder_time:7.069826126098633ms
decoder_time:7.849693298339844ms
decoder_time:8.611917495727539ms
decoder_time:9.392261505126953ms
decoder_time:10.190010070800781ms
decoder_time:11.080503463745117ms
decoder_time:11.880159378051758ms
    Processed 10/50 batches
decoder_time:12.682199478149414ms
decoder_time:13.45968246459961ms
decoder_time:14.24860954284668ms
decoder_time:15.043973922729492ms
decoder_time:15.78211784362793ms
decoder_time:16.529560089111328ms
decoder_time:17.38762855529785ms
decoder_time:18.177509307861328ms
decoder_time:18.929243087768555ms
decoder_time:19.744873046875ms
    Processed 20/50 batches
decoder_time:20.531892776489258ms
decoder_time:21.252870559692383ms
decoder_time:22.060394287109375ms
decoder_time:22.786617279052734ms
decoder_time:23.621320724487305ms
decoder_time:24.324893951416016ms
decoder_time:25.210142135620117ms
decoder_time:25.9246826171875ms
decoder_time:26.789426803588867ms
decoder_time:27.512550354003906ms
    Processed 30/50 batches
decoder_time:28.34033966064453ms
decoder_time:29.04033660888672ms
decoder_time:29.892921447753906ms
decoder_time:30.678510665893555ms
decoder_time:31.419992446899414ms
decoder_time:32.19938278198242ms
decoder_time:33.07771682739258ms
decoder_time:33.80417823791504ms
decoder_time:34.638404846191406ms
decoder_time:35.36248207092285ms
    Processed 40/50 batches
decoder_time:36.1478328704834ms
decoder_time:36.9720458984375ms
decoder_time:37.719011306762695ms
decoder_time:38.5289192199707ms
decoder_time:4.481792449951172ms
decoder_time:40.047645568847656ms
decoder_time:40.96388816833496ms
decoder_time:41.66293144226074ms
decoder_time:42.49310493469238ms
decoder_time:43.244123458862305ms
    Processed 50/50 batches
    Processing 50 cached batches for attn.proj
  Layer 14: attn.proj sparsity 0.100
    Layer 14: Collected 50 batches
    Scale weights: ['0.015', '0.029', '0.044', '0.059', '0.074', '0.088', '0.118', '0.147', '0.191', '0.235']
    Head importances: [6.94983653959369e-11, 3.4494734846290953e-10, 7.036159155315858e-11, 6.666179414027695e-11, 1.005533920017676e-10, 1.0911076209207948e-10, 7.131243512370489e-11, 1.3927545228220595e-10, 6.401831842417494e-11, 6.537175661902594e-11, 1.2073581023841484e-10, 6.703558541598653e-11, 7.369492516229315e-11, 7.016327796538491e-11, 6.733927304658494e-11, 7.740122431876273e-11]
    Pruning 2/16 heads: [8, 9]
    Layer 14 complete: torch.Size([4096, 1024])

============================================================
Processing Layer 15/16
============================================================
  attn.proj: Using Chain Pruning + KFAC
decoder_time:4.079341888427734ms
decoder_time:3.9856433868408203ms
decoder_time:6.40869140625ms
decoder_time:7.066965103149414ms
decoder_time:7.821083068847656ms
decoder_time:8.614301681518555ms
decoder_time:9.397745132446289ms
decoder_time:10.179281234741211ms
decoder_time:11.009454727172852ms
decoder_time:11.866569519042969ms
    Processed 10/50 batches
decoder_time:12.635231018066406ms
decoder_time:13.434648513793945ms
decoder_time:14.269828796386719ms
decoder_time:14.949560165405273ms
decoder_time:15.759468078613281ms
decoder_time:16.538619995117188ms
decoder_time:17.32349395751953ms
decoder_time:18.091440200805664ms
decoder_time:18.895626068115234ms
decoder_time:19.684314727783203ms
    Processed 20/50 batches
decoder_time:20.513534545898438ms
decoder_time:21.202564239501953ms
decoder_time:22.03679084777832ms
decoder_time:22.79829978942871ms
decoder_time:23.566007614135742ms
decoder_time:24.34515953063965ms
decoder_time:25.1617431640625ms
decoder_time:25.920391082763672ms
decoder_time:26.731252670288086ms
decoder_time:27.49013900756836ms
    Processed 30/50 batches
decoder_time:28.277873992919922ms
decoder_time:29.010772705078125ms
decoder_time:29.85382080078125ms
decoder_time:30.56645393371582ms
decoder_time:4.090547561645508ms
decoder_time:32.15336799621582ms
decoder_time:32.99140930175781ms
decoder_time:33.7674617767334ms
decoder_time:34.533023834228516ms
decoder_time:35.26616096496582ms
    Processed 40/50 batches
decoder_time:36.09418869018555ms
decoder_time:36.89980506896973ms
decoder_time:37.61887550354004ms
decoder_time:38.42806816101074ms
decoder_time:39.24846649169922ms
decoder_time:39.92605209350586ms
decoder_time:40.80915451049805ms
decoder_time:41.54658317565918ms
decoder_time:42.37675666809082ms
decoder_time:43.157339096069336ms
    Processed 50/50 batches
    Processing 50 cached batches for attn.proj
  Layer 15: attn.proj sparsity 0.100
    Layer 15: Collected 50 batches
    Scale weights: ['0.015', '0.029', '0.044', '0.059', '0.074', '0.088', '0.118', '0.147', '0.191', '0.235']
    Head importances: [1.4821680771603951e-08, 9.622997509950437e-09, 9.565032321745548e-09, 1.0417409157525981e-08, 3.011880167491654e-08, 3.57541658502214e-08, 7.692520398450142e-08, 1.0707782216456962e-08, 6.864787849281129e-08, 9.547292734168877e-09, 3.8619543119011723e-08, 1.1545285616421097e-08, 2.6401863806313486e-08, 4.184051149991319e-08, 9.780523058111612e-09, 1.7162197707421e-07]
    Pruning 2/16 heads: [9, 2]
    Layer 15 complete: torch.Size([4096, 1024])
memory consumption: 10941.92 MB
Pruning completed in 344.27 seconds
******************************
layer 0 sparsity 0.000000
layer 1 sparsity 0.000000
layer 2 sparsity 0.000000
layer 3 sparsity 0.000000
layer 4 sparsity 0.000000
layer 5 sparsity 0.000000
layer 6 sparsity 0.000000
layer 7 sparsity 0.000000
layer 8 sparsity 0.000000
layer 9 sparsity 0.000000
layer 10 sparsity 0.000000
layer 11 sparsity 0.000000
layer 12 sparsity 0.000000
layer 13 sparsity 0.000000
layer 14 sparsity 0.000000
layer 15 sparsity 0.000000
Final sparsity: 0.0000
******************************
After pruning - All params: 0.30B	 Layer params: 0.30B	 Extra params: 0.00B
decoder_time:4.027128219604492ms
Inference time: 0.1310 seconds
Pruned model saved to: /home/project/real_prune/VAR_FIDtest/batch_models/chain_kfac/var_d16_chain_kfac_s0.1_sqrt_n50.pth
Chain pruning completed successfully!
✅ 完成: var_d16_chain_kfac_s0.1_sqrt_n50.pth
----------------------------------------
训练 Chain KFAC: sparsity=0.2, strategy=natural
/root/miniconda3/envs/var/lib/python3.10/site-packages/torch/backends/__init__.py:46: UserWarning: Please use the new API settings to control TF32 behavior, such as torch.backends.cudnn.conv.fp32_precision = 'tf32' or torch.backends.cuda.matmul.fp32_precision = 'ieee'. Old settings, e.g, torch.backends.cuda.matmul.allow_tf32 = True, torch.backends.cudnn.allow_tf32 = True, allowTF32CuDNN() and allowTF32CuBLAS() will be deprecated after Pytorch 2.9. Please see https://pytorch.org/docs/main/notes/cuda.html#tensorfloat-32-tf32-on-ampere-and-later-devices (Triggered internally at /pytorch/aten/src/ATen/Context.cpp:80.)
  self.setter(val)
/home/project/real_prune/slimgpt_pub_prune/slim_utils
================================================================================
VAR Chain Pruning with KFAC-OBS
  Method: Chain Pruning + Full-KFAC-OBS
  Scale weighting: natural
  Target sparsity: 20.0%
================================================================================
Loading VAR model...

[constructor]  ==== flash_if_available=True (0/16), fused_if_available=True (fusing_add_ln=0/16, fusing_mlp=0/16) ==== 
    [VAR config ] embed_dim=1024, num_heads=16, depth=16, mlp_ratio=4.0
    [drop ratios ] drop_rate=0.0, attn_drop_rate=0.0, drop_path_rate=0.0666667 (tensor([0.0000, 0.0044, 0.0089, 0.0133, 0.0178, 0.0222, 0.0267, 0.0311, 0.0356,
        0.0400, 0.0444, 0.0489, 0.0533, 0.0578, 0.0622, 0.0667]))

/root/miniconda3/envs/var/lib/python3.10/site-packages/torch/nn/modules/module.py:1866: FutureWarning: Using a non-full backward hook when the forward contains multiple autograd Nodes is deprecated and will be removed in future versions. This hook will be missing some grad_input. Please use register_full_backward_hook to get the documented behavior.
  self._maybe_warn_non_full_backward_hook(args, result, grad_fn)
[init_weights] VAR with init_std=0.0180422
Model preparation finished.
Preparing calibration data...
Before pruning - All params: 0.31B	 Layer params: 0.31B	 Extra params: 0.00B
Starting chain pruning...
Chain Pruning: Starting model slimming...
  Strategy: Layer 0 = SlimGPT, Layers 1+ = Chain KFAC
  Scale weighting: natural
  Total samples: 50

============================================================
Processing Layer 0/16
============================================================
  attn.proj: Using SlimGPT (first layer)
decoder_time:53.179025650024414ms
decoder_time:4.392147064208984ms
decoder_time:6.538629531860352ms
decoder_time:7.19904899597168ms
decoder_time:7.994651794433594ms
decoder_time:8.743762969970703ms
decoder_time:9.600639343261719ms
decoder_time:10.416507720947266ms
decoder_time:11.280536651611328ms
decoder_time:12.080192565917969ms
    Processed 10/50 batches
decoder_time:12.868165969848633ms
decoder_time:13.694286346435547ms
decoder_time:14.492034912109375ms
decoder_time:15.244007110595703ms
decoder_time:16.073942184448242ms
decoder_time:16.845703125ms
decoder_time:17.6699161529541ms
decoder_time:18.485069274902344ms
decoder_time:19.225358963012695ms
decoder_time:20.05147933959961ms
    Processed 20/50 batches
decoder_time:20.889759063720703ms
decoder_time:21.6214656829834ms
decoder_time:22.454261779785156ms
decoder_time:23.190975189208984ms
decoder_time:24.01876449584961ms
decoder_time:24.77550506591797ms
decoder_time:25.618553161621094ms
decoder_time:26.403188705444336ms
decoder_time:4.812717437744141ms
decoder_time:27.928829193115234ms
    Processed 30/50 batches
decoder_time:28.787851333618164ms
decoder_time:29.575824737548828ms
decoder_time:4.584074020385742ms
decoder_time:31.203746795654297ms
decoder_time:31.998872756958008ms
decoder_time:32.7763557434082ms
decoder_time:33.6763858795166ms
decoder_time:34.37376022338867ms
decoder_time:35.22467613220215ms
decoder_time:4.757404327392578ms
    Processed 40/50 batches
decoder_time:36.84043884277344ms
decoder_time:37.61696815490723ms
decoder_time:38.40780258178711ms
decoder_time:39.15882110595703ms
decoder_time:40.10820388793945ms
decoder_time:40.7559871673584ms
decoder_time:41.63813591003418ms
decoder_time:42.39058494567871ms
decoder_time:43.24460029602051ms
decoder_time:43.98059844970703ms
    Processed 50/50 batches
  Layer 0: attn.proj sparsity 0.200
    Layer 0 complete: torch.Size([4096, 1024])

============================================================
Processing Layer 1/16
============================================================
  attn.proj: Using Chain Pruning + KFAC
decoder_time:4.558801651000977ms
decoder_time:4.502058029174805ms
decoder_time:6.496429443359375ms
decoder_time:7.178783416748047ms
decoder_time:6.67572021484375ms
decoder_time:8.709907531738281ms
decoder_time:9.521722793579102ms
decoder_time:10.347366333007812ms
decoder_time:11.194944381713867ms
decoder_time:11.989831924438477ms
    Processed 10/50 batches
decoder_time:12.809038162231445ms
decoder_time:13.590335845947266ms
decoder_time:14.406204223632812ms
decoder_time:15.154123306274414ms
decoder_time:16.00193977355957ms
decoder_time:16.75558090209961ms
decoder_time:17.57049560546875ms
decoder_time:18.352508544921875ms
decoder_time:19.15907859802246ms
decoder_time:19.94013786315918ms
    Processed 20/50 batches
decoder_time:20.765304565429688ms
decoder_time:21.484375ms
decoder_time:22.319793701171875ms
decoder_time:23.108482360839844ms
decoder_time:23.92745018005371ms
decoder_time:24.678468704223633ms
decoder_time:25.502920150756836ms
decoder_time:26.242733001708984ms
decoder_time:4.231929779052734ms
decoder_time:27.84109115600586ms
    Processed 30/50 batches
decoder_time:28.63931655883789ms
decoder_time:29.417753219604492ms
decoder_time:4.686117172241211ms
decoder_time:31.026363372802734ms
decoder_time:31.891345977783203ms
decoder_time:32.61065483093262ms
decoder_time:33.487796783447266ms
decoder_time:34.21640396118164ms
decoder_time:35.08567810058594ms
decoder_time:4.216432571411133ms
    Processed 40/50 batches
decoder_time:36.60154342651367ms
decoder_time:37.41884231567383ms
decoder_time:15.115499496459961ms
decoder_time:38.99669647216797ms
decoder_time:4.210710525512695ms
decoder_time:27.292251586914062ms
decoder_time:41.48101806640625ms
decoder_time:4.211187362670898ms
decoder_time:4.174232482910156ms
decoder_time:43.795108795166016ms
    Processed 50/50 batches
    Processing 50 cached batches for attn.proj
  Layer 1: attn.proj sparsity 0.200
    Layer 1: Collected 50 batches
    Scale weights: ['0.001', '0.006', '0.013', '0.024', '0.037', '0.053', '0.094', '0.147', '0.249', '0.376']
    Head importances: [9.17817471329796e-13, 9.50822428603948e-13, 1.204899569874629e-12, 1.3603099766404392e-12, 1.1572856388475383e-12, 1.4121437309430607e-12, 8.848739883188239e-13, 1.297930513066703e-12, 1.463278608525298e-12, 1.2459304421508222e-12, 1.3157195602117588e-12, 1.2621106416921268e-12, 1.2317634976236058e-12, 1.0762237455386181e-12, 1.1042771514910288e-12, 8.526152873999937e-13]
    Pruning 3/16 heads: [15, 6, 0]
    Layer 1 complete: torch.Size([4096, 1024])

============================================================
Processing Layer 2/16
============================================================
  attn.proj: Using Chain Pruning + KFAC
decoder_time:4.071474075317383ms
decoder_time:3.9789676666259766ms
decoder_time:6.476402282714844ms
decoder_time:7.151365280151367ms
decoder_time:7.942676544189453ms
decoder_time:8.718252182006836ms
decoder_time:9.530305862426758ms
decoder_time:10.339498519897461ms
decoder_time:11.181354522705078ms
decoder_time:12.018918991088867ms
    Processed 10/50 batches
decoder_time:12.785196304321289ms
decoder_time:13.60940933227539ms
decoder_time:14.411449432373047ms
decoder_time:15.144586563110352ms
decoder_time:16.01386070251465ms
decoder_time:16.779661178588867ms
decoder_time:17.581939697265625ms
decoder_time:18.353700637817383ms
decoder_time:19.160032272338867ms
decoder_time:19.94180679321289ms
    Processed 20/50 batches
decoder_time:20.763635635375977ms
decoder_time:21.497726440429688ms
decoder_time:22.332429885864258ms
decoder_time:23.10013771057129ms
decoder_time:23.91219139099121ms
decoder_time:24.690628051757812ms
decoder_time:25.490522384643555ms
decoder_time:26.25751495361328ms
decoder_time:27.117252349853516ms
decoder_time:27.813434600830078ms
    Processed 30/50 batches
decoder_time:28.687477111816406ms
decoder_time:29.43587303161621ms
decoder_time:12.095451354980469ms
decoder_time:31.076669692993164ms
decoder_time:31.835079193115234ms
decoder_time:32.66000747680664ms
decoder_time:33.521175384521484ms
decoder_time:4.204511642456055ms
decoder_time:35.04753112792969ms
decoder_time:35.78829765319824ms
    Processed 40/50 batches
decoder_time:36.611080169677734ms
decoder_time:37.42027282714844ms
decoder_time:4.398822784423828ms
decoder_time:38.96617889404297ms
decoder_time:4.255533218383789ms
decoder_time:4.205465316772461ms
decoder_time:4.173755645751953ms
decoder_time:4.19163703918457ms
decoder_time:4.315376281738281ms
decoder_time:43.83254051208496ms
    Processed 50/50 batches
    Processing 50 cached batches for attn.proj
  Layer 2: attn.proj sparsity 0.200
    Layer 2: Collected 50 batches
    Scale weights: ['0.001', '0.006', '0.013', '0.024', '0.037', '0.053', '0.094', '0.147', '0.249', '0.376']
    Head importances: [9.89923421013117e-13, 4.2974554036873114e-13, 8.098296881177414e-13, 7.646102175885849e-13, 4.399220788001146e-13, 3.4624421927677285e-13, 1.0970535460966269e-12, 7.584164416277184e-13, 4.752922231135437e-13, 7.348301112562738e-13, 6.477867287718597e-13, 4.795835495223499e-13, 7.810318147435935e-13, 4.177221719567359e-13, 4.703013152529412e-13, 6.409668802664914e-13]
    Pruning 3/16 heads: [5, 13, 1]
    Layer 2 complete: torch.Size([4096, 1024])

============================================================
Processing Layer 3/16
============================================================
  attn.proj: Using Chain Pruning + KFAC
decoder_time:4.065275192260742ms
decoder_time:3.9725303649902344ms
decoder_time:6.500005722045898ms
decoder_time:7.1697235107421875ms
decoder_time:7.9059600830078125ms
decoder_time:9.261608123779297ms
decoder_time:9.548187255859375ms
decoder_time:10.34092903137207ms
decoder_time:11.203289031982422ms
decoder_time:12.00103759765625ms
    Processed 10/50 batches
decoder_time:12.797355651855469ms
decoder_time:13.634681701660156ms
decoder_time:14.404535293579102ms
decoder_time:15.180826187133789ms
decoder_time:16.00480079650879ms
decoder_time:16.748428344726562ms
decoder_time:17.55213737487793ms
decoder_time:18.36562156677246ms
decoder_time:19.179821014404297ms
decoder_time:19.925594329833984ms
    Processed 20/50 batches
decoder_time:20.773887634277344ms
decoder_time:21.50106430053711ms
decoder_time:22.415876388549805ms
decoder_time:23.132801055908203ms
decoder_time:23.923873901367188ms
decoder_time:24.706602096557617ms
decoder_time:25.549888610839844ms
decoder_time:26.31688117980957ms
decoder_time:9.74726676940918ms
decoder_time:27.872323989868164ms
    Processed 30/50 batches
decoder_time:28.67889404296875ms
decoder_time:29.443979263305664ms
decoder_time:30.330896377563477ms
decoder_time:31.03947639465332ms
decoder_time:4.45103645324707ms
decoder_time:32.62972831726074ms
decoder_time:33.46872329711914ms
decoder_time:34.22045707702637ms
decoder_time:35.12167930603027ms
decoder_time:35.84909439086914ms
    Processed 40/50 batches
decoder_time:36.62562370300293ms
decoder_time:37.40811347961426ms
decoder_time:38.24114799499512ms
decoder_time:4.2266845703125ms
decoder_time:39.90340232849121ms
decoder_time:4.247426986694336ms
decoder_time:4.221200942993164ms
decoder_time:4.194021224975586ms
decoder_time:43.06936264038086ms
decoder_time:4.319906234741211ms
    Processed 50/50 batches
    Processing 50 cached batches for attn.proj
  Layer 3: attn.proj sparsity 0.200
    Layer 3: Collected 50 batches
    Scale weights: ['0.001', '0.006', '0.013', '0.024', '0.037', '0.053', '0.094', '0.147', '0.249', '0.376']
    Head importances: [9.812334321804284e-13, 1.3464839052762523e-12, 1.3519452484594963e-12, 7.625233452469848e-13, 1.5249418481438903e-12, 8.968873278607237e-13, 1.5387253103626986e-12, 9.392887943132644e-13, 6.70931300968125e-13, 7.185114590975428e-13, 8.461283973817957e-13, 9.049456605077222e-13, 5.796897250415212e-13, 6.69794514990274e-13, 1.3972487446570203e-12, 2.1208022317475983e-12]
    Pruning 3/16 heads: [12, 13, 8]
    Layer 3 complete: torch.Size([4096, 1024])

============================================================
Processing Layer 4/16
============================================================
  attn.proj: Using Chain Pruning + KFAC
decoder_time:4.19926643371582ms
decoder_time:4.117012023925781ms
decoder_time:6.4907073974609375ms
decoder_time:7.151126861572266ms
decoder_time:7.9250335693359375ms
decoder_time:8.709430694580078ms
decoder_time:9.527206420898438ms
decoder_time:10.339021682739258ms
decoder_time:11.221647262573242ms
decoder_time:12.006044387817383ms
    Processed 10/50 batches
decoder_time:12.86768913269043ms
decoder_time:13.591527938842773ms
decoder_time:14.419317245483398ms
decoder_time:15.168428421020508ms
decoder_time:15.98978042602539ms
decoder_time:16.757726669311523ms
decoder_time:17.56596565246582ms
decoder_time:18.38231086730957ms
decoder_time:19.134521484375ms
decoder_time:19.93846893310547ms
    Processed 20/50 batches
decoder_time:20.779848098754883ms
decoder_time:21.510601043701172ms
decoder_time:22.346019744873047ms
decoder_time:23.114442825317383ms
decoder_time:23.928403854370117ms
decoder_time:24.674654006958008ms
decoder_time:25.48980712890625ms
decoder_time:26.26633644104004ms
decoder_time:27.08745002746582ms
decoder_time:27.89783477783203ms
    Processed 30/50 batches
decoder_time:28.68819236755371ms
decoder_time:4.280328750610352ms
decoder_time:30.26127815246582ms
decoder_time:31.093120574951172ms
decoder_time:31.838655471801758ms
decoder_time:32.62948989868164ms
decoder_time:33.56528282165527ms
decoder_time:34.22355651855469ms
decoder_time:35.0797176361084ms
decoder_time:35.79258918762207ms
    Processed 40/50 batches
decoder_time:36.643028259277344ms
decoder_time:37.43600845336914ms
decoder_time:38.277626037597656ms
decoder_time:39.09134864807129ms
decoder_time:4.199504852294922ms
decoder_time:4.21595573425293ms
decoder_time:4.19926643371582ms
decoder_time:4.143714904785156ms
decoder_time:19.005298614501953ms
decoder_time:43.84732246398926ms
    Processed 50/50 batches
    Processing 50 cached batches for attn.proj
  Layer 4: attn.proj sparsity 0.200
    Layer 4: Collected 50 batches
    Scale weights: ['0.001', '0.006', '0.013', '0.024', '0.037', '0.053', '0.094', '0.147', '0.249', '0.376']
    Head importances: [1.8207002745740386e-12, 8.406239571621954e-13, 1.6437569621413628e-12, 1.303363558573245e-12, 8.628614316108507e-13, 1.1922069234615584e-12, 1.0808157754199632e-12, 2.3299368077239757e-12, 1.2153815280580016e-12, 1.9354544009142494e-12, 6.18574310697062e-13, 9.693403848695659e-13, 2.051143760048446e-12, 8.007891225125796e-13, 1.8782551469004316e-12, 1.0165670388806447e-12]
    Pruning 3/16 heads: [10, 13, 1]
    Layer 4 complete: torch.Size([4096, 1024])

============================================================
Processing Layer 5/16
============================================================
  attn.proj: Using Chain Pruning + KFAC
decoder_time:4.0912628173828125ms
decoder_time:3.977060317993164ms
decoder_time:6.439447402954102ms
decoder_time:7.155418395996094ms
decoder_time:7.924079895019531ms
decoder_time:8.691787719726562ms
decoder_time:9.533405303955078ms
decoder_time:10.366201400756836ms
decoder_time:11.18612289428711ms
decoder_time:12.007713317871094ms
    Processed 10/50 batches
decoder_time:12.772560119628906ms
decoder_time:13.59248161315918ms
decoder_time:14.420270919799805ms
decoder_time:15.17939567565918ms
decoder_time:15.979528427124023ms
decoder_time:16.794204711914062ms
decoder_time:17.57526397705078ms
decoder_time:18.348217010498047ms
decoder_time:19.164085388183594ms
decoder_time:19.92964744567871ms
    Processed 20/50 batches
decoder_time:20.72739601135254ms
decoder_time:21.50583267211914ms
decoder_time:22.339582443237305ms
decoder_time:23.101329803466797ms
decoder_time:23.9255428314209ms
decoder_time:24.729251861572266ms
decoder_time:25.519609451293945ms
decoder_time:26.29375457763672ms
decoder_time:27.116060256958008ms
decoder_time:27.837276458740234ms
    Processed 30/50 batches
decoder_time:28.6712646484375ms
decoder_time:29.447555541992188ms
decoder_time:30.321598052978516ms
decoder_time:31.049728393554688ms
decoder_time:31.9061279296875ms
decoder_time:32.64355659484863ms
decoder_time:33.48588943481445ms
decoder_time:34.2402458190918ms
decoder_time:35.07637977600098ms
decoder_time:35.817623138427734ms
    Processed 40/50 batches
decoder_time:36.66114807128906ms
decoder_time:37.52946853637695ms
decoder_time:38.24138641357422ms
decoder_time:39.01314735412598ms
decoder_time:39.90530967712402ms
decoder_time:40.610313415527344ms
decoder_time:41.47052764892578ms
decoder_time:42.19388961791992ms
decoder_time:4.260778427124023ms
decoder_time:43.83277893066406ms
    Processed 50/50 batches
    Processing 50 cached batches for attn.proj
  Layer 5: attn.proj sparsity 0.200
    Layer 5: Collected 50 batches
    Scale weights: ['0.001', '0.006', '0.013', '0.024', '0.037', '0.053', '0.094', '0.147', '0.249', '0.376']
    Head importances: [6.360275804292992e-13, 1.2523250665641417e-12, 4.4734810474011955e-13, 7.052414208175151e-13, 5.918581054940864e-13, 4.49295982363207e-13, 6.416196783945449e-13, 1.1955594934193181e-12, 1.2360186658899597e-12, 1.2727977309265337e-12, 1.1796899178004305e-12, 5.43257821540577e-13, 6.162370418637264e-13, 6.434892766207789e-13, 4.50932422912248e-13, 5.966404128567027e-13]
    Pruning 3/16 heads: [2, 5, 14]
    Layer 5 complete: torch.Size([4096, 1024])

============================================================
Processing Layer 6/16
============================================================
  attn.proj: Using Chain Pruning + KFAC
decoder_time:4.101276397705078ms
decoder_time:3.972291946411133ms
decoder_time:6.470918655395508ms
decoder_time:7.155656814575195ms
decoder_time:7.905244827270508ms
decoder_time:8.710384368896484ms
decoder_time:9.505987167358398ms
decoder_time:10.359048843383789ms
decoder_time:11.238336563110352ms
decoder_time:12.015819549560547ms
    Processed 10/50 batches
decoder_time:12.813806533813477ms
decoder_time:13.62156867980957ms
decoder_time:14.376401901245117ms
decoder_time:15.196800231933594ms
decoder_time:15.998363494873047ms
decoder_time:16.791343688964844ms
decoder_time:17.590045928955078ms
decoder_time:18.370866775512695ms
decoder_time:19.130706787109375ms
decoder_time:19.95086669921875ms
    Processed 20/50 batches
decoder_time:20.772457122802734ms
decoder_time:21.462202072143555ms
decoder_time:22.371768951416016ms
decoder_time:23.092985153198242ms
decoder_time:23.9102840423584ms
decoder_time:24.69325065612793ms
decoder_time:25.477170944213867ms
decoder_time:26.26633644104004ms
decoder_time:27.08578109741211ms
decoder_time:27.855396270751953ms
    Processed 30/50 batches
decoder_time:28.65290641784668ms
decoder_time:29.40964698791504ms
decoder_time:30.318498611450195ms
decoder_time:31.078577041625977ms
decoder_time:31.83770179748535ms
decoder_time:32.607316970825195ms
decoder_time:33.49947929382324ms
decoder_time:34.22284126281738ms
decoder_time:35.07065773010254ms
decoder_time:35.81809997558594ms
    Processed 40/50 batches
decoder_time:36.65876388549805ms
decoder_time:37.41168975830078ms
decoder_time:38.25068473815918ms
decoder_time:39.04366493225098ms
decoder_time:39.93487358093262ms
decoder_time:18.93448829650879ms
decoder_time:4.118204116821289ms
decoder_time:12.094736099243164ms
decoder_time:43.00427436828613ms
decoder_time:43.81728172302246ms
    Processed 50/50 batches
    Processing 50 cached batches for attn.proj
  Layer 6: attn.proj sparsity 0.200
    Layer 6: Collected 50 batches
    Scale weights: ['0.001', '0.006', '0.013', '0.024', '0.037', '0.053', '0.094', '0.147', '0.249', '0.376']
    Head importances: [8.587937219001196e-13, 9.987774496345025e-13, 2.392420463126488e-12, 9.025225228623257e-13, 1.0499940760605453e-12, 9.595512318744115e-13, 7.594457289601675e-13, 8.063954777363935e-13, 2.990779499056906e-12, 7.229105552022941e-13, 9.112279073658636e-13, 1.0712719773764423e-12, 7.971837166081963e-13, 1.1835225724801668e-12, 9.408952566722362e-13, 1.3142226022722081e-12]
    Pruning 3/16 heads: [9, 6, 12]
    Layer 6 complete: torch.Size([4096, 1024])

============================================================
Processing Layer 7/16
============================================================
  attn.proj: Using Chain Pruning + KFAC
decoder_time:4.110813140869141ms
decoder_time:4.042625427246094ms
decoder_time:6.466865539550781ms
decoder_time:7.174968719482422ms
decoder_time:7.952690124511719ms
decoder_time:8.710861206054688ms
decoder_time:9.551048278808594ms
decoder_time:10.33926010131836ms
decoder_time:11.200428009033203ms
decoder_time:12.037515640258789ms
    Processed 10/50 batches
decoder_time:12.77780532836914ms
decoder_time:13.605356216430664ms
decoder_time:14.411449432373047ms
decoder_time:15.15340805053711ms
decoder_time:16.005277633666992ms
decoder_time:16.75868034362793ms
decoder_time:17.597198486328125ms
decoder_time:18.37468147277832ms
decoder_time:19.14834976196289ms
decoder_time:19.93536949157715ms
    Processed 20/50 batches
decoder_time:20.757436752319336ms
decoder_time:21.54088020324707ms
decoder_time:22.39370346069336ms
decoder_time:23.091554641723633ms
decoder_time:23.90575408935547ms
decoder_time:24.681806564331055ms
decoder_time:25.486469268798828ms
decoder_time:26.273727416992188ms
decoder_time:27.085304260253906ms
decoder_time:27.896881103515625ms
    Processed 30/50 batches
decoder_time:28.685569763183594ms
decoder_time:29.445886611938477ms
decoder_time:30.29775619506836ms
decoder_time:31.077861785888672ms
decoder_time:31.847000122070312ms
decoder_time:32.67192840576172ms
decoder_time:33.50400924682617ms
decoder_time:34.238576889038086ms
decoder_time:35.086870193481445ms
decoder_time:35.81857681274414ms
    Processed 40/50 batches
decoder_time:36.66043281555176ms
decoder_time:37.386178970336914ms
decoder_time:38.23733329772949ms
decoder_time:39.0782356262207ms
decoder_time:4.2514801025390625ms
decoder_time:4.166126251220703ms
decoder_time:41.5041446685791ms
decoder_time:42.247772216796875ms
decoder_time:4.2362213134765625ms
decoder_time:4.201412200927734ms
    Processed 50/50 batches
    Processing 50 cached batches for attn.proj
  Layer 7: attn.proj sparsity 0.200
    Layer 7: Collected 50 batches
    Scale weights: ['0.001', '0.006', '0.013', '0.024', '0.037', '0.053', '0.094', '0.147', '0.249', '0.376']
    Head importances: [1.9581252851813558e-12, 2.691653323838583e-12, 3.634188653137138e-12, 1.987611464304706e-12, 2.5498166945914225e-12, 2.395295984128354e-12, 1.6427035513105759e-12, 1.548301200790525e-12, 2.4389457467521858e-12, 1.7674449143828541e-12, 2.00534424135701e-12, 1.877659919907737e-12, 1.7375441363487454e-12, 1.8063271147936155e-12, 2.4234646407716998e-12, 2.689348743700748e-12]
    Pruning 3/16 heads: [7, 6, 12]
    Layer 7 complete: torch.Size([4096, 1024])

============================================================
Processing Layer 8/16
============================================================
  attn.proj: Using Chain Pruning + KFAC
decoder_time:4.137754440307617ms
decoder_time:4.0760040283203125ms
decoder_time:6.499052047729492ms
decoder_time:7.17616081237793ms
decoder_time:7.920026779174805ms
decoder_time:8.709192276000977ms
decoder_time:9.554386138916016ms
decoder_time:10.347843170166016ms
decoder_time:11.202812194824219ms
decoder_time:12.010574340820312ms
    Processed 10/50 batches
decoder_time:12.805461883544922ms
decoder_time:13.630867004394531ms
decoder_time:14.415502548217773ms
decoder_time:15.147924423217773ms
decoder_time:15.993595123291016ms
decoder_time:16.732215881347656ms
decoder_time:17.56453514099121ms
decoder_time:18.33939552307129ms
decoder_time:19.1652774810791ms
decoder_time:19.932270050048828ms
    Processed 20/50 batches
decoder_time:20.7674503326416ms
decoder_time:21.512985229492188ms
decoder_time:22.327899932861328ms
decoder_time:23.144006729125977ms
decoder_time:23.890256881713867ms
decoder_time:24.71303939819336ms
decoder_time:25.493383407592773ms
decoder_time:26.26180648803711ms
decoder_time:27.0841121673584ms
decoder_time:27.8778076171875ms
    Processed 30/50 batches
decoder_time:28.658628463745117ms
decoder_time:29.471397399902344ms
decoder_time:30.253171920776367ms
decoder_time:31.05020523071289ms
decoder_time:31.83269500732422ms
decoder_time:32.651662826538086ms
decoder_time:33.514976501464844ms
decoder_time:34.271240234375ms
decoder_time:35.05420684814453ms
decoder_time:35.817623138427734ms
    Processed 40/50 batches
decoder_time:36.68808937072754ms
decoder_time:37.42408752441406ms
decoder_time:38.26189041137695ms
decoder_time:39.07585144042969ms
decoder_time:39.92867469787598ms
decoder_time:40.67277908325195ms
decoder_time:4.204273223876953ms
decoder_time:42.24538803100586ms
decoder_time:43.07222366333008ms
decoder_time:43.89309883117676ms
    Processed 50/50 batches
    Processing 50 cached batches for attn.proj
  Layer 8: attn.proj sparsity 0.200
    Layer 8: Collected 50 batches
    Scale weights: ['0.001', '0.006', '0.013', '0.024', '0.037', '0.053', '0.094', '0.147', '0.249', '0.376']
    Head importances: [1.3118319364818776e-12, 1.549571452055809e-12, 2.470947058075268e-12, 1.948752140559784e-12, 1.5499772689289704e-12, 2.6335084286899235e-12, 1.7201919142589839e-12, 2.607939255175329e-12, 3.0186120530267813e-12, 2.5366575159835314e-12, 1.7936555019026912e-12, 2.3095587942112417e-12, 1.4287887279557099e-12, 1.7868126683112662e-12, 1.1453870621055962e-12, 2.2528632605267607e-12]
    Pruning 3/16 heads: [14, 0, 12]
    Layer 8 complete: torch.Size([4096, 1024])

============================================================
Processing Layer 9/16
============================================================
  attn.proj: Using Chain Pruning + KFAC
decoder_time:4.123687744140625ms
decoder_time:4.028797149658203ms
decoder_time:6.475925445556641ms
decoder_time:7.16853141784668ms
decoder_time:7.903814315795898ms
decoder_time:8.688688278198242ms
decoder_time:9.52911376953125ms
decoder_time:10.332107543945312ms
decoder_time:11.187553405761719ms
decoder_time:12.00413703918457ms
    Processed 10/50 batches
decoder_time:12.789249420166016ms
decoder_time:13.541221618652344ms
decoder_time:14.42861557006836ms
decoder_time:15.166997909545898ms
decoder_time:15.980958938598633ms
decoder_time:16.699552536010742ms
decoder_time:17.529964447021484ms
decoder_time:18.329858779907227ms
decoder_time:19.09494400024414ms
decoder_time:19.90342140197754ms
    Processed 20/50 batches
decoder_time:20.71976661682129ms
decoder_time:21.470308303833008ms
decoder_time:22.303342819213867ms
decoder_time:23.051023483276367ms
decoder_time:23.87690544128418ms
decoder_time:24.61838722229004ms
decoder_time:25.42257308959961ms
decoder_time:26.25274658203125ms
decoder_time:27.082443237304688ms
decoder_time:27.79674530029297ms
    Processed 30/50 batches
decoder_time:28.582096099853516ms
decoder_time:29.363155364990234ms
decoder_time:30.208826065063477ms
decoder_time:30.965089797973633ms
decoder_time:31.77165985107422ms
decoder_time:32.599687576293945ms
decoder_time:33.38336944580078ms
decoder_time:34.14034843444824ms
decoder_time:34.93618965148926ms
decoder_time:35.69626808166504ms
    Processed 40/50 batches
decoder_time:36.569833755493164ms
decoder_time:37.332773208618164ms
decoder_time:38.14983367919922ms
decoder_time:38.909912109375ms
decoder_time:39.78443145751953ms
decoder_time:4.305362701416016ms
decoder_time:41.3668155670166ms
decoder_time:4.186391830444336ms
decoder_time:42.938947677612305ms
decoder_time:43.75338554382324ms
    Processed 50/50 batches
    Processing 50 cached batches for attn.proj
  Layer 9: attn.proj sparsity 0.200
    Layer 9: Collected 50 batches
    Scale weights: ['0.001', '0.006', '0.013', '0.024', '0.037', '0.053', '0.094', '0.147', '0.249', '0.376']
    Head importances: [4.53609502390484e-12, 2.1872035432801695e-12, 2.249758105504762e-12, 1.658176417354551e-12, 2.054926107747379e-12, 2.6237853036070735e-12, 2.8013476954802385e-12, 3.673433952855465e-12, 2.789563285227059e-12, 2.8825234300172697e-12, 2.4160205086554143e-12, 3.565612432046561e-12, 2.2575248961875793e-12, 2.297565349779207e-12, 2.3042334099804274e-12, 1.7758439033524476e-12]
    Pruning 3/16 heads: [3, 15, 4]
    Layer 9 complete: torch.Size([4096, 1024])

============================================================
Processing Layer 10/16
============================================================
  attn.proj: Using Chain Pruning + KFAC
decoder_time:4.142999649047852ms
decoder_time:4.037141799926758ms
decoder_time:6.47282600402832ms
decoder_time:7.163524627685547ms
decoder_time:7.92694091796875ms
decoder_time:8.675336837768555ms
decoder_time:9.497642517089844ms
decoder_time:10.309934616088867ms
decoder_time:11.150360107421875ms
decoder_time:11.964082717895508ms
    Processed 10/50 batches
decoder_time:12.738704681396484ms
decoder_time:13.533592224121094ms
decoder_time:14.406681060791016ms
decoder_time:15.123128890991211ms
decoder_time:15.907526016235352ms
decoder_time:16.695261001586914ms
decoder_time:17.491817474365234ms
decoder_time:18.286943435668945ms
decoder_time:19.03700828552246ms
decoder_time:19.850730895996094ms
    Processed 20/50 batches
decoder_time:20.65730094909668ms
decoder_time:21.419286727905273ms
decoder_time:22.26734161376953ms
decoder_time:22.97186851501465ms
decoder_time:23.8189697265625ms
decoder_time:24.577617645263672ms
decoder_time:25.35533905029297ms
decoder_time:26.158571243286133ms
decoder_time:27.00018882751465ms
decoder_time:27.689218521118164ms
    Processed 30/50 batches
decoder_time:28.530597686767578ms
decoder_time:29.294252395629883ms
decoder_time:30.090808868408203ms
decoder_time:30.88855743408203ms
decoder_time:31.68034553527832ms
decoder_time:32.46474266052246ms
decoder_time:33.339738845825195ms
decoder_time:34.04998779296875ms
decoder_time:34.83080863952637ms
decoder_time:35.60328483581543ms
    Processed 40/50 batches
decoder_time:36.499977111816406ms
decoder_time:37.20521926879883ms
decoder_time:37.98413276672363ms
decoder_time:38.85841369628906ms
decoder_time:39.66975212097168ms
decoder_time:4.211664199829102ms
decoder_time:41.185617446899414ms
decoder_time:4.256963729858398ms
decoder_time:42.85287857055664ms
decoder_time:43.56551170349121ms
    Processed 50/50 batches
    Processing 50 cached batches for attn.proj
  Layer 10: attn.proj sparsity 0.200
    Layer 10: Collected 50 batches
    Scale weights: ['0.001', '0.006', '0.013', '0.024', '0.037', '0.053', '0.094', '0.147', '0.249', '0.376']
    Head importances: [4.152948384489319e-12, 4.190772295159517e-12, 4.784593728157649e-12, 4.832850699493241e-12, 6.437804282721782e-12, 3.5189347095954115e-12, 3.2077333411012487e-12, 7.816703014029702e-12, 3.846828237896727e-12, 5.175312435545809e-12, 3.8739211491445324e-12, 4.028687973500755e-12, 4.188991601511427e-12, 3.6929881895575445e-12, 4.518036118839053e-12, 3.448980250703171e-12]
    Pruning 3/16 heads: [6, 15, 5]
    Layer 10 complete: torch.Size([4096, 1024])

============================================================
Processing Layer 11/16
============================================================
  attn.proj: Using Chain Pruning + KFAC
decoder_time:4.129171371459961ms
decoder_time:4.02379035949707ms
decoder_time:6.4754486083984375ms
decoder_time:7.1735382080078125ms
decoder_time:7.89952278137207ms
decoder_time:8.706331253051758ms
decoder_time:9.481191635131836ms
decoder_time:10.287761688232422ms
decoder_time:11.11149787902832ms
decoder_time:11.943817138671875ms
    Processed 10/50 batches
decoder_time:12.708425521850586ms
decoder_time:13.53311538696289ms
decoder_time:14.364004135131836ms
decoder_time:15.11526107788086ms
decoder_time:15.906333923339844ms
decoder_time:16.66259765625ms
decoder_time:17.455339431762695ms
decoder_time:18.2342529296875ms
decoder_time:19.01102066040039ms
decoder_time:19.8211669921875ms
    Processed 20/50 batches
decoder_time:20.611047744750977ms
decoder_time:21.396875381469727ms
decoder_time:22.214412689208984ms
decoder_time:22.93872833251953ms
decoder_time:23.738384246826172ms
decoder_time:24.550199508666992ms
decoder_time:25.277376174926758ms
decoder_time:26.092052459716797ms
decoder_time:26.906490325927734ms
decoder_time:27.651548385620117ms
    Processed 30/50 batches
decoder_time:28.465986251831055ms
decoder_time:29.17766571044922ms
decoder_time:30.015945434570312ms
decoder_time:30.826807022094727ms
decoder_time:31.595230102539062ms
decoder_time:32.36675262451172ms
decoder_time:33.19406509399414ms
decoder_time:33.967018127441406ms
decoder_time:34.767866134643555ms
decoder_time:35.4762077331543ms
    Processed 40/50 batches
decoder_time:36.3156795501709ms
decoder_time:37.119388580322266ms
decoder_time:37.90879249572754ms
decoder_time:38.686275482177734ms
decoder_time:39.537668228149414ms
decoder_time:4.1522979736328125ms
decoder_time:41.06402397155762ms
decoder_time:4.438877105712891ms
decoder_time:42.66166687011719ms
decoder_time:4.173040390014648ms
    Processed 50/50 batches
    Processing 50 cached batches for attn.proj
  Layer 11: attn.proj sparsity 0.200
    Layer 11: Collected 50 batches
    Scale weights: ['0.001', '0.006', '0.013', '0.024', '0.037', '0.053', '0.094', '0.147', '0.249', '0.376']
    Head importances: [4.557950804978672e-12, 3.827236270959045e-12, 4.787784751991708e-12, 6.3365519428759676e-12, 4.880545186741747e-12, 4.8189629370254394e-12, 5.783175587720235e-12, 4.9767763694863465e-12, 3.754115074361408e-12, 4.515039817715172e-12, 3.432986750775968e-12, 6.8337158848352786e-12, 5.320277638581894e-12, 3.6190802958635526e-12, 3.09956249035237e-12, 3.4316304138581888e-12]
    Pruning 3/16 heads: [14, 15, 10]
    Layer 11 complete: torch.Size([4096, 1024])

============================================================
Processing Layer 12/16
============================================================
  attn.proj: Using Chain Pruning + KFAC
decoder_time:4.049062728881836ms
decoder_time:3.9319992065429688ms
decoder_time:6.491422653198242ms
decoder_time:7.157325744628906ms
decoder_time:7.872343063354492ms
decoder_time:8.667230606079102ms
decoder_time:9.471416473388672ms
decoder_time:10.312080383300781ms
decoder_time:11.096715927124023ms
decoder_time:11.92331314086914ms
    Processed 10/50 batches
decoder_time:12.699604034423828ms
decoder_time:13.52834701538086ms
decoder_time:14.312982559204102ms
decoder_time:15.083074569702148ms
decoder_time:15.864133834838867ms
decoder_time:16.62588119506836ms
decoder_time:17.42267608642578ms
decoder_time:18.204689025878906ms
decoder_time:18.989086151123047ms
decoder_time:19.751548767089844ms
    Processed 20/50 batches
decoder_time:20.597457885742188ms
decoder_time:21.310806274414062ms
decoder_time:22.119522094726562ms
decoder_time:22.861480712890625ms
decoder_time:23.709535598754883ms
decoder_time:24.448394775390625ms
decoder_time:25.24590492248535ms
decoder_time:25.978565216064453ms
decoder_time:26.84187889099121ms
decoder_time:27.548789978027344ms
    Processed 30/50 batches
decoder_time:28.398752212524414ms
decoder_time:29.138803482055664ms
decoder_time:29.928207397460938ms
decoder_time:30.698060989379883ms
decoder_time:31.477689743041992ms
decoder_time:32.273292541503906ms
decoder_time:33.10561180114746ms
decoder_time:33.8284969329834ms
decoder_time:34.62791442871094ms
decoder_time:35.41827201843262ms
    Processed 40/50 batches
decoder_time:36.21530532836914ms
decoder_time:36.97943687438965ms
decoder_time:37.72330284118652ms
decoder_time:38.61093521118164ms
decoder_time:39.41917419433594ms
decoder_time:40.12775421142578ms
decoder_time:40.96531867980957ms
decoder_time:41.64481163024902ms
decoder_time:42.52028465270996ms
decoder_time:43.24150085449219ms
    Processed 50/50 batches
    Processing 50 cached batches for attn.proj
  Layer 12: attn.proj sparsity 0.200
    Layer 12: Collected 50 batches
    Scale weights: ['0.001', '0.006', '0.013', '0.024', '0.037', '0.053', '0.094', '0.147', '0.249', '0.376']
    Head importances: [1.9695370334638085e-11, 1.0612611484051016e-11, 1.108225143597874e-11, 2.0952465457080294e-11, 1.53168432798223e-11, 1.3992209300928149e-11, 1.0994555092735947e-11, 1.6135592861843406e-11, 1.2111887014165656e-11, 9.447598953160607e-12, 1.2390729067779382e-11, 1.1500437754885517e-11, 1.6853797871196896e-11, 1.5352840526672296e-11, 1.2894288067832882e-11, 1.7331830415301397e-11]
    Pruning 3/16 heads: [9, 1, 6]
    Layer 12 complete: torch.Size([4096, 1024])

============================================================
Processing Layer 13/16
============================================================
  attn.proj: Using Chain Pruning + KFAC
decoder_time:4.13203239440918ms
decoder_time:4.035472869873047ms
decoder_time:6.495952606201172ms
decoder_time:7.164478302001953ms
decoder_time:7.894992828369141ms
decoder_time:8.665084838867188ms
decoder_time:9.46187973022461ms
decoder_time:10.259389877319336ms
decoder_time:11.092185974121094ms
decoder_time:11.903047561645508ms
    Processed 10/50 batches
decoder_time:12.690544128417969ms
decoder_time:13.511180877685547ms
decoder_time:14.313459396362305ms
decoder_time:15.04063606262207ms
decoder_time:15.842676162719727ms
decoder_time:16.607284545898438ms
decoder_time:17.39645004272461ms
decoder_time:18.17774772644043ms
decoder_time:18.94974708557129ms
decoder_time:19.713640213012695ms
    Processed 20/50 batches
decoder_time:20.53236961364746ms
decoder_time:21.246910095214844ms
decoder_time:22.049665451049805ms
decoder_time:22.801876068115234ms
decoder_time:23.629188537597656ms
decoder_time:24.35922622680664ms
decoder_time:25.166749954223633ms
decoder_time:25.948286056518555ms
decoder_time:26.77464485168457ms
decoder_time:27.497053146362305ms
    Processed 30/50 batches
decoder_time:28.328657150268555ms
decoder_time:29.058456420898438ms
decoder_time:29.811859130859375ms
decoder_time:30.6704044342041ms
decoder_time:31.361818313598633ms
decoder_time:32.190799713134766ms
decoder_time:32.95087814331055ms
decoder_time:33.74075889587402ms
decoder_time:34.53683853149414ms
decoder_time:35.28594970703125ms
    Processed 40/50 batches
decoder_time:36.09180450439453ms
decoder_time:36.90171241760254ms
decoder_time:37.71853446960449ms
decoder_time:38.4516716003418ms
decoder_time:39.28780555725098ms
decoder_time:39.98851776123047ms
decoder_time:40.78340530395508ms
decoder_time:41.57280921936035ms
decoder_time:42.41824150085449ms
decoder_time:4.200935363769531ms
    Processed 50/50 batches
    Processing 50 cached batches for attn.proj
  Layer 13: attn.proj sparsity 0.200
    Layer 13: Collected 50 batches
    Scale weights: ['0.001', '0.006', '0.013', '0.024', '0.037', '0.053', '0.094', '0.147', '0.249', '0.376']
    Head importances: [1.3396060302706125e-11, 1.2888729146454114e-11, 1.3162860558468825e-11, 1.1170883662536824e-11, 9.102119231940708e-12, 1.409983588218644e-11, 8.461745193422132e-12, 1.0869914343625275e-11, 1.8108891122747828e-11, 1.4186155722351046e-11, 1.128785606652194e-11, 1.4094586608948134e-11, 1.4634807254942928e-11, 1.585883854793302e-11, 1.1173343500425759e-11, 1.7227601289970806e-11]
    Pruning 3/16 heads: [6, 4, 7]
    Layer 13 complete: torch.Size([4096, 1024])

============================================================
Processing Layer 14/16
============================================================
  attn.proj: Using Chain Pruning + KFAC
decoder_time:4.105806350708008ms
decoder_time:4.0340423583984375ms
decoder_time:6.487607955932617ms
decoder_time:7.177591323852539ms
decoder_time:7.907629013061523ms
decoder_time:8.653402328491211ms
decoder_time:9.44375991821289ms
decoder_time:10.217666625976562ms
decoder_time:11.04593276977539ms
decoder_time:11.900663375854492ms
    Processed 10/50 batches
decoder_time:12.66336441040039ms
decoder_time:13.455629348754883ms
decoder_time:14.301538467407227ms
decoder_time:15.013456344604492ms
decoder_time:15.801429748535156ms
decoder_time:16.529083251953125ms
decoder_time:17.353534698486328ms
decoder_time:18.100500106811523ms
decoder_time:18.91183853149414ms
decoder_time:19.656896591186523ms
    Processed 20/50 batches
decoder_time:20.485639572143555ms
decoder_time:21.210908889770508ms
decoder_time:22.023439407348633ms
decoder_time:22.71890640258789ms
decoder_time:23.5593318939209ms
decoder_time:24.328947067260742ms
decoder_time:25.082111358642578ms
decoder_time:25.89893341064453ms
decoder_time:26.678085327148438ms
decoder_time:27.425765991210938ms
    Processed 30/50 batches
decoder_time:28.234004974365234ms
decoder_time:28.947114944458008ms
decoder_time:29.786109924316406ms
decoder_time:30.524015426635742ms
decoder_time:31.32152557373047ms
decoder_time:32.099246978759766ms
decoder_time:32.900094985961914ms
decoder_time:33.62107276916504ms
decoder_time:34.44194793701172ms
decoder_time:35.146236419677734ms
    Processed 40/50 batches
decoder_time:36.03553771972656ms
decoder_time:36.780357360839844ms
decoder_time:37.51182556152344ms
decoder_time:38.31934928894043ms
decoder_time:39.17407989501953ms
decoder_time:39.887189865112305ms
decoder_time:4.163265228271484ms
decoder_time:41.42928123474121ms
decoder_time:42.238473892211914ms
decoder_time:43.00546646118164ms
    Processed 50/50 batches
    Processing 50 cached batches for attn.proj
  Layer 14: attn.proj sparsity 0.200
    Layer 14: Collected 50 batches
    Scale weights: ['0.001', '0.006', '0.013', '0.024', '0.037', '0.053', '0.094', '0.147', '0.249', '0.376']
    Head importances: [1.332242129115091e-11, 6.299437360635096e-11, 1.3362515954851162e-11, 1.255166803826313e-11, 1.9033663534173684e-11, 1.9820506347301148e-11, 1.3581925514816184e-11, 2.5483372356749356e-11, 1.2374137305093402e-11, 1.231762348369303e-11, 2.2430363122438735e-11, 1.2820222314302576e-11, 1.4121650029896848e-11, 1.3344699477391142e-11, 1.297232373603796e-11, 1.4339624973547238e-11]
    Pruning 3/16 heads: [9, 8, 3]
    Layer 14 complete: torch.Size([4096, 1024])

============================================================
Processing Layer 15/16
============================================================
  attn.proj: Using Chain Pruning + KFAC
decoder_time:4.16111946105957ms
decoder_time:4.041194915771484ms
decoder_time:6.494760513305664ms
decoder_time:7.175922393798828ms
decoder_time:7.874727249145508ms
decoder_time:8.627176284790039ms
decoder_time:9.428739547729492ms
decoder_time:10.210990905761719ms
decoder_time:11.054039001464844ms
decoder_time:11.855125427246094ms
    Processed 10/50 batches
decoder_time:12.671709060668945ms
decoder_time:13.462066650390625ms
decoder_time:14.259576797485352ms
decoder_time:15.000343322753906ms
decoder_time:15.750408172607422ms
decoder_time:16.507625579833984ms
decoder_time:17.293453216552734ms
decoder_time:18.085002899169922ms
decoder_time:18.84317398071289ms
decoder_time:19.639015197753906ms
    Processed 20/50 batches
decoder_time:20.40886878967285ms
decoder_time:21.158695220947266ms
decoder_time:21.97551727294922ms
decoder_time:22.67909049987793ms
decoder_time:23.463010787963867ms
decoder_time:24.268388748168945ms
decoder_time:25.03824234008789ms
decoder_time:25.847673416137695ms
decoder_time:26.660442352294922ms
decoder_time:27.376890182495117ms
    Processed 30/50 batches
decoder_time:28.113126754760742ms
decoder_time:28.854846954345703ms
decoder_time:29.670238494873047ms
decoder_time:30.466556549072266ms
decoder_time:31.224489212036133ms
decoder_time:31.95357322692871ms
decoder_time:32.819271087646484ms
decoder_time:33.55884552001953ms
decoder_time:34.332275390625ms
decoder_time:35.091400146484375ms
    Processed 40/50 batches
decoder_time:35.920143127441406ms
decoder_time:36.653995513916016ms
decoder_time:37.435293197631836ms
decoder_time:38.19584846496582ms
decoder_time:39.03341293334961ms
decoder_time:39.75725173950195ms
decoder_time:4.313468933105469ms
decoder_time:41.28408432006836ms
decoder_time:42.10495948791504ms
decoder_time:42.8621768951416ms
    Processed 50/50 batches
    Processing 50 cached batches for attn.proj
  Layer 15: attn.proj sparsity 0.200
    Layer 15: Collected 50 batches
    Scale weights: ['0.001', '0.006', '0.013', '0.024', '0.037', '0.053', '0.094', '0.147', '0.249', '0.376']
    Head importances: [1.7163697130229139e-09, 1.1351077855437097e-09, 1.1338520122805562e-09, 1.2156144979513783e-09, 3.4385223557364952e-09, 4.1647476578532405e-09, 8.496572334593111e-09, 1.2646617086886636e-09, 8.167955201088262e-09, 1.114572656391033e-09, 4.408943876654803e-09, 1.3474905635746381e-09, 3.0418134677745456e-09, 4.7153818627521105e-09, 1.1369648555970002e-09, 1.9279557506024503e-08]
    Pruning 3/16 heads: [9, 2, 1]
    Layer 15 complete: torch.Size([4096, 1024])
memory consumption: 10911.45 MB
Pruning completed in 343.63 seconds
******************************
layer 0 sparsity 0.000000
layer 1 sparsity 0.000000
layer 2 sparsity 0.000000
layer 3 sparsity 0.000000
layer 4 sparsity 0.000000
layer 5 sparsity 0.000000
layer 6 sparsity 0.000000
layer 7 sparsity 0.000000
layer 8 sparsity 0.000000
layer 9 sparsity 0.000000
layer 10 sparsity 0.000000
layer 11 sparsity 0.000000
layer 12 sparsity 0.000000
layer 13 sparsity 0.000000
layer 14 sparsity 0.000000
layer 15 sparsity 0.000000
Final sparsity: 0.0000
******************************
After pruning - All params: 0.30B	 Layer params: 0.30B	 Extra params: 0.00B
decoder_time:4.305601119995117ms
Inference time: 0.1308 seconds
Pruned model saved to: /home/project/real_prune/VAR_FIDtest/batch_models/chain_kfac/var_d16_chain_kfac_s0.2_natural_n50.pth
Chain pruning completed successfully!
✅ 完成: var_d16_chain_kfac_s0.2_natural_n50.pth
----------------------------------------
训练 Chain KFAC: sparsity=0.2, strategy=equal
/root/miniconda3/envs/var/lib/python3.10/site-packages/torch/backends/__init__.py:46: UserWarning: Please use the new API settings to control TF32 behavior, such as torch.backends.cudnn.conv.fp32_precision = 'tf32' or torch.backends.cuda.matmul.fp32_precision = 'ieee'. Old settings, e.g, torch.backends.cuda.matmul.allow_tf32 = True, torch.backends.cudnn.allow_tf32 = True, allowTF32CuDNN() and allowTF32CuBLAS() will be deprecated after Pytorch 2.9. Please see https://pytorch.org/docs/main/notes/cuda.html#tensorfloat-32-tf32-on-ampere-and-later-devices (Triggered internally at /pytorch/aten/src/ATen/Context.cpp:80.)
  self.setter(val)
/home/project/real_prune/slimgpt_pub_prune/slim_utils
================================================================================
VAR Chain Pruning with KFAC-OBS
  Method: Chain Pruning + Full-KFAC-OBS
  Scale weighting: equal
  Target sparsity: 20.0%
================================================================================
Loading VAR model...

[constructor]  ==== flash_if_available=True (0/16), fused_if_available=True (fusing_add_ln=0/16, fusing_mlp=0/16) ==== 
    [VAR config ] embed_dim=1024, num_heads=16, depth=16, mlp_ratio=4.0
    [drop ratios ] drop_rate=0.0, attn_drop_rate=0.0, drop_path_rate=0.0666667 (tensor([0.0000, 0.0044, 0.0089, 0.0133, 0.0178, 0.0222, 0.0267, 0.0311, 0.0356,
        0.0400, 0.0444, 0.0489, 0.0533, 0.0578, 0.0622, 0.0667]))

/root/miniconda3/envs/var/lib/python3.10/site-packages/torch/nn/modules/module.py:1866: FutureWarning: Using a non-full backward hook when the forward contains multiple autograd Nodes is deprecated and will be removed in future versions. This hook will be missing some grad_input. Please use register_full_backward_hook to get the documented behavior.
  self._maybe_warn_non_full_backward_hook(args, result, grad_fn)
[init_weights] VAR with init_std=0.0180422
Model preparation finished.
Preparing calibration data...
Before pruning - All params: 0.31B	 Layer params: 0.31B	 Extra params: 0.00B
Starting chain pruning...
Chain Pruning: Starting model slimming...
  Strategy: Layer 0 = SlimGPT, Layers 1+ = Chain KFAC
  Scale weighting: equal
  Total samples: 50

============================================================
Processing Layer 0/16
============================================================
  attn.proj: Using SlimGPT (first layer)
decoder_time:52.392005920410156ms
decoder_time:4.474163055419922ms
decoder_time:5.463838577270508ms
decoder_time:7.217645645141602ms
decoder_time:7.994651794433594ms
decoder_time:8.743524551391602ms
decoder_time:9.594202041625977ms
decoder_time:10.436534881591797ms
decoder_time:11.269330978393555ms
decoder_time:12.091636657714844ms
    Processed 10/50 batches
decoder_time:12.874603271484375ms
decoder_time:13.690710067749023ms
decoder_time:14.472246170043945ms
decoder_time:15.25568962097168ms
decoder_time:16.086339950561523ms
decoder_time:16.840696334838867ms
decoder_time:17.68803596496582ms
decoder_time:18.548965454101562ms
decoder_time:19.24586296081543ms
decoder_time:20.01214027404785ms
    Processed 20/50 batches
decoder_time:20.867109298706055ms
decoder_time:21.624326705932617ms
decoder_time:22.423744201660156ms
decoder_time:23.21767807006836ms
decoder_time:24.047136306762695ms
decoder_time:24.796247482299805ms
decoder_time:25.599956512451172ms
decoder_time:26.414871215820312ms
decoder_time:4.806041717529297ms
decoder_time:27.967214584350586ms
    Processed 30/50 batches
decoder_time:28.818130493164062ms
decoder_time:29.608726501464844ms
decoder_time:4.526376724243164ms
decoder_time:31.231164932250977ms
decoder_time:32.018184661865234ms
decoder_time:32.813072204589844ms
decoder_time:33.660888671875ms
decoder_time:34.439802169799805ms
decoder_time:35.248756408691406ms
decoder_time:4.796266555786133ms
    Processed 40/50 batches
decoder_time:36.81063652038574ms
decoder_time:37.62483596801758ms
decoder_time:38.443565368652344ms
decoder_time:39.22867774963379ms
decoder_time:40.02571105957031ms
decoder_time:40.80390930175781ms
decoder_time:41.64385795593262ms
decoder_time:42.39320755004883ms
decoder_time:43.21002960205078ms
decoder_time:44.03996467590332ms
    Processed 50/50 batches
  Layer 0: attn.proj sparsity 0.200
    Layer 0 complete: torch.Size([4096, 1024])

============================================================
Processing Layer 1/16
============================================================
  attn.proj: Using Chain Pruning + KFAC
decoder_time:4.671573638916016ms
decoder_time:4.424810409545898ms
decoder_time:6.50787353515625ms
decoder_time:7.163763046264648ms
decoder_time:7.941484451293945ms
decoder_time:8.710384368896484ms
decoder_time:9.522438049316406ms
decoder_time:10.36524772644043ms
decoder_time:11.208057403564453ms
decoder_time:11.990785598754883ms
    Processed 10/50 batches
decoder_time:12.780904769897461ms
decoder_time:13.547182083129883ms
decoder_time:14.39356803894043ms
decoder_time:15.178680419921875ms
decoder_time:15.998601913452148ms
decoder_time:16.76201820373535ms
decoder_time:17.58098602294922ms
decoder_time:18.35799217224121ms
decoder_time:19.151926040649414ms
decoder_time:19.922733306884766ms
    Processed 20/50 batches
decoder_time:20.767688751220703ms
decoder_time:21.504640579223633ms
decoder_time:22.32837677001953ms
decoder_time:23.099660873413086ms
decoder_time:23.899555206298828ms
decoder_time:24.692058563232422ms
decoder_time:25.460243225097656ms
decoder_time:26.2603759765625ms
decoder_time:4.242658615112305ms
decoder_time:27.79698371887207ms
    Processed 30/50 batches
decoder_time:28.650283813476562ms
decoder_time:29.381513595581055ms
decoder_time:4.814863204956055ms
decoder_time:31.045198440551758ms
decoder_time:31.800508499145508ms
decoder_time:32.64641761779785ms
decoder_time:33.452510833740234ms
decoder_time:34.23666954040527ms
decoder_time:35.06135940551758ms
decoder_time:4.276037216186523ms
    Processed 40/50 batches
decoder_time:36.635398864746094ms
decoder_time:37.45007514953613ms
decoder_time:13.651609420776367ms
decoder_time:39.0019416809082ms
decoder_time:4.267692565917969ms
decoder_time:26.180267333984375ms
decoder_time:41.420698165893555ms
decoder_time:4.254579544067383ms
decoder_time:4.241943359375ms
decoder_time:43.804168701171875ms
    Processed 50/50 batches
    Processing 50 cached batches for attn.proj
  Layer 1: attn.proj sparsity 0.200
    Layer 1: Collected 50 batches
    Scale weights: ['0.100', '0.100', '0.100', '0.100', '0.100', '0.100', '0.100', '0.100', '0.100', '0.100']
    Head importances: [3.246130794720692e-11, 3.6871564829121795e-11, 4.6883587290214024e-11, 4.777480494544406e-11, 4.5147885430196766e-11, 5.0578836258141635e-11, 3.4203327670123684e-11, 4.545481005480134e-11, 5.356571436410107e-11, 4.265533412595168e-11, 4.458359376124932e-11, 4.398094041735412e-11, 4.7721888940532864e-11, 4.143166018599764e-11, 4.2032544111947345e-11, 3.22784438067103e-11]
    Pruning 3/16 heads: [15, 0, 6]
    Layer 1 complete: torch.Size([4096, 1024])

============================================================
Processing Layer 2/16
============================================================
  attn.proj: Using Chain Pruning + KFAC
decoder_time:4.395961761474609ms
decoder_time:4.172563552856445ms
decoder_time:6.492137908935547ms
decoder_time:7.162332534790039ms
decoder_time:9.966611862182617ms
decoder_time:8.72802734375ms
decoder_time:9.557008743286133ms
decoder_time:10.34688949584961ms
decoder_time:11.194705963134766ms
decoder_time:12.025833129882812ms
    Processed 10/50 batches
decoder_time:12.78066635131836ms
decoder_time:13.581991195678711ms
decoder_time:14.431476593017578ms
decoder_time:15.149116516113281ms
decoder_time:15.978574752807617ms
decoder_time:16.74962043762207ms
decoder_time:17.59171485900879ms
decoder_time:18.373489379882812ms
decoder_time:19.1042423248291ms
decoder_time:19.927978515625ms
    Processed 20/50 batches
decoder_time:20.73502540588379ms
decoder_time:21.555185317993164ms
decoder_time:22.32646942138672ms
decoder_time:23.096323013305664ms
decoder_time:23.91362190246582ms
decoder_time:24.705171585083008ms
decoder_time:25.46095848083496ms
decoder_time:26.250362396240234ms
decoder_time:27.073383331298828ms
decoder_time:27.86397933959961ms
    Processed 30/50 batches
decoder_time:28.650760650634766ms
decoder_time:29.42824363708496ms
decoder_time:12.155532836914062ms
decoder_time:31.052350997924805ms
decoder_time:31.84962272644043ms
decoder_time:32.623291015625ms
decoder_time:33.45942497253418ms
decoder_time:4.285097122192383ms
decoder_time:35.065650939941406ms
decoder_time:35.74562072753906ms
    Processed 40/50 batches
decoder_time:36.607980728149414ms
decoder_time:37.42551803588867ms
decoder_time:4.4574737548828125ms
decoder_time:38.99550437927246ms
decoder_time:4.329442977905273ms
decoder_time:4.228115081787109ms
decoder_time:4.281282424926758ms
decoder_time:4.379749298095703ms
decoder_time:4.253149032592773ms
decoder_time:43.83707046508789ms
    Processed 50/50 batches
    Processing 50 cached batches for attn.proj
  Layer 2: attn.proj sparsity 0.200
    Layer 2: Collected 50 batches
    Scale weights: ['0.100', '0.100', '0.100', '0.100', '0.100', '0.100', '0.100', '0.100', '0.100', '0.100']
    Head importances: [3.258560782315456e-11, 1.5669326947076456e-11, 2.7422845244595706e-11, 2.542377246228522e-11, 1.5809676484623836e-11, 1.2385740870424211e-11, 3.517446403589197e-11, 2.5437672801498223e-11, 1.7092268572715952e-11, 2.335033208455961e-11, 2.2438120805823303e-11, 1.7784287931199572e-11, 2.5990619378912783e-11, 1.5001515654700093e-11, 1.6872878094709165e-11, 2.2168773761155336e-11]
    Pruning 3/16 heads: [5, 13, 1]
    Layer 2 complete: torch.Size([4096, 1024])

============================================================
Processing Layer 3/16
============================================================
  attn.proj: Using Chain Pruning + KFAC
decoder_time:4.276752471923828ms
decoder_time:4.093647003173828ms
decoder_time:6.501197814941406ms
decoder_time:7.157325744628906ms
decoder_time:7.925271987915039ms
decoder_time:8.687734603881836ms
decoder_time:9.717464447021484ms
decoder_time:10.336637496948242ms
decoder_time:11.188745498657227ms
decoder_time:11.98720932006836ms
    Processed 10/50 batches
decoder_time:12.804508209228516ms
decoder_time:13.597249984741211ms
decoder_time:14.411687850952148ms
decoder_time:15.1519775390625ms
decoder_time:16.000032424926758ms
decoder_time:16.76344871520996ms
decoder_time:17.57955551147461ms
decoder_time:18.356800079345703ms
decoder_time:19.167184829711914ms
decoder_time:19.941091537475586ms
    Processed 20/50 batches
decoder_time:20.741701126098633ms
decoder_time:21.496295928955078ms
decoder_time:22.35865592956543ms
decoder_time:23.12445640563965ms
decoder_time:23.909807205200195ms
decoder_time:24.672269821166992ms
decoder_time:25.54464340209961ms
decoder_time:26.237010955810547ms
decoder_time:16.826868057250977ms
decoder_time:27.868986129760742ms
    Processed 30/50 batches
decoder_time:28.673648834228516ms
decoder_time:29.459476470947266ms
decoder_time:30.238628387451172ms
decoder_time:32.40561485290527ms
decoder_time:4.638195037841797ms
decoder_time:32.68098831176758ms
decoder_time:33.46395492553711ms
decoder_time:34.256935119628906ms
decoder_time:35.086631774902344ms
decoder_time:35.87198257446289ms
    Processed 40/50 batches
decoder_time:36.59796714782715ms
decoder_time:37.413835525512695ms
decoder_time:38.251638412475586ms
decoder_time:4.283666610717773ms
decoder_time:39.86525535583496ms
decoder_time:4.244089126586914ms
decoder_time:4.235982894897461ms
decoder_time:4.203557968139648ms
decoder_time:43.02549362182617ms
decoder_time:4.271507263183594ms
    Processed 50/50 batches
    Processing 50 cached batches for attn.proj
  Layer 3: attn.proj sparsity 0.200
    Layer 3: Collected 50 batches
    Scale weights: ['0.100', '0.100', '0.100', '0.100', '0.100', '0.100', '0.100', '0.100', '0.100', '0.100']
    Head importances: [3.675176829531779e-11, 5.187754739677253e-11, 4.871836267739127e-11, 2.808394315712004e-11, 5.835164990086739e-11, 3.889172317528278e-11, 5.812363437773804e-11, 3.712680857193007e-11, 2.961999395756365e-11, 3.070124016124609e-11, 3.187190789066818e-11, 3.321015684676354e-11, 2.4455253794242182e-11, 2.8286957845513605e-11, 4.8982130851360495e-11, 7.71571556645867e-11]
    Pruning 3/16 heads: [12, 3, 13]
    Layer 3 complete: torch.Size([4096, 1024])

============================================================
Processing Layer 4/16
============================================================
  attn.proj: Using Chain Pruning + KFAC
decoder_time:4.151821136474609ms
decoder_time:4.056215286254883ms
decoder_time:6.459712982177734ms
decoder_time:7.164955139160156ms
decoder_time:7.951498031616211ms
decoder_time:8.686304092407227ms
decoder_time:9.521484375ms
decoder_time:10.342836380004883ms
decoder_time:11.210203170776367ms
decoder_time:11.99793815612793ms
    Processed 10/50 batches
decoder_time:12.797832489013672ms
decoder_time:13.616085052490234ms
decoder_time:14.442682266235352ms
decoder_time:15.189170837402344ms
decoder_time:16.015291213989258ms
decoder_time:16.740798950195312ms
decoder_time:17.528772354125977ms
decoder_time:18.350839614868164ms
decoder_time:19.142866134643555ms
decoder_time:19.97995376586914ms
    Processed 20/50 batches
decoder_time:20.814180374145508ms
decoder_time:21.51775360107422ms
decoder_time:22.367238998413086ms
decoder_time:23.103713989257812ms
decoder_time:23.93960952758789ms
decoder_time:24.703264236450195ms
decoder_time:25.490760803222656ms
decoder_time:26.259660720825195ms
decoder_time:27.07386016845703ms
decoder_time:27.80294418334961ms
    Processed 30/50 batches
decoder_time:28.647422790527344ms
decoder_time:29.443979263305664ms
decoder_time:25.44379234313965ms
decoder_time:31.05330467224121ms
decoder_time:31.824350357055664ms
decoder_time:32.60612487792969ms
decoder_time:33.46514701843262ms
decoder_time:34.20901298522949ms
decoder_time:35.017967224121094ms
decoder_time:35.82477569580078ms
    Processed 40/50 batches
decoder_time:36.589860916137695ms
decoder_time:37.492990493774414ms
decoder_time:38.204193115234375ms
decoder_time:39.05439376831055ms
decoder_time:39.90912437438965ms
decoder_time:40.61555862426758ms
decoder_time:41.472673416137695ms
decoder_time:42.235612869262695ms
decoder_time:4.261016845703125ms
decoder_time:4.301309585571289ms
    Processed 50/50 batches
    Processing 50 cached batches for attn.proj
  Layer 4: attn.proj sparsity 0.200
    Layer 4: Collected 50 batches
    Scale weights: ['0.100', '0.100', '0.100', '0.100', '0.100', '0.100', '0.100', '0.100', '0.100', '0.100']
    Head importances: [8.042012888953565e-11, 4.3820690132090334e-11, 7.477728158900021e-11, 5.953897791455276e-11, 4.704645353847958e-11, 5.377712164467141e-11, 4.93840315862748e-11, 1.0346713763542681e-10, 6.292742021907216e-11, 9.021226127226001e-11, 3.3078095817984376e-11, 4.214274415548225e-11, 9.176263221499781e-11, 4.3312232272940676e-11, 8.784892258084653e-11, 4.6591383529026587e-11]
    Pruning 3/16 heads: [10, 11, 13]
    Layer 4 complete: torch.Size([4096, 1024])

============================================================
Processing Layer 5/16
============================================================
  attn.proj: Using Chain Pruning + KFAC
decoder_time:4.14276123046875ms
decoder_time:4.02522087097168ms
decoder_time:6.470441818237305ms
decoder_time:7.177114486694336ms
decoder_time:7.903337478637695ms
decoder_time:8.702278137207031ms
decoder_time:9.520769119262695ms
decoder_time:10.330915451049805ms
decoder_time:11.203527450561523ms
decoder_time:12.037515640258789ms
    Processed 10/50 batches
decoder_time:12.765884399414062ms
decoder_time:13.595342636108398ms
decoder_time:14.416694641113281ms
decoder_time:15.17033576965332ms
decoder_time:15.993595123291016ms
decoder_time:16.766071319580078ms
decoder_time:17.582416534423828ms
decoder_time:18.31650733947754ms
decoder_time:19.120454788208008ms
decoder_time:19.908428192138672ms
    Processed 20/50 batches
decoder_time:20.770549774169922ms
decoder_time:21.53182029724121ms
decoder_time:22.37248420715332ms
decoder_time:23.093461990356445ms
decoder_time:23.910045623779297ms
decoder_time:24.724721908569336ms
decoder_time:25.519847869873047ms
decoder_time:26.253938674926758ms
decoder_time:27.106046676635742ms
decoder_time:4.673957824707031ms
    Processed 30/50 batches
decoder_time:28.636455535888672ms
decoder_time:29.437541961669922ms
decoder_time:30.237674713134766ms
decoder_time:31.084299087524414ms
decoder_time:31.818866729736328ms
decoder_time:32.68790245056152ms
decoder_time:33.480167388916016ms
decoder_time:34.302711486816406ms
decoder_time:35.088539123535156ms
decoder_time:35.8123779296875ms
    Processed 40/50 batches
decoder_time:36.675214767456055ms
decoder_time:37.44029998779297ms
decoder_time:38.187503814697266ms
decoder_time:39.087772369384766ms
decoder_time:4.4345855712890625ms
decoder_time:4.193782806396484ms
decoder_time:4.2018890380859375ms
decoder_time:11.923551559448242ms
decoder_time:4.233360290527344ms
decoder_time:4.256963729858398ms
    Processed 50/50 batches
    Processing 50 cached batches for attn.proj
  Layer 5: attn.proj sparsity 0.200
    Layer 5: Collected 50 batches
    Scale weights: ['0.100', '0.100', '0.100', '0.100', '0.100', '0.100', '0.100', '0.100', '0.100', '0.100']
    Head importances: [3.06022533702599e-11, 4.906853395825195e-11, 2.0825601659835158e-11, 2.7626453208418056e-11, 2.7226512711031603e-11, 2.114999494984282e-11, 3.269402804040311e-11, 4.412471429904308e-11, 4.59628203552942e-11, 4.5630187128775646e-11, 4.3898121249164035e-11, 2.578840960221207e-11, 2.954516839515087e-11, 2.7149196085707317e-11, 2.0841325193421412e-11, 2.8299765308936742e-11]
    Pruning 3/16 heads: [2, 14, 5]
    Layer 5 complete: torch.Size([4096, 1024])

============================================================
Processing Layer 6/16
============================================================
  attn.proj: Using Chain Pruning + KFAC
decoder_time:4.240751266479492ms
decoder_time:4.0836334228515625ms
decoder_time:6.49261474609375ms
decoder_time:7.187604904174805ms
decoder_time:7.9097747802734375ms
decoder_time:8.682966232299805ms
decoder_time:9.546279907226562ms
decoder_time:10.364055633544922ms
decoder_time:11.202335357666016ms
decoder_time:12.01939582824707ms
    Processed 10/50 batches
decoder_time:12.811660766601562ms
decoder_time:13.592720031738281ms
decoder_time:14.426708221435547ms
decoder_time:15.148401260375977ms
decoder_time:15.981912612915039ms
decoder_time:16.747713088989258ms
decoder_time:17.544269561767578ms
decoder_time:18.350839614868164ms
decoder_time:19.152164459228516ms
decoder_time:19.939899444580078ms
    Processed 20/50 batches
decoder_time:20.722627639770508ms
decoder_time:21.519899368286133ms
decoder_time:22.373676300048828ms
decoder_time:23.090124130249023ms
decoder_time:23.950576782226562ms
decoder_time:24.729251861572266ms
decoder_time:25.470972061157227ms
decoder_time:26.247024536132812ms
decoder_time:27.080535888671875ms
decoder_time:27.870893478393555ms
    Processed 30/50 batches
decoder_time:28.672218322753906ms
decoder_time:29.405832290649414ms
decoder_time:30.30872344970703ms
decoder_time:31.110286712646484ms
decoder_time:31.870603561401367ms
decoder_time:32.645463943481445ms
decoder_time:33.50019454956055ms
decoder_time:34.26003456115723ms
decoder_time:35.080909729003906ms
decoder_time:35.77375411987305ms
    Processed 40/50 batches
decoder_time:36.64088249206543ms
decoder_time:37.44196891784668ms
decoder_time:38.22803497314453ms
decoder_time:39.07060623168945ms
decoder_time:14.380931854248047ms
decoder_time:4.224300384521484ms
decoder_time:4.244565963745117ms
decoder_time:4.235267639160156ms
decoder_time:5.783796310424805ms
decoder_time:4.2285919189453125ms
    Processed 50/50 batches
    Processing 50 cached batches for attn.proj
  Layer 6: attn.proj sparsity 0.200
    Layer 6: Collected 50 batches
    Scale weights: ['0.100', '0.100', '0.100', '0.100', '0.100', '0.100', '0.100', '0.100', '0.100', '0.100']
    Head importances: [2.4681911028889836e-11, 2.771243304278137e-11, 6.893455251066882e-11, 3.021569106032018e-11, 3.121910022163554e-11, 2.637641494107612e-11, 2.4665781570010203e-11, 2.687882208474157e-11, 8.341148605151005e-11, 2.4249248442576032e-11, 2.6137546987881066e-11, 3.535409812127632e-11, 2.7326377272096636e-11, 3.4134087917303546e-11, 2.7710680972070634e-11, 3.8233013976984864e-11]
    Pruning 3/16 heads: [9, 6, 0]
    Layer 6 complete: torch.Size([4096, 1024])

============================================================
Processing Layer 7/16
============================================================
  attn.proj: Using Chain Pruning + KFAC
decoder_time:4.151344299316406ms
decoder_time:4.1179656982421875ms
decoder_time:6.505012512207031ms
decoder_time:7.181644439697266ms
decoder_time:7.939815521240234ms
decoder_time:8.69297981262207ms
decoder_time:9.55057144165039ms
decoder_time:10.345697402954102ms
decoder_time:11.169910430908203ms
decoder_time:12.019634246826172ms
    Processed 10/50 batches
decoder_time:12.784004211425781ms
decoder_time:13.614177703857422ms
decoder_time:14.399051666259766ms
decoder_time:15.188217163085938ms
decoder_time:16.015052795410156ms
decoder_time:16.746044158935547ms
decoder_time:17.56572723388672ms
decoder_time:18.38541030883789ms
decoder_time:19.11640167236328ms
decoder_time:19.916534423828125ms
    Processed 20/50 batches
decoder_time:20.766258239746094ms
decoder_time:21.474123001098633ms
decoder_time:22.38011360168457ms
decoder_time:23.149490356445312ms
decoder_time:23.893117904663086ms
decoder_time:24.64890480041504ms
decoder_time:25.449275970458984ms
decoder_time:26.26633644104004ms
decoder_time:27.126312255859375ms
decoder_time:27.884960174560547ms
    Processed 30/50 batches
decoder_time:28.694629669189453ms
decoder_time:29.489755630493164ms
decoder_time:30.24768829345703ms
decoder_time:31.084060668945312ms
decoder_time:31.85439109802246ms
decoder_time:32.6385498046875ms
decoder_time:33.554792404174805ms
decoder_time:34.22212600708008ms
decoder_time:35.039663314819336ms
decoder_time:35.83717346191406ms
    Processed 40/50 batches
decoder_time:36.66543960571289ms
decoder_time:37.482500076293945ms
decoder_time:38.245439529418945ms
decoder_time:39.084434509277344ms
decoder_time:4.227399826049805ms
decoder_time:4.235506057739258ms
decoder_time:41.44930839538574ms
decoder_time:42.25945472717285ms
decoder_time:26.557207107543945ms
decoder_time:30.86256980895996ms
    Processed 50/50 batches
    Processing 50 cached batches for attn.proj
  Layer 7: attn.proj sparsity 0.200
    Layer 7: Collected 50 batches
    Scale weights: ['0.100', '0.100', '0.100', '0.100', '0.100', '0.100', '0.100', '0.100', '0.100', '0.100']
    Head importances: [6.714186151501877e-11, 7.952541403177804e-11, 1.1541649580504298e-10, 6.768360177877852e-11, 7.583476901995567e-11, 7.178051208978076e-11, 5.776544867441835e-11, 4.817276438862095e-11, 7.9411685560693e-11, 6.293455340200538e-11, 7.765491027988958e-11, 5.922988488560321e-11, 6.072205238627504e-11, 5.197580907334576e-11, 8.431123160734799e-11, 8.684959695859362e-11]
    Pruning 3/16 heads: [7, 13, 6]
    Layer 7 complete: torch.Size([4096, 1024])

============================================================
Processing Layer 8/16
============================================================
  attn.proj: Using Chain Pruning + KFAC
decoder_time:4.226207733154297ms
decoder_time:4.12440299987793ms
decoder_time:8.329391479492188ms
decoder_time:7.176399230957031ms
decoder_time:7.934808731079102ms
decoder_time:8.71896743774414ms
decoder_time:9.540081024169922ms
decoder_time:10.377168655395508ms
decoder_time:11.194467544555664ms
decoder_time:12.03775405883789ms
    Processed 10/50 batches
decoder_time:12.813329696655273ms
decoder_time:13.588190078735352ms
decoder_time:14.412164688110352ms
decoder_time:15.176773071289062ms
decoder_time:15.990734100341797ms
decoder_time:16.750812530517578ms
decoder_time:17.609834671020508ms
decoder_time:18.36848258972168ms
decoder_time:19.077062606811523ms
decoder_time:19.914865493774414ms
    Processed 20/50 batches
decoder_time:20.748376846313477ms
decoder_time:21.55280113220215ms
decoder_time:22.332429885864258ms
decoder_time:23.120641708374023ms
decoder_time:23.89073371887207ms
decoder_time:24.708271026611328ms
decoder_time:25.45952796936035ms
decoder_time:26.244401931762695ms
decoder_time:27.179241180419922ms
decoder_time:27.861833572387695ms
    Processed 30/50 batches
decoder_time:28.696298599243164ms
decoder_time:29.455184936523438ms
decoder_time:30.2734375ms
decoder_time:31.053781509399414ms
decoder_time:31.826019287109375ms
decoder_time:32.6998233795166ms
decoder_time:33.49661827087402ms
decoder_time:34.32059288024902ms
decoder_time:35.06612777709961ms
decoder_time:35.77709197998047ms
    Processed 40/50 batches
decoder_time:36.62824630737305ms
decoder_time:37.41931915283203ms
decoder_time:38.2232666015625ms
decoder_time:39.011478424072266ms
decoder_time:39.868831634521484ms
decoder_time:40.656089782714844ms
decoder_time:41.42165184020996ms
decoder_time:42.244911193847656ms
decoder_time:43.07198524475098ms
decoder_time:4.235267639160156ms
    Processed 50/50 batches
    Processing 50 cached batches for attn.proj
  Layer 8: attn.proj sparsity 0.200
    Layer 8: Collected 50 batches
    Scale weights: ['0.100', '0.100', '0.100', '0.100', '0.100', '0.100', '0.100', '0.100', '0.100', '0.100']
    Head importances: [4.7421459120622345e-11, 5.751290763078565e-11, 9.435749404040905e-11, 7.265262003119943e-11, 6.214426195860767e-11, 1.0371199732350789e-10, 6.186651191342207e-11, 9.836680081587446e-11, 1.0396547511781762e-10, 9.553097896075613e-11, 6.28909146982437e-11, 8.839523557568896e-11, 5.2931992122751126e-11, 6.364089810695361e-11, 4.2355809831695623e-11, 7.974951254929863e-11]
    Pruning 3/16 heads: [14, 0, 12]
    Layer 8 complete: torch.Size([4096, 1024])

============================================================
Processing Layer 9/16
============================================================
  attn.proj: Using Chain Pruning + KFAC
decoder_time:4.222869873046875ms
decoder_time:4.13823127746582ms
decoder_time:6.4525604248046875ms
decoder_time:7.159709930419922ms
decoder_time:7.917165756225586ms
decoder_time:8.720636367797852ms
decoder_time:9.519338607788086ms
decoder_time:10.308504104614258ms
decoder_time:11.176586151123047ms
decoder_time:11.998176574707031ms
    Processed 10/50 batches
decoder_time:12.791156768798828ms
decoder_time:13.545513153076172ms
decoder_time:14.388084411621094ms
decoder_time:15.134334564208984ms
decoder_time:15.974044799804688ms
decoder_time:16.712188720703125ms
decoder_time:17.541885375976562ms
decoder_time:18.34869384765625ms
decoder_time:19.106388092041016ms
decoder_time:19.873619079589844ms
    Processed 20/50 batches
decoder_time:20.68805694580078ms
decoder_time:21.459102630615234ms
decoder_time:22.291898727416992ms
decoder_time:23.01168441772461ms
decoder_time:23.840904235839844ms
decoder_time:24.644851684570312ms
decoder_time:25.38585662841797ms
decoder_time:26.20673179626465ms
decoder_time:27.037858963012695ms
decoder_time:27.77099609375ms
    Processed 30/50 batches
decoder_time:28.60283851623535ms
decoder_time:29.369354248046875ms
decoder_time:30.15613555908203ms
decoder_time:30.95388412475586ms
decoder_time:31.772136688232422ms
decoder_time:32.56034851074219ms
decoder_time:33.379554748535156ms
decoder_time:34.14726257324219ms
decoder_time:34.95645523071289ms
decoder_time:35.686492919921875ms
    Processed 40/50 batches
decoder_time:36.562442779541016ms
decoder_time:37.3227596282959ms
decoder_time:38.09309005737305ms
decoder_time:38.92230987548828ms
decoder_time:39.78729248046875ms
decoder_time:11.872291564941406ms
decoder_time:41.295766830444336ms
decoder_time:42.08636283874512ms
decoder_time:4.222631454467773ms
decoder_time:43.65110397338867ms
    Processed 50/50 batches
    Processing 50 cached batches for attn.proj
  Layer 9: attn.proj sparsity 0.200
    Layer 9: Collected 50 batches
    Scale weights: ['0.100', '0.100', '0.100', '0.100', '0.100', '0.100', '0.100', '0.100', '0.100', '0.100']
    Head importances: [1.5791593033220863e-10, 8.498178549753987e-11, 7.310442529107064e-11, 6.192286960970961e-11, 7.856429395936004e-11, 1.0178654447079438e-10, 1.0782678916410049e-10, 1.3042461555201612e-10, 1.1717907200115008e-10, 1.123582338280471e-10, 8.679196250582777e-11, 1.0296005714671708e-10, 9.453100108247625e-11, 7.450677574905029e-11, 8.91943047198751e-11, 7.055056538973759e-11]
    Pruning 3/16 heads: [3, 15, 2]
    Layer 9 complete: torch.Size([4096, 1024])

============================================================
Processing Layer 10/16
============================================================
  attn.proj: Using Chain Pruning + KFAC
decoder_time:4.158258438110352ms
decoder_time:4.065990447998047ms
decoder_time:6.491661071777344ms
decoder_time:7.154226303100586ms
decoder_time:7.926225662231445ms
decoder_time:8.698225021362305ms
decoder_time:9.488821029663086ms
decoder_time:10.31041145324707ms
decoder_time:11.139631271362305ms
decoder_time:11.973381042480469ms
    Processed 10/50 batches
decoder_time:12.751102447509766ms
decoder_time:13.57579231262207ms
decoder_time:14.340877532958984ms
decoder_time:15.130043029785156ms
decoder_time:15.913248062133789ms
decoder_time:16.721248626708984ms
decoder_time:17.47751235961914ms
decoder_time:18.268108367919922ms
decoder_time:19.066333770751953ms
decoder_time:19.870996475219727ms
    Processed 20/50 batches
decoder_time:20.650625228881836ms
decoder_time:21.38805389404297ms
decoder_time:22.237777709960938ms
decoder_time:22.97353744506836ms
decoder_time:23.771047592163086ms
decoder_time:24.55759048461914ms
decoder_time:25.330305099487305ms
decoder_time:26.123762130737305ms
decoder_time:26.98063850402832ms
decoder_time:27.701854705810547ms
    Processed 30/50 batches
decoder_time:28.501033782958984ms
decoder_time:29.2508602142334ms
decoder_time:30.116796493530273ms
decoder_time:30.885934829711914ms
decoder_time:31.652450561523438ms
decoder_time:32.486677169799805ms
decoder_time:33.2489013671875ms
decoder_time:34.03759002685547ms
decoder_time:34.85727310180664ms
decoder_time:35.59255599975586ms
    Processed 40/50 batches
decoder_time:36.432743072509766ms
decoder_time:37.19615936279297ms
decoder_time:37.953853607177734ms
decoder_time:38.82336616516113ms
decoder_time:39.63208198547363ms
decoder_time:40.38071632385254ms
decoder_time:41.19133949279785ms
decoder_time:41.933536529541016ms
decoder_time:42.795419692993164ms
decoder_time:43.61271858215332ms
    Processed 50/50 batches
    Processing 50 cached batches for attn.proj
  Layer 10: attn.proj sparsity 0.200
    Layer 10: Collected 50 batches
    Scale weights: ['0.100', '0.100', '0.100', '0.100', '0.100', '0.100', '0.100', '0.100', '0.100', '0.100']
    Head importances: [1.2311980601698025e-10, 1.430321416862057e-10, 1.5126129515596887e-10, 1.6093784638293585e-10, 2.0091056596172052e-10, 1.1899523033598314e-10, 1.0870732092271851e-10, 2.1896476298799428e-10, 1.1063511218267763e-10, 1.8059156947636268e-10, 1.2567591411993817e-10, 1.2262396653639485e-10, 1.2439885233028747e-10, 1.2409391569878636e-10, 1.418714035139601e-10, 1.0318352422489241e-10]
    Pruning 3/16 heads: [15, 6, 8]
    Layer 10 complete: torch.Size([4096, 1024])

============================================================
Processing Layer 11/16
============================================================
  attn.proj: Using Chain Pruning + KFAC
decoder_time:4.142045974731445ms
decoder_time:4.052162170410156ms
decoder_time:6.2580108642578125ms
decoder_time:7.186412811279297ms
decoder_time:7.927417755126953ms
decoder_time:8.655548095703125ms
decoder_time:9.493589401245117ms
decoder_time:10.280370712280273ms
decoder_time:11.12675666809082ms
decoder_time:11.96599006652832ms
    Processed 10/50 batches
decoder_time:12.716293334960938ms
decoder_time:13.504505157470703ms
decoder_time:14.325380325317383ms
decoder_time:15.121698379516602ms
decoder_time:15.892982482910156ms
decoder_time:16.62302017211914ms
decoder_time:17.435550689697266ms
decoder_time:18.259048461914062ms
decoder_time:19.035816192626953ms
decoder_time:19.815921783447266ms
    Processed 20/50 batches
decoder_time:20.630836486816406ms
decoder_time:21.364927291870117ms
decoder_time:22.19104766845703ms
decoder_time:22.8884220123291ms
decoder_time:23.71668815612793ms
decoder_time:24.489402770996094ms
decoder_time:25.272130966186523ms
decoder_time:26.071548461914062ms
decoder_time:26.915311813354492ms
decoder_time:27.6491641998291ms
    Processed 30/50 batches
decoder_time:28.43451499938965ms
decoder_time:29.235363006591797ms
decoder_time:30.020475387573242ms
decoder_time:30.74955940246582ms
decoder_time:31.57949447631836ms
decoder_time:32.3486328125ms
decoder_time:33.155202865600586ms
decoder_time:33.905744552612305ms
decoder_time:34.77621078491211ms
decoder_time:35.46476364135742ms
    Processed 40/50 batches
decoder_time:36.32211685180664ms
decoder_time:37.09125518798828ms
decoder_time:37.85419464111328ms
decoder_time:38.63835334777832ms
decoder_time:39.51573371887207ms
decoder_time:4.264354705810547ms
decoder_time:41.08428955078125ms
decoder_time:4.2362213134765625ms
decoder_time:42.62495040893555ms
decoder_time:4.279136657714844ms
    Processed 50/50 batches
    Processing 50 cached batches for attn.proj
  Layer 11: attn.proj sparsity 0.200
    Layer 11: Collected 50 batches
    Scale weights: ['0.100', '0.100', '0.100', '0.100', '0.100', '0.100', '0.100', '0.100', '0.100', '0.100']
    Head importances: [1.196630849964464e-10, 1.0895052915405046e-10, 1.2109893643419412e-10, 1.7871894242293962e-10, 1.302565694194513e-10, 1.17536952393138e-10, 1.6591256146725186e-10, 1.279844841217681e-10, 9.110867615902407e-11, 1.2823279937901333e-10, 9.28050830628635e-11, 1.5389281515787445e-10, 1.4105316914481136e-10, 1.0303961850421928e-10, 8.107289839465182e-11, 9.797569699987463e-11]
    Pruning 3/16 heads: [14, 8, 10]
    Layer 11 complete: torch.Size([4096, 1024])

============================================================
Processing Layer 12/16
============================================================
  attn.proj: Using Chain Pruning + KFAC
decoder_time:4.174709320068359ms
decoder_time:4.094600677490234ms
decoder_time:6.078481674194336ms
decoder_time:7.164478302001953ms
decoder_time:7.919788360595703ms
decoder_time:8.658170700073242ms
decoder_time:9.484291076660156ms
decoder_time:10.257482528686523ms
decoder_time:11.099815368652344ms
decoder_time:11.91854476928711ms
    Processed 10/50 batches
decoder_time:12.697219848632812ms
decoder_time:13.514280319213867ms
decoder_time:14.319419860839844ms
decoder_time:15.060663223266602ms
decoder_time:15.861272811889648ms
decoder_time:16.580820083618164ms
decoder_time:17.41647720336914ms
decoder_time:18.19324493408203ms
decoder_time:18.972158432006836ms
decoder_time:19.78921890258789ms
    Processed 20/50 batches
decoder_time:20.552396774291992ms
decoder_time:21.328210830688477ms
decoder_time:22.15433120727539ms
decoder_time:22.85480499267578ms
decoder_time:23.661375045776367ms
decoder_time:24.43861961364746ms
decoder_time:25.23350715637207ms
decoder_time:25.98857879638672ms
decoder_time:26.82662010192871ms
decoder_time:27.33612060546875ms
    Processed 30/50 batches
decoder_time:28.38134765625ms
decoder_time:29.143810272216797ms
decoder_time:29.90865707397461ms
decoder_time:30.711889266967773ms
decoder_time:31.49247169494629ms
decoder_time:32.265424728393555ms
decoder_time:33.09750556945801ms
decoder_time:33.814430236816406ms
decoder_time:34.64674949645996ms
decoder_time:35.376548767089844ms
    Processed 40/50 batches
decoder_time:36.22627258300781ms
decoder_time:36.94510459899902ms
decoder_time:37.80841827392578ms
decoder_time:38.56492042541504ms
decoder_time:39.420366287231445ms
decoder_time:4.202127456665039ms
decoder_time:40.92884063720703ms
decoder_time:41.64528846740723ms
decoder_time:4.199981689453125ms
decoder_time:43.3344841003418ms
    Processed 50/50 batches
    Processing 50 cached batches for attn.proj
  Layer 12: attn.proj sparsity 0.200
    Layer 12: Collected 50 batches
    Scale weights: ['0.100', '0.100', '0.100', '0.100', '0.100', '0.100', '0.100', '0.100', '0.100', '0.100']
    Head importances: [1.076985500780836e-09, 5.999956642632753e-10, 5.591188623199628e-10, 1.135036065136319e-09, 7.88957787989375e-10, 6.711802225112251e-10, 5.737105790437624e-10, 8.01251454074503e-10, 5.957556670210806e-10, 5.360556443179121e-10, 6.69823974064343e-10, 5.589736451483418e-10, 8.548134977637289e-10, 8.561457098821279e-10, 6.341342451143817e-10, 8.4468476657662e-10]
    Pruning 3/16 heads: [9, 11, 2]
    Layer 12 complete: torch.Size([4096, 1024])

============================================================
Processing Layer 13/16
============================================================
  attn.proj: Using Chain Pruning + KFAC
decoder_time:4.103899002075195ms
decoder_time:4.014253616333008ms
decoder_time:6.506204605102539ms
decoder_time:7.161140441894531ms
decoder_time:7.879495620727539ms
decoder_time:8.651018142700195ms
decoder_time:9.469032287597656ms
decoder_time:10.219097137451172ms
decoder_time:11.092424392700195ms
decoder_time:11.905670166015625ms
    Processed 10/50 batches
decoder_time:12.670278549194336ms
decoder_time:13.490915298461914ms
decoder_time:14.283418655395508ms
decoder_time:15.030384063720703ms
decoder_time:15.810251235961914ms
decoder_time:16.56174659729004ms
decoder_time:17.365455627441406ms
decoder_time:18.201351165771484ms
decoder_time:18.942832946777344ms
decoder_time:19.701480865478516ms
    Processed 20/50 batches
decoder_time:20.491838455200195ms
decoder_time:21.231889724731445ms
decoder_time:22.066354751586914ms
decoder_time:22.814273834228516ms
decoder_time:23.61917495727539ms
decoder_time:24.37567710876465ms
decoder_time:25.13575553894043ms
decoder_time:25.946855545043945ms
decoder_time:26.757478713989258ms
decoder_time:27.485370635986328ms
    Processed 30/50 batches
decoder_time:28.301477432250977ms
decoder_time:29.019832611083984ms
decoder_time:29.89053726196289ms
decoder_time:30.61699867248535ms
decoder_time:31.3718318939209ms
decoder_time:32.18841552734375ms
decoder_time:32.99546241760254ms
decoder_time:33.76650810241699ms
decoder_time:34.55233573913574ms
decoder_time:35.28928756713867ms
    Processed 40/50 batches
decoder_time:36.115407943725586ms
decoder_time:36.850690841674805ms
decoder_time:37.63723373413086ms
decoder_time:38.41257095336914ms
decoder_time:39.2911434173584ms
decoder_time:40.013790130615234ms
decoder_time:4.491090774536133ms
decoder_time:41.54157638549805ms
decoder_time:42.374610900878906ms
decoder_time:43.11084747314453ms
    Processed 50/50 batches
    Processing 50 cached batches for attn.proj
  Layer 13: attn.proj sparsity 0.200
    Layer 13: Collected 50 batches
    Scale weights: ['0.100', '0.100', '0.100', '0.100', '0.100', '0.100', '0.100', '0.100', '0.100', '0.100']
    Head importances: [4.6107784257287676e-10, 4.588464608268339e-10, 4.789730834175998e-10, 4.0049874527881e-10, 3.6527286750853705e-10, 5.623086440920133e-10, 3.408278936856135e-10, 3.972694118115072e-10, 6.701047494672707e-10, 5.037609773772544e-10, 3.9555944630897955e-10, 4.850451151838797e-10, 5.06755859497332e-10, 6.059892587728655e-10, 3.950997307100579e-10, 6.815777942037471e-10]
    Pruning 3/16 heads: [6, 4, 14]
    Layer 13 complete: torch.Size([4096, 1024])

============================================================
Processing Layer 14/16
============================================================
  attn.proj: Using Chain Pruning + KFAC
decoder_time:4.161834716796875ms
decoder_time:4.107952117919922ms
decoder_time:6.142139434814453ms
decoder_time:7.175922393798828ms
decoder_time:7.879972457885742ms
decoder_time:8.640766143798828ms
decoder_time:9.455204010009766ms
decoder_time:10.210752487182617ms
decoder_time:11.023759841918945ms
decoder_time:11.8865966796875ms
    Processed 10/50 batches
decoder_time:12.64500617980957ms
decoder_time:13.48257064819336ms
decoder_time:14.240741729736328ms
decoder_time:15.018224716186523ms
decoder_time:15.802145004272461ms
decoder_time:16.520261764526367ms
decoder_time:17.333030700683594ms
decoder_time:18.161535263061523ms
decoder_time:18.876314163208008ms
decoder_time:19.658565521240234ms
    Processed 20/50 batches
decoder_time:20.485639572143555ms
decoder_time:21.220684051513672ms
decoder_time:22.010087966918945ms
decoder_time:22.739887237548828ms
decoder_time:23.58269691467285ms
decoder_time:24.326562881469727ms
decoder_time:25.160551071166992ms
decoder_time:25.858402252197266ms
decoder_time:26.694536209106445ms
decoder_time:27.42314338684082ms
    Processed 30/50 batches
decoder_time:28.240203857421875ms
decoder_time:28.924942016601562ms
decoder_time:29.727697372436523ms
decoder_time:30.513763427734375ms
decoder_time:31.29100799560547ms
decoder_time:32.059669494628906ms
decoder_time:32.91201591491699ms
decoder_time:33.58578681945801ms
decoder_time:34.43741798400879ms
decoder_time:35.14671325683594ms
    Processed 40/50 batches
decoder_time:35.947561264038086ms
decoder_time:36.75103187561035ms
decoder_time:37.52946853637695ms
decoder_time:38.30361366271973ms
decoder_time:39.17407989501953ms
decoder_time:39.90674018859863ms
decoder_time:40.67635536193848ms
decoder_time:41.375160217285156ms
decoder_time:4.272699356079102ms
decoder_time:43.00808906555176ms
    Processed 50/50 batches
    Processing 50 cached batches for attn.proj
  Layer 14: attn.proj sparsity 0.200
    Layer 14: Collected 50 batches
    Scale weights: ['0.100', '0.100', '0.100', '0.100', '0.100', '0.100', '0.100', '0.100', '0.100', '0.100']
    Head importances: [3.604270215618044e-10, 1.773409974425988e-09, 3.693129413395724e-10, 3.4938468784773136e-10, 5.143792058959207e-10, 6.015851705676312e-10, 3.763963585257102e-10, 7.25587201433342e-10, 3.2981109510110684e-10, 3.4816480254384885e-10, 6.497281601625104e-10, 3.500798262390248e-10, 3.8122460743750253e-10, 3.645240220784274e-10, 3.468055842503759e-10, 4.115526530679148e-10]
    Pruning 3/16 heads: [8, 14, 9]
    Layer 14 complete: torch.Size([4096, 1024])

============================================================
Processing Layer 15/16
============================================================
  attn.proj: Using Chain Pruning + KFAC
decoder_time:4.12750244140625ms
decoder_time:4.0416717529296875ms
decoder_time:6.229162216186523ms
decoder_time:7.181882858276367ms
decoder_time:7.861137390136719ms
decoder_time:8.62884521484375ms
decoder_time:9.41920280456543ms
decoder_time:10.215520858764648ms
decoder_time:11.002779006958008ms
decoder_time:11.84535026550293ms
    Processed 10/50 batches
decoder_time:12.614250183105469ms
decoder_time:13.425827026367188ms
decoder_time:14.229297637939453ms
decoder_time:14.965534210205078ms
decoder_time:15.762567520141602ms
decoder_time:16.494274139404297ms
decoder_time:17.315149307250977ms
decoder_time:18.11838150024414ms
decoder_time:18.869876861572266ms
decoder_time:19.6075439453125ms
    Processed 20/50 batches
decoder_time:20.424842834472656ms
decoder_time:21.15797996520996ms
decoder_time:21.974563598632812ms
decoder_time:22.699356079101562ms
decoder_time:23.47731590270996ms
decoder_time:24.248838424682617ms
decoder_time:25.037050247192383ms
decoder_time:25.83599090576172ms
decoder_time:26.60822868347168ms
decoder_time:27.339696884155273ms
    Processed 30/50 batches
decoder_time:28.121232986450195ms
decoder_time:28.866291046142578ms
decoder_time:29.687881469726562ms
decoder_time:30.44295310974121ms
decoder_time:31.19635581970215ms
decoder_time:31.983137130737305ms
decoder_time:32.76991844177246ms
decoder_time:33.51855278015137ms
decoder_time:34.31820869445801ms
decoder_time:35.08639335632324ms
    Processed 40/50 batches
decoder_time:35.817861557006836ms
decoder_time:36.65590286254883ms
decoder_time:37.44077682495117ms
decoder_time:38.181304931640625ms
decoder_time:39.010047912597656ms
decoder_time:39.720773696899414ms
decoder_time:40.560245513916016ms
decoder_time:41.26429557800293ms
decoder_time:4.242658615112305ms
decoder_time:42.87886619567871ms
    Processed 50/50 batches
    Processing 50 cached batches for attn.proj
  Layer 15: attn.proj sparsity 0.200
    Layer 15: Collected 50 batches
    Scale weights: ['0.100', '0.100', '0.100', '0.100', '0.100', '0.100', '0.100', '0.100', '0.100', '0.100']
    Head importances: [9.818148782869685e-08, 6.294683885244012e-08, 6.153680942588835e-08, 6.864571844289458e-08, 2.120434459129683e-07, 2.3128869486299664e-07, 5.467935011438385e-07, 6.93888182468072e-08, 4.391971231143543e-07, 6.354420634124835e-08, 2.5896284228110744e-07, 7.535007284786843e-08, 1.7603878177396837e-07, 2.8657643724727677e-07, 6.589621648345201e-08, 1.1337195928717847e-06]
    Pruning 3/16 heads: [2, 1, 9]
    Layer 15 complete: torch.Size([4096, 1024])
memory consumption: 10911.45 MB
Pruning completed in 343.30 seconds
******************************
layer 0 sparsity 0.000000
layer 1 sparsity 0.000000
layer 2 sparsity 0.000000
layer 3 sparsity 0.000000
layer 4 sparsity 0.000000
layer 5 sparsity 0.000000
layer 6 sparsity 0.000000
layer 7 sparsity 0.000000
layer 8 sparsity 0.000000
layer 9 sparsity 0.000000
layer 10 sparsity 0.000000
layer 11 sparsity 0.000000
layer 12 sparsity 0.000000
layer 13 sparsity 0.000000
layer 14 sparsity 0.000000
layer 15 sparsity 0.000000
Final sparsity: 0.0000
******************************
After pruning - All params: 0.30B	 Layer params: 0.30B	 Extra params: 0.00B
decoder_time:4.174709320068359ms
Inference time: 0.1319 seconds
Pruned model saved to: /home/project/real_prune/VAR_FIDtest/batch_models/chain_kfac/var_d16_chain_kfac_s0.2_equal_n50.pth
Chain pruning completed successfully!
✅ 完成: var_d16_chain_kfac_s0.2_equal_n50.pth
----------------------------------------
训练 Chain KFAC: sparsity=0.2, strategy=sqrt
/root/miniconda3/envs/var/lib/python3.10/site-packages/torch/backends/__init__.py:46: UserWarning: Please use the new API settings to control TF32 behavior, such as torch.backends.cudnn.conv.fp32_precision = 'tf32' or torch.backends.cuda.matmul.fp32_precision = 'ieee'. Old settings, e.g, torch.backends.cuda.matmul.allow_tf32 = True, torch.backends.cudnn.allow_tf32 = True, allowTF32CuDNN() and allowTF32CuBLAS() will be deprecated after Pytorch 2.9. Please see https://pytorch.org/docs/main/notes/cuda.html#tensorfloat-32-tf32-on-ampere-and-later-devices (Triggered internally at /pytorch/aten/src/ATen/Context.cpp:80.)
  self.setter(val)
/home/project/real_prune/slimgpt_pub_prune/slim_utils
================================================================================
VAR Chain Pruning with KFAC-OBS
  Method: Chain Pruning + Full-KFAC-OBS
  Scale weighting: sqrt
  Target sparsity: 20.0%
================================================================================
Loading VAR model...

[constructor]  ==== flash_if_available=True (0/16), fused_if_available=True (fusing_add_ln=0/16, fusing_mlp=0/16) ==== 
    [VAR config ] embed_dim=1024, num_heads=16, depth=16, mlp_ratio=4.0
    [drop ratios ] drop_rate=0.0, attn_drop_rate=0.0, drop_path_rate=0.0666667 (tensor([0.0000, 0.0044, 0.0089, 0.0133, 0.0178, 0.0222, 0.0267, 0.0311, 0.0356,
        0.0400, 0.0444, 0.0489, 0.0533, 0.0578, 0.0622, 0.0667]))

/root/miniconda3/envs/var/lib/python3.10/site-packages/torch/nn/modules/module.py:1866: FutureWarning: Using a non-full backward hook when the forward contains multiple autograd Nodes is deprecated and will be removed in future versions. This hook will be missing some grad_input. Please use register_full_backward_hook to get the documented behavior.
  self._maybe_warn_non_full_backward_hook(args, result, grad_fn)
[init_weights] VAR with init_std=0.0180422
Model preparation finished.
Preparing calibration data...
Before pruning - All params: 0.31B	 Layer params: 0.31B	 Extra params: 0.00B
Starting chain pruning...
Chain Pruning: Starting model slimming...
  Strategy: Layer 0 = SlimGPT, Layers 1+ = Chain KFAC
  Scale weighting: sqrt
  Total samples: 50

============================================================
Processing Layer 0/16
============================================================
  attn.proj: Using SlimGPT (first layer)
decoder_time:52.04916000366211ms
decoder_time:4.482030868530273ms
decoder_time:6.001949310302734ms
decoder_time:7.206916809082031ms
decoder_time:7.979154586791992ms
decoder_time:8.744478225708008ms
decoder_time:9.62209701538086ms
decoder_time:10.413408279418945ms
decoder_time:11.276721954345703ms
decoder_time:12.098073959350586ms
    Processed 10/50 batches
decoder_time:12.877464294433594ms
decoder_time:13.683080673217773ms
decoder_time:14.45913314819336ms
decoder_time:15.264272689819336ms
decoder_time:16.0672664642334ms
decoder_time:16.856670379638672ms
decoder_time:17.65727996826172ms
decoder_time:18.465757369995117ms
decoder_time:19.257307052612305ms
decoder_time:20.033836364746094ms
    Processed 20/50 batches
decoder_time:20.862817764282227ms
decoder_time:21.61574363708496ms
decoder_time:22.469520568847656ms
decoder_time:23.195981979370117ms
decoder_time:24.02210235595703ms
decoder_time:24.785757064819336ms
decoder_time:25.603294372558594ms
decoder_time:26.36408805847168ms
decoder_time:4.762887954711914ms
decoder_time:27.94623374938965ms
    Processed 30/50 batches
decoder_time:28.762102127075195ms
decoder_time:29.590368270874023ms
decoder_time:4.4956207275390625ms
decoder_time:31.233549118041992ms
decoder_time:31.981468200683594ms
decoder_time:32.768964767456055ms
decoder_time:33.60724449157715ms
decoder_time:34.3480110168457ms
decoder_time:35.22372245788574ms
decoder_time:4.511833190917969ms
    Processed 40/50 batches
decoder_time:36.80729866027832ms
decoder_time:36.43178939819336ms
decoder_time:38.41066360473633ms
decoder_time:39.177656173706055ms
decoder_time:40.01307487487793ms
decoder_time:40.7869815826416ms
decoder_time:41.600704193115234ms
decoder_time:42.39797592163086ms
decoder_time:43.216705322265625ms
decoder_time:44.01588439941406ms
    Processed 50/50 batches
  Layer 0: attn.proj sparsity 0.200
    Layer 0 complete: torch.Size([4096, 1024])

============================================================
Processing Layer 1/16
============================================================
  attn.proj: Using Chain Pruning + KFAC
decoder_time:4.503726959228516ms
decoder_time:4.394769668579102ms
decoder_time:6.490230560302734ms
decoder_time:7.177114486694336ms
decoder_time:7.9288482666015625ms
decoder_time:8.679628372192383ms
decoder_time:9.51075553894043ms
decoder_time:10.369539260864258ms
decoder_time:11.20615005493164ms
decoder_time:12.019157409667969ms
    Processed 10/50 batches
decoder_time:12.79902458190918ms
decoder_time:13.585329055786133ms
decoder_time:14.41502571105957ms
decoder_time:15.156984329223633ms
decoder_time:15.940427780151367ms
decoder_time:16.73102378845215ms
decoder_time:17.584800720214844ms
decoder_time:18.35036277770996ms
decoder_time:19.147396087646484ms
decoder_time:19.914865493774414ms
    Processed 20/50 batches
decoder_time:20.786046981811523ms
decoder_time:21.51632308959961ms
decoder_time:22.335529327392578ms
decoder_time:23.08964729309082ms
decoder_time:23.87833595275879ms
decoder_time:24.687767028808594ms
decoder_time:25.48670768737793ms
decoder_time:26.22079849243164ms
decoder_time:4.213094711303711ms
decoder_time:27.814865112304688ms
    Processed 30/50 batches
decoder_time:28.640270233154297ms
decoder_time:29.42490577697754ms
decoder_time:4.4307708740234375ms
decoder_time:31.018495559692383ms
decoder_time:31.8450927734375ms
decoder_time:32.61375427246094ms
decoder_time:33.454179763793945ms
decoder_time:34.212350845336914ms
decoder_time:35.11667251586914ms
decoder_time:4.214763641357422ms
    Processed 40/50 batches
decoder_time:36.600589752197266ms
decoder_time:37.429094314575195ms
decoder_time:15.012025833129883ms
decoder_time:39.075613021850586ms
decoder_time:4.327297210693359ms
decoder_time:27.750015258789062ms
decoder_time:41.53561592102051ms
decoder_time:4.180908203125ms
decoder_time:4.244327545166016ms
decoder_time:43.798208236694336ms
    Processed 50/50 batches
    Processing 50 cached batches for attn.proj
  Layer 1: attn.proj sparsity 0.200
    Layer 1: Collected 50 batches
    Scale weights: ['0.015', '0.029', '0.044', '0.059', '0.074', '0.088', '0.118', '0.147', '0.191', '0.235']
    Head importances: [6.362379373348048e-12, 6.802211571788064e-12, 8.629658619641045e-12, 9.428678324208128e-12, 8.298226689129606e-12, 9.890629114328586e-12, 6.3248867948617615e-12, 8.943932400251597e-12, 1.0340372655348595e-11, 8.403758591790655e-12, 8.925324888886532e-12, 8.677501425746748e-12, 8.818570873536657e-12, 7.668976564900731e-12, 7.825726178189996e-12, 6.040921235461738e-12]
    Pruning 3/16 heads: [15, 6, 0]
    Layer 1 complete: torch.Size([4096, 1024])

============================================================
Processing Layer 2/16
============================================================
  attn.proj: Using Chain Pruning + KFAC
decoder_time:4.072666168212891ms
decoder_time:4.043102264404297ms
decoder_time:6.501913070678711ms
decoder_time:7.15327262878418ms
decoder_time:7.954597473144531ms
decoder_time:8.706808090209961ms
decoder_time:9.541034698486328ms
decoder_time:10.34402847290039ms
decoder_time:11.186361312866211ms
decoder_time:12.023210525512695ms
    Processed 10/50 batches
decoder_time:12.812137603759766ms
decoder_time:13.615608215332031ms
decoder_time:14.3890380859375ms
decoder_time:15.160322189331055ms
decoder_time:15.96379280090332ms
decoder_time:16.76654815673828ms
decoder_time:17.578125ms
decoder_time:18.338918685913086ms
decoder_time:19.1500186920166ms
decoder_time:19.87481117248535ms
    Processed 20/50 batches
decoder_time:20.769834518432617ms
decoder_time:21.496295928955078ms
decoder_time:22.365570068359375ms
decoder_time:23.113012313842773ms
decoder_time:23.964405059814453ms
decoder_time:24.712085723876953ms
decoder_time:25.495290756225586ms
decoder_time:4.674196243286133ms
decoder_time:27.037620544433594ms
decoder_time:27.883529663085938ms
    Processed 30/50 batches
decoder_time:28.72443199157715ms
decoder_time:29.428720474243164ms
decoder_time:30.338048934936523ms
decoder_time:31.061172485351562ms
decoder_time:31.848430633544922ms
decoder_time:32.73439407348633ms
decoder_time:33.51998329162598ms
decoder_time:34.26408767700195ms
decoder_time:35.14599800109863ms
decoder_time:35.8431339263916ms
    Processed 40/50 batches
decoder_time:36.683082580566406ms
decoder_time:37.41574287414551ms
decoder_time:38.24138641357422ms
decoder_time:39.029836654663086ms
decoder_time:39.88456726074219ms
decoder_time:4.166841506958008ms
decoder_time:41.5189266204834ms
decoder_time:4.211187362670898ms
decoder_time:24.42789077758789ms
decoder_time:43.888092041015625ms
    Processed 50/50 batches
    Processing 50 cached batches for attn.proj
  Layer 2: attn.proj sparsity 0.200
    Layer 2: Collected 50 batches
    Scale weights: ['0.015', '0.029', '0.044', '0.059', '0.074', '0.088', '0.118', '0.147', '0.191', '0.235']
    Head importances: [6.32846639675444e-12, 2.8279921807095043e-12, 5.27308665482229e-12, 4.921589611545096e-12, 2.8637829954658578e-12, 2.25838271694645e-12, 6.9574337610567305e-12, 4.87268341994862e-12, 3.1072425448613883e-12, 4.663584622643935e-12, 4.277954726572553e-12, 3.185235495500871e-12, 5.016057014195496e-12, 2.718251622055301e-12, 3.07479540960498e-12, 4.212954637927702e-12]
    Pruning 3/16 heads: [5, 13, 1]
    Layer 2 complete: torch.Size([4096, 1024])

============================================================
Processing Layer 3/16
============================================================
  attn.proj: Using Chain Pruning + KFAC
decoder_time:4.097223281860352ms
decoder_time:4.049777984619141ms
decoder_time:6.46662712097168ms
decoder_time:7.1563720703125ms
decoder_time:7.945775985717773ms
decoder_time:8.694648742675781ms
decoder_time:9.522676467895508ms
decoder_time:10.360240936279297ms
decoder_time:11.242866516113281ms
decoder_time:12.026309967041016ms
    Processed 10/50 batches
decoder_time:12.802362442016602ms
decoder_time:13.576745986938477ms
decoder_time:14.422416687011719ms
decoder_time:15.202522277832031ms
decoder_time:16.021251678466797ms
decoder_time:16.78609848022461ms
decoder_time:17.57192611694336ms
decoder_time:18.323421478271484ms
decoder_time:19.132614135742188ms
decoder_time:19.953489303588867ms
    Processed 20/50 batches
decoder_time:20.737409591674805ms
decoder_time:21.530866622924805ms
decoder_time:22.336483001708984ms
decoder_time:23.097753524780273ms
decoder_time:23.95915985107422ms
decoder_time:24.69801902770996ms
decoder_time:25.492429733276367ms
decoder_time:4.460811614990234ms
decoder_time:27.1146297454834ms
decoder_time:27.85515785217285ms
    Processed 30/50 batches
decoder_time:28.684139251708984ms
decoder_time:29.41274642944336ms
decoder_time:30.23672103881836ms
decoder_time:31.072139739990234ms
decoder_time:31.903743743896484ms
decoder_time:21.204471588134766ms
decoder_time:33.506155014038086ms
decoder_time:34.28769111633301ms
decoder_time:35.08806228637695ms
decoder_time:35.85672378540039ms
    Processed 40/50 batches
decoder_time:36.719322204589844ms
decoder_time:37.49680519104004ms
decoder_time:38.307905197143555ms
decoder_time:39.09444808959961ms
decoder_time:39.90626335144043ms
decoder_time:40.65227508544922ms
decoder_time:41.5341854095459ms
decoder_time:4.258632659912109ms
decoder_time:4.164457321166992ms
decoder_time:4.170656204223633ms
    Processed 50/50 batches
    Processing 50 cached batches for attn.proj
  Layer 3: attn.proj sparsity 0.200
    Layer 3: Collected 50 batches
    Scale weights: ['0.015', '0.029', '0.044', '0.059', '0.074', '0.088', '0.118', '0.147', '0.191', '0.235']
    Head importances: [6.128765463880859e-12, 8.268228983421277e-12, 8.337192047846997e-12, 4.727215580785371e-12, 9.467724347567152e-12, 5.624920668134692e-12, 9.436604275769866e-12, 5.914508466320356e-12, 4.319353902326739e-12, 4.4727303458169665e-12, 5.335523689531385e-12, 5.660887557323857e-12, 3.576130711002712e-12, 4.258904860721113e-12, 8.717551853998362e-12, 1.3188590844426251e-11]
    Pruning 3/16 heads: [12, 13, 8]
    Layer 3 complete: torch.Size([4096, 1024])

============================================================
Processing Layer 4/16
============================================================
  attn.proj: Using Chain Pruning + KFAC
decoder_time:4.073858261108398ms
decoder_time:4.007101058959961ms
decoder_time:6.456613540649414ms
decoder_time:7.1697235107421875ms
decoder_time:7.900714874267578ms
decoder_time:8.700847625732422ms
decoder_time:9.576082229614258ms
decoder_time:10.361671447753906ms
decoder_time:11.245965957641602ms
decoder_time:12.06660270690918ms
    Processed 10/50 batches
decoder_time:12.838602066040039ms
decoder_time:13.672351837158203ms
decoder_time:14.475345611572266ms
decoder_time:15.206098556518555ms
decoder_time:16.011476516723633ms
decoder_time:16.750097274780273ms
decoder_time:17.554283142089844ms
decoder_time:18.335580825805664ms
decoder_time:19.16217803955078ms
decoder_time:19.916296005249023ms
    Processed 20/50 batches
decoder_time:20.783662796020508ms
decoder_time:21.510601043701172ms
decoder_time:22.395849227905273ms
decoder_time:23.133277893066406ms
decoder_time:23.990392684936523ms
decoder_time:24.71160888671875ms
decoder_time:25.57086944580078ms
decoder_time:26.37195587158203ms
decoder_time:27.107954025268555ms
decoder_time:27.836084365844727ms
    Processed 30/50 batches
decoder_time:28.68938446044922ms
decoder_time:29.45995330810547ms
decoder_time:30.386686325073242ms
decoder_time:31.177043914794922ms
decoder_time:31.897783279418945ms
decoder_time:32.689809799194336ms
decoder_time:33.50210189819336ms
decoder_time:34.26980972290039ms
decoder_time:35.094499588012695ms
decoder_time:35.87603569030762ms
    Processed 40/50 batches
decoder_time:36.68355941772461ms
decoder_time:37.445068359375ms
decoder_time:38.29216957092285ms
decoder_time:4.157066345214844ms
decoder_time:39.90650177001953ms
decoder_time:40.6336784362793ms
decoder_time:41.517019271850586ms
decoder_time:42.21963882446289ms
decoder_time:4.196882247924805ms
decoder_time:4.337072372436523ms
    Processed 50/50 batches
    Processing 50 cached batches for attn.proj
  Layer 4: attn.proj sparsity 0.200
    Layer 4: Collected 50 batches
    Scale weights: ['0.015', '0.029', '0.044', '0.059', '0.074', '0.088', '0.118', '0.147', '0.191', '0.235']
    Head importances: [1.2490434034284625e-11, 6.156815075125666e-12, 1.1531903036654523e-11, 9.03200431112694e-12, 6.34507550667518e-12, 8.31249739180473e-12, 7.611070627910888e-12, 1.591144230261854e-11, 8.73163520653808e-12, 1.3625895550761769e-11, 4.509932358121027e-12, 6.6729065849313596e-12, 1.4155330553544676e-11, 5.933994615126004e-12, 1.3184239290586763e-11, 7.128473158979354e-12]
    Pruning 3/16 heads: [10, 13, 1]
    Layer 4 complete: torch.Size([4096, 1024])

============================================================
Processing Layer 5/16
============================================================
  attn.proj: Using Chain Pruning + KFAC
decoder_time:4.148244857788086ms
decoder_time:4.025936126708984ms
decoder_time:6.45136833190918ms
decoder_time:7.143497467041016ms
decoder_time:7.950782775878906ms
decoder_time:8.713245391845703ms
decoder_time:9.586095809936523ms
decoder_time:10.373830795288086ms
decoder_time:11.23809814453125ms
decoder_time:12.071847915649414ms
    Processed 10/50 batches
decoder_time:12.848138809204102ms
decoder_time:13.593673706054688ms
decoder_time:14.43171501159668ms
decoder_time:15.2130126953125ms
decoder_time:16.042709350585938ms
decoder_time:16.783475875854492ms
decoder_time:17.621994018554688ms
decoder_time:18.384218215942383ms
decoder_time:19.131183624267578ms
decoder_time:19.955158233642578ms
    Processed 20/50 batches
decoder_time:20.805835723876953ms
decoder_time:21.53921127319336ms
decoder_time:22.3844051361084ms
decoder_time:23.122549057006836ms
decoder_time:23.901700973510742ms
decoder_time:24.735212326049805ms
decoder_time:25.495290756225586ms
decoder_time:26.322126388549805ms
decoder_time:27.15301513671875ms
decoder_time:27.91881561279297ms
    Processed 30/50 batches
decoder_time:28.731584548950195ms
decoder_time:29.493093490600586ms
decoder_time:30.325889587402344ms
decoder_time:31.07929229736328ms
decoder_time:31.892776489257812ms
decoder_time:32.69171714782715ms
decoder_time:33.4630012512207ms
decoder_time:34.304141998291016ms
decoder_time:35.08782386779785ms
decoder_time:32.87100791931152ms
    Processed 40/50 batches
decoder_time:36.69571876525879ms
decoder_time:37.517547607421875ms
decoder_time:38.30385208129883ms
decoder_time:39.08872604370117ms
decoder_time:39.940595626831055ms
decoder_time:40.69972038269043ms
decoder_time:41.47219657897949ms
decoder_time:4.14276123046875ms
decoder_time:18.27716827392578ms
decoder_time:43.915748596191406ms
    Processed 50/50 batches
    Processing 50 cached batches for attn.proj
  Layer 5: attn.proj sparsity 0.200
    Layer 5: Collected 50 batches
    Scale weights: ['0.015', '0.029', '0.044', '0.059', '0.074', '0.088', '0.118', '0.147', '0.191', '0.235']
    Head importances: [3.493705325041674e-12, 6.846934477722222e-12, 2.447611991557297e-12, 3.758869951409061e-12, 3.2481079458024364e-12, 2.5172646085647177e-12, 3.775244439979675e-12, 6.735248643530145e-12, 6.950830102464556e-12, 7.001670077055877e-12, 6.237688750937442e-12, 2.9933690075256703e-12, 3.4386436840311285e-12, 3.561584837816212e-12, 2.457764027019582e-12, 3.3358311772591076e-12]
    Pruning 3/16 heads: [2, 14, 5]
    Layer 5 complete: torch.Size([4096, 1024])

============================================================
Processing Layer 6/16
============================================================
  attn.proj: Using Chain Pruning + KFAC
decoder_time:4.062414169311523ms
decoder_time:3.9985179901123047ms
decoder_time:6.461143493652344ms
decoder_time:7.153511047363281ms
decoder_time:7.916450500488281ms
decoder_time:8.716821670532227ms
decoder_time:9.530305862426758ms
decoder_time:10.374069213867188ms
decoder_time:11.212825775146484ms
decoder_time:12.033224105834961ms
    Processed 10/50 batches
decoder_time:12.847423553466797ms
decoder_time:13.610124588012695ms
decoder_time:14.466047286987305ms
decoder_time:15.178680419921875ms
decoder_time:16.019105911254883ms
decoder_time:16.783475875854492ms
decoder_time:17.5321102142334ms
decoder_time:18.388748168945312ms
decoder_time:19.14238929748535ms
decoder_time:19.954204559326172ms
    Processed 20/50 batches
decoder_time:20.797014236450195ms
decoder_time:21.549463272094727ms
decoder_time:22.356033325195312ms
decoder_time:23.139238357543945ms
decoder_time:23.934602737426758ms
decoder_time:24.72829818725586ms
decoder_time:25.559186935424805ms
decoder_time:26.34429931640625ms
decoder_time:27.109146118164062ms
decoder_time:27.86087989807129ms
    Processed 30/50 batches
decoder_time:28.705120086669922ms
decoder_time:29.531240463256836ms
decoder_time:30.308961868286133ms
decoder_time:31.10051155090332ms
decoder_time:31.902313232421875ms
decoder_time:32.701969146728516ms
decoder_time:33.518314361572266ms
decoder_time:34.26337242126465ms
decoder_time:35.089969635009766ms
decoder_time:35.8583927154541ms
    Processed 40/50 batches
decoder_time:36.72313690185547ms
decoder_time:37.51564025878906ms
decoder_time:38.27857971191406ms
decoder_time:39.112091064453125ms
decoder_time:4.201650619506836ms
decoder_time:4.165172576904297ms
decoder_time:41.520118713378906ms
decoder_time:42.316436767578125ms
decoder_time:4.199028015136719ms
decoder_time:43.93482208251953ms
    Processed 50/50 batches
    Processing 50 cached batches for attn.proj
  Layer 6: attn.proj sparsity 0.200
    Layer 6: Collected 50 batches
    Scale weights: ['0.015', '0.029', '0.044', '0.059', '0.074', '0.088', '0.118', '0.147', '0.191', '0.235']
    Head importances: [5.186661863887387e-12, 5.9804505098126626e-12, 1.3733177789410078e-11, 5.558703670971443e-12, 6.449565707888905e-12, 5.728049111419775e-12, 4.58721168689058e-12, 4.888210929782089e-12, 1.703302082711744e-11, 4.421729475623248e-12, 5.43450354162367e-12, 6.58515689894168e-12, 4.9025046175432685e-12, 7.1195202511198374e-12, 5.607255111617082e-12, 8.14641062940602e-12]
    Pruning 3/16 heads: [9, 6, 7]
    Layer 6 complete: torch.Size([4096, 1024])

============================================================
Processing Layer 7/16
============================================================
  attn.proj: Using Chain Pruning + KFAC
decoder_time:4.093647003173828ms
decoder_time:3.9861202239990234ms
decoder_time:6.455898284912109ms
decoder_time:7.148027420043945ms
decoder_time:7.9402923583984375ms
decoder_time:8.736610412597656ms
decoder_time:9.534597396850586ms
decoder_time:10.350704193115234ms
decoder_time:11.20758056640625ms
decoder_time:12.061357498168945ms
    Processed 10/50 batches
decoder_time:12.825727462768555ms
decoder_time:13.59415054321289ms
decoder_time:14.447689056396484ms
decoder_time:15.172243118286133ms
decoder_time:16.008615493774414ms
decoder_time:16.787052154541016ms
decoder_time:17.59505271911621ms
decoder_time:18.342971801757812ms
decoder_time:19.16217803955078ms
decoder_time:19.917726516723633ms
    Processed 20/50 batches
decoder_time:20.812034606933594ms
decoder_time:21.549224853515625ms
decoder_time:22.37105369567871ms
decoder_time:23.13232421875ms
decoder_time:23.91338348388672ms
decoder_time:24.69468116760254ms
decoder_time:25.524139404296875ms
decoder_time:26.30448341369629ms
decoder_time:27.125120162963867ms
decoder_time:27.89473533630371ms
    Processed 30/50 batches
decoder_time:28.663158416748047ms
decoder_time:29.509782791137695ms
decoder_time:30.28416633605957ms
decoder_time:31.05902671813965ms
decoder_time:31.868457794189453ms
decoder_time:32.694101333618164ms
decoder_time:33.563852310180664ms
decoder_time:34.3017578125ms
decoder_time:35.13193130493164ms
decoder_time:35.8729362487793ms
    Processed 40/50 batches
decoder_time:36.711931228637695ms
decoder_time:37.5218391418457ms
decoder_time:38.210153579711914ms
decoder_time:39.13307189941406ms
decoder_time:39.942026138305664ms
decoder_time:40.73190689086914ms
decoder_time:4.154443740844727ms
decoder_time:42.28329658508301ms
decoder_time:43.15495491027832ms
decoder_time:43.883323669433594ms
    Processed 50/50 batches
    Processing 50 cached batches for attn.proj
  Layer 7: attn.proj sparsity 0.200
    Layer 7: Collected 50 batches
    Scale weights: ['0.015', '0.029', '0.044', '0.059', '0.074', '0.088', '0.118', '0.147', '0.191', '0.235']
    Head importances: [1.2236591080683201e-11, 1.605608528076896e-11, 2.237226376378132e-11, 1.2220995049272432e-11, 1.540266178490235e-11, 1.438415185572861e-11, 1.0282646262238515e-11, 9.380077443943424e-12, 1.5012737580866187e-11, 1.1140990040237053e-11, 1.3707561127840329e-11, 1.1542987052304277e-11, 1.0967157737518107e-11, 1.0526124243070978e-11, 1.509494439166925e-11, 1.6389327395227582e-11]
    Pruning 3/16 heads: [7, 6, 13]
    Layer 7 complete: torch.Size([4096, 1024])

============================================================
Processing Layer 8/16
============================================================
  attn.proj: Using Chain Pruning + KFAC
decoder_time:4.1027069091796875ms
decoder_time:4.033565521240234ms
decoder_time:6.457805633544922ms
decoder_time:7.153034210205078ms
decoder_time:7.9326629638671875ms
decoder_time:8.705854415893555ms
decoder_time:9.557485580444336ms
decoder_time:10.388374328613281ms
decoder_time:11.234760284423828ms
decoder_time:12.019872665405273ms
    Processed 10/50 batches
decoder_time:12.811899185180664ms
decoder_time:13.616323471069336ms
decoder_time:14.398574829101562ms
decoder_time:15.17176628112793ms
decoder_time:16.02935791015625ms
decoder_time:16.70074462890625ms
decoder_time:17.580509185791016ms
decoder_time:18.3565616607666ms
decoder_time:19.177913665771484ms
decoder_time:19.932031631469727ms
    Processed 20/50 batches
decoder_time:20.749330520629883ms
decoder_time:21.538496017456055ms
decoder_time:22.347450256347656ms
decoder_time:23.066997528076172ms
decoder_time:23.88787269592285ms
decoder_time:24.699687957763672ms
decoder_time:25.519847869873047ms
decoder_time:26.284217834472656ms
decoder_time:27.118444442749023ms
decoder_time:27.896404266357422ms
    Processed 30/50 batches
decoder_time:28.717994689941406ms
decoder_time:29.514074325561523ms
decoder_time:30.32994270324707ms
decoder_time:31.111955642700195ms
decoder_time:31.89873695373535ms
decoder_time:32.68170356750488ms
decoder_time:33.54167938232422ms
decoder_time:34.32488441467285ms
decoder_time:35.13383865356445ms
decoder_time:35.88461875915527ms
    Processed 40/50 batches
decoder_time:36.71836853027344ms
decoder_time:37.46986389160156ms
decoder_time:38.234710693359375ms
decoder_time:39.14761543273926ms
decoder_time:39.96419906616211ms
decoder_time:40.73309898376465ms
decoder_time:4.193305969238281ms
decoder_time:42.2818660736084ms
decoder_time:43.11347007751465ms
decoder_time:43.93172264099121ms
    Processed 50/50 batches
    Processing 50 cached batches for attn.proj
  Layer 8: attn.proj sparsity 0.200
    Layer 8: Collected 50 batches
    Scale weights: ['0.015', '0.029', '0.044', '0.059', '0.074', '0.088', '0.118', '0.147', '0.191', '0.235']
    Head importances: [8.509384169519407e-12, 1.0245771245309676e-11, 1.641883330683047e-11, 1.2522277485771394e-11, 1.051304529542385e-11, 1.778164074317523e-11, 1.1343463494906114e-11, 1.7591860260179892e-11, 2.0334811959288324e-11, 1.7196383206297128e-11, 1.166386258411034e-11, 1.5582389545354403e-11, 9.55184022155553e-12, 1.1526096917180428e-11, 7.515528130386251e-12, 1.4594122785260844e-11]
    Pruning 3/16 heads: [14, 0, 12]
    Layer 8 complete: torch.Size([4096, 1024])

============================================================
Processing Layer 9/16
============================================================
  attn.proj: Using Chain Pruning + KFAC
decoder_time:4.11224365234375ms
decoder_time:4.000663757324219ms
decoder_time:6.455659866333008ms
decoder_time:7.1258544921875ms
decoder_time:7.915019989013672ms
decoder_time:8.702993392944336ms
decoder_time:9.553194046020508ms
decoder_time:10.34402847290039ms
decoder_time:11.204242706298828ms
decoder_time:12.028217315673828ms
    Processed 10/50 batches
decoder_time:12.803792953491211ms
decoder_time:13.586044311523438ms
decoder_time:14.423847198486328ms
decoder_time:15.169620513916016ms
decoder_time:15.97142219543457ms
decoder_time:16.7388916015625ms
decoder_time:17.565250396728516ms
decoder_time:18.340349197387695ms
decoder_time:19.093751907348633ms
decoder_time:19.899606704711914ms
    Processed 20/50 batches
decoder_time:20.755290985107422ms
decoder_time:21.50559425354004ms
decoder_time:22.325754165649414ms
decoder_time:23.080110549926758ms
decoder_time:23.90003204345703ms
decoder_time:24.654388427734375ms
decoder_time:25.461196899414062ms
decoder_time:26.2906551361084ms
decoder_time:27.069807052612305ms
decoder_time:27.83989906311035ms
    Processed 30/50 batches
decoder_time:28.639554977416992ms
decoder_time:29.413461685180664ms
decoder_time:30.232906341552734ms
decoder_time:31.030893325805664ms
decoder_time:31.796932220458984ms
decoder_time:32.627105712890625ms
decoder_time:33.4932804107666ms
decoder_time:34.19995307922363ms
decoder_time:35.01105308532715ms
decoder_time:35.7973575592041ms
    Processed 40/50 batches
decoder_time:36.581993103027344ms
decoder_time:37.37783432006836ms
decoder_time:38.20919990539551ms
decoder_time:38.980722427368164ms
decoder_time:4.1656494140625ms
decoder_time:40.59553146362305ms
decoder_time:4.190921783447266ms
decoder_time:42.17958450317383ms
decoder_time:12.994527816772461ms
decoder_time:43.775081634521484ms
    Processed 50/50 batches
    Processing 50 cached batches for attn.proj
  Layer 9: attn.proj sparsity 0.200
    Layer 9: Collected 50 batches
    Scale weights: ['0.015', '0.029', '0.044', '0.059', '0.074', '0.088', '0.118', '0.147', '0.191', '0.235']
    Head importances: [3.000059228819296e-11, 1.577589101020571e-11, 1.4185529487176218e-11, 1.1413037181995378e-11, 1.4123256383835603e-11, 1.8832883169617176e-11, 2.0080919566067834e-11, 2.3476005861500227e-11, 1.9972273834767407e-11, 2.1082474307987376e-11, 1.6531269408925908e-11, 2.150297648273458e-11, 1.6063345098515924e-11, 1.451120387047089e-11, 1.6441998804128666e-11, 1.2456615600120458e-11]
    Pruning 3/16 heads: [3, 15, 4]
    Layer 9 complete: torch.Size([4096, 1024])

============================================================
Processing Layer 10/16
============================================================
  attn.proj: Using Chain Pruning + KFAC
decoder_time:4.091978073120117ms
decoder_time:3.988504409790039ms
decoder_time:6.465911865234375ms
decoder_time:7.153034210205078ms
decoder_time:7.903099060058594ms
decoder_time:8.70823860168457ms
decoder_time:9.511947631835938ms
decoder_time:10.326623916625977ms
decoder_time:11.180877685546875ms
decoder_time:12.016534805297852ms
    Processed 10/50 batches
decoder_time:12.797832489013672ms
decoder_time:13.593912124633789ms
decoder_time:14.385223388671875ms
decoder_time:15.15340805053711ms
decoder_time:15.948772430419922ms
decoder_time:16.712427139282227ms
decoder_time:17.476558685302734ms
decoder_time:18.278837203979492ms
decoder_time:19.066572189331055ms
decoder_time:19.882678985595703ms
    Processed 20/50 batches
decoder_time:20.677566528320312ms
decoder_time:21.405696868896484ms
decoder_time:22.228479385375977ms
decoder_time:22.990942001342773ms
decoder_time:23.82373809814453ms
decoder_time:24.60765838623047ms
decoder_time:25.380611419677734ms
decoder_time:26.16405487060547ms
decoder_time:27.003765106201172ms
decoder_time:27.767658233642578ms
    Processed 30/50 batches
decoder_time:28.59663963317871ms
decoder_time:29.332399368286133ms
decoder_time:30.144691467285156ms
decoder_time:30.93409538269043ms
decoder_time:31.647682189941406ms
decoder_time:32.502174377441406ms
decoder_time:33.33711624145508ms
decoder_time:34.12818908691406ms
decoder_time:34.917593002319336ms
decoder_time:35.68768501281738ms
    Processed 40/50 batches
decoder_time:36.484718322753906ms
decoder_time:37.244558334350586ms
decoder_time:38.10310363769531ms
decoder_time:38.8331413269043ms
decoder_time:39.72268104553223ms
decoder_time:4.178047180175781ms
decoder_time:41.24784469604492ms
decoder_time:4.172325134277344ms
decoder_time:42.90366172790527ms
decoder_time:43.694496154785156ms
    Processed 50/50 batches
    Processing 50 cached batches for attn.proj
  Layer 10: attn.proj sparsity 0.200
    Layer 10: Collected 50 batches
    Scale weights: ['0.015', '0.029', '0.044', '0.059', '0.074', '0.088', '0.118', '0.147', '0.191', '0.235']
    Head importances: [2.6254713680895492e-11, 2.8080914329930984e-11, 2.980648020067811e-11, 3.145374238844312e-11, 4.1425113339599307e-11, 2.2806489335946978e-11, 2.1015430715087824e-11, 4.7107602541007765e-11, 2.4329222664265515e-11, 3.386402963601043e-11, 2.4996607214666788e-11, 2.615067537514726e-11, 2.6129097149829583e-11, 2.3944315280521877e-11, 2.919097255582592e-11, 2.1833680696747848e-11]
    Pruning 3/16 heads: [6, 15, 5]
    Layer 10 complete: torch.Size([4096, 1024])

============================================================
Processing Layer 11/16
============================================================
  attn.proj: Using Chain Pruning + KFAC
decoder_time:4.096031188964844ms
decoder_time:3.989696502685547ms
decoder_time:6.469488143920898ms
decoder_time:7.147312164306641ms
decoder_time:7.924556732177734ms
decoder_time:8.703947067260742ms
decoder_time:9.497880935668945ms
decoder_time:10.303258895874023ms
decoder_time:11.151552200317383ms
decoder_time:11.980295181274414ms
    Processed 10/50 batches
decoder_time:12.757539749145508ms
decoder_time:13.532638549804688ms
decoder_time:14.360666275024414ms
decoder_time:15.12765884399414ms
decoder_time:15.878915786743164ms
decoder_time:16.67475700378418ms
decoder_time:17.49730110168457ms
decoder_time:18.27406883239746ms
decoder_time:19.02318000793457ms
decoder_time:19.832611083984375ms
    Processed 20/50 batches
decoder_time:20.647287368774414ms
decoder_time:21.414756774902344ms
decoder_time:22.216081619262695ms
decoder_time:22.92919158935547ms
decoder_time:23.763179779052734ms
decoder_time:24.553775787353516ms
decoder_time:25.324106216430664ms
decoder_time:26.134967803955078ms
decoder_time:26.950836181640625ms
decoder_time:27.693748474121094ms
    Processed 30/50 batches
decoder_time:28.488874435424805ms
decoder_time:29.236316680908203ms
decoder_time:30.072450637817383ms
decoder_time:30.852794647216797ms
decoder_time:31.65435791015625ms
decoder_time:32.3944091796875ms
decoder_time:33.233642578125ms
decoder_time:33.97774696350098ms
decoder_time:34.812211990356445ms
decoder_time:35.55130958557129ms
    Processed 40/50 batches
decoder_time:36.363840103149414ms
decoder_time:37.15991973876953ms
decoder_time:38.005828857421875ms
decoder_time:38.75303268432617ms
decoder_time:39.566993713378906ms
decoder_time:40.28916358947754ms
decoder_time:13.334274291992188ms
decoder_time:41.922569274902344ms
decoder_time:4.180669784545898ms
decoder_time:43.57004165649414ms
    Processed 50/50 batches
    Processing 50 cached batches for attn.proj
  Layer 11: attn.proj sparsity 0.200
    Layer 11: Collected 50 batches
    Scale weights: ['0.015', '0.029', '0.044', '0.059', '0.074', '0.088', '0.118', '0.147', '0.191', '0.235']
    Head importances: [2.427665533877299e-11, 2.13629808287763e-11, 2.5536890310706717e-11, 3.500110964949066e-11, 2.6940772529515655e-11, 2.543533786369956e-11, 3.237200091321668e-11, 2.675042132249672e-11, 1.9768381376294997e-11, 2.50143412927617e-11, 1.8671756848998022e-11, 3.525929548331419e-11, 2.9011354082952856e-11, 1.983024508489528e-11, 1.6655749696115052e-11, 1.8855556005448193e-11]
    Pruning 3/16 heads: [14, 10, 15]
    Layer 11 complete: torch.Size([4096, 1024])

============================================================
Processing Layer 12/16
============================================================
  attn.proj: Using Chain Pruning + KFAC
decoder_time:4.093647003173828ms
decoder_time:3.9730072021484375ms
decoder_time:6.492137908935547ms
decoder_time:7.175445556640625ms
decoder_time:7.909059524536133ms
decoder_time:8.67462158203125ms
decoder_time:9.501218795776367ms
decoder_time:10.284185409545898ms
decoder_time:11.132240295410156ms
decoder_time:11.941671371459961ms
    Processed 10/50 batches
decoder_time:12.71367073059082ms
decoder_time:13.522624969482422ms
decoder_time:14.302492141723633ms
decoder_time:15.06185531616211ms
decoder_time:15.857934951782227ms
decoder_time:16.659259796142578ms
decoder_time:17.46845245361328ms
decoder_time:18.262624740600586ms
decoder_time:18.95308494567871ms
decoder_time:19.74320411682129ms
    Processed 20/50 batches
decoder_time:20.62082290649414ms
decoder_time:21.350860595703125ms
decoder_time:22.16053009033203ms
decoder_time:22.891521453857422ms
decoder_time:23.719072341918945ms
decoder_time:24.495363235473633ms
decoder_time:25.28667449951172ms
decoder_time:26.00884437561035ms
decoder_time:26.885986328125ms
decoder_time:27.57716178894043ms
    Processed 30/50 batches
decoder_time:28.439998626708984ms
decoder_time:29.13379669189453ms
decoder_time:29.998779296875ms
decoder_time:30.77840805053711ms
decoder_time:31.5401554107666ms
decoder_time:32.37032890319824ms
decoder_time:33.173322677612305ms
decoder_time:33.852338790893555ms
decoder_time:34.66677665710449ms
decoder_time:35.45570373535156ms
    Processed 40/50 batches
decoder_time:36.21864318847656ms
decoder_time:37.020206451416016ms
decoder_time:37.841796875ms
decoder_time:38.63835334777832ms
decoder_time:39.499759674072266ms
decoder_time:4.213809967041016ms
decoder_time:41.03970527648926ms
decoder_time:41.75138473510742ms
decoder_time:4.411935806274414ms
decoder_time:43.30182075500488ms
    Processed 50/50 batches
    Processing 50 cached batches for attn.proj
  Layer 12: attn.proj sparsity 0.200
    Layer 12: Collected 50 batches
    Scale weights: ['0.015', '0.029', '0.044', '0.059', '0.074', '0.088', '0.118', '0.147', '0.191', '0.235']
    Head importances: [1.8304227578092025e-10, 1.0011717843649848e-10, 1.0014981899342246e-10, 1.9304458032110006e-10, 1.4154756533546475e-10, 1.2583609154681596e-10, 1.0022178920099378e-10, 1.4632266231995317e-10, 1.0907149489147727e-10, 9.012975088484865e-11, 1.1575532893326468e-10, 1.0244467080200437e-10, 1.5239318140736202e-10, 1.428007295745104e-10, 1.1337357441743023e-10, 1.5677402431801823e-10]
    Pruning 3/16 heads: [9, 1, 2]
    Layer 12 complete: torch.Size([4096, 1024])

============================================================
Processing Layer 13/16
============================================================
  attn.proj: Using Chain Pruning + KFAC
decoder_time:4.111051559448242ms
decoder_time:3.965616226196289ms
decoder_time:6.505489349365234ms
decoder_time:7.160663604736328ms
decoder_time:7.8945159912109375ms
decoder_time:8.672952651977539ms
decoder_time:9.465932846069336ms
decoder_time:10.268926620483398ms
decoder_time:11.063337326049805ms
decoder_time:11.92164421081543ms
    Processed 10/50 batches
decoder_time:12.673616409301758ms
decoder_time:13.473272323608398ms
decoder_time:14.308452606201172ms
decoder_time:15.027761459350586ms
decoder_time:15.836000442504883ms
decoder_time:16.60013198852539ms
decoder_time:17.394065856933594ms
decoder_time:18.200397491455078ms
decoder_time:18.94521713256836ms
decoder_time:19.778013229370117ms
    Processed 20/50 batches
decoder_time:20.537137985229492ms
decoder_time:21.322250366210938ms
decoder_time:22.138595581054688ms
decoder_time:22.80735969543457ms
decoder_time:23.64063262939453ms
decoder_time:24.40667152404785ms
decoder_time:25.197744369506836ms
decoder_time:25.988340377807617ms
decoder_time:26.765108108520508ms
decoder_time:27.510643005371094ms
    Processed 30/50 batches
decoder_time:28.317928314208984ms
decoder_time:29.097795486450195ms
decoder_time:29.88576889038086ms
decoder_time:30.666828155517578ms
decoder_time:31.430482864379883ms
decoder_time:32.175540924072266ms
decoder_time:33.0657958984375ms
decoder_time:33.733367919921875ms
decoder_time:34.5766544342041ms
decoder_time:35.33196449279785ms
    Processed 40/50 batches
decoder_time:36.19527816772461ms
decoder_time:36.93246841430664ms
decoder_time:37.66751289367676ms
decoder_time:38.52200508117676ms
decoder_time:39.34788703918457ms
decoder_time:40.0693416595459ms
decoder_time:40.831565856933594ms
decoder_time:41.588783264160156ms
decoder_time:42.432308197021484ms
decoder_time:43.27535629272461ms
    Processed 50/50 batches
    Processing 50 cached batches for attn.proj
  Layer 13: attn.proj sparsity 0.200
    Layer 13: Collected 50 batches
    Scale weights: ['0.015', '0.029', '0.044', '0.059', '0.074', '0.088', '0.118', '0.147', '0.191', '0.235']
    Head importances: [1.0024238383810058e-10, 9.7827350387103e-11, 9.94462845405053e-11, 8.421743857844888e-11, 7.118433620334486e-11, 1.0989262971827785e-10, 6.639500060856562e-11, 8.24051521464142e-11, 1.4006737436567107e-10, 1.0764465707691073e-10, 8.473075019388432e-11, 1.0515889548035062e-10, 1.0960987673058753e-10, 1.217210221504672e-10, 8.405200146999192e-11, 1.3350714977988787e-10]
    Pruning 3/16 heads: [6, 4, 7]
    Layer 13 complete: torch.Size([4096, 1024])

============================================================
Processing Layer 14/16
============================================================
  attn.proj: Using Chain Pruning + KFAC
decoder_time:4.0531158447265625ms
decoder_time:3.989696502685547ms
decoder_time:6.492137908935547ms
decoder_time:7.169485092163086ms
decoder_time:7.900714874267578ms
decoder_time:8.673906326293945ms
decoder_time:9.458780288696289ms
decoder_time:10.24317741394043ms
decoder_time:11.030197143554688ms
decoder_time:11.880636215209961ms
    Processed 10/50 batches
decoder_time:12.662649154663086ms
decoder_time:13.503313064575195ms
decoder_time:14.264822006225586ms
decoder_time:15.005826950073242ms
decoder_time:15.819787979125977ms
decoder_time:16.54648780822754ms
decoder_time:17.38905906677246ms
decoder_time:18.157005310058594ms
decoder_time:18.877744674682617ms
decoder_time:19.698619842529297ms
    Processed 20/50 batches
decoder_time:20.485401153564453ms
decoder_time:21.239042282104492ms
decoder_time:22.082805633544922ms
decoder_time:22.780179977416992ms
decoder_time:23.564815521240234ms
decoder_time:24.378538131713867ms
decoder_time:25.117158889770508ms
decoder_time:25.901317596435547ms
decoder_time:26.744842529296875ms
decoder_time:27.45366096496582ms
    Processed 30/50 batches
decoder_time:28.270959854125977ms
decoder_time:28.987407684326172ms
decoder_time:29.81853485107422ms
decoder_time:30.547618865966797ms
decoder_time:31.358718872070312ms
decoder_time:32.14526176452637ms
decoder_time:32.9129695892334ms
decoder_time:33.68115425109863ms
decoder_time:34.503936767578125ms
decoder_time:35.1567268371582ms
    Processed 40/50 batches
decoder_time:36.0720157623291ms
decoder_time:36.80849075317383ms
decoder_time:37.62173652648926ms
decoder_time:38.33723068237305ms
decoder_time:39.21008110046387ms
decoder_time:39.9320125579834ms
decoder_time:40.793418884277344ms
decoder_time:4.195690155029297ms
decoder_time:42.3431396484375ms
decoder_time:43.08772087097168ms
    Processed 50/50 batches
    Processing 50 cached batches for attn.proj
  Layer 14: attn.proj sparsity 0.200
    Layer 14: Collected 50 batches
    Scale weights: ['0.015', '0.029', '0.044', '0.059', '0.074', '0.088', '0.118', '0.147', '0.191', '0.235']
    Head importances: [8.695193870478235e-11, 4.3294290374973343e-10, 8.8269225262394e-11, 8.29287055692518e-11, 1.247206921073385e-10, 1.361689649925779e-10, 8.925901684442294e-11, 1.7009460506756113e-10, 8.088094777258803e-11, 8.196915368685609e-11, 1.5140139142388875e-10, 8.355280356475703e-11, 9.21293388800315e-11, 8.731010359142033e-11, 8.400517781392836e-11, 9.598021682988289e-11]
    Pruning 3/16 heads: [8, 9, 3]
    Layer 14 complete: torch.Size([4096, 1024])

============================================================
Processing Layer 15/16
============================================================
  attn.proj: Using Chain Pruning + KFAC
decoder_time:4.485368728637695ms
decoder_time:4.128217697143555ms
decoder_time:6.514787673950195ms
decoder_time:7.162570953369141ms
decoder_time:7.8983306884765625ms
decoder_time:8.653402328491211ms
decoder_time:9.41157341003418ms
decoder_time:10.197877883911133ms
decoder_time:11.05189323425293ms
decoder_time:11.899471282958984ms
    Processed 10/50 batches
decoder_time:12.660741806030273ms
decoder_time:13.44919204711914ms
decoder_time:14.267206192016602ms
decoder_time:14.97960090637207ms
decoder_time:15.752077102661133ms
decoder_time:16.524314880371094ms
decoder_time:17.272233963012695ms
decoder_time:18.099069595336914ms
decoder_time:18.825292587280273ms
decoder_time:19.59514617919922ms
    Processed 20/50 batches
decoder_time:20.417451858520508ms
decoder_time:21.19922637939453ms
decoder_time:22.00460433959961ms
decoder_time:22.687911987304688ms
decoder_time:23.513317108154297ms
decoder_time:24.204730987548828ms
decoder_time:25.06566047668457ms
decoder_time:25.861263275146484ms
decoder_time:26.684284210205078ms
decoder_time:27.341127395629883ms
    Processed 30/50 batches
decoder_time:28.131484985351562ms
decoder_time:28.899669647216797ms
decoder_time:29.722213745117188ms
decoder_time:30.437946319580078ms
decoder_time:31.200647354125977ms
decoder_time:32.04607963562012ms
decoder_time:32.85837173461914ms
decoder_time:33.51449966430664ms
decoder_time:34.34920310974121ms
decoder_time:35.13002395629883ms
    Processed 40/50 batches
decoder_time:35.87460517883301ms
decoder_time:36.73148155212402ms
decoder_time:37.48464584350586ms
decoder_time:38.27166557312012ms
decoder_time:39.03841972351074ms
decoder_time:39.67761993408203ms
decoder_time:40.62294960021973ms
decoder_time:41.26858711242676ms
decoder_time:42.104482650756836ms
decoder_time:42.861223220825195ms
    Processed 50/50 batches
    Processing 50 cached batches for attn.proj
  Layer 15: attn.proj sparsity 0.200
    Layer 15: Collected 50 batches
    Scale weights: ['0.015', '0.029', '0.044', '0.059', '0.074', '0.088', '0.118', '0.147', '0.191', '0.235']
    Head importances: [1.5625488458681502e-08, 1.0158552221639638e-08, 1.0087602753117153e-08, 1.09345474896827e-08, 3.14682679913858e-08, 3.7718223211413715e-08, 8.011342345071171e-08, 1.1231301222380807e-08, 7.327261641876248e-08, 1.0006997896994108e-08, 4.043844370471561e-08, 1.2174147911991895e-08, 2.7490337117797026e-08, 4.409058362853102e-08, 1.0417664064732435e-08, 1.7985688316457527e-07]
    Pruning 3/16 heads: [9, 2, 1]
    Layer 15 complete: torch.Size([4096, 1024])
memory consumption: 10911.45 MB
Pruning completed in 343.42 seconds
******************************
layer 0 sparsity 0.000000
layer 1 sparsity 0.000000
layer 2 sparsity 0.000000
layer 3 sparsity 0.000000
layer 4 sparsity 0.000000
layer 5 sparsity 0.000000
layer 6 sparsity 0.000000
layer 7 sparsity 0.000000
layer 8 sparsity 0.000000
layer 9 sparsity 0.000000
layer 10 sparsity 0.000000
layer 11 sparsity 0.000000
layer 12 sparsity 0.000000
layer 13 sparsity 0.000000
layer 14 sparsity 0.000000
layer 15 sparsity 0.000000
Final sparsity: 0.0000
******************************
After pruning - All params: 0.30B	 Layer params: 0.30B	 Extra params: 0.00B
decoder_time:4.342079162597656ms
Inference time: 0.1314 seconds
Pruned model saved to: /home/project/real_prune/VAR_FIDtest/batch_models/chain_kfac/var_d16_chain_kfac_s0.2_sqrt_n50.pth
Chain pruning completed successfully!
✅ 完成: var_d16_chain_kfac_s0.2_sqrt_n50.pth
----------------------------------------
训练 Chain KFAC: sparsity=0.3, strategy=natural
/root/miniconda3/envs/var/lib/python3.10/site-packages/torch/backends/__init__.py:46: UserWarning: Please use the new API settings to control TF32 behavior, such as torch.backends.cudnn.conv.fp32_precision = 'tf32' or torch.backends.cuda.matmul.fp32_precision = 'ieee'. Old settings, e.g, torch.backends.cuda.matmul.allow_tf32 = True, torch.backends.cudnn.allow_tf32 = True, allowTF32CuDNN() and allowTF32CuBLAS() will be deprecated after Pytorch 2.9. Please see https://pytorch.org/docs/main/notes/cuda.html#tensorfloat-32-tf32-on-ampere-and-later-devices (Triggered internally at /pytorch/aten/src/ATen/Context.cpp:80.)
  self.setter(val)
/home/project/real_prune/slimgpt_pub_prune/slim_utils
================================================================================
VAR Chain Pruning with KFAC-OBS
  Method: Chain Pruning + Full-KFAC-OBS
  Scale weighting: natural
  Target sparsity: 30.0%
================================================================================
Loading VAR model...

[constructor]  ==== flash_if_available=True (0/16), fused_if_available=True (fusing_add_ln=0/16, fusing_mlp=0/16) ==== 
    [VAR config ] embed_dim=1024, num_heads=16, depth=16, mlp_ratio=4.0
    [drop ratios ] drop_rate=0.0, attn_drop_rate=0.0, drop_path_rate=0.0666667 (tensor([0.0000, 0.0044, 0.0089, 0.0133, 0.0178, 0.0222, 0.0267, 0.0311, 0.0356,
        0.0400, 0.0444, 0.0489, 0.0533, 0.0578, 0.0622, 0.0667]))

/root/miniconda3/envs/var/lib/python3.10/site-packages/torch/nn/modules/module.py:1866: FutureWarning: Using a non-full backward hook when the forward contains multiple autograd Nodes is deprecated and will be removed in future versions. This hook will be missing some grad_input. Please use register_full_backward_hook to get the documented behavior.
  self._maybe_warn_non_full_backward_hook(args, result, grad_fn)
[init_weights] VAR with init_std=0.0180422
Model preparation finished.
Preparing calibration data...
Before pruning - All params: 0.31B	 Layer params: 0.31B	 Extra params: 0.00B
Starting chain pruning...
Chain Pruning: Starting model slimming...
  Strategy: Layer 0 = SlimGPT, Layers 1+ = Chain KFAC
  Scale weighting: natural
  Total samples: 50

============================================================
Processing Layer 0/16
============================================================
  attn.proj: Using SlimGPT (first layer)
decoder_time:53.47180366516113ms
decoder_time:4.465579986572266ms
decoder_time:6.071567535400391ms
decoder_time:7.216691970825195ms
decoder_time:7.993221282958984ms
decoder_time:8.767843246459961ms
decoder_time:9.584188461303711ms
decoder_time:10.429859161376953ms
decoder_time:11.123895645141602ms
decoder_time:12.106657028198242ms
    Processed 10/50 batches
decoder_time:12.888431549072266ms
decoder_time:13.704538345336914ms
decoder_time:14.513731002807617ms
decoder_time:15.25735855102539ms
decoder_time:16.05367660522461ms
decoder_time:16.80755615234375ms
decoder_time:17.683744430541992ms
decoder_time:18.45860481262207ms
decoder_time:19.25969123840332ms
decoder_time:20.021438598632812ms
    Processed 20/50 batches
decoder_time:20.871400833129883ms
decoder_time:21.628379821777344ms
decoder_time:22.43328094482422ms
decoder_time:23.192167282104492ms
decoder_time:24.021148681640625ms
decoder_time:24.805545806884766ms
decoder_time:25.604724884033203ms
decoder_time:26.3364315032959ms
decoder_time:4.86302375793457ms
decoder_time:27.84132957458496ms
    Processed 30/50 batches
decoder_time:28.77187728881836ms
decoder_time:29.572486877441406ms
decoder_time:4.60052490234375ms
decoder_time:31.21638298034668ms
decoder_time:32.027244567871094ms
decoder_time:32.352447509765625ms
decoder_time:33.59818458557129ms
decoder_time:34.37638282775879ms
decoder_time:35.19630432128906ms
decoder_time:4.553079605102539ms
    Processed 40/50 batches
decoder_time:36.76581382751465ms
decoder_time:37.555694580078125ms
decoder_time:38.44928741455078ms
decoder_time:39.16525840759277ms
decoder_time:39.853572845458984ms
decoder_time:40.78102111816406ms
decoder_time:41.567325592041016ms
decoder_time:42.39153861999512ms
decoder_time:43.22171211242676ms
decoder_time:44.00634765625ms
    Processed 50/50 batches
  Layer 0: attn.proj sparsity 0.300
    Layer 0 complete: torch.Size([4096, 1024])

============================================================
Processing Layer 1/16
============================================================
  attn.proj: Using Chain Pruning + KFAC
decoder_time:4.428625106811523ms
decoder_time:4.283666610717773ms
decoder_time:6.480932235717773ms
decoder_time:7.16853141784668ms
decoder_time:7.94219970703125ms
decoder_time:8.719205856323242ms
decoder_time:9.508848190307617ms
decoder_time:10.340452194213867ms
decoder_time:11.168718338012695ms
decoder_time:12.004375457763672ms
    Processed 10/50 batches
decoder_time:12.781858444213867ms
decoder_time:13.558626174926758ms
decoder_time:14.349699020385742ms
decoder_time:15.138864517211914ms
decoder_time:15.951156616210938ms
decoder_time:16.739368438720703ms
decoder_time:17.53997802734375ms
decoder_time:18.331050872802734ms
decoder_time:19.118547439575195ms
decoder_time:19.945621490478516ms
    Processed 20/50 batches
decoder_time:20.67255973815918ms
decoder_time:21.520137786865234ms
decoder_time:22.298812866210938ms
decoder_time:23.050785064697266ms
decoder_time:23.869037628173828ms
decoder_time:4.360675811767578ms
decoder_time:25.45332908630371ms
decoder_time:26.232004165649414ms
decoder_time:27.073383331298828ms
decoder_time:27.802228927612305ms
    Processed 30/50 batches
decoder_time:28.536319732666016ms
decoder_time:29.334545135498047ms
decoder_time:30.236244201660156ms
decoder_time:31.00275993347168ms
decoder_time:4.161834716796875ms
decoder_time:32.60207176208496ms
decoder_time:33.38360786437988ms
decoder_time:34.146785736083984ms
decoder_time:35.00628471374512ms
decoder_time:35.69149971008301ms
    Processed 40/50 batches
decoder_time:36.63992881774902ms
decoder_time:37.405967712402344ms
decoder_time:38.18964958190918ms
decoder_time:38.9556884765625ms
decoder_time:4.192352294921875ms
decoder_time:4.179716110229492ms
decoder_time:4.163265228271484ms
decoder_time:4.201412200927734ms
decoder_time:4.174470901489258ms
decoder_time:43.68925094604492ms
    Processed 50/50 batches
    Processing 50 cached batches for attn.proj
  Layer 1: attn.proj sparsity 0.300
    Layer 1: Collected 50 batches
    Scale weights: ['0.001', '0.006', '0.013', '0.024', '0.037', '0.053', '0.094', '0.147', '0.249', '0.376']
    Head importances: [9.775140766277168e-13, 1.025560929582281e-12, 1.294638007909299e-12, 1.4502932275256564e-12, 1.2459521261942719e-12, 1.499532919710389e-12, 9.475916145501584e-13, 1.3787016233529625e-12, 1.5722468899720399e-12, 1.3187821060883786e-12, 1.3826961494170509e-12, 1.339197741416498e-12, 1.3271790350738444e-12, 1.1555366039028847e-12, 1.1862702660458968e-12, 9.135939617668787e-13]
    Pruning 5/16 heads: [15, 6, 0, 1, 13]
    Layer 1 complete: torch.Size([4096, 1024])

============================================================
Processing Layer 2/16
============================================================
  attn.proj: Using Chain Pruning + KFAC
decoder_time:4.080772399902344ms
decoder_time:4.027128219604492ms
decoder_time:6.488800048828125ms
decoder_time:7.226467132568359ms
decoder_time:7.912635803222656ms
decoder_time:8.703231811523438ms
decoder_time:9.534120559692383ms
decoder_time:10.313034057617188ms
decoder_time:11.168241500854492ms
decoder_time:11.97195053100586ms
    Processed 10/50 batches
decoder_time:12.79759407043457ms
decoder_time:13.571023941040039ms
decoder_time:14.382600784301758ms
decoder_time:15.123844146728516ms
decoder_time:15.954732894897461ms
decoder_time:16.700029373168945ms
decoder_time:17.571210861206055ms
decoder_time:18.299102783203125ms
decoder_time:19.126415252685547ms
decoder_time:19.928455352783203ms
    Processed 20/50 batches
decoder_time:20.720958709716797ms
decoder_time:21.486520767211914ms
decoder_time:22.316455841064453ms
decoder_time:23.039579391479492ms
decoder_time:23.90122413635254ms
decoder_time:24.637222290039062ms
decoder_time:4.434108734130859ms
decoder_time:26.223421096801758ms
decoder_time:27.05097198486328ms
decoder_time:27.817249298095703ms
    Processed 30/50 batches
decoder_time:28.6257266998291ms
decoder_time:4.157781600952148ms
decoder_time:30.24005889892578ms
decoder_time:31.03017807006836ms
decoder_time:31.807899475097656ms
decoder_time:32.57298469543457ms
decoder_time:33.44273567199707ms
decoder_time:34.15083885192871ms
decoder_time:34.93523597717285ms
decoder_time:35.67004203796387ms
    Processed 40/50 batches
decoder_time:4.17327880859375ms
decoder_time:37.415266036987305ms
decoder_time:38.16676139831543ms
decoder_time:38.94233703613281ms
decoder_time:4.249811172485352ms
decoder_time:4.284381866455078ms
decoder_time:4.09245491027832ms
decoder_time:31.308889389038086ms
decoder_time:4.114627838134766ms
decoder_time:4.319429397583008ms
    Processed 50/50 batches
    Processing 50 cached batches for attn.proj
  Layer 2: attn.proj sparsity 0.300
    Layer 2: Collected 50 batches
    Scale weights: ['0.001', '0.006', '0.013', '0.024', '0.037', '0.053', '0.094', '0.147', '0.249', '0.376']
    Head importances: [8.294489227400614e-13, 3.521574850305631e-13, 6.713023149515496e-13, 6.36023568881261e-13, 3.641722340352871e-13, 2.867347743788773e-13, 9.227054884042296e-13, 6.255998865646595e-13, 3.892971014995972e-13, 6.175713152672957e-13, 5.350699267339665e-13, 3.9451726390957176e-13, 6.465957326853844e-13, 3.449472966380457e-13, 3.9009653797147936e-13, 5.299874037897889e-13]
    Pruning 5/16 heads: [5, 13, 1, 4, 8]
    Layer 2 complete: torch.Size([4096, 1024])

============================================================
Processing Layer 3/16
============================================================
  attn.proj: Using Chain Pruning + KFAC
decoder_time:4.143953323364258ms
decoder_time:4.059553146362305ms
decoder_time:6.470918655395508ms
decoder_time:7.150173187255859ms
decoder_time:7.923364639282227ms
decoder_time:8.68535041809082ms
decoder_time:9.554386138916016ms
decoder_time:10.336875915527344ms
decoder_time:11.165618896484375ms
decoder_time:12.014627456665039ms
    Processed 10/50 batches
decoder_time:12.787580490112305ms
decoder_time:13.550519943237305ms
decoder_time:14.383554458618164ms
decoder_time:15.140533447265625ms
decoder_time:15.959024429321289ms
decoder_time:16.697168350219727ms
decoder_time:17.569541931152344ms
decoder_time:18.294334411621094ms
decoder_time:19.095659255981445ms
decoder_time:19.939661026000977ms
    Processed 20/50 batches
decoder_time:20.694971084594727ms
decoder_time:21.463871002197266ms
decoder_time:22.32050895690918ms
decoder_time:23.050546646118164ms
decoder_time:23.92578125ms
decoder_time:24.646520614624023ms
decoder_time:25.470495223999023ms
decoder_time:26.22199058532715ms
decoder_time:27.017593383789062ms
decoder_time:27.78315544128418ms
    Processed 30/50 batches
decoder_time:28.628110885620117ms
decoder_time:29.439687728881836ms
decoder_time:30.24744987487793ms
decoder_time:31.048297882080078ms
decoder_time:31.826019287109375ms
decoder_time:32.63688087463379ms
decoder_time:33.39862823486328ms
decoder_time:34.121036529541016ms
decoder_time:35.051822662353516ms
decoder_time:35.794734954833984ms
    Processed 40/50 batches
decoder_time:36.60249710083008ms
decoder_time:37.4143123626709ms
decoder_time:38.18082809448242ms
decoder_time:38.956642150878906ms
decoder_time:39.75987434387207ms
decoder_time:30.324220657348633ms
decoder_time:41.34321212768555ms
decoder_time:37.27841377258301ms
decoder_time:4.158258438110352ms
decoder_time:4.181623458862305ms
    Processed 50/50 batches
    Processing 50 cached batches for attn.proj
  Layer 3: attn.proj sparsity 0.300
    Layer 3: Collected 50 batches
    Scale weights: ['0.001', '0.006', '0.013', '0.024', '0.037', '0.053', '0.094', '0.147', '0.249', '0.376']
    Head importances: [9.252102122631056e-13, 1.2631958196465676e-12, 1.262133843618618e-12, 7.259438276202568e-13, 1.4373470946446587e-12, 8.291487613686088e-13, 1.4602030522226084e-12, 8.726504761857878e-13, 6.136127305052252e-13, 6.615694862592558e-13, 7.966589627567133e-13, 8.542693462343376e-13, 5.349247520630707e-13, 6.2635367812508e-13, 1.3085251198557968e-12, 2.027512055816083e-12]
    Pruning 5/16 heads: [12, 8, 13, 9, 3]
    Layer 3 complete: torch.Size([4096, 1024])

============================================================
Processing Layer 4/16
============================================================
  attn.proj: Using Chain Pruning + KFAC
decoder_time:4.113435745239258ms
decoder_time:4.039764404296875ms
decoder_time:6.482362747192383ms
decoder_time:7.163524627685547ms
decoder_time:7.930994033813477ms
decoder_time:8.675575256347656ms
decoder_time:9.54127311706543ms
decoder_time:10.316848754882812ms
decoder_time:11.139392852783203ms
decoder_time:11.96599006652832ms
    Processed 10/50 batches
decoder_time:12.780189514160156ms
decoder_time:13.59248161315918ms
decoder_time:14.385461807250977ms
decoder_time:15.12908935546875ms
decoder_time:15.95449447631836ms
decoder_time:16.74652099609375ms
decoder_time:17.577409744262695ms
decoder_time:18.33319664001465ms
decoder_time:19.09780502319336ms
decoder_time:19.867897033691406ms
    Processed 20/50 batches
decoder_time:20.71547508239746ms
decoder_time:21.501779556274414ms
decoder_time:22.306442260742188ms
decoder_time:23.085355758666992ms
decoder_time:23.919105529785156ms
decoder_time:24.659156799316406ms
decoder_time:25.452852249145508ms
decoder_time:26.20983123779297ms
decoder_time:27.065038681030273ms
decoder_time:21.718740463256836ms
    Processed 30/50 batches
decoder_time:28.646469116210938ms
decoder_time:29.387712478637695ms
decoder_time:30.26747703552246ms
decoder_time:31.04400634765625ms
decoder_time:31.790733337402344ms
decoder_time:4.412412643432617ms
decoder_time:33.40291976928711ms
decoder_time:34.173011779785156ms
decoder_time:34.986019134521484ms
decoder_time:35.738229751586914ms
    Processed 40/50 batches
decoder_time:36.66281700134277ms
decoder_time:4.378795623779297ms
decoder_time:38.08021545410156ms
decoder_time:38.8636589050293ms
decoder_time:39.7646427154541ms
decoder_time:40.538787841796875ms
decoder_time:41.34368896484375ms
decoder_time:4.12750244140625ms
decoder_time:4.160165786743164ms
decoder_time:4.111766815185547ms
    Processed 50/50 batches
    Processing 50 cached batches for attn.proj
  Layer 4: attn.proj sparsity 0.300
    Layer 4: Collected 50 batches
    Scale weights: ['0.001', '0.006', '0.013', '0.024', '0.037', '0.053', '0.094', '0.147', '0.249', '0.376']
    Head importances: [2.049456090946755e-12, 9.395535564837854e-13, 1.871527672420159e-12, 1.4994585434413565e-12, 9.904176003633358e-13, 1.339104825290316e-12, 1.21871956970665e-12, 2.635722803207008e-12, 1.3923352488315333e-12, 2.1887149211086143e-12, 7.102932608402113e-13, 1.0836002234393405e-12, 2.3076922317510906e-12, 9.16616175322682e-13, 2.148091817269493e-12, 1.1540027830894695e-12]
    Pruning 5/16 heads: [10, 13, 1, 4, 11]
    Layer 4 complete: torch.Size([4096, 1024])

============================================================
Processing Layer 5/16
============================================================
  attn.proj: Using Chain Pruning + KFAC
decoder_time:4.101991653442383ms
decoder_time:4.06336784362793ms
decoder_time:6.473541259765625ms
decoder_time:7.137298583984375ms
decoder_time:7.939577102661133ms
decoder_time:8.689165115356445ms
decoder_time:9.491682052612305ms
decoder_time:10.327577590942383ms
decoder_time:11.234521865844727ms
decoder_time:12.014389038085938ms
    Processed 10/50 batches
decoder_time:12.825727462768555ms
decoder_time:13.538122177124023ms
decoder_time:14.346599578857422ms
decoder_time:15.148162841796875ms
decoder_time:15.944957733154297ms
decoder_time:16.719579696655273ms
decoder_time:17.572879791259766ms
decoder_time:18.320560455322266ms
decoder_time:19.093036651611328ms
decoder_time:19.874095916748047ms
    Processed 20/50 batches
decoder_time:20.715713500976562ms
decoder_time:21.446704864501953ms
decoder_time:22.331714630126953ms
decoder_time:23.066043853759766ms
decoder_time:23.914575576782227ms
decoder_time:24.65677261352539ms
decoder_time:25.428295135498047ms
decoder_time:26.184558868408203ms
decoder_time:27.03690528869629ms
decoder_time:27.732133865356445ms
    Processed 30/50 batches
decoder_time:28.6099910736084ms
decoder_time:29.366731643676758ms
decoder_time:30.243635177612305ms
decoder_time:31.000852584838867ms
decoder_time:31.727313995361328ms
decoder_time:32.64904022216797ms
decoder_time:33.43534469604492ms
decoder_time:4.118919372558594ms
decoder_time:34.9884033203125ms
decoder_time:35.75897216796875ms
    Processed 40/50 batches
decoder_time:36.54789924621582ms
decoder_time:37.37211227416992ms
decoder_time:38.13338279724121ms
decoder_time:38.9404296875ms
decoder_time:4.187107086181641ms
decoder_time:4.121541976928711ms
decoder_time:41.3205623626709ms
decoder_time:42.028188705444336ms
decoder_time:4.348993301391602ms
decoder_time:43.72859001159668ms
    Processed 50/50 batches
    Processing 50 cached batches for attn.proj
  Layer 5: attn.proj sparsity 0.300
    Layer 5: Collected 50 batches
    Scale weights: ['0.001', '0.006', '0.013', '0.024', '0.037', '0.053', '0.094', '0.147', '0.249', '0.376']
    Head importances: [8.728636303328985e-13, 1.6269809935062773e-12, 6.275048839918251e-13, 9.19159279938464e-13, 8.215714350154335e-13, 6.175423128591817e-13, 9.282723244588564e-13, 1.5422939618134346e-12, 1.6050461740940714e-12, 1.6460413761187898e-12, 1.5165362455410447e-12, 7.623489513275405e-13, 8.578823957640369e-13, 8.604022984533277e-13, 6.361393616732824e-13, 8.255824409525436e-13]
    Pruning 5/16 heads: [5, 2, 14, 11, 4]
    Layer 5 complete: torch.Size([4096, 1024])

============================================================
Processing Layer 6/16
============================================================
  attn.proj: Using Chain Pruning + KFAC
decoder_time:4.089117050170898ms
decoder_time:3.9544105529785156ms
decoder_time:6.46209716796875ms
decoder_time:7.156133651733398ms
decoder_time:7.903099060058594ms
decoder_time:8.7127685546875ms
decoder_time:9.531497955322266ms
decoder_time:10.357141494750977ms
decoder_time:11.171102523803711ms
decoder_time:11.992454528808594ms
    Processed 10/50 batches
decoder_time:12.778520584106445ms
decoder_time:13.572454452514648ms
decoder_time:14.377117156982422ms
decoder_time:15.140056610107422ms
decoder_time:15.948295593261719ms
decoder_time:16.712188720703125ms
decoder_time:17.514944076538086ms
decoder_time:18.308639526367188ms
decoder_time:19.09947395324707ms
decoder_time:19.916296005249023ms
    Processed 20/50 batches
decoder_time:20.730018615722656ms
decoder_time:21.491289138793945ms
decoder_time:22.152185440063477ms
decoder_time:23.073196411132812ms
decoder_time:23.88906478881836ms
decoder_time:24.644851684570312ms
decoder_time:25.438547134399414ms
decoder_time:26.194334030151367ms
decoder_time:27.03690528869629ms
decoder_time:27.722597122192383ms
    Processed 30/50 batches
decoder_time:28.582334518432617ms
decoder_time:29.366493225097656ms
decoder_time:30.215024948120117ms
decoder_time:30.992746353149414ms
decoder_time:4.090070724487305ms
decoder_time:32.51838684082031ms
decoder_time:33.402204513549805ms
decoder_time:34.12818908691406ms
decoder_time:34.94834899902344ms
decoder_time:35.6905460357666ms
    Processed 40/50 batches
decoder_time:36.534786224365234ms
decoder_time:37.30487823486328ms
decoder_time:38.12122344970703ms
decoder_time:38.92922401428223ms
decoder_time:39.75248336791992ms
decoder_time:40.4815673828125ms
decoder_time:41.306257247924805ms
decoder_time:14.758110046386719ms
decoder_time:11.919975280761719ms
decoder_time:4.095792770385742ms
    Processed 50/50 batches
    Processing 50 cached batches for attn.proj
  Layer 6: attn.proj sparsity 0.300
    Layer 6: Collected 50 batches
    Scale weights: ['0.001', '0.006', '0.013', '0.024', '0.037', '0.053', '0.094', '0.147', '0.249', '0.376']
    Head importances: [9.54751360436601e-13, 1.1263227763652628e-12, 2.6559349337873517e-12, 9.961341647379829e-13, 1.1671146904826402e-12, 1.0534895438646386e-12, 8.284198522480468e-13, 8.981011464029298e-13, 3.3204595756980426e-12, 8.007185409511508e-13, 1.0116976700835778e-12, 1.1989454568039903e-12, 9.128686305134859e-13, 1.2833726052360883e-12, 1.0478121191884182e-12, 1.3677329668143612e-12]
    Pruning 5/16 heads: [9, 6, 7, 12, 0]
    Layer 6 complete: torch.Size([4096, 1024])

============================================================
Processing Layer 7/16
============================================================
  attn.proj: Using Chain Pruning + KFAC
decoder_time:4.040718078613281ms
decoder_time:3.9415359497070312ms
decoder_time:6.474733352661133ms
decoder_time:7.135629653930664ms
decoder_time:7.889032363891602ms
decoder_time:8.690834045410156ms
decoder_time:9.510993957519531ms
decoder_time:10.306835174560547ms
decoder_time:11.177539825439453ms
decoder_time:11.982440948486328ms
    Processed 10/50 batches
decoder_time:12.79139518737793ms
decoder_time:13.562679290771484ms
decoder_time:14.391422271728516ms
decoder_time:15.142440795898438ms
decoder_time:15.941143035888672ms
decoder_time:16.724348068237305ms
decoder_time:17.559528350830078ms
decoder_time:18.318891525268555ms
decoder_time:19.093990325927734ms
decoder_time:19.877910614013672ms
    Processed 20/50 batches
decoder_time:20.705223083496094ms
decoder_time:21.47364616394043ms
decoder_time:22.270917892456055ms
decoder_time:23.038148880004883ms
decoder_time:23.84042739868164ms
decoder_time:24.709463119506836ms
decoder_time:25.391578674316406ms
decoder_time:26.18718147277832ms
decoder_time:27.043581008911133ms
decoder_time:27.758121490478516ms
    Processed 30/50 batches
decoder_time:28.604984283447266ms
decoder_time:29.359102249145508ms
decoder_time:30.192852020263672ms
decoder_time:30.985355377197266ms
decoder_time:31.810760498046875ms
decoder_time:32.55629539489746ms
decoder_time:33.36834907531738ms
decoder_time:34.16776657104492ms
decoder_time:34.9884033203125ms
decoder_time:35.717010498046875ms
    Processed 40/50 batches
decoder_time:36.55815124511719ms
decoder_time:37.317752838134766ms
decoder_time:153.36275100708008ms
decoder_time:38.88106346130371ms
decoder_time:39.7946834564209ms
decoder_time:4.1370391845703125ms
decoder_time:41.34726524353027ms
decoder_time:42.069196701049805ms
decoder_time:42.96755790710449ms
decoder_time:43.727874755859375ms
    Processed 50/50 batches
    Processing 50 cached batches for attn.proj
  Layer 7: attn.proj sparsity 0.300
    Layer 7: Collected 50 batches
    Scale weights: ['0.001', '0.006', '0.013', '0.024', '0.037', '0.053', '0.094', '0.147', '0.249', '0.376']
    Head importances: [2.3018600914248566e-12, 3.028387436654345e-12, 4.297005026104861e-12, 2.3210023313013917e-12, 2.95527209474844e-12, 2.8159974352348627e-12, 1.9159947066416105e-12, 1.827039387836127e-12, 2.895182791423645e-12, 2.0943980057197553e-12, 2.227197159337946e-12, 2.155464608882829e-12, 2.040236252512373e-12, 2.191104719537207e-12, 2.845951339175423e-12, 3.1437717012972044e-12]
    Pruning 5/16 heads: [7, 6, 12, 9, 11]
    Layer 7 complete: torch.Size([4096, 1024])

============================================================
Processing Layer 8/16
============================================================
  attn.proj: Using Chain Pruning + KFAC
decoder_time:4.035711288452148ms
decoder_time:3.9544105529785156ms
decoder_time:6.456613540649414ms
decoder_time:7.117986679077148ms
decoder_time:7.893562316894531ms
decoder_time:8.71586799621582ms
decoder_time:9.556293487548828ms
decoder_time:10.329723358154297ms
decoder_time:11.168241500854492ms
decoder_time:11.992931365966797ms
    Processed 10/50 batches
decoder_time:12.737751007080078ms
decoder_time:13.544082641601562ms
decoder_time:14.368534088134766ms
decoder_time:15.100955963134766ms
decoder_time:15.960693359375ms
decoder_time:16.701459884643555ms
decoder_time:17.54021644592285ms
decoder_time:18.312454223632812ms
decoder_time:19.07205581665039ms
decoder_time:19.865036010742188ms
    Processed 20/50 batches
decoder_time:20.696640014648438ms
decoder_time:21.462202072143555ms
decoder_time:22.220611572265625ms
decoder_time:23.061275482177734ms
decoder_time:23.882389068603516ms
decoder_time:24.6734619140625ms
decoder_time:25.413036346435547ms
decoder_time:26.15070343017578ms
decoder_time:27.001142501831055ms
decoder_time:27.739286422729492ms
    Processed 30/50 batches
decoder_time:28.59020233154297ms
decoder_time:29.305219650268555ms
decoder_time:30.175209045410156ms
decoder_time:30.976057052612305ms
decoder_time:31.80217742919922ms
decoder_time:32.57608413696289ms
decoder_time:33.37287902832031ms
decoder_time:34.13653373718262ms
decoder_time:35.001277923583984ms
decoder_time:35.7213020324707ms
    Processed 40/50 batches
decoder_time:36.53597831726074ms
decoder_time:37.28151321411133ms
decoder_time:38.14840316772461ms
decoder_time:38.90562057495117ms
decoder_time:4.143714904785156ms
decoder_time:40.47417640686035ms
decoder_time:41.351318359375ms
decoder_time:4.298210144042969ms
decoder_time:4.3487548828125ms
decoder_time:43.706417083740234ms
    Processed 50/50 batches
    Processing 50 cached batches for attn.proj
  Layer 8: attn.proj sparsity 0.300
    Layer 8: Collected 50 batches
    Scale weights: ['0.001', '0.006', '0.013', '0.024', '0.037', '0.053', '0.094', '0.147', '0.249', '0.376']
    Head importances: [1.1122042956751566e-12, 1.3112046171048775e-12, 1.9428111463354325e-12, 1.5513799012795149e-12, 1.2751931672064232e-12, 2.0685879224824344e-12, 1.4447080684543145e-12, 2.1764762301451634e-12, 2.793265835646097e-12, 2.1655923582164505e-12, 1.5397600729161187e-12, 2.0558400901787843e-12, 1.178769755416642e-12, 1.4893750295563724e-12, 9.644484646673113e-13, 1.8986496402861874e-12]
    Pruning 5/16 heads: [14, 0, 12, 4, 1]
    Layer 8 complete: torch.Size([4096, 1024])

============================================================
Processing Layer 9/16
============================================================
  attn.proj: Using Chain Pruning + KFAC
decoder_time:4.177570343017578ms
decoder_time:4.034519195556641ms
decoder_time:6.411314010620117ms
decoder_time:7.094383239746094ms
decoder_time:7.834911346435547ms
decoder_time:8.609771728515625ms
decoder_time:9.45591926574707ms
decoder_time:10.241031646728516ms
decoder_time:11.06882095336914ms
decoder_time:11.914968490600586ms
    Processed 10/50 batches
decoder_time:12.685060501098633ms
decoder_time:13.469696044921875ms
decoder_time:14.287948608398438ms
decoder_time:15.061616897583008ms
decoder_time:15.849590301513672ms
decoder_time:16.622304916381836ms
decoder_time:17.411231994628906ms
decoder_time:18.22185516357422ms
decoder_time:18.996477127075195ms
decoder_time:19.7908878326416ms
    Processed 20/50 batches
decoder_time:20.542144775390625ms
decoder_time:21.320819854736328ms
decoder_time:22.132396697998047ms
decoder_time:22.891521453857422ms
decoder_time:23.66948127746582ms
decoder_time:24.512767791748047ms
decoder_time:25.243759155273438ms
decoder_time:26.02863311767578ms
decoder_time:26.775360107421875ms
decoder_time:27.619361877441406ms
    Processed 30/50 batches
decoder_time:28.412818908691406ms
decoder_time:29.187440872192383ms
decoder_time:29.999494552612305ms
decoder_time:30.774831771850586ms
decoder_time:31.558513641357422ms
decoder_time:32.38558769226074ms
decoder_time:33.15448760986328ms
decoder_time:33.98442268371582ms
decoder_time:34.73305702209473ms
decoder_time:35.4311466217041ms
    Processed 40/50 batches
decoder_time:36.299705505371094ms
decoder_time:37.109375ms
decoder_time:37.899017333984375ms
decoder_time:38.64407539367676ms
decoder_time:39.50619697570801ms
decoder_time:4.175662994384766ms
decoder_time:41.06926918029785ms
decoder_time:4.338979721069336ms
decoder_time:42.63496398925781ms
decoder_time:43.457984924316406ms
    Processed 50/50 batches
    Processing 50 cached batches for attn.proj
  Layer 9: attn.proj sparsity 0.300
    Layer 9: Collected 50 batches
    Scale weights: ['0.001', '0.006', '0.013', '0.024', '0.037', '0.053', '0.094', '0.147', '0.249', '0.376']
    Head importances: [3.895893156691255e-12, 1.8035000576288596e-12, 1.89448760498645e-12, 1.3943208566902232e-12, 1.7325608179033503e-12, 2.145817811632922e-12, 2.235546383427822e-12, 2.975426762613642e-12, 2.2752756709959465e-12, 2.4078386853809697e-12, 2.0450858888299006e-12, 2.943438028035761e-12, 1.8642637347049407e-12, 1.9260502481105446e-12, 2.042587453343625e-12, 1.4964886968504842e-12]
    Pruning 5/16 heads: [3, 15, 4, 1, 12]
    Layer 9 complete: torch.Size([4096, 1024])

============================================================
Processing Layer 10/16
============================================================
  attn.proj: Using Chain Pruning + KFAC
decoder_time:4.117012023925781ms
decoder_time:3.9293766021728516ms
decoder_time:6.376028060913086ms
decoder_time:7.068634033203125ms
decoder_time:7.822513580322266ms
decoder_time:8.599519729614258ms
decoder_time:9.371519088745117ms
decoder_time:10.18834114074707ms
decoder_time:11.008024215698242ms
decoder_time:11.79814338684082ms
    Processed 10/50 batches
decoder_time:12.58707046508789ms
decoder_time:13.363838195800781ms
decoder_time:14.19210433959961ms
decoder_time:14.934539794921875ms
decoder_time:15.743732452392578ms
decoder_time:16.477584838867188ms
decoder_time:17.294645309448242ms
decoder_time:18.09382438659668ms
decoder_time:18.86916160583496ms
decoder_time:19.622087478637695ms
    Processed 20/50 batches
decoder_time:20.46656608581543ms
decoder_time:21.240949630737305ms
decoder_time:22.00484275817871ms
decoder_time:22.74346351623535ms
decoder_time:23.537397384643555ms
decoder_time:24.300336837768555ms
decoder_time:25.08687973022461ms
decoder_time:25.836706161499023ms
decoder_time:26.659488677978516ms
decoder_time:27.411460876464844ms
    Processed 30/50 batches
decoder_time:28.24258804321289ms
decoder_time:28.966903686523438ms
decoder_time:29.807329177856445ms
decoder_time:30.627965927124023ms
decoder_time:31.38422966003418ms
decoder_time:32.13238716125488ms
decoder_time:32.98544883728027ms
decoder_time:33.74338150024414ms
decoder_time:34.51061248779297ms
decoder_time:35.23969650268555ms
    Processed 40/50 batches
decoder_time:36.07964515686035ms
decoder_time:36.843299865722656ms
decoder_time:37.60027885437012ms
decoder_time:38.38205337524414ms
decoder_time:39.261817932128906ms
decoder_time:40.025949478149414ms
decoder_time:40.839433670043945ms
decoder_time:41.51177406311035ms
decoder_time:15.18392562866211ms
decoder_time:43.18046569824219ms
    Processed 50/50 batches
    Processing 50 cached batches for attn.proj
  Layer 10: attn.proj sparsity 0.300
    Layer 10: Collected 50 batches
    Scale weights: ['0.001', '0.006', '0.013', '0.024', '0.037', '0.053', '0.094', '0.147', '0.249', '0.376']
    Head importances: [3.4081674114838645e-12, 3.66227274201103e-12, 3.951158844550662e-12, 3.8686050890524015e-12, 5.182752664534274e-12, 2.82181960090111e-12, 2.5662033262263684e-12, 6.288974115781221e-12, 3.2826636374438944e-12, 4.21982414289257e-12, 3.2396611435170364e-12, 3.341238093493293e-12, 3.5362604771521644e-12, 3.0314711244733283e-12, 3.655167314653429e-12, 2.9693409189790465e-12]
    Pruning 5/16 heads: [6, 5, 15, 13, 10]
    Layer 10 complete: torch.Size([4096, 1024])

============================================================
Processing Layer 11/16
============================================================
  attn.proj: Using Chain Pruning + KFAC
decoder_time:4.009485244750977ms
decoder_time:3.9496421813964844ms
decoder_time:6.32476806640625ms
decoder_time:7.01141357421875ms
decoder_time:7.758855819702148ms
decoder_time:8.506059646606445ms
decoder_time:9.276151657104492ms
decoder_time:10.095357894897461ms
decoder_time:10.892868041992188ms
decoder_time:11.718988418579102ms
    Processed 10/50 batches
decoder_time:12.481927871704102ms
decoder_time:13.289690017700195ms
decoder_time:14.097452163696289ms
decoder_time:14.853239059448242ms
decoder_time:15.677690505981445ms
decoder_time:16.39103889465332ms
decoder_time:17.17853546142578ms
decoder_time:18.047809600830078ms
decoder_time:18.76974105834961ms
decoder_time:19.541263580322266ms
    Processed 20/50 batches
decoder_time:20.313501358032227ms
decoder_time:21.10600471496582ms
decoder_time:21.929264068603516ms
decoder_time:22.5980281829834ms
decoder_time:23.4224796295166ms
decoder_time:24.208784103393555ms
decoder_time:24.964570999145508ms
decoder_time:25.697946548461914ms
decoder_time:26.514053344726562ms
decoder_time:27.234554290771484ms
    Processed 30/50 batches
decoder_time:28.048276901245117ms
decoder_time:28.747081756591797ms
decoder_time:29.626131057739258ms
decoder_time:30.4567813873291ms
decoder_time:31.153440475463867ms
decoder_time:31.94451332092285ms
decoder_time:32.732248306274414ms
decoder_time:33.48708152770996ms
decoder_time:34.29150581359863ms
decoder_time:35.01772880554199ms
    Processed 40/50 batches
decoder_time:35.82906723022461ms
decoder_time:36.61084175109863ms
decoder_time:37.406206130981445ms
decoder_time:38.16652297973633ms
decoder_time:38.96760940551758ms
decoder_time:39.742469787597656ms
decoder_time:40.58027267456055ms
decoder_time:41.28003120422363ms
decoder_time:42.13213920593262ms
decoder_time:42.92011260986328ms
    Processed 50/50 batches
    Processing 50 cached batches for attn.proj
  Layer 11: attn.proj sparsity 0.300
    Layer 11: Collected 50 batches
    Scale weights: ['0.001', '0.006', '0.013', '0.024', '0.037', '0.053', '0.094', '0.147', '0.249', '0.376']
    Head importances: [2.779334921931831e-12, 2.360604767215335e-12, 2.949183865869065e-12, 3.94323896452109e-12, 3.087404030349683e-12, 2.969913377726119e-12, 3.7098197777640785e-12, 3.1443077308512812e-12, 2.3264684449741946e-12, 2.754530327789273e-12, 2.137054422313156e-12, 4.684159310430758e-12, 3.3606563712429427e-12, 2.217843964036348e-12, 1.991504617465667e-12, 2.1409991834975273e-12]
    Pruning 5/16 heads: [14, 10, 15, 13, 8]
    Layer 11 complete: torch.Size([4096, 1024])

============================================================
Processing Layer 12/16
============================================================
  attn.proj: Using Chain Pruning + KFAC
decoder_time:4.100799560546875ms
decoder_time:4.084348678588867ms
decoder_time:6.31260871887207ms
decoder_time:6.978511810302734ms
decoder_time:7.70115852355957ms
decoder_time:8.437871932983398ms
decoder_time:9.270429611206055ms
decoder_time:10.012388229370117ms
decoder_time:10.819435119628906ms
decoder_time:11.645793914794922ms
    Processed 10/50 batches
decoder_time:12.385368347167969ms
decoder_time:13.212203979492188ms
decoder_time:14.014720916748047ms
decoder_time:14.769792556762695ms
decoder_time:15.549421310424805ms
decoder_time:16.28851890563965ms
decoder_time:17.098426818847656ms
decoder_time:17.862796783447266ms
decoder_time:18.632888793945312ms
decoder_time:19.384145736694336ms
    Processed 20/50 batches
decoder_time:20.191669464111328ms
decoder_time:20.95198631286621ms
decoder_time:21.714210510253906ms
decoder_time:22.449016571044922ms
decoder_time:23.247241973876953ms
decoder_time:24.048566818237305ms
decoder_time:24.789094924926758ms
decoder_time:25.571107864379883ms
decoder_time:26.369810104370117ms
decoder_time:27.089834213256836ms
    Processed 30/50 batches
decoder_time:27.88996696472168ms
decoder_time:28.644561767578125ms
decoder_time:29.430150985717773ms
decoder_time:30.257463455200195ms
decoder_time:31.009435653686523ms
decoder_time:31.729459762573242ms
decoder_time:32.5779914855957ms
decoder_time:33.273935317993164ms
decoder_time:34.044742584228516ms
decoder_time:34.820556640625ms
    Processed 40/50 batches
decoder_time:35.62474250793457ms
decoder_time:36.3163948059082ms
decoder_time:37.14156150817871ms
decoder_time:37.92619705200195ms
decoder_time:38.74683380126953ms
decoder_time:39.464712142944336ms
decoder_time:40.28630256652832ms
decoder_time:41.03398323059082ms
decoder_time:41.83626174926758ms
decoder_time:42.65093803405762ms
    Processed 50/50 batches
    Processing 50 cached batches for attn.proj
  Layer 12: attn.proj sparsity 0.300
    Layer 12: Collected 50 batches
    Scale weights: ['0.001', '0.006', '0.013', '0.024', '0.037', '0.053', '0.094', '0.147', '0.249', '0.376']
    Head importances: [1.5617581880511544e-11, 8.463382772383454e-12, 9.088180728811235e-12, 1.6502549327057636e-11, 1.2484944501844897e-11, 1.1130846244711279e-11, 8.969427631178029e-12, 1.3447527813514881e-11, 9.88625067227522e-12, 7.312506503098781e-12, 9.727474901966016e-12, 9.501337216999417e-12, 1.3715814942139026e-11, 1.2145533710705703e-11, 1.0442969405888292e-11, 1.4034762935155598e-11]
    Pruning 5/16 heads: [9, 1, 6, 2, 11]
    Layer 12 complete: torch.Size([4096, 1024])

============================================================
Processing Layer 13/16
============================================================
  attn.proj: Using Chain Pruning + KFAC
decoder_time:4.067182540893555ms
decoder_time:4.013538360595703ms
decoder_time:6.26683235168457ms
decoder_time:6.925106048583984ms
decoder_time:7.639646530151367ms
decoder_time:8.365392684936523ms
decoder_time:9.144067764282227ms
decoder_time:9.949922561645508ms
decoder_time:10.721445083618164ms
decoder_time:11.51132583618164ms
    Processed 10/50 batches
decoder_time:12.31527328491211ms
decoder_time:13.112068176269531ms
decoder_time:13.92507553100586ms
decoder_time:14.672517776489258ms
decoder_time:15.465021133422852ms
decoder_time:16.13450050354004ms
decoder_time:16.999483108520508ms
decoder_time:17.775774002075195ms
decoder_time:18.50414276123047ms
decoder_time:19.28567886352539ms
    Processed 20/50 batches
decoder_time:20.0803279876709ms
decoder_time:20.81608772277832ms
decoder_time:21.57759666442871ms
decoder_time:22.2930908203125ms
decoder_time:23.114919662475586ms
decoder_time:23.885250091552734ms
decoder_time:24.625778198242188ms
decoder_time:25.383472442626953ms
decoder_time:26.19171142578125ms
decoder_time:26.93963050842285ms
    Processed 30/50 batches
decoder_time:27.697324752807617ms
decoder_time:28.43499183654785ms
decoder_time:29.251813888549805ms
decoder_time:30.018329620361328ms
decoder_time:30.771732330322266ms
decoder_time:31.560897827148438ms
decoder_time:32.355546951293945ms
decoder_time:33.075809478759766ms
decoder_time:33.817291259765625ms
decoder_time:34.57307815551758ms
    Processed 40/50 batches
decoder_time:35.38107872009277ms
decoder_time:36.17739677429199ms
decoder_time:36.893367767333984ms
decoder_time:37.70112991333008ms
decoder_time:38.50555419921875ms
decoder_time:39.23821449279785ms
decoder_time:40.01331329345703ms
decoder_time:40.708065032958984ms
decoder_time:4.152536392211914ms
decoder_time:42.36173629760742ms
    Processed 50/50 batches
    Processing 50 cached batches for attn.proj
  Layer 13: attn.proj sparsity 0.300
    Layer 13: Collected 50 batches
    Scale weights: ['0.001', '0.006', '0.013', '0.024', '0.037', '0.053', '0.094', '0.147', '0.249', '0.376']
    Head importances: [1.001784766252456e-11, 9.751272705971203e-12, 9.85504212958066e-12, 8.414629236452864e-12, 6.700630501843552e-12, 1.0450749640678048e-11, 6.257564778844316e-12, 8.192266309769991e-12, 1.3605215044842911e-11, 1.0620599885657889e-11, 8.419718047769642e-12, 1.0455586917090809e-11, 1.0946590855986926e-11, 1.2020924186617599e-11, 8.331746750855906e-12, 1.2908354940499578e-11]
    Pruning 5/16 heads: [6, 4, 7, 14, 3]
    Layer 13 complete: torch.Size([4096, 1024])

============================================================
Processing Layer 14/16
============================================================
  attn.proj: Using Chain Pruning + KFAC
decoder_time:4.099130630493164ms
decoder_time:4.17017936706543ms
decoder_time:6.09898567199707ms
decoder_time:6.883859634399414ms
decoder_time:7.578849792480469ms
decoder_time:8.328437805175781ms
decoder_time:9.078502655029297ms
decoder_time:9.872198104858398ms
decoder_time:10.620594024658203ms
decoder_time:11.433124542236328ms
    Processed 10/50 batches
decoder_time:12.198686599731445ms
decoder_time:12.972354888916016ms
decoder_time:13.84282112121582ms
decoder_time:14.542102813720703ms
decoder_time:15.336751937866211ms
decoder_time:16.112089157104492ms
decoder_time:16.89314842224121ms
decoder_time:17.650842666625977ms
decoder_time:18.398046493530273ms
decoder_time:19.161224365234375ms
    Processed 20/50 batches
decoder_time:19.946575164794922ms
decoder_time:20.69401741027832ms
decoder_time:21.446704864501953ms
decoder_time:22.18794822692871ms
decoder_time:22.9647159576416ms
decoder_time:23.741483688354492ms
decoder_time:24.48558807373047ms
decoder_time:25.252103805541992ms
decoder_time:26.016950607299805ms
decoder_time:26.743650436401367ms
    Processed 30/50 batches
decoder_time:27.51445770263672ms
decoder_time:28.253793716430664ms
decoder_time:29.042482376098633ms
decoder_time:29.840946197509766ms
decoder_time:30.564069747924805ms
decoder_time:31.341075897216797ms
decoder_time:32.14001655578613ms
decoder_time:32.80138969421387ms
decoder_time:33.620595932006836ms
decoder_time:34.37399864196777ms
    Processed 40/50 batches
decoder_time:35.1557731628418ms
decoder_time:35.9187126159668ms
decoder_time:36.69881820678711ms
decoder_time:37.41955757141113ms
decoder_time:38.18035125732422ms
decoder_time:38.97261619567871ms
decoder_time:39.728403091430664ms
decoder_time:40.47894477844238ms
decoder_time:41.309356689453125ms
decoder_time:4.123687744140625ms
    Processed 50/50 batches
    Processing 50 cached batches for attn.proj
  Layer 14: attn.proj sparsity 0.300
    Layer 14: Collected 50 batches
    Scale weights: ['0.001', '0.006', '0.013', '0.024', '0.037', '0.053', '0.094', '0.147', '0.249', '0.376']
    Head importances: [1.2873861698903255e-11, 5.954245430039862e-11, 1.3016684952127378e-11, 1.217808492937067e-11, 1.81195440596138e-11, 1.8937859960765913e-11, 1.3175012296418043e-11, 2.446168788361458e-11, 1.1913308881061901e-11, 1.2045886857436905e-11, 2.130155080104501e-11, 1.229835417532188e-11, 1.3514410077131167e-11, 1.274890783220517e-11, 1.24516300048505e-11, 1.3825367066455652e-11]
    Pruning 5/16 heads: [8, 9, 3, 11, 14]
    Layer 14 complete: torch.Size([4096, 1024])

============================================================
Processing Layer 15/16
============================================================
  attn.proj: Using Chain Pruning + KFAC
decoder_time:4.115581512451172ms
decoder_time:4.13203239440918ms
decoder_time:6.19816780090332ms
decoder_time:6.847620010375977ms
decoder_time:7.53474235534668ms
decoder_time:8.254289627075195ms
decoder_time:9.030580520629883ms
decoder_time:9.763479232788086ms
decoder_time:10.526418685913086ms
decoder_time:11.360883712768555ms
    Processed 10/50 batches
decoder_time:12.131452560424805ms
decoder_time:12.976646423339844ms
decoder_time:13.748407363891602ms
decoder_time:14.465093612670898ms
decoder_time:15.292882919311523ms
decoder_time:15.999794006347656ms
decoder_time:16.82305335998535ms
decoder_time:17.57526397705078ms
decoder_time:18.25547218322754ms
decoder_time:19.020557403564453ms
    Processed 20/50 batches
decoder_time:19.870519638061523ms
decoder_time:20.50304412841797ms
decoder_time:21.300792694091797ms
decoder_time:22.046804428100586ms
decoder_time:22.844314575195312ms
decoder_time:23.57769012451172ms
decoder_time:24.343252182006836ms
decoder_time:25.089740753173828ms
decoder_time:25.848865509033203ms
decoder_time:26.546716690063477ms
    Processed 30/50 batches
decoder_time:27.368783950805664ms
decoder_time:28.103351593017578ms
decoder_time:28.894662857055664ms
decoder_time:29.65068817138672ms
decoder_time:30.35449981689453ms
decoder_time:31.13412857055664ms
decoder_time:31.924009323120117ms
decoder_time:32.675743103027344ms
decoder_time:33.414363861083984ms
decoder_time:34.15656089782715ms
    Processed 40/50 batches
decoder_time:34.95383262634277ms
decoder_time:35.69316864013672ms
decoder_time:36.4072322845459ms
decoder_time:37.132978439331055ms
decoder_time:37.978172302246094ms
decoder_time:38.741350173950195ms
decoder_time:39.48807716369629ms
decoder_time:40.271759033203125ms
decoder_time:41.0158634185791ms
decoder_time:41.81694984436035ms
    Processed 50/50 batches
    Processing 50 cached batches for attn.proj
  Layer 15: attn.proj sparsity 0.300
    Layer 15: Collected 50 batches
    Scale weights: ['0.001', '0.006', '0.013', '0.024', '0.037', '0.053', '0.094', '0.147', '0.249', '0.376']
    Head importances: [1.5981544976284567e-09, 1.0644600756393174e-09, 1.0613770973222358e-09, 1.1308053382563799e-09, 3.2054723320129597e-09, 3.878820820091278e-09, 7.911018506945311e-09, 1.1755636464272357e-09, 7.713238048268067e-09, 1.0414937801073165e-09, 4.092358008023211e-09, 1.274357286362715e-09, 2.7783801925806983e-09, 4.372051609635719e-09, 1.0605085698500716e-09, 1.7539306895741902e-08]
    Pruning 5/16 heads: [9, 14, 2, 1, 3]
    Layer 15 complete: torch.Size([4096, 1024])
memory consumption: 10841.42 MB
Pruning completed in 340.17 seconds
******************************
layer 0 sparsity 0.000000
layer 1 sparsity 0.000000
layer 2 sparsity 0.000000
layer 3 sparsity 0.000000
layer 4 sparsity 0.000000
layer 5 sparsity 0.000000
layer 6 sparsity 0.000000
layer 7 sparsity 0.000000
layer 8 sparsity 0.000000
layer 9 sparsity 0.000000
layer 10 sparsity 0.000000
layer 11 sparsity 0.000000
layer 12 sparsity 0.000000
layer 13 sparsity 0.000000
layer 14 sparsity 0.000000
layer 15 sparsity 0.000000
Final sparsity: 0.0000
******************************
After pruning - All params: 0.29B	 Layer params: 0.29B	 Extra params: 0.00B
decoder_time:4.358530044555664ms
Inference time: 0.1324 seconds
Pruned model saved to: /home/project/real_prune/VAR_FIDtest/batch_models/chain_kfac/var_d16_chain_kfac_s0.3_natural_n50.pth
Chain pruning completed successfully!
✅ 完成: var_d16_chain_kfac_s0.3_natural_n50.pth
----------------------------------------
训练 Chain KFAC: sparsity=0.3, strategy=equal
/root/miniconda3/envs/var/lib/python3.10/site-packages/torch/backends/__init__.py:46: UserWarning: Please use the new API settings to control TF32 behavior, such as torch.backends.cudnn.conv.fp32_precision = 'tf32' or torch.backends.cuda.matmul.fp32_precision = 'ieee'. Old settings, e.g, torch.backends.cuda.matmul.allow_tf32 = True, torch.backends.cudnn.allow_tf32 = True, allowTF32CuDNN() and allowTF32CuBLAS() will be deprecated after Pytorch 2.9. Please see https://pytorch.org/docs/main/notes/cuda.html#tensorfloat-32-tf32-on-ampere-and-later-devices (Triggered internally at /pytorch/aten/src/ATen/Context.cpp:80.)
  self.setter(val)
/home/project/real_prune/slimgpt_pub_prune/slim_utils
================================================================================
VAR Chain Pruning with KFAC-OBS
  Method: Chain Pruning + Full-KFAC-OBS
  Scale weighting: equal
  Target sparsity: 30.0%
================================================================================
Loading VAR model...

[constructor]  ==== flash_if_available=True (0/16), fused_if_available=True (fusing_add_ln=0/16, fusing_mlp=0/16) ==== 
    [VAR config ] embed_dim=1024, num_heads=16, depth=16, mlp_ratio=4.0
    [drop ratios ] drop_rate=0.0, attn_drop_rate=0.0, drop_path_rate=0.0666667 (tensor([0.0000, 0.0044, 0.0089, 0.0133, 0.0178, 0.0222, 0.0267, 0.0311, 0.0356,
        0.0400, 0.0444, 0.0489, 0.0533, 0.0578, 0.0622, 0.0667]))

/root/miniconda3/envs/var/lib/python3.10/site-packages/torch/nn/modules/module.py:1866: FutureWarning: Using a non-full backward hook when the forward contains multiple autograd Nodes is deprecated and will be removed in future versions. This hook will be missing some grad_input. Please use register_full_backward_hook to get the documented behavior.
  self._maybe_warn_non_full_backward_hook(args, result, grad_fn)
[init_weights] VAR with init_std=0.0180422
Model preparation finished.
Preparing calibration data...
Before pruning - All params: 0.31B	 Layer params: 0.31B	 Extra params: 0.00B
Starting chain pruning...
Chain Pruning: Starting model slimming...
  Strategy: Layer 0 = SlimGPT, Layers 1+ = Chain KFAC
  Scale weighting: equal
  Total samples: 50

============================================================
Processing Layer 0/16
============================================================
  attn.proj: Using SlimGPT (first layer)
decoder_time:53.91192436218262ms
decoder_time:4.426002502441406ms
decoder_time:6.4220428466796875ms
decoder_time:7.198572158813477ms
decoder_time:7.962226867675781ms
decoder_time:8.742094039916992ms
decoder_time:9.59157943725586ms
decoder_time:10.427236557006836ms
decoder_time:11.277914047241211ms
decoder_time:12.112617492675781ms
    Processed 10/50 batches
decoder_time:12.874841690063477ms
decoder_time:13.672590255737305ms
decoder_time:14.508485794067383ms
decoder_time:15.253067016601562ms
decoder_time:16.071796417236328ms
decoder_time:16.825437545776367ms
decoder_time:17.639875411987305ms
decoder_time:18.451213836669922ms
decoder_time:19.236087799072266ms
decoder_time:20.0347900390625ms
    Processed 20/50 batches
decoder_time:20.84827423095703ms
decoder_time:21.572589874267578ms
decoder_time:22.440195083618164ms
decoder_time:23.211002349853516ms
decoder_time:24.001359939575195ms
decoder_time:24.786949157714844ms
decoder_time:25.565624237060547ms
decoder_time:26.388168334960938ms
decoder_time:4.756450653076172ms
decoder_time:27.960777282714844ms
    Processed 30/50 batches
decoder_time:28.76901626586914ms
decoder_time:29.57320213317871ms
decoder_time:4.57453727722168ms
decoder_time:31.186580657958984ms
decoder_time:31.975746154785156ms
decoder_time:32.77921676635742ms
decoder_time:33.58912467956543ms
decoder_time:34.3325138092041ms
decoder_time:35.17580032348633ms
decoder_time:4.624128341674805ms
    Processed 40/50 batches
decoder_time:36.782026290893555ms
decoder_time:37.569284439086914ms
decoder_time:38.36798667907715ms
decoder_time:39.159297943115234ms
decoder_time:39.99018669128418ms
decoder_time:40.79174995422363ms
decoder_time:41.61715507507324ms
decoder_time:42.372941970825195ms
decoder_time:43.199777603149414ms
decoder_time:44.01874542236328ms
    Processed 50/50 batches
  Layer 0: attn.proj sparsity 0.300
    Layer 0 complete: torch.Size([4096, 1024])

============================================================
Processing Layer 1/16
============================================================
  attn.proj: Using Chain Pruning + KFAC
decoder_time:4.514455795288086ms
decoder_time:4.448413848876953ms
decoder_time:6.465911865234375ms
decoder_time:7.177114486694336ms
decoder_time:8.413314819335938ms
decoder_time:8.686065673828125ms
decoder_time:9.523153305053711ms
decoder_time:10.346412658691406ms
decoder_time:11.158943176269531ms
decoder_time:11.941909790039062ms
    Processed 10/50 batches
decoder_time:12.770891189575195ms
decoder_time:13.542652130126953ms
decoder_time:14.378547668457031ms
decoder_time:15.168190002441406ms
decoder_time:15.964269638061523ms
decoder_time:16.706466674804688ms
decoder_time:17.512798309326172ms
decoder_time:18.31960678100586ms
decoder_time:19.08707618713379ms
decoder_time:19.881486892700195ms
    Processed 20/50 batches
decoder_time:20.678997039794922ms
decoder_time:21.453857421875ms
decoder_time:22.284507751464844ms
decoder_time:23.003101348876953ms
decoder_time:23.81157875061035ms
decoder_time:4.225254058837891ms
decoder_time:25.429248809814453ms
decoder_time:26.21603012084961ms
decoder_time:27.0082950592041ms
decoder_time:27.751445770263672ms
    Processed 30/50 batches
decoder_time:28.564453125ms
decoder_time:29.373645782470703ms
decoder_time:30.19094467163086ms
decoder_time:30.968427658081055ms
decoder_time:4.284143447875977ms
decoder_time:32.546043395996094ms
decoder_time:33.289194107055664ms
decoder_time:34.117698669433594ms
decoder_time:34.94977951049805ms
decoder_time:35.69388389587402ms
    Processed 40/50 batches
decoder_time:36.55362129211426ms
decoder_time:37.28747367858887ms
decoder_time:38.08927536010742ms
decoder_time:38.90085220336914ms
decoder_time:4.32133674621582ms
decoder_time:4.218101501464844ms
decoder_time:4.197835922241211ms
decoder_time:4.210472106933594ms
decoder_time:4.227161407470703ms
decoder_time:43.68114471435547ms
    Processed 50/50 batches
    Processing 50 cached batches for attn.proj
  Layer 1: attn.proj sparsity 0.300
    Layer 1: Collected 50 batches
    Scale weights: ['0.100', '0.100', '0.100', '0.100', '0.100', '0.100', '0.100', '0.100', '0.100', '0.100']
    Head importances: [3.377017415706618e-11, 3.850285368312001e-11, 4.8850236356035026e-11, 4.96932148208451e-11, 4.7120231327912876e-11, 5.224053134522677e-11, 3.546469368176375e-11, 4.719420687582243e-11, 5.606488884257743e-11, 4.407661388650119e-11, 4.581993812147189e-11, 4.530109620759504e-11, 4.995807934005114e-11, 4.320404797808486e-11, 4.3772034608036137e-11, 3.34093447351691e-11]
    Pruning 5/16 heads: [15, 0, 6, 1, 13]
    Layer 1 complete: torch.Size([4096, 1024])

============================================================
Processing Layer 2/16
============================================================
  attn.proj: Using Chain Pruning + KFAC
decoder_time:4.126787185668945ms
decoder_time:4.012346267700195ms
decoder_time:6.479978561401367ms
decoder_time:7.197380065917969ms
decoder_time:7.891178131103516ms
decoder_time:8.711576461791992ms
decoder_time:9.486675262451172ms
decoder_time:10.322809219360352ms
decoder_time:11.149883270263672ms
decoder_time:11.990070343017578ms
    Processed 10/50 batches
decoder_time:12.775897979736328ms
decoder_time:13.556241989135742ms
decoder_time:14.387369155883789ms
decoder_time:15.130996704101562ms
decoder_time:15.943288803100586ms
decoder_time:16.655445098876953ms
decoder_time:17.536163330078125ms
decoder_time:18.276214599609375ms
decoder_time:19.11640167236328ms
decoder_time:19.90485191345215ms
    Processed 20/50 batches
decoder_time:20.680904388427734ms
decoder_time:21.468400955200195ms
decoder_time:22.276878356933594ms
decoder_time:23.051738739013672ms
decoder_time:23.851633071899414ms
decoder_time:24.60789680480957ms
decoder_time:25.399208068847656ms
decoder_time:26.187658309936523ms
decoder_time:27.02617645263672ms
decoder_time:27.769804000854492ms
    Processed 30/50 batches
decoder_time:28.60116958618164ms
decoder_time:29.346942901611328ms
decoder_time:30.18331527709961ms
decoder_time:30.994892120361328ms
decoder_time:31.794309616088867ms
decoder_time:32.57870674133301ms
decoder_time:33.35070610046387ms
decoder_time:4.375219345092773ms
decoder_time:34.91711616516113ms
decoder_time:35.651206970214844ms
    Processed 40/50 batches
decoder_time:36.55290603637695ms
decoder_time:37.294626235961914ms
decoder_time:4.168510437011719ms
decoder_time:38.92230987548828ms
decoder_time:39.71576690673828ms
decoder_time:4.149436950683594ms
decoder_time:41.3360595703125ms
decoder_time:4.179954528808594ms
decoder_time:32.064199447631836ms
decoder_time:43.68281364440918ms
    Processed 50/50 batches
    Processing 50 cached batches for attn.proj
  Layer 2: attn.proj sparsity 0.300
    Layer 2: Collected 50 batches
    Scale weights: ['0.100', '0.100', '0.100', '0.100', '0.100', '0.100', '0.100', '0.100', '0.100', '0.100']
    Head importances: [2.7957939782718988e-11, 1.3220112504708226e-11, 2.3326918521804352e-11, 2.1724656795729658e-11, 1.3533263051868083e-11, 1.0650974893722243e-11, 3.046867966260969e-11, 2.1558971621815637e-11, 1.4551698387932355e-11, 2.02829593398679e-11, 1.9109573298758953e-11, 1.502929725116786e-11, 2.2189203599531915e-11, 1.2799983295508355e-11, 1.4529629235870978e-11, 1.8771421916863318e-11]
    Pruning 5/16 heads: [5, 13, 1, 4, 14]
    Layer 2 complete: torch.Size([4096, 1024])

============================================================
Processing Layer 3/16
============================================================
  attn.proj: Using Chain Pruning + KFAC
decoder_time:4.049062728881836ms
decoder_time:3.9818286895751953ms
decoder_time:6.457805633544922ms
decoder_time:7.137060165405273ms
decoder_time:7.893800735473633ms
decoder_time:8.699893951416016ms
decoder_time:9.533166885375977ms
decoder_time:10.359525680541992ms
decoder_time:11.165618896484375ms
decoder_time:11.996984481811523ms
    Processed 10/50 batches
decoder_time:12.72726058959961ms
decoder_time:13.560295104980469ms
decoder_time:14.379024505615234ms
decoder_time:15.134334564208984ms
decoder_time:15.957117080688477ms
decoder_time:16.687393188476562ms
decoder_time:17.524242401123047ms
decoder_time:18.307924270629883ms
decoder_time:19.106388092041016ms
decoder_time:19.85311508178711ms
    Processed 20/50 batches
decoder_time:20.674467086791992ms
decoder_time:21.440744400024414ms
decoder_time:22.283554077148438ms
decoder_time:23.019790649414062ms
decoder_time:23.843765258789062ms
decoder_time:24.62625503540039ms
decoder_time:4.410982131958008ms
decoder_time:26.203632354736328ms
decoder_time:27.01854705810547ms
decoder_time:27.804851531982422ms
    Processed 30/50 batches
decoder_time:28.61499786376953ms
decoder_time:11.766910552978516ms
decoder_time:30.21550178527832ms
decoder_time:30.964374542236328ms
decoder_time:31.752586364746094ms
decoder_time:32.5925350189209ms
decoder_time:33.39791297912598ms
decoder_time:34.15083885192871ms
decoder_time:34.96837615966797ms
decoder_time:35.71319580078125ms
    Processed 40/50 batches
decoder_time:36.55123710632324ms
decoder_time:37.30440139770508ms
decoder_time:38.125038146972656ms
decoder_time:38.93756866455078ms
decoder_time:39.74008560180664ms
decoder_time:4.10914421081543ms
decoder_time:41.32246971130371ms
decoder_time:4.121541976928711ms
decoder_time:4.1103363037109375ms
decoder_time:4.127979278564453ms
    Processed 50/50 batches
    Processing 50 cached batches for attn.proj
  Layer 3: attn.proj sparsity 0.300
    Layer 3: Collected 50 batches
    Scale weights: ['0.100', '0.100', '0.100', '0.100', '0.100', '0.100', '0.100', '0.100', '0.100', '0.100']
    Head importances: [3.472566331708116e-11, 4.8127578311518704e-11, 4.521965440984488e-11, 2.6289236412790906e-11, 5.416075227193673e-11, 3.506985674084362e-11, 5.4226227674814e-11, 3.431834677547485e-11, 2.665475479224355e-11, 2.7709334826653276e-11, 2.966957929340097e-11, 3.0796386274456466e-11, 2.215190877952189e-11, 2.5931930214273535e-11, 4.5713918761514094e-11, 7.34274030467219e-11]
    Pruning 5/16 heads: [12, 13, 3, 8, 9]
    Layer 3 complete: torch.Size([4096, 1024])

============================================================
Processing Layer 4/16
============================================================
  attn.proj: Using Chain Pruning + KFAC
decoder_time:4.079103469848633ms
decoder_time:4.035711288452148ms
decoder_time:6.485939025878906ms
decoder_time:7.166862487792969ms
decoder_time:7.89642333984375ms
decoder_time:8.701562881469727ms
decoder_time:9.518146514892578ms
decoder_time:10.327816009521484ms
decoder_time:11.190176010131836ms
decoder_time:11.998891830444336ms
    Processed 10/50 batches
decoder_time:12.774229049682617ms
decoder_time:13.583660125732422ms
decoder_time:14.406442642211914ms
decoder_time:15.121936798095703ms
decoder_time:15.969038009643555ms
decoder_time:16.701936721801758ms
decoder_time:17.52614974975586ms
decoder_time:18.31221580505371ms
decoder_time:19.063472747802734ms
decoder_time:19.87171173095703ms
    Processed 20/50 batches
decoder_time:20.679712295532227ms
decoder_time:21.456003189086914ms
decoder_time:22.290945053100586ms
decoder_time:23.07605743408203ms
decoder_time:23.87261390686035ms
decoder_time:24.67823028564453ms
decoder_time:25.443553924560547ms
decoder_time:26.209354400634766ms
decoder_time:4.464626312255859ms
decoder_time:27.80628204345703ms
    Processed 30/50 batches
decoder_time:28.58877182006836ms
decoder_time:29.381275177001953ms
decoder_time:30.18355369567871ms
decoder_time:30.963659286499023ms
decoder_time:31.7838191986084ms
decoder_time:32.58681297302246ms
decoder_time:33.39743614196777ms
decoder_time:34.11245346069336ms
decoder_time:34.96694564819336ms
decoder_time:35.72678565979004ms
    Processed 40/50 batches
decoder_time:36.576032638549805ms
decoder_time:37.35494613647461ms
decoder_time:38.11001777648926ms
decoder_time:38.9249324798584ms
decoder_time:39.754629135131836ms
decoder_time:13.397932052612305ms
decoder_time:4.13823127746582ms
decoder_time:12.705087661743164ms
decoder_time:42.92869567871094ms
decoder_time:43.703317642211914ms
    Processed 50/50 batches
    Processing 50 cached batches for attn.proj
  Layer 4: attn.proj sparsity 0.300
    Layer 4: Collected 50 batches
    Scale weights: ['0.100', '0.100', '0.100', '0.100', '0.100', '0.100', '0.100', '0.100', '0.100', '0.100']
    Head importances: [4.5618030186656e-11, 2.3010364447184628e-11, 4.215917198679975e-11, 3.4548974792159015e-11, 2.4530748959916693e-11, 2.986229319379419e-11, 2.8056168499546175e-11, 5.7528121155669965e-11, 3.318606500712917e-11, 4.9160363280176256e-11, 1.733691315508601e-11, 2.442608962316406e-11, 5.0589296640701775e-11, 2.314878150277977e-11, 4.8728941021147776e-11, 2.6300926714295514e-11]
    Pruning 5/16 heads: [10, 1, 13, 11, 4]
    Layer 4 complete: torch.Size([4096, 1024])

============================================================
Processing Layer 5/16
============================================================
  attn.proj: Using Chain Pruning + KFAC
decoder_time:4.088401794433594ms
decoder_time:4.045724868774414ms
decoder_time:6.472349166870117ms
decoder_time:7.175445556640625ms
decoder_time:7.887601852416992ms
decoder_time:8.666515350341797ms
decoder_time:9.516239166259766ms
decoder_time:10.338306427001953ms
decoder_time:11.161088943481445ms
decoder_time:11.984825134277344ms
    Processed 10/50 batches
decoder_time:12.757301330566406ms
decoder_time:13.596296310424805ms
decoder_time:14.395475387573242ms
decoder_time:15.126705169677734ms
decoder_time:16.00170135498047ms
decoder_time:16.745328903198242ms
decoder_time:17.573833465576172ms
decoder_time:18.320083618164062ms
decoder_time:19.086122512817383ms
decoder_time:19.881010055541992ms
    Processed 20/50 batches
decoder_time:20.7211971282959ms
decoder_time:21.44932746887207ms
decoder_time:22.274494171142578ms
decoder_time:23.06365966796875ms
decoder_time:23.902416229248047ms
decoder_time:24.698972702026367ms
decoder_time:25.461912155151367ms
decoder_time:26.210546493530273ms
decoder_time:27.005672454833984ms
decoder_time:27.829647064208984ms
    Processed 30/50 batches
decoder_time:4.172801971435547ms
decoder_time:29.375076293945312ms
decoder_time:30.17735481262207ms
decoder_time:31.020164489746094ms
decoder_time:31.787633895874023ms
decoder_time:32.53674507141113ms
decoder_time:33.431053161621094ms
decoder_time:34.10840034484863ms
decoder_time:34.905195236206055ms
decoder_time:35.723209381103516ms
    Processed 40/50 batches
decoder_time:36.53883934020996ms
decoder_time:24.136781692504883ms
decoder_time:38.07687759399414ms
decoder_time:38.86914253234863ms
decoder_time:39.79969024658203ms
decoder_time:40.51399230957031ms
decoder_time:4.167318344116211ms
decoder_time:4.218339920043945ms
decoder_time:7.256507873535156ms
decoder_time:4.160404205322266ms
    Processed 50/50 batches
    Processing 50 cached batches for attn.proj
  Layer 5: attn.proj sparsity 0.300
    Layer 5: Collected 50 batches
    Scale weights: ['0.100', '0.100', '0.100', '0.100', '0.100', '0.100', '0.100', '0.100', '0.100', '0.100']
    Head importances: [3.0022227759385345e-11, 4.8337039232349e-11, 2.1874130978760675e-11, 2.842966313754136e-11, 2.8487941172716802e-11, 2.189205761116142e-11, 3.804472015200844e-11, 4.63292806895943e-11, 4.740206144271397e-11, 4.713902879149856e-11, 4.471836789754491e-11, 2.662593062696672e-11, 3.022854189183022e-11, 2.776414514960024e-11, 2.1921249537815157e-11, 2.968325585328557e-11]
    Pruning 5/16 heads: [2, 5, 14, 11, 13]
    Layer 5 complete: torch.Size([4096, 1024])

============================================================
Processing Layer 6/16
============================================================
  attn.proj: Using Chain Pruning + KFAC
decoder_time:4.13966178894043ms
decoder_time:4.030466079711914ms
decoder_time:6.443023681640625ms
decoder_time:7.146596908569336ms
decoder_time:7.907629013061523ms
decoder_time:8.646726608276367ms
decoder_time:9.534120559692383ms
decoder_time:10.320425033569336ms
decoder_time:11.14654541015625ms
decoder_time:11.997699737548828ms
    Processed 10/50 batches
decoder_time:12.760639190673828ms
decoder_time:13.584375381469727ms
decoder_time:14.359474182128906ms
decoder_time:15.137195587158203ms
decoder_time:15.948295593261719ms
decoder_time:16.686439514160156ms
decoder_time:17.540931701660156ms
decoder_time:18.31960678100586ms
decoder_time:19.101858139038086ms
decoder_time:19.875049591064453ms
    Processed 20/50 batches
decoder_time:20.7064151763916ms
decoder_time:21.466970443725586ms
decoder_time:22.25470542907715ms
decoder_time:23.042678833007812ms
decoder_time:23.891448974609375ms
decoder_time:24.647235870361328ms
decoder_time:25.449752807617188ms
decoder_time:26.2300968170166ms
decoder_time:27.028560638427734ms
decoder_time:27.7712345123291ms
    Processed 30/50 batches
decoder_time:28.595685958862305ms
decoder_time:29.38556671142578ms
decoder_time:30.21717071533203ms
decoder_time:31.004667282104492ms
decoder_time:31.74567222595215ms
decoder_time:32.55486488342285ms
decoder_time:33.42795372009277ms
decoder_time:34.14773941040039ms
decoder_time:34.97195243835449ms
decoder_time:35.69364547729492ms
    Processed 40/50 batches
decoder_time:36.58723831176758ms
decoder_time:37.37688064575195ms
decoder_time:38.14435005187988ms
decoder_time:38.94472122192383ms
decoder_time:4.170417785644531ms
decoder_time:40.526390075683594ms
decoder_time:41.326045989990234ms
decoder_time:28.470516204833984ms
decoder_time:29.707670211791992ms
decoder_time:4.112482070922852ms
    Processed 50/50 batches
    Processing 50 cached batches for attn.proj
  Layer 6: attn.proj sparsity 0.300
    Layer 6: Collected 50 batches
    Scale weights: ['0.100', '0.100', '0.100', '0.100', '0.100', '0.100', '0.100', '0.100', '0.100', '0.100']
    Head importances: [3.258374473014136e-11, 3.7095257421349004e-11, 9.195558203778376e-11, 4.0055986305631563e-11, 4.029245687098282e-11, 3.41873751530386e-11, 3.284556307492359e-11, 3.530651465633028e-11, 1.117977516118529e-10, 3.143556248641488e-11, 3.426147560103843e-11, 4.7715997819608447e-11, 3.4720080976935463e-11, 4.4953492317478805e-11, 3.5945461884789864e-11, 4.987876778272948e-11]
    Pruning 5/16 heads: [9, 0, 6, 5, 10]
    Layer 6 complete: torch.Size([4096, 1024])

============================================================
Processing Layer 7/16
============================================================
  attn.proj: Using Chain Pruning + KFAC
decoder_time:4.140377044677734ms
decoder_time:4.1103363037109375ms
decoder_time:6.458759307861328ms
decoder_time:7.144689559936523ms
decoder_time:7.897853851318359ms
decoder_time:8.712053298950195ms
decoder_time:9.500741958618164ms
decoder_time:10.358572006225586ms
decoder_time:11.175394058227539ms
decoder_time:11.99483871459961ms
    Processed 10/50 batches
decoder_time:12.761354446411133ms
decoder_time:13.551473617553711ms
decoder_time:14.400005340576172ms
decoder_time:15.14744758605957ms
decoder_time:15.929937362670898ms
decoder_time:16.71624183654785ms
decoder_time:17.528057098388672ms
decoder_time:18.311738967895508ms
decoder_time:19.095420837402344ms
decoder_time:19.884347915649414ms
    Processed 20/50 batches
decoder_time:20.719289779663086ms
decoder_time:21.451234817504883ms
decoder_time:22.261857986450195ms
decoder_time:23.072481155395508ms
decoder_time:23.884057998657227ms
decoder_time:24.670839309692383ms
decoder_time:25.383949279785156ms
decoder_time:26.181697845458984ms
decoder_time:27.012109756469727ms
decoder_time:27.779102325439453ms
    Processed 30/50 batches
decoder_time:28.6104679107666ms
decoder_time:29.342174530029297ms
decoder_time:30.21526336669922ms
decoder_time:30.976057052612305ms
decoder_time:31.78095817565918ms
decoder_time:32.56392478942871ms
decoder_time:33.34784507751465ms
decoder_time:34.15060043334961ms
decoder_time:34.97481346130371ms
decoder_time:35.709381103515625ms
    Processed 40/50 batches
decoder_time:36.577463150024414ms
decoder_time:37.31584548950195ms
decoder_time:38.118839263916016ms
decoder_time:4.28009033203125ms
decoder_time:39.78753089904785ms
decoder_time:4.142284393310547ms
decoder_time:4.2400360107421875ms
decoder_time:4.129648208618164ms
decoder_time:4.350185394287109ms
decoder_time:43.663978576660156ms
    Processed 50/50 batches
    Processing 50 cached batches for attn.proj
  Layer 7: attn.proj sparsity 0.300
    Layer 7: Collected 50 batches
    Scale weights: ['0.100', '0.100', '0.100', '0.100', '0.100', '0.100', '0.100', '0.100', '0.100', '0.100']
    Head importances: [1.0223263902098267e-10, 1.1274911559944201e-10, 1.7276360897433563e-10, 1.0576076125978773e-10, 1.1018305712262588e-10, 1.02291827785983e-10, 8.669392981275337e-11, 7.234750298845682e-11, 1.1894607521156786e-10, 9.463450856284084e-11, 1.0109937886859655e-10, 9.20149650918134e-11, 9.289664176792556e-11, 7.646874106148616e-11, 1.2900458479236931e-10, 1.3190917802496926e-10]
    Pruning 5/16 heads: [7, 13, 6, 11, 12]
    Layer 7 complete: torch.Size([4096, 1024])

============================================================
Processing Layer 8/16
============================================================
  attn.proj: Using Chain Pruning + KFAC
decoder_time:4.220247268676758ms
decoder_time:4.089117050170898ms
decoder_time:6.41322135925293ms
decoder_time:7.160425186157227ms
decoder_time:7.905006408691406ms
decoder_time:8.677482604980469ms
decoder_time:9.527206420898438ms
decoder_time:10.321378707885742ms
decoder_time:11.147260665893555ms
decoder_time:12.016534805297852ms
    Processed 10/50 batches
decoder_time:12.745380401611328ms
decoder_time:13.576269149780273ms
decoder_time:14.37067985534668ms
decoder_time:15.163183212280273ms
decoder_time:15.94090461730957ms
decoder_time:16.729116439819336ms
decoder_time:17.52614974975586ms
decoder_time:18.31793785095215ms
decoder_time:19.06895637512207ms
decoder_time:19.897937774658203ms
    Processed 20/50 batches
decoder_time:20.696163177490234ms
decoder_time:21.47078514099121ms
decoder_time:22.2775936126709ms
decoder_time:23.0100154876709ms
decoder_time:23.845672607421875ms
decoder_time:24.630069732666016ms
decoder_time:25.418996810913086ms
decoder_time:26.204824447631836ms
decoder_time:26.996135711669922ms
decoder_time:27.7559757232666ms
    Processed 30/50 batches
decoder_time:28.560161590576172ms
decoder_time:29.36100959777832ms
decoder_time:30.168533325195312ms
decoder_time:30.976057052612305ms
decoder_time:31.746387481689453ms
decoder_time:32.57131576538086ms
decoder_time:33.36906433105469ms
decoder_time:34.12055969238281ms
decoder_time:34.98196601867676ms
decoder_time:35.71963310241699ms
    Processed 40/50 batches
decoder_time:36.52787208557129ms
decoder_time:37.32132911682129ms
decoder_time:38.1014347076416ms
decoder_time:38.950443267822266ms
decoder_time:4.153966903686523ms
decoder_time:40.46154022216797ms
decoder_time:41.33319854736328ms
decoder_time:4.145145416259766ms
decoder_time:42.93489456176758ms
decoder_time:43.75052452087402ms
    Processed 50/50 batches
    Processing 50 cached batches for attn.proj
  Layer 8: attn.proj sparsity 0.300
    Layer 8: Collected 50 batches
    Scale weights: ['0.100', '0.100', '0.100', '0.100', '0.100', '0.100', '0.100', '0.100', '0.100', '0.100']
    Head importances: [4.480322363109579e-11, 5.382773393680651e-11, 8.844216331516108e-11, 6.671922042622569e-11, 5.949662290616331e-11, 1.0143418049946007e-10, 6.001379948550323e-11, 8.729131306672855e-11, 1.0953792040080401e-10, 8.674354984306021e-11, 6.063810564782557e-11, 7.603587204307871e-11, 5.074773240520969e-11, 5.95212976128856e-11, 4.000430542383526e-11, 7.767385346024724e-11]
    Pruning 5/16 heads: [14, 0, 12, 1, 4]
    Layer 8 complete: torch.Size([4096, 1024])

============================================================
Processing Layer 9/16
============================================================
  attn.proj: Using Chain Pruning + KFAC
decoder_time:4.053831100463867ms
decoder_time:3.951549530029297ms
decoder_time:6.405115127563477ms
decoder_time:7.07697868347168ms
decoder_time:7.8105926513671875ms
decoder_time:8.642196655273438ms
decoder_time:9.447574615478516ms
decoder_time:10.226964950561523ms
decoder_time:11.082649230957031ms
decoder_time:11.887550354003906ms
    Processed 10/50 batches
decoder_time:12.632131576538086ms
decoder_time:13.424158096313477ms
decoder_time:14.32037353515625ms
decoder_time:15.02847671508789ms
decoder_time:15.863180160522461ms
decoder_time:16.644716262817383ms
decoder_time:17.412424087524414ms
decoder_time:18.18990707397461ms
decoder_time:18.963336944580078ms
decoder_time:19.77229118347168ms
    Processed 20/50 batches
decoder_time:20.57194709777832ms
decoder_time:21.343231201171875ms
decoder_time:22.121191024780273ms
decoder_time:22.880077362060547ms
decoder_time:23.717164993286133ms
decoder_time:24.465322494506836ms
decoder_time:25.255680084228516ms
decoder_time:26.028156280517578ms
decoder_time:26.846885681152344ms
decoder_time:27.563810348510742ms
    Processed 30/50 batches
decoder_time:28.41782569885254ms
decoder_time:29.176712036132812ms
decoder_time:29.981136322021484ms
decoder_time:30.80439567565918ms
decoder_time:31.517982482910156ms
decoder_time:32.36865997314453ms
decoder_time:33.180952072143555ms
decoder_time:33.94341468811035ms
decoder_time:34.70778465270996ms
decoder_time:35.4769229888916ms
    Processed 40/50 batches
decoder_time:36.30828857421875ms
decoder_time:37.030935287475586ms
decoder_time:37.83988952636719ms
decoder_time:38.69009017944336ms
decoder_time:39.490461349487305ms
decoder_time:4.152059555053711ms
decoder_time:41.02492332458496ms
decoder_time:4.539012908935547ms
decoder_time:42.65904426574707ms
decoder_time:43.46966743469238ms
    Processed 50/50 batches
    Processing 50 cached batches for attn.proj
  Layer 9: attn.proj sparsity 0.300
    Layer 9: Collected 50 batches
    Scale weights: ['0.100', '0.100', '0.100', '0.100', '0.100', '0.100', '0.100', '0.100', '0.100', '0.100']
    Head importances: [1.0689833046528818e-10, 6.282284414904638e-11, 5.209471048983616e-11, 4.2508434272559015e-11, 5.2779315640183455e-11, 7.351845521252898e-11, 7.402857493676862e-11, 8.000691775755797e-11, 8.165222664668903e-11, 8.120983052695152e-11, 6.250525097506454e-11, 7.573901228408175e-11, 6.581053757503952e-11, 5.275703485185801e-11, 6.265347962663981e-11, 4.957087518242531e-11]
    Pruning 5/16 heads: [3, 15, 2, 13, 4]
    Layer 9 complete: torch.Size([4096, 1024])

============================================================
Processing Layer 10/16
============================================================
  attn.proj: Using Chain Pruning + KFAC
decoder_time:4.058361053466797ms
decoder_time:4.002809524536133ms
decoder_time:6.315946578979492ms
decoder_time:7.036924362182617ms
decoder_time:7.788896560668945ms
decoder_time:8.543252944946289ms
decoder_time:9.338855743408203ms
decoder_time:10.185956954956055ms
decoder_time:10.98322868347168ms
decoder_time:11.792898178100586ms
    Processed 10/50 batches
decoder_time:12.606143951416016ms
decoder_time:13.388395309448242ms
decoder_time:14.176607131958008ms
decoder_time:14.969587326049805ms
decoder_time:15.76542854309082ms
decoder_time:16.470909118652344ms
decoder_time:17.282962799072266ms
decoder_time:18.079519271850586ms
decoder_time:18.839120864868164ms
decoder_time:19.649267196655273ms
    Processed 20/50 batches
decoder_time:20.446300506591797ms
decoder_time:21.189212799072266ms
decoder_time:22.020816802978516ms
decoder_time:22.76754379272461ms
decoder_time:23.555994033813477ms
decoder_time:24.374723434448242ms
decoder_time:25.07948875427246ms
decoder_time:25.871992111206055ms
decoder_time:26.66187286376953ms
decoder_time:27.463912963867188ms
    Processed 30/50 batches
decoder_time:28.217554092407227ms
decoder_time:28.959274291992188ms
decoder_time:29.819250106811523ms
decoder_time:30.599117279052734ms
decoder_time:31.34632110595703ms
decoder_time:32.15956687927246ms
decoder_time:32.98544883728027ms
decoder_time:33.716678619384766ms
decoder_time:34.4843864440918ms
decoder_time:35.223960876464844ms
    Processed 40/50 batches
decoder_time:36.0713005065918ms
decoder_time:36.867618560791016ms
decoder_time:37.600040435791016ms
decoder_time:38.362741470336914ms
decoder_time:39.22319412231445ms
decoder_time:4.169940948486328ms
decoder_time:40.815114974975586ms
decoder_time:41.56064987182617ms
decoder_time:42.374372482299805ms
decoder_time:43.17665100097656ms
    Processed 50/50 batches
    Processing 50 cached batches for attn.proj
  Layer 10: attn.proj sparsity 0.300
    Layer 10: Collected 50 batches
    Scale weights: ['0.100', '0.100', '0.100', '0.100', '0.100', '0.100', '0.100', '0.100', '0.100', '0.100']
    Head importances: [1.1631594298844306e-10, 1.3055000136485972e-10, 1.2972814489309314e-10, 1.468887234068461e-10, 1.7816459418895647e-10, 1.0704550440499006e-10, 9.922877797219343e-11, 2.102848450924455e-10, 1.0681851930760544e-10, 1.5867036851080485e-10, 1.1988712800281576e-10, 1.1586348547254488e-10, 1.159048967913634e-10, 1.1001637101326622e-10, 1.3271936327718947e-10, 9.43721351065463e-11]
    Pruning 5/16 heads: [15, 6, 8, 5, 13]
    Layer 10 complete: torch.Size([4096, 1024])

============================================================
Processing Layer 11/16
============================================================
  attn.proj: Using Chain Pruning + KFAC
decoder_time:4.126310348510742ms
decoder_time:4.010438919067383ms
decoder_time:6.108760833740234ms
decoder_time:6.99162483215332ms
decoder_time:7.714748382568359ms
decoder_time:8.495092391967773ms
decoder_time:9.326457977294922ms
decoder_time:10.096311569213867ms
decoder_time:10.900020599365234ms
decoder_time:11.739492416381836ms
    Processed 10/50 batches
decoder_time:12.466192245483398ms
decoder_time:13.2904052734375ms
decoder_time:14.096736907958984ms
decoder_time:14.864206314086914ms
decoder_time:15.694379806518555ms
decoder_time:16.4029598236084ms
decoder_time:17.220497131347656ms
decoder_time:17.962932586669922ms
decoder_time:18.728017807006836ms
decoder_time:19.517898559570312ms
    Processed 20/50 batches
decoder_time:20.320892333984375ms
decoder_time:21.073102951049805ms
decoder_time:21.849632263183594ms
decoder_time:22.593975067138672ms
decoder_time:23.42844009399414ms
decoder_time:24.214982986450195ms
decoder_time:24.886369705200195ms
decoder_time:25.708913803100586ms
decoder_time:26.477813720703125ms
decoder_time:27.23526954650879ms
    Processed 30/50 batches
decoder_time:28.041601181030273ms
decoder_time:28.81336212158203ms
decoder_time:29.648780822753906ms
decoder_time:30.43818473815918ms
decoder_time:31.169891357421875ms
decoder_time:31.920671463012695ms
decoder_time:32.75775909423828ms
decoder_time:33.503055572509766ms
decoder_time:34.2862606048584ms
decoder_time:35.01105308532715ms
    Processed 40/50 batches
decoder_time:35.864830017089844ms
decoder_time:36.61918640136719ms
decoder_time:37.38212585449219ms
decoder_time:38.14816474914551ms
decoder_time:39.009809494018555ms
decoder_time:39.74342346191406ms
decoder_time:4.134893417358398ms
decoder_time:41.3210391998291ms
decoder_time:42.092323303222656ms
decoder_time:42.893409729003906ms
    Processed 50/50 batches
    Processing 50 cached batches for attn.proj
  Layer 11: attn.proj sparsity 0.300
    Layer 11: Collected 50 batches
    Scale weights: ['0.100', '0.100', '0.100', '0.100', '0.100', '0.100', '0.100', '0.100', '0.100', '0.100']
    Head importances: [1.1571538172105988e-10, 1.0760448782010101e-10, 1.2211248678895004e-10, 1.8015967884199569e-10, 1.3176265634129436e-10, 1.185751635768284e-10, 1.6473689079532505e-10, 1.3023784828369855e-10, 9.197452521814142e-11, 1.2970152729607776e-10, 9.537783063340299e-11, 1.6188490825630453e-10, 1.4430587280678253e-10, 1.0219376039843908e-10, 8.224544656432187e-11, 9.74211961102256e-11]
    Pruning 5/16 heads: [14, 8, 10, 15, 13]
    Layer 11 complete: torch.Size([4096, 1024])

============================================================
Processing Layer 12/16
============================================================
  attn.proj: Using Chain Pruning + KFAC
decoder_time:4.1370391845703125ms
decoder_time:4.070520401000977ms
decoder_time:5.606651306152344ms
decoder_time:6.985187530517578ms
decoder_time:7.712841033935547ms
decoder_time:8.41975212097168ms
decoder_time:9.23299789428711ms
decoder_time:9.993553161621094ms
decoder_time:10.797977447509766ms
decoder_time:11.603355407714844ms
    Processed 10/50 batches
decoder_time:12.406110763549805ms
decoder_time:13.193130493164062ms
decoder_time:14.054059982299805ms
decoder_time:14.794349670410156ms
decoder_time:15.558958053588867ms
decoder_time:16.273975372314453ms
decoder_time:17.15540885925293ms
decoder_time:17.85135269165039ms
decoder_time:18.61119270324707ms
decoder_time:19.37127113342285ms
    Processed 20/50 batches
decoder_time:20.177125930786133ms
decoder_time:20.934343338012695ms
decoder_time:21.736621856689453ms
decoder_time:22.47023582458496ms
decoder_time:23.28348159790039ms
decoder_time:24.057865142822266ms
decoder_time:24.760007858276367ms
decoder_time:25.557994842529297ms
decoder_time:26.38530731201172ms
decoder_time:27.10270881652832ms
    Processed 30/50 batches
decoder_time:27.87041664123535ms
decoder_time:28.61618995666504ms
decoder_time:29.497861862182617ms
decoder_time:30.204296112060547ms
decoder_time:30.986547470092773ms
decoder_time:31.740427017211914ms
decoder_time:32.56416320800781ms
decoder_time:33.30278396606445ms
decoder_time:34.03043746948242ms
decoder_time:34.819602966308594ms
    Processed 40/50 batches
decoder_time:35.58516502380371ms
decoder_time:36.382436752319336ms
decoder_time:37.11342811584473ms
decoder_time:37.923336029052734ms
decoder_time:38.76900672912598ms
decoder_time:39.51120376586914ms
decoder_time:40.29107093811035ms
decoder_time:41.06020927429199ms
decoder_time:41.861534118652344ms
decoder_time:42.6478385925293ms
    Processed 50/50 batches
    Processing 50 cached batches for attn.proj
  Layer 12: attn.proj sparsity 0.300
    Layer 12: Collected 50 batches
    Scale weights: ['0.100', '0.100', '0.100', '0.100', '0.100', '0.100', '0.100', '0.100', '0.100', '0.100']
    Head importances: [9.315248572505652e-10, 5.174937700580529e-10, 4.925662655530516e-10, 9.785279253549106e-10, 6.969732568862241e-10, 5.808000191898088e-10, 4.942181108802401e-10, 7.014570035934753e-10, 5.175825879000229e-10, 4.598139646816435e-10, 5.750062648246512e-10, 4.834524447439037e-10, 7.46907813375941e-10, 7.336956597825406e-10, 5.418752668795435e-10, 7.350767772251743e-10]
    Pruning 5/16 heads: [9, 11, 2, 6, 1]
    Layer 12 complete: torch.Size([4096, 1024])

============================================================
Processing Layer 13/16
============================================================
  attn.proj: Using Chain Pruning + KFAC
decoder_time:4.102468490600586ms
decoder_time:3.9529800415039062ms
decoder_time:6.000995635986328ms
decoder_time:6.911039352416992ms
decoder_time:7.628202438354492ms
decoder_time:8.35728645324707ms
decoder_time:9.171247482299805ms
decoder_time:9.916067123413086ms
decoder_time:10.739326477050781ms
decoder_time:11.570215225219727ms
    Processed 10/50 batches
decoder_time:12.30311393737793ms
decoder_time:13.110876083374023ms
decoder_time:13.938665390014648ms
decoder_time:14.64533805847168ms
decoder_time:15.465021133422852ms
decoder_time:16.179323196411133ms
decoder_time:16.989946365356445ms
decoder_time:17.744779586791992ms
decoder_time:18.512487411499023ms
decoder_time:19.28567886352539ms
    Processed 20/50 batches
decoder_time:20.076990127563477ms
decoder_time:20.796775817871094ms
decoder_time:21.59428596496582ms
decoder_time:22.27330207824707ms
decoder_time:23.12755584716797ms
decoder_time:23.868799209594727ms
decoder_time:24.606943130493164ms
decoder_time:25.403261184692383ms
decoder_time:26.185989379882812ms
decoder_time:26.932477951049805ms
    Processed 30/50 batches
decoder_time:27.660608291625977ms
decoder_time:28.437137603759766ms
decoder_time:29.239177703857422ms
decoder_time:30.008554458618164ms
decoder_time:30.820846557617188ms
decoder_time:31.520366668701172ms
decoder_time:32.29665756225586ms
decoder_time:33.07795524597168ms
decoder_time:33.814191818237305ms
decoder_time:34.58738327026367ms
    Processed 40/50 batches
decoder_time:35.37726402282715ms
decoder_time:36.147117614746094ms
decoder_time:36.88216209411621ms
decoder_time:37.66751289367676ms
decoder_time:38.486480712890625ms
decoder_time:39.23940658569336ms
decoder_time:39.96992111206055ms
decoder_time:4.212617874145508ms
decoder_time:41.55111312866211ms
decoder_time:42.383432388305664ms
    Processed 50/50 batches
    Processing 50 cached batches for attn.proj
  Layer 13: attn.proj sparsity 0.300
    Layer 13: Collected 50 batches
    Scale weights: ['0.100', '0.100', '0.100', '0.100', '0.100', '0.100', '0.100', '0.100', '0.100', '0.100']
    Head importances: [4.383144402986261e-10, 4.380145135485236e-10, 4.557814126116e-10, 3.792321734419346e-10, 3.393787195715703e-10, 5.300708205702165e-10, 3.180564145388587e-10, 3.809886850447697e-10, 6.327374735271007e-10, 4.762487071374721e-10, 3.767888223649152e-10, 4.6041065404622827e-10, 4.864857405806333e-10, 5.80954395701383e-10, 3.764150657836751e-10, 6.451630341075543e-10]
    Pruning 5/16 heads: [6, 4, 14, 10, 3]
    Layer 13 complete: torch.Size([4096, 1024])

============================================================
Processing Layer 14/16
============================================================
  attn.proj: Using Chain Pruning + KFAC
decoder_time:4.052162170410156ms
decoder_time:3.9887428283691406ms
decoder_time:5.524158477783203ms
decoder_time:6.85572624206543ms
decoder_time:7.570981979370117ms
decoder_time:8.29935073852539ms
decoder_time:9.11855697631836ms
decoder_time:9.845972061157227ms
decoder_time:10.64753532409668ms
decoder_time:11.461496353149414ms
    Processed 10/50 batches
decoder_time:12.214183807373047ms
decoder_time:13.01884651184082ms
decoder_time:13.892889022827148ms
decoder_time:14.575481414794922ms
decoder_time:15.351057052612305ms
decoder_time:16.074657440185547ms
decoder_time:16.89600944519043ms
decoder_time:17.642736434936523ms
decoder_time:18.390893936157227ms
decoder_time:19.174814224243164ms
    Processed 20/50 batches
decoder_time:19.962549209594727ms
decoder_time:20.6754207611084ms
decoder_time:21.456241607666016ms
decoder_time:22.202491760253906ms
decoder_time:22.91274070739746ms
decoder_time:23.737668991088867ms
decoder_time:24.470806121826172ms
decoder_time:25.217771530151367ms
decoder_time:26.033401489257812ms
decoder_time:26.7183780670166ms
    Processed 30/50 batches
decoder_time:27.523040771484375ms
decoder_time:28.295040130615234ms
decoder_time:29.083728790283203ms
decoder_time:29.814720153808594ms
decoder_time:30.596017837524414ms
decoder_time:31.28671646118164ms
decoder_time:32.160043716430664ms
decoder_time:32.831430435180664ms
decoder_time:33.60724449157715ms
decoder_time:34.39164161682129ms
    Processed 40/50 batches
decoder_time:35.14814376831055ms
decoder_time:35.897254943847656ms
decoder_time:36.60702705383301ms
decoder_time:37.447452545166016ms
decoder_time:38.24591636657715ms
decoder_time:38.94186019897461ms
decoder_time:39.74747657775879ms
decoder_time:40.4515266418457ms
decoder_time:41.28551483154297ms
decoder_time:42.10543632507324ms
    Processed 50/50 batches
    Processing 50 cached batches for attn.proj
  Layer 14: attn.proj sparsity 0.300
    Layer 14: Collected 50 batches
    Scale weights: ['0.100', '0.100', '0.100', '0.100', '0.100', '0.100', '0.100', '0.100', '0.100', '0.100']
    Head importances: [4.2004610900647776e-10, 1.9431438680328483e-09, 4.233399741870869e-10, 4.0259257039210183e-10, 6.117985007492166e-10, 6.927576845505712e-10, 4.375943496448542e-10, 8.217787561548562e-10, 3.8387609757606356e-10, 4.0248643307094767e-10, 7.455492889718585e-10, 4.0536729528639626e-10, 4.453643009938446e-10, 4.2173090020192205e-10, 4.0411451962540923e-10, 4.758042848607147e-10]
    Pruning 5/16 heads: [8, 9, 3, 14, 11]
    Layer 14 complete: torch.Size([4096, 1024])

============================================================
Processing Layer 15/16
============================================================
  attn.proj: Using Chain Pruning + KFAC
decoder_time:4.079341888427734ms
decoder_time:3.97491455078125ms
decoder_time:5.756378173828125ms
decoder_time:6.817340850830078ms
decoder_time:7.514476776123047ms
decoder_time:8.244037628173828ms
decoder_time:9.029865264892578ms
decoder_time:9.778499603271484ms
decoder_time:10.553598403930664ms
decoder_time:11.351346969604492ms
    Processed 10/50 batches
decoder_time:12.105226516723633ms
decoder_time:12.933731079101562ms
decoder_time:13.761758804321289ms
decoder_time:14.507770538330078ms
decoder_time:15.27714729309082ms
decoder_time:16.017913818359375ms
decoder_time:16.765832901000977ms
decoder_time:17.544984817504883ms
decoder_time:18.278121948242188ms
decoder_time:19.026517868041992ms
    Processed 20/50 batches
decoder_time:19.817590713500977ms
decoder_time:20.53380012512207ms
decoder_time:21.322011947631836ms
decoder_time:22.042036056518555ms
decoder_time:22.794723510742188ms
decoder_time:23.60081672668457ms
decoder_time:24.30272102355957ms
decoder_time:25.073766708374023ms
decoder_time:25.847434997558594ms
decoder_time:26.56841278076172ms
    Processed 30/50 batches
decoder_time:27.365922927856445ms
decoder_time:28.075218200683594ms
decoder_time:28.932809829711914ms
decoder_time:29.628753662109375ms
decoder_time:30.411243438720703ms
decoder_time:31.09598159790039ms
decoder_time:31.888961791992188ms
decoder_time:32.660722732543945ms
decoder_time:33.406734466552734ms
decoder_time:34.10983085632324ms
    Processed 40/50 batches
decoder_time:34.94381904602051ms
decoder_time:35.68840026855469ms
decoder_time:36.41915321350098ms
decoder_time:37.16778755187988ms
decoder_time:37.93931007385254ms
decoder_time:38.710594177246094ms
decoder_time:39.50309753417969ms
decoder_time:40.169477462768555ms
decoder_time:41.03374481201172ms
decoder_time:41.77451133728027ms
    Processed 50/50 batches
    Processing 50 cached batches for attn.proj
  Layer 15: attn.proj sparsity 0.300
    Layer 15: Collected 50 batches
    Scale weights: ['0.100', '0.100', '0.100', '0.100', '0.100', '0.100', '0.100', '0.100', '0.100', '0.100']
    Head importances: [9.93052680087203e-08, 6.359554305390702e-08, 6.248237127692846e-08, 7.000647173072139e-08, 2.1148593987163622e-07, 2.3793600689714367e-07, 5.402484362093674e-07, 7.02523337281491e-08, 4.5518447677750373e-07, 6.459830359517582e-08, 2.575532107584877e-07, 7.683428293603356e-08, 1.7372950367189333e-07, 2.83635188225162e-07, 6.673554509006863e-08, 1.1186386927874992e-06]
    Pruning 5/16 heads: [2, 1, 9, 14, 3]
    Layer 15 complete: torch.Size([4096, 1024])
memory consumption: 10841.42 MB
Pruning completed in 340.53 seconds
******************************
layer 0 sparsity 0.000000
layer 1 sparsity 0.000000
layer 2 sparsity 0.000000
layer 3 sparsity 0.000000
layer 4 sparsity 0.000000
layer 5 sparsity 0.000000
layer 6 sparsity 0.000000
layer 7 sparsity 0.000000
layer 8 sparsity 0.000000
layer 9 sparsity 0.000000
layer 10 sparsity 0.000000
layer 11 sparsity 0.000000
layer 12 sparsity 0.000000
layer 13 sparsity 0.000000
layer 14 sparsity 0.000000
layer 15 sparsity 0.000000
Final sparsity: 0.0000
******************************
After pruning - All params: 0.29B	 Layer params: 0.29B	 Extra params: 0.00B
decoder_time:4.125833511352539ms
Inference time: 0.1340 seconds
Pruned model saved to: /home/project/real_prune/VAR_FIDtest/batch_models/chain_kfac/var_d16_chain_kfac_s0.3_equal_n50.pth
Chain pruning completed successfully!
✅ 完成: var_d16_chain_kfac_s0.3_equal_n50.pth
----------------------------------------
训练 Chain KFAC: sparsity=0.3, strategy=sqrt
/root/miniconda3/envs/var/lib/python3.10/site-packages/torch/backends/__init__.py:46: UserWarning: Please use the new API settings to control TF32 behavior, such as torch.backends.cudnn.conv.fp32_precision = 'tf32' or torch.backends.cuda.matmul.fp32_precision = 'ieee'. Old settings, e.g, torch.backends.cuda.matmul.allow_tf32 = True, torch.backends.cudnn.allow_tf32 = True, allowTF32CuDNN() and allowTF32CuBLAS() will be deprecated after Pytorch 2.9. Please see https://pytorch.org/docs/main/notes/cuda.html#tensorfloat-32-tf32-on-ampere-and-later-devices (Triggered internally at /pytorch/aten/src/ATen/Context.cpp:80.)
  self.setter(val)
/home/project/real_prune/slimgpt_pub_prune/slim_utils
================================================================================
VAR Chain Pruning with KFAC-OBS
  Method: Chain Pruning + Full-KFAC-OBS
  Scale weighting: sqrt
  Target sparsity: 30.0%
================================================================================
Loading VAR model...

[constructor]  ==== flash_if_available=True (0/16), fused_if_available=True (fusing_add_ln=0/16, fusing_mlp=0/16) ==== 
    [VAR config ] embed_dim=1024, num_heads=16, depth=16, mlp_ratio=4.0
    [drop ratios ] drop_rate=0.0, attn_drop_rate=0.0, drop_path_rate=0.0666667 (tensor([0.0000, 0.0044, 0.0089, 0.0133, 0.0178, 0.0222, 0.0267, 0.0311, 0.0356,
        0.0400, 0.0444, 0.0489, 0.0533, 0.0578, 0.0622, 0.0667]))

/root/miniconda3/envs/var/lib/python3.10/site-packages/torch/nn/modules/module.py:1866: FutureWarning: Using a non-full backward hook when the forward contains multiple autograd Nodes is deprecated and will be removed in future versions. This hook will be missing some grad_input. Please use register_full_backward_hook to get the documented behavior.
  self._maybe_warn_non_full_backward_hook(args, result, grad_fn)
[init_weights] VAR with init_std=0.0180422
Model preparation finished.
Preparing calibration data...
Before pruning - All params: 0.31B	 Layer params: 0.31B	 Extra params: 0.00B
Starting chain pruning...
Chain Pruning: Starting model slimming...
  Strategy: Layer 0 = SlimGPT, Layers 1+ = Chain KFAC
  Scale weighting: sqrt
  Total samples: 50

============================================================
Processing Layer 0/16
============================================================
  attn.proj: Using SlimGPT (first layer)
decoder_time:52.675485610961914ms
decoder_time:4.520416259765625ms
decoder_time:6.200075149536133ms
decoder_time:7.211208343505859ms
decoder_time:7.999897003173828ms
decoder_time:8.73708724975586ms
decoder_time:9.59324836730957ms
decoder_time:10.419845581054688ms
decoder_time:11.28840446472168ms
decoder_time:12.103796005249023ms
    Processed 10/50 batches
decoder_time:12.87388801574707ms
decoder_time:13.677120208740234ms
decoder_time:14.509439468383789ms
decoder_time:15.244245529174805ms
decoder_time:16.056299209594727ms
decoder_time:16.82734489440918ms
decoder_time:17.662525177001953ms
decoder_time:18.430233001708984ms
decoder_time:19.234418869018555ms
decoder_time:20.022153854370117ms
    Processed 20/50 batches
decoder_time:20.82061767578125ms
decoder_time:21.61884307861328ms
decoder_time:22.43494987487793ms
decoder_time:23.204565048217773ms
decoder_time:24.022579193115234ms
decoder_time:24.791240692138672ms
decoder_time:25.60877799987793ms
decoder_time:26.389122009277344ms
decoder_time:4.790067672729492ms
decoder_time:27.91571617126465ms
    Processed 30/50 batches
decoder_time:28.80072593688965ms
decoder_time:29.561758041381836ms
decoder_time:4.562139511108398ms
decoder_time:31.15987777709961ms
decoder_time:31.989097595214844ms
decoder_time:32.75871276855469ms
decoder_time:33.623456954956055ms
decoder_time:34.34562683105469ms
decoder_time:35.21084785461426ms
decoder_time:4.741668701171875ms
    Processed 40/50 batches
decoder_time:36.79609298706055ms
decoder_time:37.55950927734375ms
decoder_time:38.41400146484375ms
decoder_time:39.159536361694336ms
decoder_time:40.04096984863281ms
decoder_time:40.78078269958496ms
decoder_time:41.6104793548584ms
decoder_time:42.32645034790039ms
decoder_time:43.206214904785156ms
decoder_time:43.96796226501465ms
    Processed 50/50 batches
  Layer 0: attn.proj sparsity 0.300
    Layer 0 complete: torch.Size([4096, 1024])

============================================================
Processing Layer 1/16
============================================================
  attn.proj: Using Chain Pruning + KFAC
decoder_time:4.564762115478516ms
decoder_time:4.482269287109375ms
decoder_time:6.505489349365234ms
decoder_time:7.172584533691406ms
decoder_time:7.948160171508789ms
decoder_time:8.699417114257812ms
decoder_time:9.476900100708008ms
decoder_time:10.327577590942383ms
decoder_time:11.163711547851562ms
decoder_time:12.017250061035156ms
    Processed 10/50 batches
decoder_time:12.767314910888672ms
decoder_time:13.546466827392578ms
decoder_time:14.336347579956055ms
decoder_time:15.09404182434082ms
decoder_time:15.966653823852539ms
decoder_time:16.706228256225586ms
decoder_time:17.540931701660156ms
decoder_time:18.316030502319336ms
decoder_time:19.086360931396484ms
decoder_time:19.885540008544922ms
    Processed 20/50 batches
decoder_time:20.564794540405273ms
decoder_time:21.4083194732666ms
decoder_time:22.249221801757812ms
decoder_time:23.051023483276367ms
decoder_time:23.84495735168457ms
decoder_time:24.625062942504883ms
decoder_time:4.479885101318359ms
decoder_time:26.188135147094727ms
decoder_time:26.999711990356445ms
decoder_time:27.760028839111328ms
    Processed 30/50 batches
decoder_time:28.58734130859375ms
decoder_time:29.34432029724121ms
decoder_time:28.583765029907227ms
decoder_time:30.963420867919922ms
decoder_time:31.762123107910156ms
decoder_time:32.561302185058594ms
decoder_time:4.873752593994141ms
decoder_time:34.08002853393555ms
decoder_time:34.94405746459961ms
decoder_time:35.68220138549805ms
    Processed 40/50 batches
decoder_time:36.55242919921875ms
decoder_time:37.31226921081543ms
decoder_time:38.13052177429199ms
decoder_time:38.86842727661133ms
decoder_time:4.278898239135742ms
decoder_time:4.34112548828125ms
decoder_time:4.216432571411133ms
decoder_time:42.01149940490723ms
decoder_time:4.23884391784668ms
decoder_time:43.718576431274414ms
    Processed 50/50 batches
    Processing 50 cached batches for attn.proj
  Layer 1: attn.proj sparsity 0.300
    Layer 1: Collected 50 batches
    Scale weights: ['0.015', '0.029', '0.044', '0.059', '0.074', '0.088', '0.118', '0.147', '0.191', '0.235']
    Head importances: [6.736167179610675e-12, 7.271565294342253e-12, 9.190587527130312e-12, 9.98618548964103e-12, 8.855037363086904e-12, 1.0409902106989222e-11, 6.706836475078859e-12, 9.445799177554282e-12, 1.1028615520825014e-11, 8.846222365743728e-12, 9.328911775019488e-12, 9.126167703488175e-12, 9.427876881962227e-12, 8.165565446027756e-12, 8.332523906973144e-12, 6.402768072677478e-12]
    Pruning 5/16 heads: [15, 6, 0, 1, 13]
    Layer 1 complete: torch.Size([4096, 1024])

============================================================
Processing Layer 2/16
============================================================
  attn.proj: Using Chain Pruning + KFAC
decoder_time:4.110813140869141ms
decoder_time:4.0874481201171875ms
decoder_time:6.490945816040039ms
decoder_time:7.210493087768555ms
decoder_time:7.930994033813477ms
decoder_time:8.707761764526367ms
decoder_time:9.52458381652832ms
decoder_time:10.343551635742188ms
decoder_time:11.167049407958984ms
decoder_time:11.977672576904297ms
    Processed 10/50 batches
decoder_time:12.752056121826172ms
decoder_time:13.564825057983398ms
decoder_time:14.365911483764648ms
decoder_time:15.134096145629883ms
decoder_time:15.961408615112305ms
decoder_time:16.669273376464844ms
decoder_time:17.55046844482422ms
decoder_time:18.32723617553711ms
decoder_time:19.131183624267578ms
decoder_time:19.92201805114746ms
    Processed 20/50 batches
decoder_time:20.690441131591797ms
decoder_time:21.4846134185791ms
decoder_time:22.281169891357422ms
decoder_time:23.024559020996094ms
decoder_time:23.87094497680664ms
decoder_time:24.615764617919922ms
decoder_time:25.43354034423828ms
decoder_time:21.89469337463379ms
decoder_time:27.057886123657227ms
decoder_time:27.787208557128906ms
    Processed 30/50 batches
decoder_time:28.601646423339844ms
decoder_time:29.35957908630371ms
decoder_time:11.16800308227539ms
decoder_time:30.962705612182617ms
decoder_time:31.772851943969727ms
decoder_time:32.52434730529785ms
decoder_time:33.39338302612305ms
decoder_time:34.149885177612305ms
decoder_time:34.9583625793457ms
decoder_time:35.70079803466797ms
    Processed 40/50 batches
decoder_time:36.49139404296875ms
decoder_time:37.31870651245117ms
decoder_time:38.11454772949219ms
decoder_time:38.90848159790039ms
decoder_time:39.77227210998535ms
decoder_time:40.4820442199707ms
decoder_time:41.36204719543457ms
decoder_time:4.215717315673828ms
decoder_time:9.253740310668945ms
decoder_time:43.70403289794922ms
    Processed 50/50 batches
    Processing 50 cached batches for attn.proj
  Layer 2: attn.proj sparsity 0.300
    Layer 2: Collected 50 batches
    Scale weights: ['0.015', '0.029', '0.044', '0.059', '0.074', '0.088', '0.118', '0.147', '0.191', '0.235']
    Head importances: [5.528588004066748e-12, 2.4363492993895175e-12, 4.529821830134839e-12, 4.276057806451572e-12, 2.5005008914141813e-12, 1.9750910976168434e-12, 6.1070037915555986e-12, 4.214054452611471e-12, 2.6875342229448762e-12, 4.1161830888203355e-12, 3.687499958160423e-12, 2.745604524984069e-12, 4.346273341226947e-12, 2.36559361509181e-12, 2.7003091603028384e-12, 3.6265573877258817e-12]
    Pruning 5/16 heads: [5, 13, 1, 4, 8]
    Layer 2 complete: torch.Size([4096, 1024])

============================================================
Processing Layer 3/16
============================================================
  attn.proj: Using Chain Pruning + KFAC
decoder_time:4.112958908081055ms
decoder_time:4.151344299316406ms
decoder_time:6.458759307861328ms
decoder_time:7.135868072509766ms
decoder_time:7.908344268798828ms
decoder_time:8.687496185302734ms
decoder_time:9.522438049316406ms
decoder_time:10.337352752685547ms
decoder_time:11.136770248413086ms
decoder_time:12.008190155029297ms
    Processed 10/50 batches
decoder_time:12.756824493408203ms
decoder_time:13.581275939941406ms
decoder_time:14.41502571105957ms
decoder_time:15.145301818847656ms
decoder_time:15.933036804199219ms
decoder_time:16.711950302124023ms
decoder_time:17.58265495300293ms
decoder_time:18.332242965698242ms
decoder_time:19.09160614013672ms
decoder_time:19.94490623474121ms
    Processed 20/50 batches
decoder_time:20.714759826660156ms
decoder_time:21.45981788635254ms
decoder_time:22.339344024658203ms
decoder_time:23.06222915649414ms
decoder_time:23.88906478881836ms
decoder_time:24.70231056213379ms
decoder_time:25.486469268798828ms
decoder_time:4.470348358154297ms
decoder_time:27.023792266845703ms
decoder_time:27.802228927612305ms
    Processed 30/50 batches
decoder_time:28.633832931518555ms
decoder_time:29.376506805419922ms
decoder_time:30.238628387451172ms
decoder_time:30.991554260253906ms
decoder_time:31.67104721069336ms
decoder_time:32.52601623535156ms
decoder_time:33.446311950683594ms
decoder_time:34.1486930847168ms
decoder_time:35.013437271118164ms
decoder_time:35.712480545043945ms
    Processed 40/50 batches
decoder_time:36.58008575439453ms
decoder_time:6.894826889038086ms
decoder_time:38.19584846496582ms
decoder_time:38.950204849243164ms
decoder_time:4.164695739746094ms
decoder_time:4.314184188842773ms
decoder_time:41.342973709106445ms
decoder_time:34.66057777404785ms
decoder_time:4.306793212890625ms
decoder_time:4.164457321166992ms
    Processed 50/50 batches
    Processing 50 cached batches for attn.proj
  Layer 3: attn.proj sparsity 0.300
    Layer 3: Collected 50 batches
    Scale weights: ['0.015', '0.029', '0.044', '0.059', '0.074', '0.088', '0.118', '0.147', '0.191', '0.235']
    Head importances: [6.145538071489209e-12, 8.238782919778309e-12, 8.326814932013704e-12, 4.800574000818347e-12, 9.462876662813535e-12, 5.551934779968182e-12, 9.456454716505469e-12, 5.887543924609773e-12, 4.227243555199323e-12, 4.415150103159737e-12, 5.2755863913511725e-12, 5.6356429939397046e-12, 3.539569028501721e-12, 4.232292467876153e-12, 8.597491642226007e-12, 1.3312476988824873e-11]
    Pruning 5/16 heads: [12, 8, 13, 9, 3]
    Layer 3 complete: torch.Size([4096, 1024])

============================================================
Processing Layer 4/16
============================================================
  attn.proj: Using Chain Pruning + KFAC
decoder_time:4.087924957275391ms
decoder_time:3.981351852416992ms
decoder_time:6.476879119873047ms
decoder_time:7.189035415649414ms
decoder_time:7.902622222900391ms
decoder_time:8.724451065063477ms
decoder_time:9.544134140014648ms
decoder_time:10.340452194213867ms
decoder_time:11.169195175170898ms
decoder_time:12.029886245727539ms
    Processed 10/50 batches
decoder_time:12.762784957885742ms
decoder_time:13.551473617553711ms
decoder_time:14.407634735107422ms
decoder_time:15.161514282226562ms
decoder_time:16.004085540771484ms
decoder_time:16.707658767700195ms
decoder_time:17.60554313659668ms
decoder_time:18.33200454711914ms
decoder_time:19.16050910949707ms
decoder_time:19.894123077392578ms
    Processed 20/50 batches
decoder_time:20.706653594970703ms
decoder_time:21.4540958404541ms
decoder_time:22.27330207824707ms
decoder_time:23.075580596923828ms
decoder_time:23.8492488861084ms
decoder_time:24.689435958862305ms
decoder_time:25.434255599975586ms
decoder_time:26.25298500061035ms
decoder_time:136.52324676513672ms
decoder_time:27.83513069152832ms
    Processed 30/50 batches
decoder_time:28.62071990966797ms
decoder_time:29.39009666442871ms
decoder_time:30.242919921875ms
decoder_time:31.02254867553711ms
decoder_time:31.74281120300293ms
decoder_time:32.60159492492676ms
decoder_time:33.45489501953125ms
decoder_time:34.177303314208984ms
decoder_time:4.441022872924805ms
decoder_time:35.764455795288086ms
    Processed 40/50 batches
decoder_time:36.60440444946289ms
decoder_time:37.387847900390625ms
decoder_time:38.2230281829834ms
decoder_time:38.907527923583984ms
decoder_time:39.820194244384766ms
decoder_time:40.574073791503906ms
decoder_time:41.46122932434082ms
decoder_time:42.172908782958984ms
decoder_time:4.252910614013672ms
decoder_time:4.288673400878906ms
    Processed 50/50 batches
    Processing 50 cached batches for attn.proj
  Layer 4: attn.proj sparsity 0.300
    Layer 4: Collected 50 batches
    Scale weights: ['0.015', '0.029', '0.044', '0.059', '0.074', '0.088', '0.118', '0.147', '0.191', '0.235']
    Head importances: [1.4615511925719638e-11, 7.19489398615103e-12, 1.3554397187975908e-11, 1.0768003676220328e-11, 7.641259153201574e-12, 9.76605515207174e-12, 8.906288033461163e-12, 1.8553034109025646e-11, 1.0414558104798743e-11, 1.5967390604165743e-11, 5.418803426804342e-12, 7.7566061212897e-12, 1.6593016891053303e-11, 7.082910646882823e-12, 1.5630054542303817e-11, 8.442280728659934e-12]
    Pruning 5/16 heads: [10, 13, 1, 4, 11]
    Layer 4 complete: torch.Size([4096, 1024])

============================================================
Processing Layer 5/16
============================================================
  attn.proj: Using Chain Pruning + KFAC
decoder_time:4.082679748535156ms
decoder_time:3.9625167846679688ms
decoder_time:6.470680236816406ms
decoder_time:7.155418395996094ms
decoder_time:7.8754425048828125ms
decoder_time:8.68535041809082ms
decoder_time:9.531736373901367ms
decoder_time:10.32257080078125ms
decoder_time:11.165142059326172ms
decoder_time:11.994123458862305ms
    Processed 10/50 batches
decoder_time:12.775182723999023ms
decoder_time:13.55123519897461ms
decoder_time:14.386177062988281ms
decoder_time:15.146255493164062ms
decoder_time:15.963315963745117ms
decoder_time:16.71147346496582ms
decoder_time:17.553091049194336ms
decoder_time:18.346548080444336ms
decoder_time:19.126176834106445ms
decoder_time:19.901037216186523ms
    Processed 20/50 batches
decoder_time:20.7366943359375ms
decoder_time:21.48294448852539ms
decoder_time:22.333860397338867ms
decoder_time:23.0715274810791ms
decoder_time:23.857593536376953ms
decoder_time:24.696826934814453ms
decoder_time:25.493144989013672ms
decoder_time:26.233434677124023ms
decoder_time:27.025699615478516ms
decoder_time:4.129648208618164ms
    Processed 30/50 batches
decoder_time:28.614282608032227ms
decoder_time:29.345989227294922ms
decoder_time:30.25078773498535ms
decoder_time:31.07452392578125ms
decoder_time:31.785011291503906ms
decoder_time:32.63568878173828ms
decoder_time:33.46657752990723ms
decoder_time:34.21378135681152ms
decoder_time:35.00795364379883ms
decoder_time:35.802364349365234ms
    Processed 40/50 batches
decoder_time:36.64851188659668ms
decoder_time:37.439584732055664ms
decoder_time:38.16342353820801ms
decoder_time:38.971662521362305ms
decoder_time:4.359006881713867ms
decoder_time:40.583133697509766ms
decoder_time:41.43118858337402ms
decoder_time:42.18459129333496ms
decoder_time:43.06340217590332ms
decoder_time:43.72096061706543ms
    Processed 50/50 batches
    Processing 50 cached batches for attn.proj
  Layer 5: attn.proj sparsity 0.300
    Layer 5: Collected 50 batches
    Scale weights: ['0.015', '0.029', '0.044', '0.059', '0.074', '0.088', '0.118', '0.147', '0.191', '0.235']
    Head importances: [6.771665693461326e-12, 1.1568355648416961e-11, 4.8199300453632965e-12, 6.598029414495166e-12, 6.3076844095122375e-12, 4.744327326833275e-12, 7.723505862644586e-12, 1.0948571042834754e-11, 1.1512051728557182e-11, 1.1625247639535097e-11, 1.0690115459510707e-11, 5.8024401256018265e-12, 6.5576216332075e-12, 6.274574609888006e-12, 4.807555829128285e-12, 6.37000174830149e-12]
    Pruning 5/16 heads: [5, 14, 2, 11, 13]
    Layer 5 complete: torch.Size([4096, 1024])

============================================================
Processing Layer 6/16
============================================================
  attn.proj: Using Chain Pruning + KFAC
decoder_time:4.103899002075195ms
decoder_time:3.984689712524414ms
decoder_time:6.469249725341797ms
decoder_time:7.155895233154297ms
decoder_time:7.927656173706055ms
decoder_time:8.688688278198242ms
decoder_time:9.514570236206055ms
decoder_time:10.315179824829102ms
decoder_time:11.229753494262695ms
decoder_time:11.992931365966797ms
    Processed 10/50 batches
decoder_time:12.765645980834961ms
decoder_time:13.552665710449219ms
decoder_time:14.390230178833008ms
decoder_time:15.135526657104492ms
decoder_time:15.984535217285156ms
decoder_time:16.749143600463867ms
decoder_time:17.531394958496094ms
decoder_time:18.304824829101562ms
decoder_time:19.110679626464844ms
decoder_time:19.942045211791992ms
    Processed 20/50 batches
decoder_time:20.714282989501953ms
decoder_time:21.52228355407715ms
decoder_time:22.307157516479492ms
decoder_time:23.09107780456543ms
decoder_time:23.894071578979492ms
decoder_time:24.71160888671875ms
decoder_time:25.504112243652344ms
decoder_time:26.25131607055664ms
decoder_time:27.045249938964844ms
decoder_time:27.800559997558594ms
    Processed 30/50 batches
decoder_time:28.667688369750977ms
decoder_time:29.366493225097656ms
decoder_time:30.22146224975586ms
decoder_time:30.995845794677734ms
decoder_time:31.844377517700195ms
decoder_time:32.60064125061035ms
decoder_time:33.37550163269043ms
decoder_time:34.18278694152832ms
decoder_time:35.0189208984375ms
decoder_time:35.718679428100586ms
    Processed 40/50 batches
decoder_time:36.57889366149902ms
decoder_time:37.404775619506836ms
decoder_time:38.17272186279297ms
decoder_time:38.93232345581055ms
decoder_time:39.752960205078125ms
decoder_time:4.207134246826172ms
decoder_time:4.23121452331543ms
decoder_time:4.203557968139648ms
decoder_time:4.24647331237793ms
decoder_time:4.207372665405273ms
    Processed 50/50 batches
    Processing 50 cached batches for attn.proj
  Layer 6: attn.proj sparsity 0.300
    Layer 6: Collected 50 batches
    Scale weights: ['0.015', '0.029', '0.044', '0.059', '0.074', '0.088', '0.118', '0.147', '0.191', '0.235']
    Head importances: [5.542273237568729e-12, 6.591197206085031e-12, 1.5075652531892914e-11, 5.985229672988979e-12, 6.901344946907972e-12, 6.105540552303612e-12, 4.997596086964151e-12, 5.3994512853872134e-12, 1.838314223068238e-11, 4.832093059015108e-12, 5.983877889720324e-12, 7.207227436384356e-12, 5.495052763510033e-12, 7.677592936405908e-12, 6.228058433560557e-12, 8.66585015552035e-12]
    Pruning 5/16 heads: [9, 6, 7, 12, 0]
    Layer 6 complete: torch.Size([4096, 1024])

============================================================
Processing Layer 7/16
============================================================
  attn.proj: Using Chain Pruning + KFAC
decoder_time:4.102468490600586ms
decoder_time:4.040956497192383ms
decoder_time:6.440401077270508ms
decoder_time:7.161378860473633ms
decoder_time:7.901191711425781ms
decoder_time:8.677244186401367ms
decoder_time:9.52458381652832ms
decoder_time:10.30588150024414ms
decoder_time:11.15274429321289ms
decoder_time:11.975526809692383ms
    Processed 10/50 batches
decoder_time:12.772321701049805ms
decoder_time:13.593912124633789ms
decoder_time:14.356374740600586ms
decoder_time:15.160560607910156ms
decoder_time:15.944242477416992ms
decoder_time:16.736745834350586ms
decoder_time:17.57955551147461ms
decoder_time:18.378019332885742ms
decoder_time:19.074201583862305ms
decoder_time:19.8972225189209ms
    Processed 20/50 batches
decoder_time:20.714998245239258ms
decoder_time:21.495580673217773ms
decoder_time:22.301435470581055ms
decoder_time:23.066997528076172ms
decoder_time:23.90909194946289ms
decoder_time:24.721384048461914ms
decoder_time:25.449037551879883ms
decoder_time:26.206016540527344ms
decoder_time:27.058124542236328ms
decoder_time:27.750253677368164ms
    Processed 30/50 batches
decoder_time:28.626680374145508ms
decoder_time:29.37030792236328ms
decoder_time:30.21097183227539ms
decoder_time:31.035900115966797ms
decoder_time:31.786441802978516ms
decoder_time:32.61256217956543ms
decoder_time:33.445119857788086ms
decoder_time:34.192562103271484ms
decoder_time:35.045623779296875ms
decoder_time:35.7823371887207ms
    Processed 40/50 batches
decoder_time:36.589860916137695ms
decoder_time:37.40286827087402ms
decoder_time:38.13743591308594ms
decoder_time:38.92683982849121ms
decoder_time:39.829254150390625ms
decoder_time:4.159688949584961ms
decoder_time:41.353464126586914ms
decoder_time:42.14954376220703ms
decoder_time:43.00069808959961ms
decoder_time:43.7929630279541ms
    Processed 50/50 batches
    Processing 50 cached batches for attn.proj
  Layer 7: attn.proj sparsity 0.300
    Layer 7: Collected 50 batches
    Scale weights: ['0.015', '0.029', '0.044', '0.059', '0.074', '0.088', '0.118', '0.147', '0.191', '0.235']
    Head importances: [1.590429697662099e-11, 2.018754434451875e-11, 2.8198885934638263e-11, 1.60462546028306e-11, 1.943501262702263e-11, 1.8095617018709653e-11, 1.3310975585656415e-11, 1.20549351750876e-11, 1.952831993334847e-11, 1.458517681629523e-11, 1.6477749720245072e-11, 1.4994309613380885e-11, 1.4236339537787579e-11, 1.3691638101054338e-11, 1.9805126288963137e-11, 2.1431110358571814e-11]
    Pruning 5/16 heads: [7, 6, 13, 12, 9]
    Layer 7 complete: torch.Size([4096, 1024])

============================================================
Processing Layer 8/16
============================================================
  attn.proj: Using Chain Pruning + KFAC
decoder_time:4.095792770385742ms
decoder_time:3.9975643157958984ms
decoder_time:6.079196929931641ms
decoder_time:7.14564323425293ms
decoder_time:7.869958877563477ms
decoder_time:8.697032928466797ms
decoder_time:9.557962417602539ms
decoder_time:10.32257080078125ms
decoder_time:11.148214340209961ms
decoder_time:12.02702522277832ms
    Processed 10/50 batches
decoder_time:12.765169143676758ms
decoder_time:13.586282730102539ms
decoder_time:14.380216598510742ms
decoder_time:15.170097351074219ms
decoder_time:15.967369079589844ms
decoder_time:16.69931411743164ms
decoder_time:17.528533935546875ms
decoder_time:18.355369567871094ms
decoder_time:19.138813018798828ms
decoder_time:19.875764846801758ms
    Processed 20/50 batches
decoder_time:20.716190338134766ms
decoder_time:21.465539932250977ms
decoder_time:22.25351333618164ms
decoder_time:23.03457260131836ms
decoder_time:23.88310432434082ms
decoder_time:24.686813354492188ms
decoder_time:25.458574295043945ms
decoder_time:26.216506958007812ms
decoder_time:27.043581008911133ms
decoder_time:27.774333953857422ms
    Processed 30/50 batches
decoder_time:28.60546112060547ms
decoder_time:29.376983642578125ms
decoder_time:30.239105224609375ms
decoder_time:31.010150909423828ms
decoder_time:31.760215759277344ms
decoder_time:32.6075553894043ms
decoder_time:33.37836265563965ms
decoder_time:34.113168716430664ms
decoder_time:34.970998764038086ms
decoder_time:35.74490547180176ms
    Processed 40/50 batches
decoder_time:36.590576171875ms
decoder_time:37.37235069274902ms
decoder_time:38.18798065185547ms
decoder_time:38.94448280334473ms
decoder_time:4.233598709106445ms
decoder_time:40.517330169677734ms
decoder_time:41.35918617248535ms
decoder_time:4.196643829345703ms
decoder_time:4.235982894897461ms
decoder_time:43.76220703125ms
    Processed 50/50 batches
    Processing 50 cached batches for attn.proj
  Layer 8: attn.proj sparsity 0.300
    Layer 8: Collected 50 batches
    Scale weights: ['0.015', '0.029', '0.044', '0.059', '0.074', '0.088', '0.118', '0.147', '0.191', '0.235']
    Head importances: [7.629995593672056e-12, 9.083095386941409e-12, 1.3866149548014128e-11, 1.0982061614261962e-11, 9.135715621499951e-12, 1.5199244640662357e-11, 9.964304555076797e-12, 1.4886702981442568e-11, 1.8265536652628533e-11, 1.5076537240865662e-11, 1.0505815835337717e-11, 1.3558187558770918e-11, 8.372772961062758e-12, 1.0188107302244731e-11, 6.718784383019649e-12, 1.3071768494021807e-11]
    Pruning 5/16 heads: [14, 0, 12, 1, 4]
    Layer 8 complete: torch.Size([4096, 1024])

============================================================
Processing Layer 9/16
============================================================
  attn.proj: Using Chain Pruning + KFAC
decoder_time:4.143714904785156ms
decoder_time:4.041910171508789ms
decoder_time:6.006479263305664ms
decoder_time:7.116079330444336ms
decoder_time:7.834672927856445ms
decoder_time:8.609771728515625ms
decoder_time:9.428262710571289ms
decoder_time:10.22791862487793ms
decoder_time:11.071920394897461ms
decoder_time:11.902332305908203ms
    Processed 10/50 batches
decoder_time:12.674331665039062ms
decoder_time:13.468265533447266ms
decoder_time:14.282703399658203ms
decoder_time:15.041112899780273ms
decoder_time:15.841245651245117ms
decoder_time:16.58320426940918ms
decoder_time:17.404556274414062ms
decoder_time:18.217802047729492ms
decoder_time:18.994569778442383ms
decoder_time:19.750356674194336ms
    Processed 20/50 batches
decoder_time:20.58887481689453ms
decoder_time:21.368980407714844ms
decoder_time:22.1250057220459ms
decoder_time:22.944211959838867ms
decoder_time:23.729324340820312ms
decoder_time:24.53136444091797ms
decoder_time:25.25639533996582ms
decoder_time:26.045560836791992ms
decoder_time:26.844501495361328ms
decoder_time:27.60791778564453ms
    Processed 30/50 batches
decoder_time:28.42426300048828ms
decoder_time:29.174327850341797ms
decoder_time:30.02166748046875ms
decoder_time:30.78150749206543ms
decoder_time:31.589508056640625ms
decoder_time:32.34291076660156ms
decoder_time:33.200740814208984ms
decoder_time:34.00778770446777ms
decoder_time:34.780025482177734ms
decoder_time:35.539865493774414ms
    Processed 40/50 batches
decoder_time:36.28087043762207ms
decoder_time:37.07289695739746ms
decoder_time:37.91451454162598ms
decoder_time:38.6962890625ms
decoder_time:4.225730895996094ms
decoder_time:40.236473083496094ms
decoder_time:4.198789596557617ms
decoder_time:41.84269905090332ms
decoder_time:42.673349380493164ms
decoder_time:4.204511642456055ms
    Processed 50/50 batches
    Processing 50 cached batches for attn.proj
  Layer 9: attn.proj sparsity 0.300
    Layer 9: Collected 50 batches
    Scale weights: ['0.015', '0.029', '0.044', '0.059', '0.074', '0.088', '0.118', '0.147', '0.191', '0.235']
    Head importances: [2.2904381516419825e-11, 1.1487237376595072e-11, 1.0603115607743518e-11, 8.578332488795581e-12, 1.074214502072568e-11, 1.3930379419435646e-11, 1.4506675374836853e-11, 1.7280727196422596e-11, 1.4807747042433483e-11, 1.5673901412882607e-11, 1.2567220701587e-11, 1.5943640505056145e-11, 1.1861737286844587e-11, 1.0753358273274394e-11, 1.23637896795592e-11, 9.43822797694338e-12]
    Pruning 5/16 heads: [3, 15, 2, 4, 13]
    Layer 9 complete: torch.Size([4096, 1024])

============================================================
Processing Layer 10/16
============================================================
  attn.proj: Using Chain Pruning + KFAC
decoder_time:4.153013229370117ms
decoder_time:4.040002822875977ms
decoder_time:5.505561828613281ms
decoder_time:7.095813751220703ms
decoder_time:7.843017578125ms
decoder_time:8.571624755859375ms
decoder_time:9.407758712768555ms
decoder_time:10.135173797607422ms
decoder_time:11.00015640258789ms
decoder_time:11.800765991210938ms
    Processed 10/50 batches
decoder_time:12.599468231201172ms
decoder_time:13.359546661376953ms
decoder_time:14.202117919921875ms
decoder_time:14.970064163208008ms
decoder_time:15.774011611938477ms
decoder_time:16.498327255249023ms
decoder_time:17.3032283782959ms
decoder_time:18.113136291503906ms
decoder_time:18.852710723876953ms
decoder_time:19.629716873168945ms
    Processed 20/50 batches
decoder_time:20.439863204956055ms
decoder_time:21.207332611083984ms
decoder_time:22.024869918823242ms
decoder_time:22.745847702026367ms
decoder_time:23.583173751831055ms
decoder_time:24.314403533935547ms
decoder_time:25.088071823120117ms
decoder_time:25.861501693725586ms
decoder_time:26.691198348999023ms
decoder_time:27.43697166442871ms
    Processed 30/50 batches
decoder_time:28.238534927368164ms
decoder_time:28.98693084716797ms
decoder_time:29.798269271850586ms
decoder_time:30.605077743530273ms
decoder_time:31.34465217590332ms
decoder_time:32.1497917175293ms
decoder_time:32.984018325805664ms
decoder_time:33.73289108276367ms
decoder_time:34.49702262878418ms
decoder_time:35.268545150756836ms
    Processed 40/50 batches
decoder_time:36.101341247558594ms
decoder_time:36.86094284057617ms
decoder_time:37.5974178314209ms
decoder_time:38.439273834228516ms
decoder_time:39.25633430480957ms
decoder_time:40.008544921875ms
decoder_time:40.84324836730957ms
decoder_time:41.536808013916016ms
decoder_time:42.376041412353516ms
decoder_time:4.174470901489258ms
    Processed 50/50 batches
    Processing 50 cached batches for attn.proj
  Layer 10: attn.proj sparsity 0.300
    Layer 10: Collected 50 batches
    Scale weights: ['0.015', '0.029', '0.044', '0.059', '0.074', '0.088', '0.118', '0.147', '0.191', '0.235']
    Head importances: [2.4126990336159615e-11, 2.6459036350789944e-11, 2.73045145521289e-11, 2.92842555760231e-11, 3.8526608986400035e-11, 2.1217359466585428e-11, 1.9409635357292565e-11, 4.3100738256196536e-11, 2.2650430142601152e-11, 3.196590214749051e-11, 2.3673250859612693e-11, 2.4007299620487643e-11, 2.4435016510171437e-11, 2.2451197151385216e-11, 2.6802459557329072e-11, 2.037490835771205e-11]
    Pruning 5/16 heads: [6, 15, 5, 13, 8]
    Layer 10 complete: torch.Size([4096, 1024])

============================================================
Processing Layer 11/16
============================================================
  attn.proj: Using Chain Pruning + KFAC
decoder_time:4.105329513549805ms
decoder_time:4.005908966064453ms
decoder_time:5.7506561279296875ms
decoder_time:7.020235061645508ms
decoder_time:7.741689682006836ms
decoder_time:8.518695831298828ms
decoder_time:9.295463562011719ms
decoder_time:10.083436965942383ms
decoder_time:10.930776596069336ms
decoder_time:11.723041534423828ms
    Processed 10/50 batches
decoder_time:12.509584426879883ms
decoder_time:13.295650482177734ms
decoder_time:14.130353927612305ms
decoder_time:14.856576919555664ms
decoder_time:15.642642974853516ms
decoder_time:16.421794891357422ms
decoder_time:17.206192016601562ms
decoder_time:17.973661422729492ms
decoder_time:18.759965896606445ms
decoder_time:19.525527954101562ms
    Processed 20/50 batches
decoder_time:20.32923698425293ms
decoder_time:21.04020118713379ms
decoder_time:21.888256072998047ms
decoder_time:22.65191078186035ms
decoder_time:23.402929306030273ms
decoder_time:24.18208122253418ms
decoder_time:24.937152862548828ms
decoder_time:25.726795196533203ms
decoder_time:26.519298553466797ms
decoder_time:27.27985382080078ms
    Processed 30/50 batches
decoder_time:28.092145919799805ms
decoder_time:28.819799423217773ms
decoder_time:29.6173095703125ms
decoder_time:30.444860458374023ms
decoder_time:31.19063377380371ms
decoder_time:31.94117546081543ms
decoder_time:32.761335372924805ms
decoder_time:33.50043296813965ms
decoder_time:34.27267074584961ms
decoder_time:34.993886947631836ms
    Processed 40/50 batches
decoder_time:35.80737113952637ms
decoder_time:36.58413887023926ms
decoder_time:37.352561950683594ms
decoder_time:38.15746307373047ms
decoder_time:39.03079032897949ms
decoder_time:39.746999740600586ms
decoder_time:40.56572914123535ms
decoder_time:41.269779205322266ms
decoder_time:4.198551177978516ms
decoder_time:42.91081428527832ms
    Processed 50/50 batches
    Processing 50 cached batches for attn.proj
  Layer 11: attn.proj sparsity 0.300
    Layer 11: Collected 50 batches
    Scale weights: ['0.015', '0.029', '0.044', '0.059', '0.074', '0.088', '0.118', '0.147', '0.191', '0.235']
    Head importances: [2.4516149527142872e-11, 2.1665082922117662e-11, 2.5751454788003336e-11, 3.630487577233055e-11, 2.7201831065415405e-11, 2.5160250619049584e-11, 3.3806020482973764e-11, 2.7352691292503728e-11, 1.999085619264207e-11, 2.5701997821703237e-11, 1.92084403938253e-11, 3.635506826138446e-11, 3.006063453714347e-11, 2.0523341706657483e-11, 1.730821388989945e-11, 1.9777290916067614e-11]
    Pruning 5/16 heads: [14, 10, 15, 8, 13]
    Layer 11 complete: torch.Size([4096, 1024])

============================================================
Processing Layer 12/16
============================================================
  attn.proj: Using Chain Pruning + KFAC
decoder_time:4.267215728759766ms
decoder_time:4.058361053466797ms
decoder_time:5.462884902954102ms
decoder_time:6.972551345825195ms
decoder_time:7.689952850341797ms
decoder_time:8.45193862915039ms
decoder_time:9.20414924621582ms
decoder_time:9.98997688293457ms
decoder_time:10.782957077026367ms
decoder_time:11.61813735961914ms
    Processed 10/50 batches
decoder_time:12.410163879394531ms
decoder_time:13.199806213378906ms
decoder_time:14.000177383422852ms
decoder_time:14.799118041992188ms
decoder_time:15.54107666015625ms
decoder_time:16.2961483001709ms
decoder_time:17.10987091064453ms
decoder_time:17.865419387817383ms
decoder_time:18.61095428466797ms
decoder_time:19.383907318115234ms
    Processed 20/50 batches
decoder_time:20.216703414916992ms
decoder_time:20.923852920532227ms
decoder_time:21.706819534301758ms
decoder_time:22.439241409301758ms
decoder_time:23.29254150390625ms
decoder_time:24.049758911132812ms
decoder_time:24.790048599243164ms
decoder_time:25.537729263305664ms
decoder_time:26.366710662841797ms
decoder_time:27.09054946899414ms
    Processed 30/50 batches
decoder_time:27.872562408447266ms
decoder_time:28.635501861572266ms
decoder_time:29.456377029418945ms
decoder_time:30.217409133911133ms
decoder_time:30.976057052612305ms
decoder_time:31.720876693725586ms
decoder_time:32.502174377441406ms
decoder_time:33.28418731689453ms
decoder_time:34.05499458312988ms
decoder_time:34.781694412231445ms
    Processed 40/50 batches
decoder_time:35.60161590576172ms
decoder_time:36.37862205505371ms
decoder_time:37.132978439331055ms
decoder_time:37.93787956237793ms
decoder_time:38.77449035644531ms
decoder_time:39.47949409484863ms
decoder_time:40.30895233154297ms
decoder_time:4.233837127685547ms
decoder_time:41.85771942138672ms
decoder_time:42.64020919799805ms
    Processed 50/50 batches
    Processing 50 cached batches for attn.proj
  Layer 12: attn.proj sparsity 0.300
    Layer 12: Collected 50 batches
    Scale weights: ['0.015', '0.029', '0.044', '0.059', '0.074', '0.088', '0.118', '0.147', '0.191', '0.235']
    Head importances: [1.5799228592072723e-10, 8.723469169247267e-11, 8.895857661617157e-11, 1.6695229920760113e-10, 1.2307591057414413e-10, 1.0995759164300623e-10, 8.866434669796419e-11, 1.3109199836769392e-10, 9.586127031058211e-11, 7.638334409421077e-11, 9.849387971883061e-11, 9.02303648464553e-11, 1.3535976506329206e-10, 1.241067665302964e-10, 1.0094054758713611e-10, 1.3643050578160398e-10]
    Pruning 5/16 heads: [9, 1, 6, 2, 11]
    Layer 12 complete: torch.Size([4096, 1024])

============================================================
Processing Layer 13/16
============================================================
  attn.proj: Using Chain Pruning + KFAC
decoder_time:4.220724105834961ms
decoder_time:4.18543815612793ms
decoder_time:5.4874420166015625ms
decoder_time:6.918668746948242ms
decoder_time:7.632255554199219ms
decoder_time:8.352279663085938ms
decoder_time:9.151697158813477ms
decoder_time:9.931087493896484ms
decoder_time:10.712146759033203ms
decoder_time:11.54327392578125ms
    Processed 10/50 batches
decoder_time:12.351036071777344ms
decoder_time:13.095378875732422ms
decoder_time:13.927936553955078ms
decoder_time:14.702081680297852ms
decoder_time:15.452384948730469ms
decoder_time:16.199827194213867ms
decoder_time:17.014503479003906ms
decoder_time:17.731666564941406ms
decoder_time:18.544912338256836ms
decoder_time:19.254207611083984ms
    Processed 20/50 batches
decoder_time:20.052194595336914ms
decoder_time:20.838260650634766ms
decoder_time:21.570682525634766ms
decoder_time:22.312402725219727ms
decoder_time:23.149967193603516ms
decoder_time:23.876190185546875ms
decoder_time:24.62935447692871ms
decoder_time:25.37250518798828ms
decoder_time:26.21150016784668ms
decoder_time:26.91197395324707ms
    Processed 30/50 batches
decoder_time:27.696609497070312ms
decoder_time:28.44834327697754ms
decoder_time:29.303550720214844ms
decoder_time:30.001401901245117ms
decoder_time:30.756473541259766ms
decoder_time:31.490087509155273ms
decoder_time:32.364606857299805ms
decoder_time:33.03265571594238ms
decoder_time:33.867597579956055ms
decoder_time:34.57021713256836ms
    Processed 40/50 batches
decoder_time:35.41135787963867ms
decoder_time:36.163330078125ms
decoder_time:36.91816329956055ms
decoder_time:37.7197265625ms
decoder_time:38.477420806884766ms
decoder_time:39.23344612121582ms
decoder_time:40.02547264099121ms
decoder_time:40.77601432800293ms
decoder_time:4.251241683959961ms
decoder_time:42.3583984375ms
    Processed 50/50 batches
    Processing 50 cached batches for attn.proj
  Layer 13: attn.proj sparsity 0.300
    Layer 13: Collected 50 batches
    Scale weights: ['0.015', '0.029', '0.044', '0.059', '0.074', '0.088', '0.118', '0.147', '0.191', '0.235']
    Head importances: [8.569714382566929e-11, 8.336650120233102e-11, 8.562021924785057e-11, 7.252791422995841e-11, 6.007520869655281e-11, 9.379752530236374e-11, 5.6211410526252337e-11, 7.151186587339708e-11, 1.185581077756126e-10, 9.149637991701098e-11, 7.24524051864961e-11, 8.997863565340936e-11, 9.461201266880437e-11, 1.0680159534537381e-10, 7.199182916473035e-11, 1.1455050102915365e-10]
    Pruning 5/16 heads: [6, 4, 7, 14, 10]
    Layer 13 complete: torch.Size([4096, 1024])

============================================================
Processing Layer 14/16
============================================================
  attn.proj: Using Chain Pruning + KFAC
decoder_time:4.1217803955078125ms
decoder_time:4.007577896118164ms
decoder_time:5.165576934814453ms
decoder_time:6.870746612548828ms
decoder_time:7.566213607788086ms
decoder_time:8.330821990966797ms
decoder_time:9.090423583984375ms
decoder_time:9.82809066772461ms
decoder_time:10.6353759765625ms
decoder_time:11.452436447143555ms
    Processed 10/50 batches
decoder_time:12.255191802978516ms
decoder_time:13.015508651733398ms
decoder_time:13.837575912475586ms
decoder_time:14.58120346069336ms
decoder_time:15.407085418701172ms
decoder_time:16.10279083251953ms
decoder_time:16.92485809326172ms
decoder_time:17.641067504882812ms
decoder_time:18.410205841064453ms
decoder_time:19.147872924804688ms
    Processed 20/50 batches
decoder_time:19.92201805114746ms
decoder_time:20.710229873657227ms
decoder_time:21.457195281982422ms
decoder_time:22.19223976135254ms
decoder_time:22.97210693359375ms
decoder_time:23.71668815612793ms
decoder_time:24.46603775024414ms
decoder_time:25.226116180419922ms
decoder_time:26.018381118774414ms
decoder_time:26.761531829833984ms
    Processed 30/50 batches
decoder_time:27.55427360534668ms
decoder_time:28.255939483642578ms
decoder_time:29.079914093017578ms
decoder_time:29.85405921936035ms
decoder_time:30.586719512939453ms
decoder_time:31.338930130004883ms
decoder_time:32.12285041809082ms
decoder_time:32.83405303955078ms
decoder_time:33.64706039428711ms
decoder_time:34.360647201538086ms
    Processed 40/50 batches
decoder_time:35.14719009399414ms
decoder_time:35.90965270996094ms
decoder_time:36.69142723083496ms
decoder_time:37.42218017578125ms
decoder_time:38.2382869720459ms
decoder_time:38.97547721862793ms
decoder_time:39.765357971191406ms
decoder_time:40.49420356750488ms
decoder_time:4.354953765869141ms
decoder_time:42.05036163330078ms
    Processed 50/50 batches
    Processing 50 cached batches for attn.proj
  Layer 14: attn.proj sparsity 0.300
    Layer 14: Collected 50 batches
    Scale weights: ['0.015', '0.029', '0.044', '0.059', '0.074', '0.088', '0.118', '0.147', '0.191', '0.235']
    Head importances: [9.20485493383083e-11, 4.133749453849589e-10, 9.241959975092584e-11, 8.6267770704751e-11, 1.331909027513234e-10, 1.4045327401124297e-10, 9.452266747089766e-11, 1.7480902836375378e-10, 8.475066481938853e-11, 8.628869840876519e-11, 1.5488638149818712e-10, 8.799619366506306e-11, 9.620913093977279e-11, 9.113602927879327e-11, 8.844505683391901e-11, 1.0055981741752262e-10]
    Pruning 5/16 heads: [8, 3, 9, 11, 14]
    Layer 14 complete: torch.Size([4096, 1024])

============================================================
Processing Layer 15/16
============================================================
  attn.proj: Using Chain Pruning + KFAC
decoder_time:4.566192626953125ms
decoder_time:4.073858261108398ms
decoder_time:4.910945892333984ms
decoder_time:6.847143173217773ms
decoder_time:7.519721984863281ms
decoder_time:8.235931396484375ms
decoder_time:9.038925170898438ms
decoder_time:9.778022766113281ms
decoder_time:10.550975799560547ms
decoder_time:11.365652084350586ms
    Processed 10/50 batches
decoder_time:12.157678604125977ms
decoder_time:12.938499450683594ms
decoder_time:13.748884201049805ms
decoder_time:14.510154724121094ms
decoder_time:15.284299850463867ms
decoder_time:15.985965728759766ms
decoder_time:16.80302619934082ms
decoder_time:17.53830909729004ms
decoder_time:18.23711395263672ms
decoder_time:19.008874893188477ms
    Processed 20/50 batches
decoder_time:19.795656204223633ms
decoder_time:20.55048942565918ms
decoder_time:21.373510360717773ms
decoder_time:22.034883499145508ms
decoder_time:22.823095321655273ms
decoder_time:23.58245849609375ms
decoder_time:24.325132369995117ms
decoder_time:25.106191635131836ms
decoder_time:25.864601135253906ms
decoder_time:26.595592498779297ms
    Processed 30/50 batches
decoder_time:27.364730834960938ms
decoder_time:28.10835838317871ms
decoder_time:28.919458389282227ms
decoder_time:29.65521812438965ms
decoder_time:30.41696548461914ms
decoder_time:31.151294708251953ms
decoder_time:31.897783279418945ms
decoder_time:32.65714645385742ms
decoder_time:33.452510833740234ms
decoder_time:34.14773941040039ms
    Processed 40/50 batches
decoder_time:34.94119644165039ms
decoder_time:35.720109939575195ms
decoder_time:36.43465042114258ms
decoder_time:37.175655364990234ms
decoder_time:37.958621978759766ms
decoder_time:38.7415885925293ms
decoder_time:39.51144218444824ms
decoder_time:40.23933410644531ms
decoder_time:41.03708267211914ms
decoder_time:41.80645942687988ms
    Processed 50/50 batches
    Processing 50 cached batches for attn.proj
  Layer 15: attn.proj sparsity 0.300
    Layer 15: Collected 50 batches
    Scale weights: ['0.015', '0.029', '0.044', '0.059', '0.074', '0.088', '0.118', '0.147', '0.191', '0.235']
    Head importances: [1.586286124677372e-08, 1.0352810164704351e-08, 1.0278476736402808e-08, 1.1098968855094427e-08, 3.161080286417928e-08, 3.850854923825864e-08, 8.016139219080287e-08, 1.1411162681440601e-08, 7.568125681700621e-08, 1.0230392533117083e-08, 4.053586621921568e-08, 1.243794134353493e-08, 2.726599213076497e-08, 4.4126291953716645e-08, 1.0450043497201023e-08, 1.763216914696386e-07]
    Pruning 5/16 heads: [9, 2, 1, 14, 3]
    Layer 15 complete: torch.Size([4096, 1024])
memory consumption: 10838.64 MB
Pruning completed in 340.35 seconds
******************************
layer 0 sparsity 0.000000
layer 1 sparsity 0.000000
layer 2 sparsity 0.000000
layer 3 sparsity 0.000000
layer 4 sparsity 0.000000
layer 5 sparsity 0.000000
layer 6 sparsity 0.000000
layer 7 sparsity 0.000000
layer 8 sparsity 0.000000
layer 9 sparsity 0.000000
layer 10 sparsity 0.000000
layer 11 sparsity 0.000000
layer 12 sparsity 0.000000
layer 13 sparsity 0.000000
layer 14 sparsity 0.000000
layer 15 sparsity 0.000000
Final sparsity: 0.0000
******************************
After pruning - All params: 0.29B	 Layer params: 0.29B	 Extra params: 0.00B
decoder_time:4.091024398803711ms
Inference time: 0.1344 seconds
Pruned model saved to: /home/project/real_prune/VAR_FIDtest/batch_models/chain_kfac/var_d16_chain_kfac_s0.3_sqrt_n50.pth
Chain pruning completed successfully!
✅ 完成: var_d16_chain_kfac_s0.3_sqrt_n50.pth
----------------------------------------
训练 Chain KFAC: sparsity=0.4, strategy=natural
/root/miniconda3/envs/var/lib/python3.10/site-packages/torch/backends/__init__.py:46: UserWarning: Please use the new API settings to control TF32 behavior, such as torch.backends.cudnn.conv.fp32_precision = 'tf32' or torch.backends.cuda.matmul.fp32_precision = 'ieee'. Old settings, e.g, torch.backends.cuda.matmul.allow_tf32 = True, torch.backends.cudnn.allow_tf32 = True, allowTF32CuDNN() and allowTF32CuBLAS() will be deprecated after Pytorch 2.9. Please see https://pytorch.org/docs/main/notes/cuda.html#tensorfloat-32-tf32-on-ampere-and-later-devices (Triggered internally at /pytorch/aten/src/ATen/Context.cpp:80.)
  self.setter(val)
/home/project/real_prune/slimgpt_pub_prune/slim_utils
================================================================================
VAR Chain Pruning with KFAC-OBS
  Method: Chain Pruning + Full-KFAC-OBS
  Scale weighting: natural
  Target sparsity: 40.0%
================================================================================
Loading VAR model...

[constructor]  ==== flash_if_available=True (0/16), fused_if_available=True (fusing_add_ln=0/16, fusing_mlp=0/16) ==== 
    [VAR config ] embed_dim=1024, num_heads=16, depth=16, mlp_ratio=4.0
    [drop ratios ] drop_rate=0.0, attn_drop_rate=0.0, drop_path_rate=0.0666667 (tensor([0.0000, 0.0044, 0.0089, 0.0133, 0.0178, 0.0222, 0.0267, 0.0311, 0.0356,
        0.0400, 0.0444, 0.0489, 0.0533, 0.0578, 0.0622, 0.0667]))

/root/miniconda3/envs/var/lib/python3.10/site-packages/torch/nn/modules/module.py:1866: FutureWarning: Using a non-full backward hook when the forward contains multiple autograd Nodes is deprecated and will be removed in future versions. This hook will be missing some grad_input. Please use register_full_backward_hook to get the documented behavior.
  self._maybe_warn_non_full_backward_hook(args, result, grad_fn)
[init_weights] VAR with init_std=0.0180422
Model preparation finished.
Preparing calibration data...
Before pruning - All params: 0.31B	 Layer params: 0.31B	 Extra params: 0.00B
Starting chain pruning...
Chain Pruning: Starting model slimming...
  Strategy: Layer 0 = SlimGPT, Layers 1+ = Chain KFAC
  Scale weighting: natural
  Total samples: 50

============================================================
Processing Layer 0/16
============================================================
  attn.proj: Using SlimGPT (first layer)
decoder_time:53.37810516357422ms
decoder_time:4.410743713378906ms
decoder_time:6.274700164794922ms
decoder_time:7.204532623291016ms
decoder_time:8.001089096069336ms
decoder_time:8.77070426940918ms
decoder_time:9.600162506103516ms
decoder_time:10.433673858642578ms
decoder_time:11.27767562866211ms
decoder_time:12.08806037902832ms
    Processed 10/50 batches
decoder_time:12.892484664916992ms
decoder_time:13.682126998901367ms
decoder_time:14.486074447631836ms
decoder_time:15.233993530273438ms
decoder_time:16.09492301940918ms
decoder_time:16.843318939208984ms
decoder_time:17.670869827270508ms
decoder_time:18.44930648803711ms
decoder_time:19.254446029663086ms
decoder_time:20.03312110900879ms
    Processed 20/50 batches
decoder_time:20.870685577392578ms
decoder_time:21.623849868774414ms
decoder_time:22.416353225708008ms
decoder_time:23.184537887573242ms
decoder_time:24.016380310058594ms
decoder_time:24.810314178466797ms
decoder_time:25.58612823486328ms
decoder_time:26.397228240966797ms
decoder_time:4.7206878662109375ms
decoder_time:27.928590774536133ms
    Processed 30/50 batches
decoder_time:28.819561004638672ms
decoder_time:29.55007553100586ms
decoder_time:6.504535675048828ms
decoder_time:31.22401237487793ms
decoder_time:31.99291229248047ms
decoder_time:32.797813415527344ms
decoder_time:33.60605239868164ms
decoder_time:34.384727478027344ms
decoder_time:35.20631790161133ms
decoder_time:4.5318603515625ms
    Processed 40/50 batches
decoder_time:36.78417205810547ms
decoder_time:37.59312629699707ms
decoder_time:38.40041160583496ms
decoder_time:39.18790817260742ms
decoder_time:40.041208267211914ms
decoder_time:40.795087814331055ms
decoder_time:41.597604751586914ms
decoder_time:42.31142997741699ms
decoder_time:43.17355155944824ms
decoder_time:43.996572494506836ms
    Processed 50/50 batches
  Layer 0: attn.proj sparsity 0.400
    Layer 0 complete: torch.Size([4096, 1024])

============================================================
Processing Layer 1/16
============================================================
  attn.proj: Using Chain Pruning + KFAC
decoder_time:4.511594772338867ms
decoder_time:6.199359893798828ms
decoder_time:6.460905075073242ms
decoder_time:7.204532623291016ms
decoder_time:7.965087890625ms
decoder_time:8.690118789672852ms
decoder_time:9.54890251159668ms
decoder_time:10.337114334106445ms
decoder_time:11.176347732543945ms
decoder_time:11.990070343017578ms
    Processed 10/50 batches
decoder_time:12.762069702148438ms
decoder_time:13.581037521362305ms
decoder_time:14.364004135131836ms
decoder_time:15.144824981689453ms
decoder_time:15.962362289428711ms
decoder_time:16.680479049682617ms
decoder_time:17.52495765686035ms
decoder_time:18.302440643310547ms
decoder_time:19.08278465270996ms
decoder_time:19.864797592163086ms
    Processed 20/50 batches
decoder_time:20.699501037597656ms
decoder_time:21.456480026245117ms
decoder_time:22.272586822509766ms
decoder_time:23.008346557617188ms
decoder_time:23.843765258789062ms
decoder_time:24.622201919555664ms
decoder_time:25.406360626220703ms
decoder_time:26.198863983154297ms
decoder_time:27.00185775756836ms
decoder_time:27.75859832763672ms
    Processed 30/50 batches
decoder_time:4.204750061035156ms
decoder_time:29.33812141418457ms
decoder_time:30.187368392944336ms
decoder_time:30.97081184387207ms
decoder_time:31.73041343688965ms
decoder_time:32.56511688232422ms
decoder_time:33.357858657836914ms
decoder_time:34.12938117980957ms
decoder_time:34.95621681213379ms
decoder_time:4.270076751708984ms
    Processed 40/50 batches
decoder_time:36.51165962219238ms
decoder_time:37.29557991027832ms
decoder_time:4.203319549560547ms
decoder_time:38.90728950500488ms
decoder_time:4.39453125ms
decoder_time:4.247426986694336ms
decoder_time:4.24504280090332ms
decoder_time:38.13052177429199ms
decoder_time:4.49824333190918ms
decoder_time:4.173517227172852ms
    Processed 50/50 batches
    Processing 50 cached batches for attn.proj
  Layer 1: attn.proj sparsity 0.400
    Layer 1: Collected 50 batches
    Scale weights: ['0.001', '0.006', '0.013', '0.024', '0.037', '0.053', '0.094', '0.147', '0.249', '0.376']
    Head importances: [7.601845043204991e-13, 7.862242757880611e-13, 9.895292051032012e-13, 1.13803161772702e-12, 9.595281383681376e-13, 1.1837590369739859e-12, 7.308504929720572e-13, 1.071726366506931e-12, 1.2309543575422799e-12, 1.0192168289901993e-12, 1.0823670518883555e-12, 1.0442675370259114e-12, 1.0197519911825381e-12, 8.871137331667445e-13, 9.134023832430005e-13, 7.133181849014458e-13]
    Pruning 6/16 heads: [15, 6, 0, 1, 13, 14]
    Layer 1 complete: torch.Size([4096, 1024])

============================================================
Processing Layer 2/16
============================================================
  attn.proj: Using Chain Pruning + KFAC
decoder_time:4.146575927734375ms
decoder_time:4.043102264404297ms
decoder_time:6.501436233520508ms
decoder_time:7.182121276855469ms
decoder_time:8.840560913085938ms
decoder_time:8.702993392944336ms
decoder_time:9.528398513793945ms
decoder_time:10.353565216064453ms
decoder_time:11.152267456054688ms
decoder_time:11.99483871459961ms
    Processed 10/50 batches
decoder_time:12.768268585205078ms
decoder_time:13.586759567260742ms
decoder_time:14.383316040039062ms
decoder_time:15.125513076782227ms
decoder_time:15.942096710205078ms
decoder_time:16.722440719604492ms
decoder_time:17.467260360717773ms
decoder_time:18.305063247680664ms
decoder_time:19.092559814453125ms
decoder_time:19.904136657714844ms
    Processed 20/50 batches
decoder_time:20.728349685668945ms
decoder_time:21.437644958496094ms
decoder_time:22.278308868408203ms
decoder_time:23.05769920349121ms
decoder_time:23.846149444580078ms
decoder_time:24.642467498779297ms
decoder_time:25.447368621826172ms
decoder_time:26.17192268371582ms
decoder_time:4.491090774536133ms
decoder_time:27.765274047851562ms
    Processed 30/50 batches
decoder_time:28.606176376342773ms
decoder_time:29.333114624023438ms
decoder_time:30.178308486938477ms
decoder_time:30.94005584716797ms
decoder_time:31.74114227294922ms
decoder_time:32.53579139709473ms
decoder_time:4.237890243530273ms
decoder_time:34.11364555358887ms
decoder_time:34.93642807006836ms
decoder_time:35.683393478393555ms
    Processed 40/50 batches
decoder_time:36.510467529296875ms
decoder_time:37.32776641845703ms
decoder_time:38.065195083618164ms
decoder_time:4.254341125488281ms
decoder_time:39.75486755371094ms
decoder_time:40.48275947570801ms
decoder_time:41.32223129272461ms
decoder_time:4.237174987792969ms
decoder_time:4.414081573486328ms
decoder_time:4.176139831542969ms
    Processed 50/50 batches
    Processing 50 cached batches for attn.proj
  Layer 2: attn.proj sparsity 0.400
    Layer 2: Collected 50 batches
    Scale weights: ['0.001', '0.006', '0.013', '0.024', '0.037', '0.053', '0.094', '0.147', '0.249', '0.376']
    Head importances: [8.761931609944928e-13, 3.785648552447063e-13, 6.920307426064309e-13, 6.605347779159443e-13, 4.0216088922559456e-13, 3.072042945549691e-13, 9.402008251807592e-13, 6.5261262106181e-13, 4.216165719501952e-13, 6.629833401022855e-13, 5.560750427832661e-13, 4.1949898958205944e-13, 6.794418543412672e-13, 3.7883070161739973e-13, 4.2446642446562766e-13, 5.432748977247936e-13]
    Pruning 6/16 heads: [5, 1, 13, 4, 11, 8]
    Layer 2 complete: torch.Size([4096, 1024])

============================================================
Processing Layer 3/16
============================================================
  attn.proj: Using Chain Pruning + KFAC
decoder_time:4.158258438110352ms
decoder_time:4.120111465454102ms
decoder_time:6.4601898193359375ms
decoder_time:7.164716720581055ms
decoder_time:7.9441070556640625ms
decoder_time:8.69607925415039ms
decoder_time:9.528398513793945ms
decoder_time:10.325193405151367ms
decoder_time:11.176824569702148ms
decoder_time:11.972665786743164ms
    Processed 10/50 batches
decoder_time:12.771129608154297ms
decoder_time:13.577938079833984ms
decoder_time:14.350175857543945ms
decoder_time:15.12765884399414ms
decoder_time:15.938282012939453ms
decoder_time:16.715049743652344ms
decoder_time:17.545461654663086ms
decoder_time:18.30911636352539ms
decoder_time:19.088268280029297ms
decoder_time:19.899368286132812ms
    Processed 20/50 batches
decoder_time:20.682096481323242ms
decoder_time:21.458864212036133ms
decoder_time:22.246599197387695ms
decoder_time:23.053407669067383ms
decoder_time:23.859262466430664ms
decoder_time:24.64604377746582ms
decoder_time:25.40278434753418ms
decoder_time:26.207685470581055ms
decoder_time:26.9930362701416ms
decoder_time:27.764558792114258ms
    Processed 30/50 batches
decoder_time:28.596878051757812ms
decoder_time:29.376745223999023ms
decoder_time:4.431724548339844ms
decoder_time:31.00752830505371ms
decoder_time:31.795024871826172ms
decoder_time:32.541513442993164ms
decoder_time:33.3857536315918ms
decoder_time:34.15870666503906ms
decoder_time:6.410360336303711ms
decoder_time:35.706520080566406ms
    Processed 40/50 batches
decoder_time:36.53454780578613ms
decoder_time:37.317752838134766ms
decoder_time:4.440784454345703ms
decoder_time:38.855552673339844ms
decoder_time:39.72744941711426ms
decoder_time:4.229545593261719ms
decoder_time:41.29385948181152ms
decoder_time:4.207372665405273ms
decoder_time:4.286766052246094ms
decoder_time:43.71023178100586ms
    Processed 50/50 batches
    Processing 50 cached batches for attn.proj
  Layer 3: attn.proj sparsity 0.400
    Layer 3: Collected 50 batches
    Scale weights: ['0.001', '0.006', '0.013', '0.024', '0.037', '0.053', '0.094', '0.147', '0.249', '0.376']
    Head importances: [9.479454981392577e-13, 1.2811041290305969e-12, 1.2611110072890952e-12, 7.520305450418874e-13, 1.4952522726929818e-12, 8.334259931491728e-13, 1.4683948501570399e-12, 8.762968649322911e-13, 6.065785352303565e-13, 6.648021976668472e-13, 8.05334802751051e-13, 8.580470318639288e-13, 5.402353911443392e-13, 6.074408554282429e-13, 1.3147993978279704e-12, 2.038435609544309e-12]
    Pruning 6/16 heads: [12, 8, 13, 9, 3, 10]
    Layer 3 complete: torch.Size([4096, 1024])

============================================================
Processing Layer 4/16
============================================================
  attn.proj: Using Chain Pruning + KFAC
decoder_time:4.108905792236328ms
decoder_time:4.047393798828125ms
decoder_time:6.47425651550293ms
decoder_time:7.150173187255859ms
decoder_time:7.899999618530273ms
decoder_time:8.723735809326172ms
decoder_time:9.482383728027344ms
decoder_time:10.324954986572266ms
decoder_time:11.174678802490234ms
decoder_time:11.987924575805664ms
    Processed 10/50 batches
decoder_time:12.747049331665039ms
decoder_time:13.54360580444336ms
decoder_time:14.400482177734375ms
decoder_time:15.115737915039062ms
decoder_time:15.958786010742188ms
decoder_time:16.662120819091797ms
decoder_time:17.507314682006836ms
decoder_time:18.33343505859375ms
decoder_time:19.12546157836914ms
decoder_time:19.851207733154297ms
    Processed 20/50 batches
decoder_time:20.720243453979492ms
decoder_time:21.46625518798828ms
decoder_time:22.292613983154297ms
decoder_time:23.04244041442871ms
decoder_time:23.86164665222168ms
decoder_time:24.66273307800293ms
decoder_time:25.39515495300293ms
decoder_time:26.190996170043945ms
decoder_time:21.028757095336914ms
decoder_time:27.766942977905273ms
    Processed 30/50 batches
decoder_time:28.606176376342773ms
decoder_time:29.31356430053711ms
decoder_time:30.170679092407227ms
decoder_time:30.979394912719727ms
decoder_time:31.784534454345703ms
decoder_time:32.509565353393555ms
decoder_time:33.368587493896484ms
decoder_time:34.125328063964844ms
decoder_time:34.97481346130371ms
decoder_time:35.66765785217285ms
    Processed 40/50 batches
decoder_time:36.57174110412598ms
decoder_time:37.32776641845703ms
decoder_time:38.16056251525879ms
decoder_time:38.9096736907959ms
decoder_time:39.75033760070801ms
decoder_time:4.248380661010742ms
decoder_time:4.202127456665039ms
decoder_time:4.210233688354492ms
decoder_time:4.218578338623047ms
decoder_time:4.353761672973633ms
    Processed 50/50 batches
    Processing 50 cached batches for attn.proj
  Layer 4: attn.proj sparsity 0.400
    Layer 4: Collected 50 batches
    Scale weights: ['0.001', '0.006', '0.013', '0.024', '0.037', '0.053', '0.094', '0.147', '0.249', '0.376']
    Head importances: [2.739820089553424e-12, 1.281431341246253e-12, 2.4537266749696807e-12, 1.9824944637314434e-12, 1.3644815529192944e-12, 1.7711691488453418e-12, 1.6030595904534262e-12, 3.5145699284894194e-12, 1.90455789160493e-12, 2.8898582745545687e-12, 9.745403269090236e-13, 1.4037740154321243e-12, 3.0383104886178014e-12, 1.2605218518285666e-12, 2.831235246247843e-12, 1.5248256216709999e-12]
    Pruning 6/16 heads: [10, 13, 1, 4, 11, 15]
    Layer 4 complete: torch.Size([4096, 1024])

============================================================
Processing Layer 5/16
============================================================
  attn.proj: Using Chain Pruning + KFAC
decoder_time:4.142522811889648ms
decoder_time:4.045724868774414ms
decoder_time:6.486415863037109ms
decoder_time:7.158756256103516ms
decoder_time:7.90858268737793ms
decoder_time:8.689641952514648ms
decoder_time:9.550094604492188ms
decoder_time:10.343551635742188ms
decoder_time:11.17086410522461ms
decoder_time:11.999130249023438ms
    Processed 10/50 batches
decoder_time:12.758731842041016ms
decoder_time:13.57269287109375ms
decoder_time:14.364957809448242ms
decoder_time:15.118837356567383ms
decoder_time:15.942096710205078ms
decoder_time:16.716957092285156ms
decoder_time:17.530441284179688ms
decoder_time:18.311262130737305ms
decoder_time:19.10114288330078ms
decoder_time:19.872665405273438ms
    Processed 20/50 batches
decoder_time:20.658016204833984ms
decoder_time:21.457672119140625ms
decoder_time:22.292375564575195ms
decoder_time:23.01192283630371ms
decoder_time:23.89216423034668ms
decoder_time:24.65963363647461ms
decoder_time:25.43473243713379ms
decoder_time:26.23128890991211ms
decoder_time:27.026891708374023ms
decoder_time:27.77266502380371ms
    Processed 30/50 batches
decoder_time:28.60093116760254ms
decoder_time:29.34098243713379ms
decoder_time:30.20644187927246ms
decoder_time:31.00752830505371ms
decoder_time:31.79335594177246ms
decoder_time:32.541513442993164ms
decoder_time:33.373117446899414ms
decoder_time:34.17015075683594ms
decoder_time:34.96575355529785ms
decoder_time:35.692691802978516ms
    Processed 40/50 batches
decoder_time:36.54599189758301ms
decoder_time:4.176139831542969ms
decoder_time:38.136959075927734ms
decoder_time:38.870811462402344ms
decoder_time:39.76893424987793ms
decoder_time:29.17003631591797ms
decoder_time:4.180192947387695ms
decoder_time:4.191160202026367ms
decoder_time:4.327297210693359ms
decoder_time:4.194021224975586ms
    Processed 50/50 batches
    Processing 50 cached batches for attn.proj
  Layer 5: attn.proj sparsity 0.400
    Layer 5: Collected 50 batches
    Scale weights: ['0.001', '0.006', '0.013', '0.024', '0.037', '0.053', '0.094', '0.147', '0.249', '0.376']
    Head importances: [5.016729219542437e-13, 1.0364721234057406e-12, 3.7668173159637053e-13, 5.951706141815727e-13, 4.98371146868265e-13, 3.6636714712337537e-13, 5.334564170608735e-13, 1.067000871338153e-12, 1.1067437114334333e-12, 1.0946922621851707e-12, 9.351338063276482e-13, 4.4716482036286087e-13, 5.176541703968973e-13, 5.356331155524641e-13, 3.782332791153059e-13, 5.08254571242317e-13]
    Pruning 6/16 heads: [5, 2, 14, 11, 4, 0]
    Layer 5 complete: torch.Size([4096, 1024])

============================================================
Processing Layer 6/16
============================================================
  attn.proj: Using Chain Pruning + KFAC
decoder_time:4.155158996582031ms
decoder_time:4.0740966796875ms
decoder_time:6.480932235717773ms
decoder_time:7.172107696533203ms
decoder_time:7.901668548583984ms
decoder_time:8.720636367797852ms
decoder_time:9.500741958618164ms
decoder_time:10.336160659790039ms
decoder_time:11.161565780639648ms
decoder_time:11.981010437011719ms
    Processed 10/50 batches
decoder_time:12.79139518737793ms
decoder_time:13.589859008789062ms
decoder_time:14.365434646606445ms
decoder_time:15.120506286621094ms
decoder_time:15.995025634765625ms
decoder_time:16.681671142578125ms
decoder_time:17.522096633911133ms
decoder_time:18.323898315429688ms
decoder_time:19.092798233032227ms
decoder_time:19.90962028503418ms
    Processed 20/50 batches
decoder_time:20.67708969116211ms
decoder_time:21.464824676513672ms
decoder_time:22.285938262939453ms
decoder_time:23.007631301879883ms
decoder_time:23.86951446533203ms
decoder_time:24.683237075805664ms
decoder_time:25.433063507080078ms
decoder_time:26.207685470581055ms
decoder_time:27.028560638427734ms
decoder_time:27.772188186645508ms
    Processed 30/50 batches
decoder_time:28.60736846923828ms
decoder_time:29.338359832763672ms
decoder_time:30.13753890991211ms
decoder_time:4.242420196533203ms
decoder_time:31.742334365844727ms
decoder_time:32.53960609436035ms
decoder_time:33.38170051574707ms
decoder_time:34.12795066833496ms
decoder_time:34.90924835205078ms
decoder_time:35.65502166748047ms
    Processed 40/50 batches
decoder_time:36.50975227355957ms
decoder_time:37.322282791137695ms
decoder_time:38.095951080322266ms
decoder_time:37.3995304107666ms
decoder_time:39.794921875ms
decoder_time:40.47250747680664ms
decoder_time:4.160642623901367ms
decoder_time:4.20069694519043ms
decoder_time:4.195690155029297ms
decoder_time:43.66946220397949ms
    Processed 50/50 batches
    Processing 50 cached batches for attn.proj
  Layer 6: attn.proj sparsity 0.400
    Layer 6: Collected 50 batches
    Scale weights: ['0.001', '0.006', '0.013', '0.024', '0.037', '0.053', '0.094', '0.147', '0.249', '0.376']
    Head importances: [6.870252522266085e-13, 7.905560971480097e-13, 1.7989625631167905e-12, 6.492818435677172e-13, 8.375659107245914e-13, 7.87784117453616e-13, 5.395704499519538e-13, 5.752357683068421e-13, 2.247911492364585e-12, 5.272343976334137e-13, 7.282600087213376e-13, 7.876200776649189e-13, 5.853489893313524e-13, 9.252926116282145e-13, 7.417703062027881e-13, 1.009800207861511e-12]
    Pruning 6/16 heads: [9, 6, 7, 12, 3, 0]
    Layer 6 complete: torch.Size([4096, 1024])

============================================================
Processing Layer 7/16
============================================================
  attn.proj: Using Chain Pruning + KFAC
decoder_time:4.11224365234375ms
decoder_time:4.111051559448242ms
decoder_time:6.354808807373047ms
decoder_time:7.16400146484375ms
decoder_time:7.921695709228516ms
decoder_time:8.70203971862793ms
decoder_time:9.516477584838867ms
decoder_time:10.345458984375ms
decoder_time:11.173009872436523ms
decoder_time:12.01486587524414ms
    Processed 10/50 batches
decoder_time:12.758493423461914ms
decoder_time:13.577461242675781ms
decoder_time:14.365434646606445ms
decoder_time:15.151500701904297ms
decoder_time:15.982866287231445ms
decoder_time:16.70694351196289ms
decoder_time:17.50016212463379ms
decoder_time:18.322467803955078ms
decoder_time:19.093036651611328ms
decoder_time:19.863367080688477ms
    Processed 20/50 batches
decoder_time:20.693302154541016ms
decoder_time:21.431684494018555ms
decoder_time:22.275209426879883ms
decoder_time:23.01621437072754ms
decoder_time:23.84209632873535ms
decoder_time:24.664878845214844ms
decoder_time:25.43163299560547ms
decoder_time:26.18575096130371ms
decoder_time:27.013063430786133ms
decoder_time:27.74333953857422ms
    Processed 30/50 batches
decoder_time:28.583288192749023ms
decoder_time:29.28471565246582ms
decoder_time:30.170679092407227ms
decoder_time:30.939102172851562ms
decoder_time:31.723737716674805ms
decoder_time:32.52840042114258ms
decoder_time:33.3712100982666ms
decoder_time:34.13653373718262ms
decoder_time:34.911155700683594ms
decoder_time:35.70675849914551ms
    Processed 40/50 batches
decoder_time:36.52667999267578ms
decoder_time:37.28437423706055ms
decoder_time:38.08116912841797ms
decoder_time:38.90728950500488ms
decoder_time:39.73197937011719ms
decoder_time:4.198312759399414ms
decoder_time:41.31817817687988ms
decoder_time:42.067766189575195ms
decoder_time:20.203828811645508ms
decoder_time:4.148006439208984ms
    Processed 50/50 batches
    Processing 50 cached batches for attn.proj
  Layer 7: attn.proj sparsity 0.400
    Layer 7: Collected 50 batches
    Scale weights: ['0.001', '0.006', '0.013', '0.024', '0.037', '0.053', '0.094', '0.147', '0.249', '0.376']
    Head importances: [2.3323235703864853e-12, 3.134087173811695e-12, 4.283893552392559e-12, 2.22547501260717e-12, 2.9873542875535897e-12, 2.803545590124301e-12, 1.8395183380010005e-12, 1.864136449369891e-12, 2.8478777495954954e-12, 1.9777872915793804e-12, 2.1031845969660123e-12, 2.096801465095721e-12, 1.9545307212986973e-12, 2.200594957993407e-12, 2.740868296213783e-12, 3.0781111166888753e-12]
    Pruning 6/16 heads: [6, 7, 12, 9, 11, 10]
    Layer 7 complete: torch.Size([4096, 1024])

============================================================
Processing Layer 8/16
============================================================
  attn.proj: Using Chain Pruning + KFAC
decoder_time:4.17017936706543ms
decoder_time:4.068136215209961ms
decoder_time:6.468057632446289ms
decoder_time:7.159709930419922ms
decoder_time:7.922649383544922ms
decoder_time:8.70370864868164ms
decoder_time:9.521245956420898ms
decoder_time:10.338068008422852ms
decoder_time:11.19089126586914ms
decoder_time:11.971712112426758ms
    Processed 10/50 batches
decoder_time:12.791872024536133ms
decoder_time:13.550758361816406ms
decoder_time:14.394760131835938ms
decoder_time:15.130043029785156ms
decoder_time:15.957117080688477ms
decoder_time:16.68691635131836ms
decoder_time:17.531633377075195ms
decoder_time:18.316030502319336ms
decoder_time:19.09804344177246ms
decoder_time:19.889116287231445ms
    Processed 20/50 batches
decoder_time:20.694732666015625ms
decoder_time:21.453857421875ms
decoder_time:22.322654724121094ms
decoder_time:23.029565811157227ms
decoder_time:23.852825164794922ms
decoder_time:24.633407592773438ms
decoder_time:25.439739227294922ms
decoder_time:26.210546493530273ms
decoder_time:27.00948715209961ms
decoder_time:27.755022048950195ms
    Processed 30/50 batches
decoder_time:28.54323387145996ms
decoder_time:29.3428897857666ms
decoder_time:30.1668643951416ms
decoder_time:30.966997146606445ms
decoder_time:31.716108322143555ms
decoder_time:32.53436088562012ms
decoder_time:33.345699310302734ms
decoder_time:34.102678298950195ms
decoder_time:34.90781784057617ms
decoder_time:35.703182220458984ms
    Processed 40/50 batches
decoder_time:36.518096923828125ms
decoder_time:37.26053237915039ms
decoder_time:38.09022903442383ms
decoder_time:38.88130187988281ms
decoder_time:4.368782043457031ms
decoder_time:40.494680404663086ms
decoder_time:41.3212776184082ms
decoder_time:4.217624664306641ms
decoder_time:4.4307708740234375ms
decoder_time:43.622493743896484ms
    Processed 50/50 batches
    Processing 50 cached batches for attn.proj
  Layer 8: attn.proj sparsity 0.400
    Layer 8: Collected 50 batches
    Scale weights: ['0.001', '0.006', '0.013', '0.024', '0.037', '0.053', '0.094', '0.147', '0.249', '0.376']
    Head importances: [1.006294440136779e-12, 1.249239860862117e-12, 1.709531387977803e-12, 1.4019007309185039e-12, 1.0572749273296544e-12, 1.7786703099959e-12, 1.3013140912065957e-12, 2.034064756906151e-12, 2.6482449046183465e-12, 1.974464428761147e-12, 1.338980575721349e-12, 2.001476892207754e-12, 1.0744124773892638e-12, 1.3466187800265095e-12, 8.890963052593515e-13, 1.7126541070749957e-12]
    Pruning 6/16 heads: [14, 0, 4, 12, 1, 6]
    Layer 8 complete: torch.Size([4096, 1024])

============================================================
Processing Layer 9/16
============================================================
  attn.proj: Using Chain Pruning + KFAC
decoder_time:4.123449325561523ms
decoder_time:4.058599472045898ms
decoder_time:5.798816680908203ms
decoder_time:7.108449935913086ms
decoder_time:7.862091064453125ms
decoder_time:8.620738983154297ms
decoder_time:9.452342987060547ms
decoder_time:10.24174690246582ms
decoder_time:11.069774627685547ms
decoder_time:11.894464492797852ms
    Processed 10/50 batches
decoder_time:12.64190673828125ms
decoder_time:13.410091400146484ms
decoder_time:14.241695404052734ms
decoder_time:15.03610610961914ms
decoder_time:15.832185745239258ms
decoder_time:16.59083366394043ms
decoder_time:17.36593246459961ms
decoder_time:18.195629119873047ms
decoder_time:18.952608108520508ms
decoder_time:19.71435546875ms
    Processed 20/50 batches
decoder_time:20.522356033325195ms
decoder_time:21.30270004272461ms
decoder_time:22.14360237121582ms
decoder_time:22.875308990478516ms
decoder_time:23.70309829711914ms
decoder_time:24.47819709777832ms
decoder_time:25.241613388061523ms
decoder_time:25.969505310058594ms
decoder_time:26.806116104125977ms
decoder_time:27.527332305908203ms
    Processed 30/50 batches
decoder_time:28.342485427856445ms
decoder_time:29.117822647094727ms
decoder_time:29.91795539855957ms
decoder_time:30.72047233581543ms
decoder_time:31.497716903686523ms
decoder_time:32.27114677429199ms
decoder_time:33.11896324157715ms
decoder_time:33.84041786193848ms
decoder_time:34.65771675109863ms
decoder_time:35.4158878326416ms
    Processed 40/50 batches
decoder_time:36.23199462890625ms
decoder_time:36.981821060180664ms
decoder_time:37.796974182128906ms
decoder_time:38.60735893249512ms
decoder_time:39.44706916809082ms
decoder_time:40.15779495239258ms
decoder_time:4.195690155029297ms
decoder_time:41.7177677154541ms
decoder_time:42.59681701660156ms
decoder_time:4.266977310180664ms
    Processed 50/50 batches
    Processing 50 cached batches for attn.proj
  Layer 9: attn.proj sparsity 0.400
    Layer 9: Collected 50 batches
    Scale weights: ['0.001', '0.006', '0.013', '0.024', '0.037', '0.053', '0.094', '0.147', '0.249', '0.376']
    Head importances: [3.1830798847415354e-12, 1.3557014668860723e-12, 1.5346834046636726e-12, 1.1184822599347166e-12, 1.2864855665137287e-12, 1.6396673515467475e-12, 1.7043001124955603e-12, 2.578911259890071e-12, 1.7268867542538646e-12, 1.7481925195655945e-12, 1.5256994886220232e-12, 2.3778333902574333e-12, 1.3569178333033838e-12, 1.5591333562756104e-12, 1.5833522644045916e-12, 1.0577577225570622e-12]
    Pruning 6/16 heads: [15, 3, 4, 1, 12, 10]
    Layer 9 complete: torch.Size([4096, 1024])

============================================================
Processing Layer 10/16
============================================================
  attn.proj: Using Chain Pruning + KFAC
decoder_time:4.1522979736328125ms
decoder_time:4.0283203125ms
decoder_time:5.830526351928711ms
decoder_time:7.058382034301758ms
decoder_time:7.796764373779297ms
decoder_time:8.564472198486328ms
decoder_time:9.370565414428711ms
decoder_time:10.138511657714844ms
decoder_time:10.971307754516602ms
decoder_time:11.826038360595703ms
    Processed 10/50 batches
decoder_time:12.583494186401367ms
decoder_time:13.356208801269531ms
decoder_time:14.143228530883789ms
decoder_time:14.902830123901367ms
decoder_time:15.69986343383789ms
decoder_time:16.43967628479004ms
decoder_time:17.284393310546875ms
decoder_time:18.039703369140625ms
decoder_time:18.82171630859375ms
decoder_time:19.590377807617188ms
    Processed 20/50 batches
decoder_time:20.404338836669922ms
decoder_time:21.127939224243164ms
decoder_time:21.958112716674805ms
decoder_time:22.695064544677734ms
decoder_time:23.49686622619629ms
decoder_time:24.29032325744629ms
decoder_time:25.023221969604492ms
decoder_time:25.79951286315918ms
decoder_time:26.586532592773438ms
decoder_time:27.323007583618164ms
    Processed 30/50 batches
decoder_time:28.155088424682617ms
decoder_time:28.904438018798828ms
decoder_time:29.72722053527832ms
decoder_time:30.487537384033203ms
decoder_time:31.272172927856445ms
decoder_time:32.048702239990234ms
decoder_time:32.83047676086426ms
decoder_time:33.609628677368164ms
decoder_time:34.417152404785156ms
decoder_time:35.14385223388672ms
    Processed 40/50 batches
decoder_time:35.96138954162598ms
decoder_time:36.75508499145508ms
decoder_time:37.535905838012695ms
decoder_time:38.29169273376465ms
decoder_time:39.13545608520508ms
decoder_time:39.83426094055176ms
decoder_time:40.702104568481445ms
decoder_time:41.41807556152344ms
decoder_time:4.215478897094727ms
decoder_time:43.033599853515625ms
    Processed 50/50 batches
    Processing 50 cached batches for attn.proj
  Layer 10: attn.proj sparsity 0.400
    Layer 10: Collected 50 batches
    Scale weights: ['0.001', '0.006', '0.013', '0.024', '0.037', '0.053', '0.094', '0.147', '0.249', '0.376']
    Head importances: [2.9290539178133956e-12, 3.0528960436038144e-12, 3.6271085961103733e-12, 3.1503476043137635e-12, 4.336315594793971e-12, 2.375087322994962e-12, 2.1610439132624393e-12, 5.176990780508817e-12, 2.811423403109581e-12, 3.6303638047130438e-12, 2.6033654398904815e-12, 2.882574604359811e-12, 3.0678641051162803e-12, 2.4325975261918487e-12, 3.109796491498895e-12, 2.583500254005333e-12]
    Pruning 6/16 heads: [6, 5, 13, 15, 10, 8]
    Layer 10 complete: torch.Size([4096, 1024])

============================================================
Processing Layer 11/16
============================================================
  attn.proj: Using Chain Pruning + KFAC
decoder_time:4.194498062133789ms
decoder_time:4.124164581298828ms
decoder_time:5.169868469238281ms
decoder_time:7.00068473815918ms
decoder_time:7.720232009887695ms
decoder_time:8.49151611328125ms
decoder_time:9.24372673034668ms
decoder_time:10.046720504760742ms
decoder_time:10.86568832397461ms
decoder_time:11.659860610961914ms
    Processed 10/50 batches
decoder_time:12.463808059692383ms
decoder_time:13.242483139038086ms
decoder_time:14.00899887084961ms
decoder_time:14.789104461669922ms
decoder_time:15.631675720214844ms
decoder_time:16.33763313293457ms
decoder_time:17.16899871826172ms
decoder_time:17.915964126586914ms
decoder_time:18.689870834350586ms
decoder_time:19.440650939941406ms
    Processed 20/50 batches
decoder_time:20.26510238647461ms
decoder_time:20.98369598388672ms
decoder_time:21.77715301513672ms
decoder_time:22.55415916442871ms
decoder_time:23.297786712646484ms
decoder_time:24.094104766845703ms
decoder_time:24.842262268066406ms
decoder_time:25.60734748840332ms
decoder_time:26.393651962280273ms
decoder_time:27.09484100341797ms
    Processed 30/50 batches
decoder_time:27.957439422607422ms
decoder_time:28.679370880126953ms
decoder_time:29.469966888427734ms
decoder_time:30.29322624206543ms
decoder_time:30.99679946899414ms
decoder_time:31.789302825927734ms
decoder_time:32.623291015625ms
decoder_time:33.35309028625488ms
decoder_time:34.15060043334961ms
decoder_time:34.934043884277344ms
    Processed 40/50 batches
decoder_time:35.76064109802246ms
decoder_time:36.492109298706055ms
decoder_time:37.23931312561035ms
decoder_time:37.990570068359375ms
decoder_time:38.82265090942383ms
decoder_time:39.52908515930176ms
decoder_time:5.289793014526367ms
decoder_time:41.09072685241699ms
decoder_time:4.196405410766602ms
decoder_time:42.684316635131836ms
    Processed 50/50 batches
    Processing 50 cached batches for attn.proj
  Layer 11: attn.proj sparsity 0.400
    Layer 11: Collected 50 batches
    Scale weights: ['0.001', '0.006', '0.013', '0.024', '0.037', '0.053', '0.094', '0.147', '0.249', '0.376']
    Head importances: [1.9560785283201376e-12, 1.6638012582254058e-12, 2.16945168426963e-12, 2.776634391160604e-12, 2.212085983138712e-12, 2.1459388085953712e-12, 2.7160799651038126e-12, 2.2875742099193186e-12, 1.668306551932952e-12, 1.954785291968797e-12, 1.539432643860028e-12, 3.4972398241239766e-12, 2.4033845660159647e-12, 1.5901683182023563e-12, 1.4785130585115436e-12, 1.5402027526631445e-12]
    Pruning 6/16 heads: [14, 10, 15, 13, 1, 8]
    Layer 11 complete: torch.Size([4096, 1024])

============================================================
Processing Layer 12/16
============================================================
  attn.proj: Using Chain Pruning + KFAC
decoder_time:4.351615905761719ms
decoder_time:4.049777984619141ms
decoder_time:5.023956298828125ms
decoder_time:6.964206695556641ms
decoder_time:7.662773132324219ms
decoder_time:8.406400680541992ms
decoder_time:9.186506271362305ms
decoder_time:9.955406188964844ms
decoder_time:10.780096054077148ms
decoder_time:11.57522201538086ms
    Processed 10/50 batches
decoder_time:12.309074401855469ms
decoder_time:13.118743896484375ms
decoder_time:13.969898223876953ms
decoder_time:14.675140380859375ms
decoder_time:15.46335220336914ms
decoder_time:16.196489334106445ms
decoder_time:17.011165618896484ms
decoder_time:17.81940460205078ms
decoder_time:18.525123596191406ms
decoder_time:19.306182861328125ms
    Processed 20/50 batches
decoder_time:20.05791664123535ms
decoder_time:20.806550979614258ms
decoder_time:21.628141403198242ms
decoder_time:22.37081527709961ms
decoder_time:23.132801055908203ms
decoder_time:23.886442184448242ms
decoder_time:24.648666381835938ms
decoder_time:25.40755271911621ms
decoder_time:26.215314865112305ms
decoder_time:26.915311813354492ms
    Processed 30/50 batches
decoder_time:27.729034423828125ms
decoder_time:28.472423553466797ms
decoder_time:29.258012771606445ms
decoder_time:30.034303665161133ms
decoder_time:30.775070190429688ms
decoder_time:31.571626663208008ms
decoder_time:32.40036964416504ms
decoder_time:33.13183784484863ms
decoder_time:33.892154693603516ms
decoder_time:34.61050987243652ms
    Processed 40/50 batches
decoder_time:35.413503646850586ms
decoder_time:36.16166114807129ms
decoder_time:36.90624237060547ms
decoder_time:37.68038749694824ms
decoder_time:38.48981857299805ms
decoder_time:39.25657272338867ms
decoder_time:4.210472106933594ms
decoder_time:40.76981544494629ms
decoder_time:41.58926010131836ms
decoder_time:42.33884811401367ms
    Processed 50/50 batches
    Processing 50 cached batches for attn.proj
  Layer 12: attn.proj sparsity 0.400
    Layer 12: Collected 50 batches
    Scale weights: ['0.001', '0.006', '0.013', '0.024', '0.037', '0.053', '0.094', '0.147', '0.249', '0.376']
    Head importances: [1.283654953165847e-11, 7.184651311387125e-12, 7.761048748111676e-12, 1.3564521034181709e-11, 1.096222852076112e-11, 9.803349104720027e-12, 8.055145092611404e-12, 1.2079440746270986e-11, 8.95874693873644e-12, 6.1458295050331735e-12, 7.834325202460413e-12, 8.42358648112107e-12, 1.241620001257715e-11, 1.0224666599500942e-11, 9.256616306796417e-12, 1.2427193822606153e-11]
    Pruning 6/16 heads: [9, 1, 2, 10, 6, 11]
    Layer 12 complete: torch.Size([4096, 1024])

============================================================
Processing Layer 13/16
============================================================
  attn.proj: Using Chain Pruning + KFAC
decoder_time:4.169702529907227ms
decoder_time:4.1522979736328125ms
decoder_time:4.908323287963867ms
decoder_time:6.900548934936523ms
decoder_time:7.597446441650391ms
decoder_time:8.326053619384766ms
decoder_time:9.116888046264648ms
decoder_time:9.856700897216797ms
decoder_time:10.644674301147461ms
decoder_time:11.448144912719727ms
    Processed 10/50 batches
decoder_time:12.245655059814453ms
decoder_time:12.991905212402344ms
decoder_time:13.850688934326172ms
decoder_time:14.554738998413086ms
decoder_time:15.377283096313477ms
decoder_time:16.11614227294922ms
decoder_time:16.886234283447266ms
decoder_time:17.68207550048828ms
decoder_time:18.37325096130371ms
decoder_time:19.14668083190918ms
    Processed 20/50 batches
decoder_time:19.960403442382812ms
decoder_time:20.64681053161621ms
decoder_time:21.438121795654297ms
decoder_time:22.197961807250977ms
decoder_time:22.958993911743164ms
decoder_time:23.71668815612793ms
decoder_time:24.467945098876953ms
decoder_time:25.22420883178711ms
decoder_time:26.019573211669922ms
decoder_time:26.727914810180664ms
    Processed 30/50 batches
decoder_time:27.51326560974121ms
decoder_time:28.244733810424805ms
decoder_time:29.067277908325195ms
decoder_time:29.82783317565918ms
decoder_time:30.559062957763672ms
decoder_time:31.331777572631836ms
decoder_time:32.12904930114746ms
decoder_time:32.87649154663086ms
decoder_time:33.63037109375ms
decoder_time:34.342288970947266ms
    Processed 40/50 batches
decoder_time:35.13336181640625ms
decoder_time:35.92252731323242ms
decoder_time:36.64708137512207ms
decoder_time:37.39809989929199ms
decoder_time:38.21682929992676ms
decoder_time:38.95258903503418ms
decoder_time:39.75987434387207ms
decoder_time:40.47703742980957ms
decoder_time:41.29290580749512ms
decoder_time:41.91923141479492ms
    Processed 50/50 batches
    Processing 50 cached batches for attn.proj
  Layer 13: attn.proj sparsity 0.400
    Layer 13: Collected 50 batches
    Scale weights: ['0.001', '0.006', '0.013', '0.024', '0.037', '0.053', '0.094', '0.147', '0.249', '0.376']
    Head importances: [9.061541447752397e-12, 8.914933027903693e-12, 9.119469936147429e-12, 7.88629665043894e-12, 6.240646454463983e-12, 9.64693255833815e-12, 5.75544429823327e-12, 7.611996102885321e-12, 1.2522781422941165e-11, 9.869346659363565e-12, 7.737087012738009e-12, 9.533521541649215e-12, 9.92649712427962e-12, 1.1253836404434558e-11, 7.805424709350639e-12, 1.1834958360545933e-11]
    Pruning 6/16 heads: [6, 4, 7, 10, 14, 3]
    Layer 13 complete: torch.Size([4096, 1024])

============================================================
Processing Layer 14/16
============================================================
  attn.proj: Using Chain Pruning + KFAC
decoder_time:4.183530807495117ms
decoder_time:4.120826721191406ms
decoder_time:4.824638366699219ms
decoder_time:6.862640380859375ms
decoder_time:7.543087005615234ms
decoder_time:8.262157440185547ms
decoder_time:9.02247428894043ms
decoder_time:9.759187698364258ms
decoder_time:10.55145263671875ms
decoder_time:11.321783065795898ms
    Processed 10/50 batches
decoder_time:12.087821960449219ms
decoder_time:12.865781784057617ms
decoder_time:13.740777969360352ms
decoder_time:14.45460319519043ms
decoder_time:15.258312225341797ms
decoder_time:15.99431037902832ms
decoder_time:16.77107810974121ms
decoder_time:17.550945281982422ms
decoder_time:18.27073097229004ms
decoder_time:19.013404846191406ms
    Processed 20/50 batches
decoder_time:19.802093505859375ms
decoder_time:20.502567291259766ms
decoder_time:21.305084228515625ms
decoder_time:21.987199783325195ms
decoder_time:22.754907608032227ms
decoder_time:23.54145050048828ms
decoder_time:24.3070125579834ms
decoder_time:25.038719177246094ms
decoder_time:25.82716941833496ms
decoder_time:26.554107666015625ms
    Processed 30/50 batches
decoder_time:27.337312698364258ms
decoder_time:28.033733367919922ms
decoder_time:28.810977935791016ms
decoder_time:29.593706130981445ms
decoder_time:30.32970428466797ms
decoder_time:31.090736389160156ms
decoder_time:31.89706802368164ms
decoder_time:32.587528228759766ms
decoder_time:33.34832191467285ms
decoder_time:34.08169746398926ms
    Processed 40/50 batches
decoder_time:34.906625747680664ms
decoder_time:35.59422492980957ms
decoder_time:36.348819732666016ms
decoder_time:37.171125411987305ms
decoder_time:37.941694259643555ms
decoder_time:38.634300231933594ms
decoder_time:39.39628601074219ms
decoder_time:40.12894630432129ms
decoder_time:40.91930389404297ms
decoder_time:4.265546798706055ms
    Processed 50/50 batches
    Processing 50 cached batches for attn.proj
  Layer 14: attn.proj sparsity 0.400
    Layer 14: Collected 50 batches
    Scale weights: ['0.001', '0.006', '0.013', '0.024', '0.037', '0.053', '0.094', '0.147', '0.249', '0.376']
    Head importances: [1.4655311686428973e-11, 6.933280338738967e-11, 1.4464182455931063e-11, 1.3806103829616667e-11, 2.0045895499087862e-11, 2.1642453454373545e-11, 1.4835146999736537e-11, 2.8033308313579752e-11, 1.3455994998801124e-11, 1.3738957888032033e-11, 2.4159320377581395e-11, 1.3832191468610144e-11, 1.5178320406095125e-11, 1.4461955938349647e-11, 1.3927587382001061e-11, 1.5765395933176052e-11]
    Pruning 6/16 heads: [8, 9, 3, 11, 14, 13]
    Layer 14 complete: torch.Size([4096, 1024])

============================================================
Processing Layer 15/16
============================================================
  attn.proj: Using Chain Pruning + KFAC
decoder_time:4.496574401855469ms
decoder_time:4.028081893920898ms
decoder_time:4.567861557006836ms
decoder_time:6.798028945922852ms
decoder_time:7.483720779418945ms
decoder_time:8.178472518920898ms
decoder_time:8.933782577514648ms
decoder_time:9.690046310424805ms
decoder_time:10.478734970092773ms
decoder_time:11.248111724853516ms
    Processed 10/50 batches
decoder_time:11.986017227172852ms
decoder_time:12.782096862792969ms
decoder_time:13.606548309326172ms
decoder_time:14.330387115478516ms
decoder_time:15.14124870300293ms
decoder_time:15.853643417358398ms
decoder_time:16.65949821472168ms
decoder_time:17.377853393554688ms
decoder_time:18.134593963623047ms
decoder_time:18.842220306396484ms
    Processed 20/50 batches
decoder_time:19.629478454589844ms
decoder_time:20.377397537231445ms
decoder_time:21.148681640625ms
decoder_time:21.877050399780273ms
decoder_time:22.60279655456543ms
decoder_time:23.342609405517578ms
decoder_time:24.0786075592041ms
decoder_time:24.85346794128418ms
decoder_time:25.640487670898438ms
decoder_time:26.36432647705078ms
    Processed 30/50 batches
decoder_time:27.12106704711914ms
decoder_time:27.851581573486328ms
decoder_time:28.59640121459961ms
decoder_time:29.32882308959961ms
decoder_time:30.093669891357422ms
decoder_time:30.8530330657959ms
decoder_time:31.662940979003906ms
decoder_time:32.35507011413574ms
decoder_time:33.083438873291016ms
decoder_time:33.827781677246094ms
    Processed 40/50 batches
decoder_time:34.57498550415039ms
decoder_time:35.33339500427246ms
decoder_time:36.08584403991699ms
decoder_time:36.879777908325195ms
decoder_time:37.642478942871094ms
decoder_time:38.339853286743164ms
decoder_time:39.10946846008301ms
decoder_time:39.83736038208008ms
decoder_time:40.578603744506836ms
decoder_time:41.34631156921387ms
    Processed 50/50 batches
    Processing 50 cached batches for attn.proj
  Layer 15: attn.proj sparsity 0.400
    Layer 15: Collected 50 batches
    Scale weights: ['0.001', '0.006', '0.013', '0.024', '0.037', '0.053', '0.094', '0.147', '0.249', '0.376']
    Head importances: [1.5419879817457627e-09, 1.0221734569881846e-09, 1.0145509987680157e-09, 1.071729816004563e-09, 3.090040445741238e-09, 3.653845448425841e-09, 7.606342222743478e-09, 1.1132191835017125e-09, 7.437123361597742e-09, 9.894216557171376e-10, 4.041673218324604e-09, 1.221466816581085e-09, 2.6418014442697313e-09, 4.24190371717259e-09, 1.026277729465619e-09, 1.6919393885928002e-08]
    Pruning 6/16 heads: [9, 2, 1, 14, 3, 7]
    Layer 15 complete: torch.Size([4096, 1024])
memory consumption: 10808.03 MB
Pruning completed in 338.83 seconds
******************************
layer 0 sparsity 0.000000
layer 1 sparsity 0.000000
layer 2 sparsity 0.000000
layer 3 sparsity 0.000000
layer 4 sparsity 0.000000
layer 5 sparsity 0.000000
layer 6 sparsity 0.000000
layer 7 sparsity 0.000000
layer 8 sparsity 0.000000
layer 9 sparsity 0.000000
layer 10 sparsity 0.000000
layer 11 sparsity 0.000000
layer 12 sparsity 0.000000
layer 13 sparsity 0.000000
layer 14 sparsity 0.000000
layer 15 sparsity 0.000000
Final sparsity: 0.0000
******************************
After pruning - All params: 0.29B	 Layer params: 0.29B	 Extra params: 0.00B
decoder_time:4.286766052246094ms
Inference time: 0.1339 seconds
Pruned model saved to: /home/project/real_prune/VAR_FIDtest/batch_models/chain_kfac/var_d16_chain_kfac_s0.4_natural_n50.pth
Chain pruning completed successfully!
✅ 完成: var_d16_chain_kfac_s0.4_natural_n50.pth
----------------------------------------
训练 Chain KFAC: sparsity=0.4, strategy=equal
/root/miniconda3/envs/var/lib/python3.10/site-packages/torch/backends/__init__.py:46: UserWarning: Please use the new API settings to control TF32 behavior, such as torch.backends.cudnn.conv.fp32_precision = 'tf32' or torch.backends.cuda.matmul.fp32_precision = 'ieee'. Old settings, e.g, torch.backends.cuda.matmul.allow_tf32 = True, torch.backends.cudnn.allow_tf32 = True, allowTF32CuDNN() and allowTF32CuBLAS() will be deprecated after Pytorch 2.9. Please see https://pytorch.org/docs/main/notes/cuda.html#tensorfloat-32-tf32-on-ampere-and-later-devices (Triggered internally at /pytorch/aten/src/ATen/Context.cpp:80.)
  self.setter(val)
/home/project/real_prune/slimgpt_pub_prune/slim_utils
================================================================================
VAR Chain Pruning with KFAC-OBS
  Method: Chain Pruning + Full-KFAC-OBS
  Scale weighting: equal
  Target sparsity: 40.0%
================================================================================
Loading VAR model...

[constructor]  ==== flash_if_available=True (0/16), fused_if_available=True (fusing_add_ln=0/16, fusing_mlp=0/16) ==== 
    [VAR config ] embed_dim=1024, num_heads=16, depth=16, mlp_ratio=4.0
    [drop ratios ] drop_rate=0.0, attn_drop_rate=0.0, drop_path_rate=0.0666667 (tensor([0.0000, 0.0044, 0.0089, 0.0133, 0.0178, 0.0222, 0.0267, 0.0311, 0.0356,
        0.0400, 0.0444, 0.0489, 0.0533, 0.0578, 0.0622, 0.0667]))

/root/miniconda3/envs/var/lib/python3.10/site-packages/torch/nn/modules/module.py:1866: FutureWarning: Using a non-full backward hook when the forward contains multiple autograd Nodes is deprecated and will be removed in future versions. This hook will be missing some grad_input. Please use register_full_backward_hook to get the documented behavior.
  self._maybe_warn_non_full_backward_hook(args, result, grad_fn)
[init_weights] VAR with init_std=0.0180422
Model preparation finished.
Preparing calibration data...
Before pruning - All params: 0.31B	 Layer params: 0.31B	 Extra params: 0.00B
Starting chain pruning...
Chain Pruning: Starting model slimming...
  Strategy: Layer 0 = SlimGPT, Layers 1+ = Chain KFAC
  Scale weighting: equal
  Total samples: 50

============================================================
Processing Layer 0/16
============================================================
  attn.proj: Using SlimGPT (first layer)
decoder_time:53.0238151550293ms
decoder_time:4.581928253173828ms
decoder_time:6.510734558105469ms
decoder_time:7.210731506347656ms
decoder_time:7.996082305908203ms
decoder_time:8.752584457397461ms
decoder_time:9.611129760742188ms
decoder_time:10.420799255371094ms
decoder_time:11.257171630859375ms
decoder_time:12.080669403076172ms
    Processed 10/50 batches
decoder_time:12.887239456176758ms
decoder_time:13.659000396728516ms
decoder_time:14.495134353637695ms
decoder_time:15.240669250488281ms
decoder_time:16.07966423034668ms
decoder_time:16.835927963256836ms
decoder_time:17.687559127807617ms
decoder_time:18.43404769897461ms
decoder_time:19.264936447143555ms
decoder_time:20.072460174560547ms
    Processed 20/50 batches
decoder_time:20.798444747924805ms
decoder_time:21.57759666442871ms
decoder_time:22.469520568847656ms
decoder_time:23.233413696289062ms
decoder_time:24.021148681640625ms
decoder_time:24.785518646240234ms
decoder_time:25.574684143066406ms
decoder_time:26.376008987426758ms
decoder_time:4.784584045410156ms
decoder_time:27.940988540649414ms
    Processed 30/50 batches
decoder_time:28.760433197021484ms
decoder_time:29.53314781188965ms
decoder_time:4.458427429199219ms
decoder_time:31.169652938842773ms
decoder_time:31.985044479370117ms
decoder_time:32.76515007019043ms
decoder_time:33.621788024902344ms
decoder_time:34.32345390319824ms
decoder_time:35.179853439331055ms
decoder_time:4.747152328491211ms
    Processed 40/50 batches
decoder_time:36.79656982421875ms
decoder_time:37.50205039978027ms
decoder_time:38.362741470336914ms
decoder_time:39.14284706115723ms
decoder_time:40.00115394592285ms
decoder_time:40.7099723815918ms
decoder_time:41.535139083862305ms
decoder_time:42.345285415649414ms
decoder_time:43.21122169494629ms
decoder_time:44.00134086608887ms
    Processed 50/50 batches
  Layer 0: attn.proj sparsity 0.400
    Layer 0 complete: torch.Size([4096, 1024])

============================================================
Processing Layer 1/16
============================================================
  attn.proj: Using Chain Pruning + KFAC
decoder_time:4.432201385498047ms
decoder_time:4.253864288330078ms
decoder_time:6.461620330810547ms
decoder_time:7.167339324951172ms
decoder_time:7.94529914855957ms
decoder_time:8.661031723022461ms
decoder_time:9.511709213256836ms
decoder_time:10.328054428100586ms
decoder_time:11.17563247680664ms
decoder_time:11.998891830444336ms
    Processed 10/50 batches
decoder_time:12.742042541503906ms
decoder_time:13.569116592407227ms
decoder_time:14.358282089233398ms
decoder_time:15.134572982788086ms
decoder_time:15.953779220581055ms
decoder_time:16.718387603759766ms
decoder_time:17.52758026123047ms
decoder_time:18.277883529663086ms
decoder_time:19.101381301879883ms
decoder_time:19.87910270690918ms
    Processed 20/50 batches
decoder_time:20.710468292236328ms
decoder_time:21.473169326782227ms
decoder_time:22.27330207824707ms
decoder_time:23.035287857055664ms
decoder_time:23.849964141845703ms
decoder_time:4.081964492797852ms
decoder_time:25.39849281311035ms
decoder_time:26.190996170043945ms
decoder_time:27.00066566467285ms
decoder_time:27.765989303588867ms
    Processed 30/50 batches
decoder_time:28.556346893310547ms
decoder_time:29.33502197265625ms
decoder_time:30.1971435546875ms
decoder_time:30.957460403442383ms
decoder_time:31.719207763671875ms
decoder_time:32.51814842224121ms
decoder_time:33.3256721496582ms
decoder_time:4.150629043579102ms
decoder_time:34.89851951599121ms
decoder_time:35.66455841064453ms
    Processed 40/50 batches
decoder_time:36.50164604187012ms
decoder_time:25.954008102416992ms
decoder_time:38.05041313171387ms
decoder_time:38.8331413269043ms
decoder_time:35.54725646972656ms
decoder_time:39.76917266845703ms
decoder_time:41.26381874084473ms
decoder_time:4.209756851196289ms
decoder_time:22.203683853149414ms
decoder_time:43.641090393066406ms
    Processed 50/50 batches
    Processing 50 cached batches for attn.proj
  Layer 1: attn.proj sparsity 0.400
    Layer 1: Collected 50 batches
    Scale weights: ['0.100', '0.100', '0.100', '0.100', '0.100', '0.100', '0.100', '0.100', '0.100', '0.100']
    Head importances: [2.64184646381338e-11, 2.9672816287407144e-11, 3.7581202039227435e-11, 3.9117598049642766e-11, 3.645979351762918e-11, 4.142976933740883e-11, 2.7483284745222214e-11, 3.6830118815833757e-11, 4.402267092529222e-11, 3.416243676834796e-11, 3.595407999101852e-11, 3.5492182109964077e-11, 3.8578001904099324e-11, 3.333944925687504e-11, 3.3908081203959384e-11, 2.6286707185962932e-11]
    Pruning 6/16 heads: [15, 0, 6, 1, 13, 14]
    Layer 1 complete: torch.Size([4096, 1024])

============================================================
Processing Layer 2/16
============================================================
  attn.proj: Using Chain Pruning + KFAC
decoder_time:4.075050354003906ms
decoder_time:3.958463668823242ms
decoder_time:6.460666656494141ms
decoder_time:7.144689559936523ms
decoder_time:7.9345703125ms
decoder_time:8.677005767822266ms
decoder_time:9.526252746582031ms
decoder_time:10.338783264160156ms
decoder_time:11.183977127075195ms
decoder_time:11.972904205322266ms
    Processed 10/50 batches
decoder_time:12.763023376464844ms
decoder_time:13.56959342956543ms
decoder_time:14.336347579956055ms
decoder_time:15.116691589355469ms
decoder_time:15.953302383422852ms
decoder_time:16.688823699951172ms
decoder_time:17.556190490722656ms
decoder_time:18.298625946044922ms
decoder_time:19.092321395874023ms
decoder_time:19.888639450073242ms
    Processed 20/50 batches
decoder_time:20.67279815673828ms
decoder_time:21.432161331176758ms
decoder_time:22.2628116607666ms
decoder_time:23.043155670166016ms
decoder_time:23.809432983398438ms
decoder_time:24.65963363647461ms
decoder_time:4.441261291503906ms
decoder_time:26.189088821411133ms
decoder_time:26.9625186920166ms
decoder_time:27.750253677368164ms
    Processed 30/50 batches
decoder_time:28.586387634277344ms
decoder_time:29.307842254638672ms
decoder_time:4.197359085083008ms
decoder_time:30.95865249633789ms
decoder_time:31.734704971313477ms
decoder_time:32.531023025512695ms
decoder_time:33.37574005126953ms
decoder_time:34.09600257873535ms
decoder_time:34.947872161865234ms
decoder_time:35.66265106201172ms
    Processed 40/50 batches
decoder_time:36.5145206451416ms
decoder_time:4.132986068725586ms
decoder_time:38.0551815032959ms
decoder_time:38.857460021972656ms
decoder_time:39.69573974609375ms
decoder_time:4.179716110229492ms
decoder_time:4.091501235961914ms
decoder_time:4.094123840332031ms
decoder_time:27.227163314819336ms
decoder_time:43.66612434387207ms
    Processed 50/50 batches
    Processing 50 cached batches for attn.proj
  Layer 2: attn.proj sparsity 0.400
    Layer 2: Collected 50 batches
    Scale weights: ['0.100', '0.100', '0.100', '0.100', '0.100', '0.100', '0.100', '0.100', '0.100', '0.100']
    Head importances: [2.550220971897499e-11, 1.199445317373593e-11, 2.058852394126731e-11, 1.9439280046773533e-11, 1.2661404910629948e-11, 9.659619458479707e-12, 2.6807576991583204e-11, 1.9337042383993364e-11, 1.3242894628118229e-11, 1.8833932677320142e-11, 1.7099606453019334e-11, 1.3403129300870731e-11, 2.003537613592954e-11, 1.1723863199697426e-11, 1.3488080444212791e-11, 1.6466567692718925e-11]
    Pruning 6/16 heads: [5, 13, 1, 4, 8, 11]
    Layer 2 complete: torch.Size([4096, 1024])

============================================================
Processing Layer 3/16
============================================================
  attn.proj: Using Chain Pruning + KFAC
decoder_time:4.06956672668457ms
decoder_time:3.9505958557128906ms
decoder_time:6.440162658691406ms
decoder_time:7.132053375244141ms
decoder_time:7.918834686279297ms
decoder_time:8.692741394042969ms
decoder_time:9.505510330200195ms
decoder_time:10.328054428100586ms
decoder_time:11.166810989379883ms
decoder_time:12.018442153930664ms
    Processed 10/50 batches
decoder_time:12.784719467163086ms
decoder_time:13.576030731201172ms
decoder_time:14.372110366821289ms
decoder_time:15.103816986083984ms
decoder_time:15.93923568725586ms
decoder_time:16.68238639831543ms
decoder_time:17.546653747558594ms
decoder_time:18.294095993041992ms
decoder_time:19.121885299682617ms
decoder_time:19.896268844604492ms
    Processed 20/50 batches
decoder_time:20.73216438293457ms
decoder_time:21.47221565246582ms
decoder_time:22.302627563476562ms
decoder_time:23.03028106689453ms
decoder_time:23.822307586669922ms
decoder_time:24.666786193847656ms
decoder_time:25.412321090698242ms
decoder_time:4.426240921020508ms
decoder_time:27.022600173950195ms
decoder_time:27.766942977905273ms
    Processed 30/50 batches
decoder_time:28.54776382446289ms
decoder_time:29.303550720214844ms
decoder_time:4.129648208618164ms
decoder_time:30.987262725830078ms
decoder_time:31.762123107910156ms
decoder_time:32.550811767578125ms
decoder_time:33.35142135620117ms
decoder_time:34.1334342956543ms
decoder_time:4.168033599853516ms
decoder_time:35.69173812866211ms
    Processed 40/50 batches
decoder_time:36.54289245605469ms
decoder_time:37.25838661193848ms
decoder_time:38.086891174316406ms
decoder_time:4.412651062011719ms
decoder_time:39.67618942260742ms
decoder_time:40.4515266418457ms
decoder_time:41.2755012512207ms
decoder_time:4.155874252319336ms
decoder_time:4.157543182373047ms
decoder_time:43.691396713256836ms
    Processed 50/50 batches
    Processing 50 cached batches for attn.proj
  Layer 3: attn.proj sparsity 0.400
    Layer 3: Collected 50 batches
    Scale weights: ['0.100', '0.100', '0.100', '0.100', '0.100', '0.100', '0.100', '0.100', '0.100', '0.100']
    Head importances: [3.941382636929447e-11, 5.393562332867141e-11, 4.9319361095090386e-11, 3.038296003676777e-11, 6.15373169088329e-11, 4.031439765350697e-11, 5.973931072045247e-11, 3.8073325742127295e-11, 2.959283512682376e-11, 3.1951774559502155e-11, 3.3501507124000796e-11, 3.404406964668816e-11, 2.5537707365463902e-11, 2.8644798338861577e-11, 5.0413288127382216e-11, 8.021130287749756e-11]
    Pruning 6/16 heads: [12, 13, 8, 3, 9, 10]
    Layer 3 complete: torch.Size([4096, 1024])

============================================================
Processing Layer 4/16
============================================================
  attn.proj: Using Chain Pruning + KFAC
decoder_time:4.052877426147461ms
decoder_time:3.925800323486328ms
decoder_time:6.4487457275390625ms
decoder_time:7.144689559936523ms
decoder_time:7.896184921264648ms
decoder_time:8.694171905517578ms
decoder_time:9.54294204711914ms
decoder_time:10.17618179321289ms
decoder_time:11.151313781738281ms
decoder_time:11.998891830444336ms
    Processed 10/50 batches
decoder_time:12.761592864990234ms
decoder_time:13.563394546508789ms
decoder_time:14.400720596313477ms
decoder_time:15.15054702758789ms
decoder_time:15.93780517578125ms
decoder_time:16.684770584106445ms
decoder_time:17.529726028442383ms
decoder_time:18.323659896850586ms
decoder_time:19.087553024291992ms
decoder_time:19.85621452331543ms
    Processed 20/50 batches
decoder_time:20.71380615234375ms
decoder_time:21.425962448120117ms
decoder_time:22.25494384765625ms
decoder_time:23.003339767456055ms
decoder_time:23.852825164794922ms
decoder_time:24.672746658325195ms
decoder_time:25.406837463378906ms
decoder_time:4.380702972412109ms
decoder_time:26.98063850402832ms
decoder_time:27.802705764770508ms
    Processed 30/50 batches
decoder_time:28.596878051757812ms
decoder_time:29.33192253112793ms
decoder_time:30.18927574157715ms
decoder_time:4.1027069091796875ms
decoder_time:31.699657440185547ms
decoder_time:32.53769874572754ms
decoder_time:33.365488052368164ms
decoder_time:34.12175178527832ms
decoder_time:34.92546081542969ms
decoder_time:35.63427925109863ms
    Processed 40/50 batches
decoder_time:4.380464553833008ms
decoder_time:37.290096282958984ms
decoder_time:38.063764572143555ms
decoder_time:38.87200355529785ms
decoder_time:4.156351089477539ms
decoder_time:4.101037979125977ms
decoder_time:41.239261627197266ms
decoder_time:4.286289215087891ms
decoder_time:4.130840301513672ms
decoder_time:4.307985305786133ms
    Processed 50/50 batches
    Processing 50 cached batches for attn.proj
  Layer 4: attn.proj sparsity 0.400
    Layer 4: Collected 50 batches
    Scale weights: ['0.100', '0.100', '0.100', '0.100', '0.100', '0.100', '0.100', '0.100', '0.100', '0.100']
    Head importances: [8.230235937212171e-11, 4.215657684047969e-11, 7.358827436299009e-11, 5.989231333103362e-11, 4.534821823609647e-11, 5.3001804334318336e-11, 4.917164592166401e-11, 1.0225359448057247e-10, 6.049097334148712e-11, 8.667450090982243e-11, 3.189177394391507e-11, 4.4706269936023446e-11, 8.972828036135638e-11, 4.174660964140209e-11, 8.627820680118248e-11, 4.605016368230963e-11]
    Pruning 6/16 heads: [10, 13, 1, 11, 4, 15]
    Layer 4 complete: torch.Size([4096, 1024])

============================================================
Processing Layer 5/16
============================================================
  attn.proj: Using Chain Pruning + KFAC
decoder_time:4.07719612121582ms
decoder_time:3.978729248046875ms
decoder_time:6.456613540649414ms
decoder_time:7.157564163208008ms
decoder_time:7.884740829467773ms
decoder_time:8.667707443237305ms
decoder_time:9.53531265258789ms
decoder_time:10.333538055419922ms
decoder_time:11.169672012329102ms
decoder_time:11.955022811889648ms
    Processed 10/50 batches
decoder_time:12.75014877319336ms
decoder_time:13.5498046875ms
decoder_time:14.351129531860352ms
decoder_time:15.114784240722656ms
decoder_time:15.952110290527344ms
decoder_time:16.70980453491211ms
decoder_time:17.54927635192871ms
decoder_time:18.309831619262695ms
decoder_time:19.07181739807129ms
decoder_time:19.8519229888916ms
    Processed 20/50 batches
decoder_time:20.715951919555664ms
decoder_time:21.469831466674805ms
decoder_time:22.264480590820312ms
decoder_time:23.02241325378418ms
decoder_time:23.866653442382812ms
decoder_time:24.642229080200195ms
decoder_time:25.41947364807129ms
decoder_time:26.205062866210938ms
decoder_time:27.001619338989258ms
decoder_time:4.137754440307617ms
    Processed 30/50 batches
decoder_time:28.580904006958008ms
decoder_time:29.314517974853516ms
decoder_time:30.156612396240234ms
decoder_time:30.985593795776367ms
decoder_time:31.729698181152344ms
decoder_time:32.56654739379883ms
decoder_time:33.38360786437988ms
decoder_time:34.149885177612305ms
decoder_time:4.40526008605957ms
decoder_time:35.6755256652832ms
    Processed 40/50 batches
decoder_time:36.524295806884766ms
decoder_time:37.30654716491699ms
decoder_time:38.12241554260254ms
decoder_time:38.87200355529785ms
decoder_time:4.119634628295898ms
decoder_time:4.310369491577148ms
decoder_time:41.275978088378906ms
decoder_time:4.160881042480469ms
decoder_time:4.173040390014648ms
decoder_time:4.153728485107422ms
    Processed 50/50 batches
    Processing 50 cached batches for attn.proj
  Layer 5: attn.proj sparsity 0.400
    Layer 5: Collected 50 batches
    Scale weights: ['0.100', '0.100', '0.100', '0.100', '0.100', '0.100', '0.100', '0.100', '0.100', '0.100']
    Head importances: [1.9326602818114935e-11, 3.272306731139096e-11, 1.4118867533441382e-11, 1.9021770270022387e-11, 1.8746539043323907e-11, 1.397763502164473e-11, 2.0990159263489794e-11, 3.323633035456908e-11, 3.42369257944064e-11, 3.273818022231367e-11, 2.8915484590052998e-11, 1.689246832692337e-11, 1.938312010896226e-11, 1.7862706105931103e-11, 1.3918356918385388e-11, 1.910266736460109e-11]
    Pruning 6/16 heads: [14, 5, 2, 11, 13, 4]
    Layer 5 complete: torch.Size([4096, 1024])

============================================================
Processing Layer 6/16
============================================================
  attn.proj: Using Chain Pruning + KFAC
decoder_time:4.021644592285156ms
decoder_time:3.949880599975586ms
decoder_time:6.446123123168945ms
decoder_time:7.147789001464844ms
decoder_time:7.894754409790039ms
decoder_time:8.692264556884766ms
decoder_time:9.502410888671875ms
decoder_time:10.313034057617188ms
decoder_time:11.15870475769043ms
decoder_time:11.988162994384766ms
    Processed 10/50 batches
decoder_time:12.77780532836914ms
decoder_time:13.554096221923828ms
decoder_time:14.384031295776367ms
decoder_time:15.15507698059082ms
decoder_time:15.931129455566406ms
decoder_time:16.733169555664062ms
decoder_time:17.56453514099121ms
decoder_time:18.296480178833008ms
decoder_time:19.084453582763672ms
decoder_time:19.88077163696289ms
    Processed 20/50 batches
decoder_time:20.68305015563965ms
decoder_time:21.428585052490234ms
decoder_time:22.291898727416992ms
decoder_time:23.012399673461914ms
decoder_time:23.859739303588867ms
decoder_time:24.675607681274414ms
decoder_time:25.432109832763672ms
decoder_time:26.205778121948242ms
decoder_time:27.01401710510254ms
decoder_time:27.791500091552734ms
    Processed 30/50 batches
decoder_time:28.539180755615234ms
decoder_time:29.320955276489258ms
decoder_time:30.1666259765625ms
decoder_time:30.972719192504883ms
decoder_time:31.7075252532959ms
decoder_time:32.54961967468262ms
decoder_time:33.36024284362793ms
decoder_time:34.08050537109375ms
decoder_time:34.952402114868164ms
decoder_time:35.69483757019043ms
    Processed 40/50 batches
decoder_time:36.511898040771484ms
decoder_time:37.26816177368164ms
decoder_time:38.12432289123535ms
decoder_time:38.85245323181152ms
decoder_time:39.711713790893555ms
decoder_time:40.48299789428711ms
decoder_time:41.34726524353027ms
decoder_time:4.101276397705078ms
decoder_time:4.340171813964844ms
decoder_time:43.68090629577637ms
    Processed 50/50 batches
    Processing 50 cached batches for attn.proj
  Layer 6: attn.proj sparsity 0.400
    Layer 6: Collected 50 batches
    Scale weights: ['0.100', '0.100', '0.100', '0.100', '0.100', '0.100', '0.100', '0.100', '0.100', '0.100']
    Head importances: [2.4240900953209632e-11, 2.6949262266207086e-11, 6.730357937634324e-11, 2.816713876030441e-11, 2.9311577470769734e-11, 2.5736170139456505e-11, 2.3025076636984387e-11, 2.5087213556540533e-11, 8.243895149862013e-11, 2.2216724987478287e-11, 2.556786900254071e-11, 3.400465325986701e-11, 2.472312111978514e-11, 3.4098227713608154e-11, 2.6590615126442785e-11, 3.7320389834061274e-11]
    Pruning 6/16 heads: [9, 6, 0, 12, 7, 10]
    Layer 6 complete: torch.Size([4096, 1024])

============================================================
Processing Layer 7/16
============================================================
  attn.proj: Using Chain Pruning + KFAC
decoder_time:4.062891006469727ms
decoder_time:3.977537155151367ms
decoder_time:6.447315216064453ms
decoder_time:7.137298583984375ms
decoder_time:7.914304733276367ms
decoder_time:8.710861206054688ms
decoder_time:9.523868560791016ms
decoder_time:10.342121124267578ms
decoder_time:11.184453964233398ms
decoder_time:11.988401412963867ms
    Processed 10/50 batches
decoder_time:12.791872024536133ms
decoder_time:13.55743408203125ms
decoder_time:14.363765716552734ms
decoder_time:15.152931213378906ms
decoder_time:15.939474105834961ms
decoder_time:16.715288162231445ms
decoder_time:17.5321102142334ms
decoder_time:18.30744743347168ms
decoder_time:19.090652465820312ms
decoder_time:19.880294799804688ms
    Processed 20/50 batches
decoder_time:20.69258689880371ms
decoder_time:21.468400955200195ms
decoder_time:22.272586822509766ms
decoder_time:23.022174835205078ms
decoder_time:23.84805679321289ms
decoder_time:24.64127540588379ms
decoder_time:25.42710304260254ms
decoder_time:26.227712631225586ms
decoder_time:27.028560638427734ms
decoder_time:27.762651443481445ms
    Processed 30/50 batches
decoder_time:28.56278419494629ms
decoder_time:29.313087463378906ms
decoder_time:30.175209045410156ms
decoder_time:30.9603214263916ms
decoder_time:31.72445297241211ms
decoder_time:32.53173828125ms
decoder_time:33.3402156829834ms
decoder_time:34.14106369018555ms
decoder_time:34.94715690612793ms
decoder_time:35.68100929260254ms
    Processed 40/50 batches
decoder_time:36.496639251708984ms
decoder_time:37.27841377258301ms
decoder_time:38.117408752441406ms
decoder_time:4.0798187255859375ms
decoder_time:39.687395095825195ms
decoder_time:4.096031188964844ms
decoder_time:41.337013244628906ms
decoder_time:42.07181930541992ms
decoder_time:42.89054870605469ms
decoder_time:43.717145919799805ms
    Processed 50/50 batches
    Processing 50 cached batches for attn.proj
  Layer 7: attn.proj sparsity 0.400
    Layer 7: Collected 50 batches
    Scale weights: ['0.100', '0.100', '0.100', '0.100', '0.100', '0.100', '0.100', '0.100', '0.100', '0.100']
    Head importances: [6.835956800621545e-11, 7.599351703468926e-11, 1.1565304269822718e-10, 6.760361714874819e-11, 7.405155655337836e-11, 6.84672596396041e-11, 5.541154340926724e-11, 4.861685359847101e-11, 7.922142802874177e-11, 6.046221162625542e-11, 6.406923602764181e-11, 6.151910925122905e-11, 5.923605356228379e-11, 5.240309575160751e-11, 8.239774140772482e-11, 8.715456134567034e-11]
    Pruning 6/16 heads: [7, 13, 6, 12, 9, 11]
    Layer 7 complete: torch.Size([4096, 1024])

============================================================
Processing Layer 8/16
============================================================
  attn.proj: Using Chain Pruning + KFAC
decoder_time:4.085779190063477ms
decoder_time:3.9663314819335938ms
decoder_time:6.448268890380859ms
decoder_time:7.140159606933594ms
decoder_time:7.917881011962891ms
decoder_time:8.675098419189453ms
decoder_time:9.526252746582031ms
decoder_time:10.312080383300781ms
decoder_time:11.182546615600586ms
decoder_time:11.960983276367188ms
    Processed 10/50 batches
decoder_time:12.78543472290039ms
decoder_time:13.56649398803711ms
decoder_time:14.368772506713867ms
decoder_time:15.100240707397461ms
decoder_time:15.92707633972168ms
decoder_time:16.687870025634766ms
decoder_time:17.557859420776367ms
decoder_time:18.326997756958008ms
decoder_time:19.07038688659668ms
decoder_time:19.87457275390625ms
    Processed 20/50 batches
decoder_time:20.6756591796875ms
decoder_time:21.454572677612305ms
decoder_time:22.299528121948242ms
decoder_time:23.04387092590332ms
decoder_time:23.874521255493164ms
decoder_time:24.675369262695312ms
decoder_time:25.429725646972656ms
decoder_time:26.18265151977539ms
decoder_time:26.990413665771484ms
decoder_time:27.740478515625ms
    Processed 30/50 batches
decoder_time:28.56731414794922ms
decoder_time:29.336929321289062ms
decoder_time:30.15589714050293ms
decoder_time:30.913591384887695ms
decoder_time:31.731128692626953ms
decoder_time:32.521963119506836ms
decoder_time:33.347129821777344ms
decoder_time:34.125328063964844ms
decoder_time:34.94906425476074ms
decoder_time:35.66908836364746ms
    Processed 40/50 batches
decoder_time:36.51881217956543ms
decoder_time:37.28437423706055ms
decoder_time:38.09642791748047ms
decoder_time:38.85698318481445ms
decoder_time:4.162073135375977ms
decoder_time:40.4515266418457ms
decoder_time:4.143476486206055ms
decoder_time:4.134416580200195ms
decoder_time:42.89364814758301ms
decoder_time:43.66898536682129ms
    Processed 50/50 batches
    Processing 50 cached batches for attn.proj
  Layer 8: attn.proj sparsity 0.400
    Layer 8: Collected 50 batches
    Scale weights: ['0.100', '0.100', '0.100', '0.100', '0.100', '0.100', '0.100', '0.100', '0.100', '0.100']
    Head importances: [4.28733576418594e-11, 5.3847523662220453e-11, 7.869621621026113e-11, 6.588308371080487e-11, 5.380155349010707e-11, 9.293683878031089e-11, 5.762687549371037e-11, 8.380690585951811e-11, 1.0638084163572259e-10, 8.422774977479008e-11, 4.90976599654136e-11, 7.627057319048447e-11, 4.799458747095642e-11, 5.651860923716612e-11, 3.872050943765082e-11, 7.18049161796408e-11]
    Pruning 6/16 heads: [14, 0, 12, 10, 4, 1]
    Layer 8 complete: torch.Size([4096, 1024])

============================================================
Processing Layer 9/16
============================================================
  attn.proj: Using Chain Pruning + KFAC
decoder_time:4.137754440307617ms
decoder_time:4.0187835693359375ms
decoder_time:6.395816802978516ms
decoder_time:7.088184356689453ms
decoder_time:7.831096649169922ms
decoder_time:8.605241775512695ms
decoder_time:9.434700012207031ms
decoder_time:10.23411750793457ms
decoder_time:11.081218719482422ms
decoder_time:11.876344680786133ms
    Processed 10/50 batches
decoder_time:12.689352035522461ms
decoder_time:13.434886932373047ms
decoder_time:14.30058479309082ms
decoder_time:15.008926391601562ms
decoder_time:15.836477279663086ms
decoder_time:16.5863037109375ms
decoder_time:17.428159713745117ms
decoder_time:18.176555633544922ms
decoder_time:18.964290618896484ms
decoder_time:19.729137420654297ms
    Processed 20/50 batches
decoder_time:20.527124404907227ms
decoder_time:21.325111389160156ms
decoder_time:22.08685874938965ms
decoder_time:22.85003662109375ms
decoder_time:23.698806762695312ms
decoder_time:24.46722984313965ms
decoder_time:25.25639533996582ms
decoder_time:25.988340377807617ms
decoder_time:26.775360107421875ms
decoder_time:27.588367462158203ms
    Processed 30/50 batches
decoder_time:28.354644775390625ms
decoder_time:29.120683670043945ms
decoder_time:29.938936233520508ms
decoder_time:30.736684799194336ms
decoder_time:31.513452529907227ms
decoder_time:32.27567672729492ms
decoder_time:33.104896545410156ms
decoder_time:33.89143943786621ms
decoder_time:34.641265869140625ms
decoder_time:35.39872169494629ms
    Processed 40/50 batches
decoder_time:36.229610443115234ms
decoder_time:37.02950477600098ms
decoder_time:37.81461715698242ms
decoder_time:38.6042594909668ms
decoder_time:39.40892219543457ms
decoder_time:19.267797470092773ms
decoder_time:40.98987579345703ms
decoder_time:41.72706604003906ms
decoder_time:4.164457321166992ms
decoder_time:43.3804988861084ms
    Processed 50/50 batches
    Processing 50 cached batches for attn.proj
  Layer 9: attn.proj sparsity 0.400
    Layer 9: Collected 50 batches
    Scale weights: ['0.100', '0.100', '0.100', '0.100', '0.100', '0.100', '0.100', '0.100', '0.100', '0.100']
    Head importances: [1.213216194173583e-10, 6.761771698116092e-11, 5.6905452572308945e-11, 5.0436016474364465e-11, 5.431829291913104e-11, 7.827818254702024e-11, 7.58223900332311e-11, 9.327669192593646e-11, 8.60225154997174e-11, 8.381038918425787e-11, 6.274555874874466e-11, 8.066113055260615e-11, 6.81941447755463e-11, 5.770262739845933e-11, 6.812347908002891e-11, 4.746215920281571e-11]
    Pruning 6/16 heads: [15, 3, 4, 2, 13, 10]
    Layer 9 complete: torch.Size([4096, 1024])

============================================================
Processing Layer 10/16
============================================================
  attn.proj: Using Chain Pruning + KFAC
decoder_time:4.0721893310546875ms
decoder_time:3.966093063354492ms
decoder_time:6.361722946166992ms
decoder_time:7.0400238037109375ms
decoder_time:7.7667236328125ms
decoder_time:8.545398712158203ms
decoder_time:9.36436653137207ms
decoder_time:10.145902633666992ms
decoder_time:10.996580123901367ms
decoder_time:11.786222457885742ms
    Processed 10/50 batches
decoder_time:12.520074844360352ms
decoder_time:13.321161270141602ms
decoder_time:14.147043228149414ms
decoder_time:14.903783798217773ms
decoder_time:15.696048736572266ms
decoder_time:16.484498977661133ms
decoder_time:17.279624938964844ms
decoder_time:18.022537231445312ms
decoder_time:18.76211166381836ms
decoder_time:19.56915855407715ms
    Processed 20/50 batches
decoder_time:20.403385162353516ms
decoder_time:21.12269401550293ms
decoder_time:21.976947784423828ms
decoder_time:22.65620231628418ms
decoder_time:23.52118492126465ms
decoder_time:24.298667907714844ms
decoder_time:25.04277229309082ms
decoder_time:25.811433792114258ms
decoder_time:26.620864868164062ms
decoder_time:27.322769165039062ms
    Processed 30/50 batches
decoder_time:28.136014938354492ms
decoder_time:28.902530670166016ms
decoder_time:29.71482276916504ms
decoder_time:30.524015426635742ms
decoder_time:31.258583068847656ms
decoder_time:32.05418586730957ms
decoder_time:32.84144401550293ms
decoder_time:33.60748291015625ms
decoder_time:34.410715103149414ms
decoder_time:35.15267372131348ms
    Processed 40/50 batches
decoder_time:35.944223403930664ms
decoder_time:36.75246238708496ms
decoder_time:37.53161430358887ms
decoder_time:38.298606872558594ms
decoder_time:39.13545608520508ms
decoder_time:8.72659683227539ms
decoder_time:40.67349433898926ms
decoder_time:4.3487548828125ms
decoder_time:42.2215461730957ms
decoder_time:42.9835319519043ms
    Processed 50/50 batches
    Processing 50 cached batches for attn.proj
  Layer 10: attn.proj sparsity 0.400
    Layer 10: Collected 50 batches
    Scale weights: ['0.100', '0.100', '0.100', '0.100', '0.100', '0.100', '0.100', '0.100', '0.100', '0.100']
    Head importances: [1.21847115730489e-10, 1.470061017361246e-10, 1.4034562401121775e-10, 1.557428630505342e-10, 1.9320807453926392e-10, 1.1282840634008195e-10, 1.0545166129194428e-10, 2.263330495244631e-10, 1.107883229600759e-10, 1.7417954578657913e-10, 1.282830230930898e-10, 1.2014961248141276e-10, 1.2792909787062712e-10, 1.1582439868318417e-10, 1.4100895451285567e-10, 1.0103313324849594e-10]
    Pruning 6/16 heads: [15, 6, 8, 5, 13, 11]
    Layer 10 complete: torch.Size([4096, 1024])

============================================================
Processing Layer 11/16
============================================================
  attn.proj: Using Chain Pruning + KFAC
decoder_time:4.085063934326172ms
decoder_time:4.045009613037109ms
decoder_time:5.427360534667969ms
decoder_time:6.98542594909668ms
decoder_time:7.721424102783203ms
decoder_time:8.505582809448242ms
decoder_time:9.259939193725586ms
decoder_time:10.072708129882812ms
decoder_time:10.850667953491211ms
decoder_time:11.657953262329102ms
    Processed 10/50 batches
decoder_time:12.45737075805664ms
decoder_time:13.243436813354492ms
decoder_time:14.012336730957031ms
decoder_time:14.800071716308594ms
decoder_time:15.611648559570312ms
decoder_time:16.32070541381836ms
decoder_time:17.158031463623047ms
decoder_time:17.935752868652344ms
decoder_time:18.721342086791992ms
decoder_time:19.426345825195312ms
    Processed 20/50 batches
decoder_time:20.25604248046875ms
decoder_time:20.960569381713867ms
decoder_time:21.80337905883789ms
decoder_time:22.495508193969727ms
decoder_time:23.328304290771484ms
decoder_time:24.079561233520508ms
decoder_time:24.84869956970215ms
decoder_time:25.608301162719727ms
decoder_time:26.416778564453125ms
decoder_time:27.16660499572754ms
    Processed 30/50 batches
decoder_time:27.927637100219727ms
decoder_time:28.68509292602539ms
decoder_time:29.494285583496094ms
decoder_time:30.274152755737305ms
decoder_time:31.015872955322266ms
decoder_time:31.798362731933594ms
decoder_time:32.62758255004883ms
decoder_time:33.37669372558594ms
decoder_time:34.18326377868652ms
decoder_time:34.85465049743652ms
    Processed 40/50 batches
decoder_time:35.68768501281738ms
decoder_time:36.466121673583984ms
decoder_time:37.19973564147949ms
decoder_time:37.99319267272949ms
decoder_time:38.840293884277344ms
decoder_time:39.54958915710449ms
decoder_time:40.32158851623535ms
decoder_time:41.1221981048584ms
decoder_time:41.82767868041992ms
decoder_time:4.337072372436523ms
    Processed 50/50 batches
    Processing 50 cached batches for attn.proj
  Layer 11: attn.proj sparsity 0.400
    Layer 11: Collected 50 batches
    Scale weights: ['0.100', '0.100', '0.100', '0.100', '0.100', '0.100', '0.100', '0.100', '0.100', '0.100']
    Head importances: [1.2895350065544875e-10, 1.1796147392217904e-10, 1.3614077920554024e-10, 1.9948095952848632e-10, 1.4689893745867266e-10, 1.3028136902626386e-10, 1.9252072158693068e-10, 1.4347123489244495e-10, 9.883187324088993e-11, 1.430894847054276e-10, 1.0364284430686155e-10, 1.7775436678135748e-10, 1.6078001430219757e-10, 1.1560993828929611e-10, 9.678849388627953e-11, 1.100525504060812e-10]
    Pruning 6/16 heads: [14, 8, 10, 15, 13, 1]
    Layer 11 complete: torch.Size([4096, 1024])

============================================================
Processing Layer 12/16
============================================================
  attn.proj: Using Chain Pruning + KFAC
decoder_time:4.056453704833984ms
decoder_time:3.976106643676758ms
decoder_time:6.051540374755859ms
decoder_time:6.937503814697266ms
decoder_time:7.67970085144043ms
decoder_time:8.401632308959961ms
decoder_time:9.19198989868164ms
decoder_time:9.975194931030273ms
decoder_time:10.791301727294922ms
decoder_time:11.54780387878418ms
    Processed 10/50 batches
decoder_time:12.28189468383789ms
decoder_time:13.112783432006836ms
decoder_time:13.95559310913086ms
decoder_time:14.671802520751953ms
decoder_time:15.494585037231445ms
decoder_time:16.229867935180664ms
decoder_time:17.01951026916504ms
decoder_time:17.804622650146484ms
decoder_time:18.5394287109375ms
decoder_time:19.309282302856445ms
    Processed 20/50 batches
decoder_time:20.102262496948242ms
decoder_time:20.853519439697266ms
decoder_time:21.66581153869629ms
decoder_time:22.32503890991211ms
decoder_time:23.12779426574707ms
decoder_time:23.93794059753418ms
decoder_time:24.61838722229004ms
decoder_time:25.41494369506836ms
decoder_time:26.20720863342285ms
decoder_time:26.928424835205078ms
    Processed 30/50 batches
decoder_time:27.709484100341797ms
decoder_time:28.470993041992188ms
decoder_time:29.26039695739746ms
decoder_time:30.054330825805664ms
decoder_time:30.80463409423828ms
decoder_time:31.580209732055664ms
decoder_time:32.37438201904297ms
decoder_time:33.13589096069336ms
decoder_time:33.867835998535156ms
decoder_time:34.59477424621582ms
    Processed 40/50 batches
decoder_time:35.42637825012207ms
decoder_time:36.170244216918945ms
decoder_time:36.95082664489746ms
decoder_time:37.70136833190918ms
decoder_time:38.53583335876465ms
decoder_time:39.255380630493164ms
decoder_time:4.165172576904297ms
decoder_time:40.73977470397949ms
decoder_time:41.56637191772461ms
decoder_time:4.122257232666016ms
    Processed 50/50 batches
    Processing 50 cached batches for attn.proj
  Layer 12: attn.proj sparsity 0.400
    Layer 12: Collected 50 batches
    Scale weights: ['0.100', '0.100', '0.100', '0.100', '0.100', '0.100', '0.100', '0.100', '0.100', '0.100']
    Head importances: [1.2684824302056086e-09, 6.994319012854078e-10, 6.53747278533956e-10, 1.3191860936956346e-09, 9.13711661887362e-10, 7.881180152935485e-10, 6.757246984179233e-10, 9.417129298583404e-10, 7.220565256815803e-10, 6.221342885304182e-10, 7.787488431887368e-10, 6.420513010141349e-10, 9.57832479997478e-10, 9.799856481862435e-10, 7.290974490814506e-10, 9.95087678923312e-10]
    Pruning 6/16 heads: [9, 11, 2, 6, 1, 8]
    Layer 12 complete: torch.Size([4096, 1024])

============================================================
Processing Layer 13/16
============================================================
  attn.proj: Using Chain Pruning + KFAC
decoder_time:4.018306732177734ms
decoder_time:3.9114952087402344ms
decoder_time:6.181478500366211ms
decoder_time:6.882429122924805ms
decoder_time:7.624626159667969ms
decoder_time:8.344411849975586ms
decoder_time:9.128570556640625ms
decoder_time:9.849071502685547ms
decoder_time:10.677814483642578ms
decoder_time:11.459112167358398ms
    Processed 10/50 batches
decoder_time:12.172698974609375ms
decoder_time:12.985706329345703ms
decoder_time:13.836860656738281ms
decoder_time:14.563560485839844ms
decoder_time:15.358924865722656ms
decoder_time:16.13020896911621ms
decoder_time:16.867876052856445ms
decoder_time:17.6393985748291ms
decoder_time:18.369436264038086ms
decoder_time:19.166231155395508ms
    Processed 20/50 batches
decoder_time:19.92940902709961ms
decoder_time:20.665884017944336ms
decoder_time:21.460533142089844ms
decoder_time:22.205352783203125ms
decoder_time:22.965431213378906ms
decoder_time:23.747682571411133ms
decoder_time:24.458885192871094ms
decoder_time:25.225400924682617ms
decoder_time:26.010751724243164ms
decoder_time:26.71527862548828ms
    Processed 30/50 batches
decoder_time:27.530908584594727ms
decoder_time:28.25617790222168ms
decoder_time:29.06632423400879ms
decoder_time:29.830217361450195ms
decoder_time:30.514240264892578ms
decoder_time:31.323671340942383ms
decoder_time:32.09996223449707ms
decoder_time:32.84883499145508ms
decoder_time:33.60605239868164ms
decoder_time:34.32965278625488ms
    Processed 40/50 batches
decoder_time:35.15005111694336ms
decoder_time:35.883188247680664ms
decoder_time:36.658525466918945ms
decoder_time:37.41121292114258ms
decoder_time:38.23661804199219ms
decoder_time:38.95235061645508ms
decoder_time:39.68358039855957ms
decoder_time:40.441036224365234ms
decoder_time:41.26763343811035ms
decoder_time:42.027950286865234ms
    Processed 50/50 batches
    Processing 50 cached batches for attn.proj
  Layer 13: attn.proj sparsity 0.400
    Layer 13: Collected 50 batches
    Scale weights: ['0.100', '0.100', '0.100', '0.100', '0.100', '0.100', '0.100', '0.100', '0.100', '0.100']
    Head importances: [4.417261556532992e-10, 4.3233222557503836e-10, 4.611278026089849e-10, 3.8750105901819154e-10, 3.4860472841735657e-10, 5.462715835236054e-10, 3.291508732239379e-10, 3.883859345243934e-10, 6.360980631114899e-10, 4.802739317355531e-10, 3.866613695890919e-10, 4.668145869857199e-10, 4.914229578822926e-10, 6.03193883730313e-10, 3.777878287980485e-10, 6.660526574719938e-10]
    Pruning 6/16 heads: [6, 4, 14, 10, 3, 7]
    Layer 13 complete: torch.Size([4096, 1024])

============================================================
Processing Layer 14/16
============================================================
  attn.proj: Using Chain Pruning + KFAC
decoder_time:4.051446914672852ms
decoder_time:3.925323486328125ms
decoder_time:5.67936897277832ms
decoder_time:6.842851638793945ms
decoder_time:7.544755935668945ms
decoder_time:8.274555206298828ms
decoder_time:9.033441543579102ms
decoder_time:9.804725646972656ms
decoder_time:10.567426681518555ms
decoder_time:11.298179626464844ms
    Processed 10/50 batches
decoder_time:12.08639144897461ms
decoder_time:12.861251831054688ms
decoder_time:13.720989227294922ms
decoder_time:14.448165893554688ms
decoder_time:15.267610549926758ms
decoder_time:15.973806381225586ms
decoder_time:16.757488250732422ms
decoder_time:17.52161979675293ms
decoder_time:18.2645320892334ms
decoder_time:19.000530242919922ms
    Processed 20/50 batches
decoder_time:19.817590713500977ms
decoder_time:20.53356170654297ms
decoder_time:21.322965621948242ms
decoder_time:22.008657455444336ms
decoder_time:22.81928062438965ms
decoder_time:23.54717254638672ms
decoder_time:24.309158325195312ms
decoder_time:25.06732940673828ms
decoder_time:25.825977325439453ms
decoder_time:26.53980255126953ms
    Processed 30/50 batches
decoder_time:27.29487419128418ms
decoder_time:28.084278106689453ms
decoder_time:28.827190399169922ms
decoder_time:29.59895133972168ms
decoder_time:30.35283088684082ms
decoder_time:31.120777130126953ms
decoder_time:31.88347816467285ms
decoder_time:32.5770378112793ms
decoder_time:33.349037170410156ms
decoder_time:34.10506248474121ms
    Processed 40/50 batches
decoder_time:34.87586975097656ms
decoder_time:35.66098213195801ms
decoder_time:36.43059730529785ms
decoder_time:37.10794448852539ms
decoder_time:37.93835639953613ms
decoder_time:38.65408897399902ms
decoder_time:39.42751884460449ms
decoder_time:40.160179138183594ms
decoder_time:40.95792770385742ms
decoder_time:41.68438911437988ms
    Processed 50/50 batches
    Processing 50 cached batches for attn.proj
  Layer 14: attn.proj sparsity 0.400
    Layer 14: Collected 50 batches
    Scale weights: ['0.100', '0.100', '0.100', '0.100', '0.100', '0.100', '0.100', '0.100', '0.100', '0.100']
    Head importances: [4.066831871263332e-10, 1.8010561930736912e-09, 4.093038963315365e-10, 3.919745084068893e-10, 5.810536496397845e-10, 6.687241871361493e-10, 4.251817231626376e-10, 8.032099430010931e-10, 3.7011493869698597e-10, 3.910546053642605e-10, 7.115125155721103e-10, 3.91093490925698e-10, 4.329968328331546e-10, 4.1059949884569846e-10, 3.855847863221129e-10, 4.598035008296364e-10]
    Pruning 6/16 heads: [8, 14, 9, 11, 3, 0]
    Layer 14 complete: torch.Size([4096, 1024])

============================================================
Processing Layer 15/16
============================================================
  attn.proj: Using Chain Pruning + KFAC
decoder_time:4.082202911376953ms
decoder_time:3.932476043701172ms
decoder_time:5.257368087768555ms
decoder_time:6.784200668334961ms
decoder_time:7.499217987060547ms
decoder_time:8.178234100341797ms
decoder_time:8.944988250732422ms
decoder_time:9.667634963989258ms
decoder_time:10.465621948242188ms
decoder_time:11.23356819152832ms
    Processed 10/50 batches
decoder_time:12.000799179077148ms
decoder_time:12.82954216003418ms
decoder_time:13.625383377075195ms
decoder_time:14.32037353515625ms
decoder_time:15.142440795898438ms
decoder_time:15.887260437011719ms
decoder_time:16.647815704345703ms
decoder_time:17.40097999572754ms
decoder_time:18.102169036865234ms
decoder_time:18.87226104736328ms
    Processed 20/50 batches
decoder_time:19.632577896118164ms
decoder_time:20.390033721923828ms
decoder_time:21.14105224609375ms
decoder_time:21.836042404174805ms
decoder_time:22.622108459472656ms
decoder_time:23.401498794555664ms
decoder_time:24.121999740600586ms
decoder_time:24.85346794128418ms
decoder_time:25.620222091674805ms
decoder_time:26.364803314208984ms
    Processed 30/50 batches
decoder_time:27.095794677734375ms
decoder_time:27.81534194946289ms
decoder_time:28.60093116760254ms
decoder_time:29.367923736572266ms
decoder_time:30.0595760345459ms
decoder_time:30.855417251586914ms
decoder_time:31.639575958251953ms
decoder_time:32.38487243652344ms
decoder_time:33.13088417053223ms
decoder_time:33.80298614501953ms
    Processed 40/50 batches
decoder_time:34.5611572265625ms
decoder_time:35.38084030151367ms
decoder_time:36.083221435546875ms
decoder_time:36.85140609741211ms
decoder_time:37.59956359863281ms
decoder_time:38.33723068237305ms
decoder_time:39.09921646118164ms
decoder_time:39.82210159301758ms
decoder_time:40.58837890625ms
decoder_time:41.34845733642578ms
    Processed 50/50 batches
    Processing 50 cached batches for attn.proj
  Layer 15: attn.proj sparsity 0.400
    Layer 15: Collected 50 batches
    Scale weights: ['0.100', '0.100', '0.100', '0.100', '0.100', '0.100', '0.100', '0.100', '0.100', '0.100']
    Head importances: [9.638661424560269e-08, 6.162186849678619e-08, 6.024914966928918e-08, 6.745143110720164e-08, 2.0482168849866866e-07, 2.2766244001104496e-07, 5.259907993604429e-07, 6.735793789403033e-08, 4.382864062790759e-07, 6.249896244980846e-08, 2.5292666805398767e-07, 7.448724659298023e-08, 1.6810633951536147e-07, 2.7271946123619273e-07, 6.460793144924537e-08, 1.0899784683715552e-06]
    Pruning 6/16 heads: [2, 1, 9, 14, 7, 3]
    Layer 15 complete: torch.Size([4096, 1024])
memory consumption: 10810.06 MB
Pruning completed in 339.06 seconds
******************************
layer 0 sparsity 0.000000
layer 1 sparsity 0.000000
layer 2 sparsity 0.000000
layer 3 sparsity 0.000000
layer 4 sparsity 0.000000
layer 5 sparsity 0.000000
layer 6 sparsity 0.000000
layer 7 sparsity 0.000000
layer 8 sparsity 0.000000
layer 9 sparsity 0.000000
layer 10 sparsity 0.000000
layer 11 sparsity 0.000000
layer 12 sparsity 0.000000
layer 13 sparsity 0.000000
layer 14 sparsity 0.000000
layer 15 sparsity 0.000000
Final sparsity: 0.0000
******************************
After pruning - All params: 0.29B	 Layer params: 0.29B	 Extra params: 0.00B
decoder_time:4.370450973510742ms
Inference time: 0.1336 seconds
Pruned model saved to: /home/project/real_prune/VAR_FIDtest/batch_models/chain_kfac/var_d16_chain_kfac_s0.4_equal_n50.pth
Chain pruning completed successfully!
✅ 完成: var_d16_chain_kfac_s0.4_equal_n50.pth
----------------------------------------
训练 Chain KFAC: sparsity=0.4, strategy=sqrt
/root/miniconda3/envs/var/lib/python3.10/site-packages/torch/backends/__init__.py:46: UserWarning: Please use the new API settings to control TF32 behavior, such as torch.backends.cudnn.conv.fp32_precision = 'tf32' or torch.backends.cuda.matmul.fp32_precision = 'ieee'. Old settings, e.g, torch.backends.cuda.matmul.allow_tf32 = True, torch.backends.cudnn.allow_tf32 = True, allowTF32CuDNN() and allowTF32CuBLAS() will be deprecated after Pytorch 2.9. Please see https://pytorch.org/docs/main/notes/cuda.html#tensorfloat-32-tf32-on-ampere-and-later-devices (Triggered internally at /pytorch/aten/src/ATen/Context.cpp:80.)
  self.setter(val)
/home/project/real_prune/slimgpt_pub_prune/slim_utils
================================================================================
VAR Chain Pruning with KFAC-OBS
  Method: Chain Pruning + Full-KFAC-OBS
  Scale weighting: sqrt
  Target sparsity: 40.0%
================================================================================
Loading VAR model...

[constructor]  ==== flash_if_available=True (0/16), fused_if_available=True (fusing_add_ln=0/16, fusing_mlp=0/16) ==== 
    [VAR config ] embed_dim=1024, num_heads=16, depth=16, mlp_ratio=4.0
    [drop ratios ] drop_rate=0.0, attn_drop_rate=0.0, drop_path_rate=0.0666667 (tensor([0.0000, 0.0044, 0.0089, 0.0133, 0.0178, 0.0222, 0.0267, 0.0311, 0.0356,
        0.0400, 0.0444, 0.0489, 0.0533, 0.0578, 0.0622, 0.0667]))

/root/miniconda3/envs/var/lib/python3.10/site-packages/torch/nn/modules/module.py:1866: FutureWarning: Using a non-full backward hook when the forward contains multiple autograd Nodes is deprecated and will be removed in future versions. This hook will be missing some grad_input. Please use register_full_backward_hook to get the documented behavior.
  self._maybe_warn_non_full_backward_hook(args, result, grad_fn)
[init_weights] VAR with init_std=0.0180422
Model preparation finished.
Preparing calibration data...
Before pruning - All params: 0.31B	 Layer params: 0.31B	 Extra params: 0.00B
Starting chain pruning...
Chain Pruning: Starting model slimming...
  Strategy: Layer 0 = SlimGPT, Layers 1+ = Chain KFAC
  Scale weighting: sqrt
  Total samples: 50

============================================================
Processing Layer 0/16
============================================================
  attn.proj: Using SlimGPT (first layer)
decoder_time:52.251338958740234ms
decoder_time:4.500865936279297ms
decoder_time:5.533695220947266ms
decoder_time:7.226467132568359ms
decoder_time:8.007526397705078ms
decoder_time:8.741140365600586ms
decoder_time:9.597301483154297ms
decoder_time:10.41865348815918ms
decoder_time:11.272430419921875ms
decoder_time:12.087106704711914ms
    Processed 10/50 batches
decoder_time:12.89224624633789ms
decoder_time:13.665437698364258ms
decoder_time:14.472723007202148ms
decoder_time:15.261411666870117ms
decoder_time:16.05963706970215ms
decoder_time:16.829490661621094ms
decoder_time:17.680883407592773ms
decoder_time:18.433094024658203ms
decoder_time:19.246578216552734ms
decoder_time:20.013093948364258ms
    Processed 20/50 batches
decoder_time:20.859718322753906ms
decoder_time:21.607398986816406ms
decoder_time:22.424697875976562ms
decoder_time:23.186206817626953ms
decoder_time:23.992061614990234ms
decoder_time:24.81222152709961ms
decoder_time:25.582313537597656ms
decoder_time:26.36408805847168ms
decoder_time:4.764080047607422ms
decoder_time:27.92811393737793ms
    Processed 30/50 batches
decoder_time:28.76758575439453ms
decoder_time:29.49690818786621ms
decoder_time:4.573345184326172ms
decoder_time:31.16631507873535ms
decoder_time:31.993865966796875ms
decoder_time:32.75346755981445ms
decoder_time:33.57839584350586ms
decoder_time:34.3475341796875ms
decoder_time:35.155296325683594ms
decoder_time:4.47392463684082ms
    Processed 40/50 batches
decoder_time:36.77177429199219ms
decoder_time:37.57977485656738ms
decoder_time:38.367509841918945ms
decoder_time:39.069414138793945ms
decoder_time:39.920806884765625ms
decoder_time:40.71617126464844ms
decoder_time:41.57066345214844ms
decoder_time:42.32645034790039ms
decoder_time:43.17975044250488ms
decoder_time:43.98918151855469ms
    Processed 50/50 batches
  Layer 0: attn.proj sparsity 0.400
    Layer 0 complete: torch.Size([4096, 1024])

============================================================
Processing Layer 1/16
============================================================
  attn.proj: Using Chain Pruning + KFAC
decoder_time:4.502296447753906ms
decoder_time:4.317283630371094ms
decoder_time:6.507158279418945ms
decoder_time:7.166147232055664ms
decoder_time:7.95435905456543ms
decoder_time:8.687257766723633ms
decoder_time:9.511947631835938ms
decoder_time:10.331869125366211ms
decoder_time:11.187314987182617ms
decoder_time:11.984825134277344ms
    Processed 10/50 batches
decoder_time:12.74561882019043ms
decoder_time:13.585090637207031ms
decoder_time:14.389276504516602ms
decoder_time:15.115976333618164ms
decoder_time:15.955924987792969ms
decoder_time:16.669511795043945ms
decoder_time:17.501354217529297ms
decoder_time:18.310546875ms
decoder_time:19.07634735107422ms
decoder_time:19.85025405883789ms
    Processed 20/50 batches
decoder_time:20.690441131591797ms
decoder_time:21.446943283081055ms
decoder_time:22.262096405029297ms
decoder_time:23.013591766357422ms
decoder_time:23.82969856262207ms
decoder_time:4.255533218383789ms
decoder_time:25.38132667541504ms
decoder_time:26.12590789794922ms
decoder_time:26.996374130249023ms
decoder_time:27.766942977905273ms
    Processed 30/50 batches
decoder_time:28.556108474731445ms
decoder_time:29.3428897857666ms
decoder_time:30.175209045410156ms
decoder_time:30.936241149902344ms
decoder_time:31.735897064208984ms
decoder_time:32.52267837524414ms
decoder_time:33.335208892822266ms
decoder_time:4.379749298095703ms
decoder_time:34.90424156188965ms
decoder_time:35.64000129699707ms
    Processed 40/50 batches
decoder_time:36.52667999267578ms
decoder_time:26.0775089263916ms
decoder_time:38.07997703552246ms
decoder_time:38.867950439453125ms
decoder_time:35.41421890258789ms
decoder_time:39.821624755859375ms
decoder_time:41.24951362609863ms
decoder_time:4.325151443481445ms
decoder_time:24.994850158691406ms
decoder_time:43.648719787597656ms
    Processed 50/50 batches
    Processing 50 cached batches for attn.proj
  Layer 1: attn.proj sparsity 0.400
    Layer 1: Collected 50 batches
    Scale weights: ['0.015', '0.029', '0.044', '0.059', '0.074', '0.088', '0.118', '0.147', '0.191', '0.235']
    Head importances: [5.248258425072372e-12, 5.577651621818669e-12, 7.034332751704175e-12, 7.839419217947619e-12, 6.825327195786324e-12, 8.234135595586167e-12, 5.178833056840304e-12, 7.345679620129886e-12, 8.636480419710324e-12, 6.829859160867313e-12, 7.302356636040841e-12, 7.120663000209637e-12, 7.251168849392586e-12, 6.273388492711307e-12, 6.424058333898142e-12, 5.011358515660813e-12]
    Pruning 6/16 heads: [15, 6, 0, 1, 13, 14]
    Layer 1 complete: torch.Size([4096, 1024])

============================================================
Processing Layer 2/16
============================================================
  attn.proj: Using Chain Pruning + KFAC
decoder_time:4.164934158325195ms
decoder_time:4.050254821777344ms
decoder_time:6.481409072875977ms
decoder_time:7.169008255004883ms
decoder_time:7.914543151855469ms
decoder_time:8.69441032409668ms
decoder_time:9.517908096313477ms
decoder_time:10.317802429199219ms
decoder_time:11.150836944580078ms
decoder_time:12.010812759399414ms
    Processed 10/50 batches
decoder_time:12.772798538208008ms
decoder_time:13.562440872192383ms
decoder_time:14.341115951538086ms
decoder_time:15.103578567504883ms
decoder_time:15.969991683959961ms
decoder_time:16.65329933166504ms
decoder_time:17.49444007873535ms
decoder_time:18.280029296875ms
decoder_time:19.05369758605957ms
decoder_time:19.880294799804688ms
    Processed 20/50 batches
decoder_time:20.66206932067871ms
decoder_time:21.402835845947266ms
decoder_time:22.273540496826172ms
decoder_time:23.002147674560547ms
decoder_time:23.8344669342041ms
decoder_time:24.593830108642578ms
decoder_time:25.39849281311035ms
decoder_time:26.181697845458984ms
decoder_time:26.98540687561035ms
decoder_time:27.744531631469727ms
    Processed 30/50 batches
decoder_time:28.565406799316406ms
decoder_time:138.5948657989502ms
decoder_time:30.15422821044922ms
decoder_time:30.961036682128906ms
decoder_time:31.737804412841797ms
decoder_time:32.5164794921875ms
decoder_time:4.530429840087891ms
decoder_time:34.097909927368164ms
decoder_time:34.94453430175781ms
decoder_time:35.68100929260254ms
    Processed 40/50 batches
decoder_time:36.50259971618652ms
decoder_time:33.41484069824219ms
decoder_time:38.0702018737793ms
decoder_time:38.85197639465332ms
decoder_time:4.2877197265625ms
decoder_time:4.415035247802734ms
decoder_time:4.237174987792969ms
decoder_time:30.88855743408203ms
decoder_time:4.271030426025391ms
decoder_time:4.207134246826172ms
    Processed 50/50 batches
    Processing 50 cached batches for attn.proj
  Layer 2: attn.proj sparsity 0.400
    Layer 2: Collected 50 batches
    Scale weights: ['0.015', '0.029', '0.044', '0.059', '0.074', '0.088', '0.118', '0.147', '0.191', '0.235']
    Head importances: [5.555583770799899e-12, 2.4470961281636283e-12, 4.469771341247819e-12, 4.22427370860845e-12, 2.598068244916152e-12, 1.982674007611207e-12, 5.8883874338999664e-12, 4.182719275103164e-12, 2.714320955499172e-12, 4.194281640751418e-12, 3.663700853112628e-12, 2.7240878823497905e-12, 4.3363754427538925e-12, 2.4213014405971567e-12, 2.7591770014601114e-12, 3.514648207886273e-12]
    Pruning 6/16 heads: [5, 13, 1, 4, 8, 11]
    Layer 2 complete: torch.Size([4096, 1024])

============================================================
Processing Layer 3/16
============================================================
  attn.proj: Using Chain Pruning + KFAC
decoder_time:4.123687744140625ms
decoder_time:4.05120849609375ms
decoder_time:6.453752517700195ms
decoder_time:7.177591323852539ms
decoder_time:7.90715217590332ms
decoder_time:8.69441032409668ms
decoder_time:9.495735168457031ms
decoder_time:10.332345962524414ms
decoder_time:11.178255081176758ms
decoder_time:11.988162994384766ms
    Processed 10/50 batches
decoder_time:12.74561882019043ms
decoder_time:13.536453247070312ms
decoder_time:14.360666275024414ms
decoder_time:15.136003494262695ms
decoder_time:15.941143035888672ms
decoder_time:16.695737838745117ms
decoder_time:17.523765563964844ms
decoder_time:18.310070037841797ms
decoder_time:19.073486328125ms
decoder_time:19.860506057739258ms
    Processed 20/50 batches
decoder_time:20.690441131591797ms
decoder_time:21.44169807434082ms
decoder_time:22.27330207824707ms
decoder_time:23.027658462524414ms
decoder_time:23.868322372436523ms
decoder_time:24.633407592773438ms
decoder_time:25.426387786865234ms
decoder_time:26.183128356933594ms
decoder_time:4.262685775756836ms
decoder_time:27.74786949157715ms
    Processed 30/50 batches
decoder_time:28.59020233154297ms
decoder_time:29.355525970458984ms
decoder_time:30.162334442138672ms
decoder_time:30.950307846069336ms
decoder_time:31.744956970214844ms
decoder_time:32.541751861572266ms
decoder_time:29.241323471069336ms
decoder_time:34.13987159729004ms
decoder_time:34.94715690612793ms
decoder_time:35.639047622680664ms
    Processed 40/50 batches
decoder_time:36.50617599487305ms
decoder_time:37.27889060974121ms
decoder_time:38.06924819946289ms
decoder_time:38.86270523071289ms
decoder_time:9.139776229858398ms
decoder_time:20.303964614868164ms
decoder_time:4.2438507080078125ms
decoder_time:23.87380599975586ms
decoder_time:42.88768768310547ms
decoder_time:43.663740158081055ms
    Processed 50/50 batches
    Processing 50 cached batches for attn.proj
  Layer 3: attn.proj sparsity 0.400
    Layer 3: Collected 50 batches
    Scale weights: ['0.015', '0.029', '0.044', '0.059', '0.074', '0.088', '0.118', '0.147', '0.191', '0.235']
    Head importances: [7.373275601185725e-12, 9.929565850108624e-12, 9.605188172612245e-12, 5.744961797948811e-12, 1.1585526808743918e-11, 6.813723196774646e-12, 1.120491373296506e-11, 6.928052749544111e-12, 5.017790870309735e-12, 5.397778578275503e-12, 6.219465047141437e-12, 6.592537279970223e-12, 4.346831488505343e-12, 4.908426963490253e-12, 9.973520273542924e-12, 1.5516202905851983e-11]
    Pruning 6/16 heads: [12, 13, 8, 9, 3, 10]
    Layer 3 complete: torch.Size([4096, 1024])

============================================================
Processing Layer 4/16
============================================================
  attn.proj: Using Chain Pruning + KFAC
decoder_time:4.195690155029297ms
decoder_time:4.11224365234375ms
decoder_time:6.102085113525391ms
decoder_time:7.168054580688477ms
decoder_time:7.866144180297852ms
decoder_time:8.703231811523438ms
decoder_time:9.5062255859375ms
decoder_time:10.321855545043945ms
decoder_time:11.160850524902344ms
decoder_time:11.970281600952148ms
    Processed 10/50 batches
decoder_time:12.75491714477539ms
decoder_time:13.583183288574219ms
decoder_time:14.381170272827148ms
decoder_time:15.13051986694336ms
decoder_time:15.980243682861328ms
decoder_time:16.658544540405273ms
decoder_time:17.5018310546875ms
decoder_time:18.310070037841797ms
decoder_time:19.06132698059082ms
decoder_time:19.857406616210938ms
    Processed 20/50 batches
decoder_time:20.71213722229004ms
decoder_time:21.44312858581543ms
decoder_time:22.308349609375ms
decoder_time:23.004531860351562ms
decoder_time:23.83589744567871ms
decoder_time:24.65510368347168ms
decoder_time:25.435924530029297ms
decoder_time:26.186227798461914ms
decoder_time:27.0082950592041ms
decoder_time:27.74333953857422ms
    Processed 30/50 batches
decoder_time:28.577804565429688ms
decoder_time:29.315948486328125ms
decoder_time:30.187129974365234ms
decoder_time:30.92479705810547ms
decoder_time:31.732559204101562ms
decoder_time:32.53006935119629ms
decoder_time:33.36143493652344ms
decoder_time:34.08002853393555ms
decoder_time:34.90018844604492ms
decoder_time:35.60638427734375ms
    Processed 40/50 batches
decoder_time:36.52787208557129ms
decoder_time:37.27221488952637ms
decoder_time:38.09475898742676ms
decoder_time:38.87438774108887ms
decoder_time:39.72339630126953ms
decoder_time:4.231929779052734ms
decoder_time:4.228115081787109ms
decoder_time:4.234552383422852ms
decoder_time:4.178524017333984ms
decoder_time:4.379987716674805ms
    Processed 50/50 batches
    Processing 50 cached batches for attn.proj
  Layer 4: attn.proj sparsity 0.400
    Layer 4: Collected 50 batches
    Scale weights: ['0.015', '0.029', '0.044', '0.059', '0.074', '0.088', '0.118', '0.147', '0.191', '0.235']
    Head importances: [1.533885518600897e-11, 7.348778703619718e-12, 1.382186205767244e-11, 1.1080849779410151e-11, 7.737756615999736e-12, 9.987110097253726e-12, 9.228933589566779e-12, 1.902336795034376e-11, 1.0577554457325e-11, 1.6076038070189647e-11, 5.517974965840722e-12, 8.048756106049382e-12, 1.6758983090170432e-11, 7.195558385242329e-12, 1.5873646147523957e-11, 8.589632477518094e-12]
    Pruning 6/16 heads: [10, 13, 1, 4, 11, 15]
    Layer 4 complete: torch.Size([4096, 1024])

============================================================
Processing Layer 5/16
============================================================
  attn.proj: Using Chain Pruning + KFAC
decoder_time:4.153966903686523ms
decoder_time:4.080057144165039ms
decoder_time:4.600048065185547ms
decoder_time:7.174015045166016ms
decoder_time:7.9288482666015625ms
decoder_time:8.690595626831055ms
decoder_time:9.52768325805664ms
decoder_time:10.320901870727539ms
decoder_time:11.14511489868164ms
decoder_time:11.997222900390625ms
    Processed 10/50 batches
decoder_time:12.80355453491211ms
decoder_time:13.602018356323242ms
decoder_time:14.365196228027344ms
decoder_time:15.140295028686523ms
decoder_time:15.938997268676758ms
decoder_time:16.710519790649414ms
decoder_time:17.52471923828125ms
decoder_time:18.284082412719727ms
decoder_time:19.072532653808594ms
decoder_time:19.881248474121094ms
    Processed 20/50 batches
decoder_time:20.702362060546875ms
decoder_time:21.45528793334961ms
decoder_time:22.272825241088867ms
decoder_time:23.011445999145508ms
decoder_time:23.844003677368164ms
decoder_time:24.677753448486328ms
decoder_time:25.425434112548828ms
decoder_time:26.225805282592773ms
decoder_time:27.01091766357422ms
decoder_time:27.74810791015625ms
    Processed 30/50 batches
decoder_time:28.565406799316406ms
decoder_time:29.33478355407715ms
decoder_time:30.181884765625ms
decoder_time:30.970335006713867ms
decoder_time:31.775712966918945ms
decoder_time:4.519462585449219ms
decoder_time:33.32185745239258ms
decoder_time:34.09123420715332ms
decoder_time:34.8973274230957ms
decoder_time:35.611629486083984ms
    Processed 40/50 batches
decoder_time:36.49306297302246ms
decoder_time:37.28461265563965ms
decoder_time:38.08927536010742ms
decoder_time:38.86675834655762ms
decoder_time:4.135370254516602ms
decoder_time:4.165172576904297ms
decoder_time:4.18400764465332ms
decoder_time:4.178524017333984ms
decoder_time:4.556894302368164ms
decoder_time:4.226922988891602ms
    Processed 50/50 batches
    Processing 50 cached batches for attn.proj
  Layer 5: attn.proj sparsity 0.400
    Layer 5: Collected 50 batches
    Scale weights: ['0.015', '0.029', '0.044', '0.059', '0.074', '0.088', '0.118', '0.147', '0.191', '0.235']
    Head importances: [3.2650908886322494e-12, 6.343156035149011e-12, 2.375264481629946e-12, 3.639873992489218e-12, 3.2195370501530984e-12, 2.3448573811812867e-12, 3.452955586388806e-12, 6.764578914381092e-12, 7.056576677155757e-12, 6.7206275267128746e-12, 5.5412549548883305e-12, 2.8520343638843704e-12, 3.2899720274481847e-12, 3.337368142258823e-12, 2.384817820652585e-12, 3.2631258806148367e-12]
    Pruning 6/16 heads: [5, 2, 14, 11, 4, 15]
    Layer 5 complete: torch.Size([4096, 1024])

============================================================
Processing Layer 6/16
============================================================
  attn.proj: Using Chain Pruning + KFAC
decoder_time:4.15492057800293ms
decoder_time:4.129171371459961ms
decoder_time:5.644798278808594ms
decoder_time:7.152795791625977ms
decoder_time:7.904291152954102ms
decoder_time:8.713245391845703ms
decoder_time:9.512662887573242ms
decoder_time:10.331392288208008ms
decoder_time:11.16943359375ms
decoder_time:12.006282806396484ms
    Processed 10/50 batches
decoder_time:12.768268585205078ms
decoder_time:13.591289520263672ms
decoder_time:14.366626739501953ms
decoder_time:15.144824981689453ms
decoder_time:15.941858291625977ms
decoder_time:16.666412353515625ms
decoder_time:17.531633377075195ms
decoder_time:18.2952880859375ms
decoder_time:19.08588409423828ms
decoder_time:19.86980438232422ms
    Processed 20/50 batches
decoder_time:20.661354064941406ms
decoder_time:21.440982818603516ms
decoder_time:22.28689193725586ms
decoder_time:22.998571395874023ms
decoder_time:23.8492488861084ms
decoder_time:24.666309356689453ms
decoder_time:25.397062301635742ms
decoder_time:26.207447052001953ms
decoder_time:27.034997940063477ms
decoder_time:27.745723724365234ms
    Processed 30/50 batches
decoder_time:28.54776382446289ms
decoder_time:29.329538345336914ms
decoder_time:30.14397621154785ms
decoder_time:30.957937240600586ms
decoder_time:31.722307205200195ms
decoder_time:32.521724700927734ms
decoder_time:33.38050842285156ms
decoder_time:34.06333923339844ms
decoder_time:34.92236137390137ms
decoder_time:10.610103607177734ms
    Processed 40/50 batches
decoder_time:36.49282455444336ms
decoder_time:37.26959228515625ms
decoder_time:38.06757926940918ms
decoder_time:38.81216049194336ms
decoder_time:4.197835922241211ms
decoder_time:40.4512882232666ms
decoder_time:41.28217697143555ms
decoder_time:6.884574890136719ms
decoder_time:4.193544387817383ms
decoder_time:43.66636276245117ms
    Processed 50/50 batches
    Processing 50 cached batches for attn.proj
  Layer 6: attn.proj sparsity 0.400
    Layer 6: Collected 50 batches
    Scale weights: ['0.015', '0.029', '0.044', '0.059', '0.074', '0.088', '0.118', '0.147', '0.191', '0.235']
    Head importances: [8.077862163891059e-12, 9.155764688073553e-12, 2.2388882414681177e-11, 8.992478636726808e-12, 9.937996606201871e-12, 8.934091313972381e-12, 7.42673110509795e-12, 7.823325320899244e-12, 2.7063507684887966e-11, 7.183442642805238e-12, 8.464847746358917e-12, 1.0809068050343651e-11, 7.709060820260127e-12, 1.111115366381199e-11, 8.811253809914987e-12, 1.2209521588202321e-11]
    Pruning 6/16 heads: [9, 6, 12, 7, 0, 10]
    Layer 6 complete: torch.Size([4096, 1024])

============================================================
Processing Layer 7/16
============================================================
  attn.proj: Using Chain Pruning + KFAC
decoder_time:4.146814346313477ms
decoder_time:4.02069091796875ms
decoder_time:5.856752395629883ms
decoder_time:7.185935974121094ms
decoder_time:7.908344268798828ms
decoder_time:8.692502975463867ms
decoder_time:9.52458381652832ms
decoder_time:10.318517684936523ms
decoder_time:11.154413223266602ms
decoder_time:11.991024017333984ms
    Processed 10/50 batches
decoder_time:12.762784957885742ms
decoder_time:13.549089431762695ms
decoder_time:14.354944229125977ms
decoder_time:15.128374099731445ms
decoder_time:15.94090461730957ms
decoder_time:16.67618751525879ms
decoder_time:17.521142959594727ms
decoder_time:18.282413482666016ms
decoder_time:19.1042423248291ms
decoder_time:19.861698150634766ms
    Processed 20/50 batches
decoder_time:20.69687843322754ms
decoder_time:21.426677703857422ms
decoder_time:22.27783203125ms
decoder_time:23.031234741210938ms
decoder_time:23.828506469726562ms
decoder_time:24.630069732666016ms
decoder_time:25.424718856811523ms
decoder_time:26.19147300720215ms
decoder_time:27.020931243896484ms
decoder_time:27.77099609375ms
    Processed 30/50 batches
decoder_time:28.52034568786621ms
decoder_time:4.386186599731445ms
decoder_time:30.13920783996582ms
decoder_time:30.921459197998047ms
decoder_time:31.702518463134766ms
decoder_time:32.529592514038086ms
decoder_time:33.339500427246094ms
decoder_time:34.06810760498047ms
decoder_time:34.90400314331055ms
decoder_time:35.65382957458496ms
    Processed 40/50 batches
decoder_time:36.524057388305664ms
decoder_time:37.29081153869629ms
decoder_time:38.07997703552246ms
decoder_time:38.904666900634766ms
decoder_time:39.72196578979492ms
decoder_time:17.928361892700195ms
decoder_time:4.155397415161133ms
decoder_time:42.01626777648926ms
decoder_time:42.8311824798584ms
decoder_time:43.68019104003906ms
    Processed 50/50 batches
    Processing 50 cached batches for attn.proj
  Layer 7: attn.proj sparsity 0.400
    Layer 7: Collected 50 batches
    Scale weights: ['0.015', '0.029', '0.044', '0.059', '0.074', '0.088', '0.118', '0.147', '0.191', '0.235']
    Head importances: [1.2747152292047481e-11, 1.5879277059926977e-11, 2.2345014727420676e-11, 1.2263979762283661e-11, 1.5063511202284552e-11, 1.415652317593441e-11, 1.0075586198698971e-11, 9.539436948702296e-12, 1.5183174162380908e-11, 1.0782028048161862e-11, 1.1362490809352366e-11, 1.1573079300442046e-11, 1.0768795577487111e-11, 1.0948414050360178e-11, 1.506894956038174e-11, 1.6538759944895176e-11]
    Pruning 6/16 heads: [7, 6, 12, 9, 13, 10]
    Layer 7 complete: torch.Size([4096, 1024])

============================================================
Processing Layer 8/16
============================================================
  attn.proj: Using Chain Pruning + KFAC
decoder_time:4.057884216308594ms
decoder_time:3.9358139038085938ms
decoder_time:5.994319915771484ms
decoder_time:7.155179977416992ms
decoder_time:7.901191711425781ms
decoder_time:8.685588836669922ms
decoder_time:9.52911376953125ms
decoder_time:10.308504104614258ms
decoder_time:11.148691177368164ms
decoder_time:11.984586715698242ms
    Processed 10/50 batches
decoder_time:12.731790542602539ms
decoder_time:13.518810272216797ms
decoder_time:14.34779167175293ms
decoder_time:15.116453170776367ms
decoder_time:15.955924987792969ms
decoder_time:16.736984252929688ms
decoder_time:17.5018310546875ms
decoder_time:18.3103084564209ms
decoder_time:19.048690795898438ms
decoder_time:19.83165740966797ms
    Processed 20/50 batches
decoder_time:20.645856857299805ms
decoder_time:21.418094635009766ms
decoder_time:22.275209426879883ms
decoder_time:23.035287857055664ms
decoder_time:23.831605911254883ms
decoder_time:24.643421173095703ms
decoder_time:25.42567253112793ms
decoder_time:26.171207427978516ms
decoder_time:26.980876922607422ms
decoder_time:27.73451805114746ms
    Processed 30/50 batches
decoder_time:28.50055694580078ms
decoder_time:29.29520606994629ms
decoder_time:30.13324737548828ms
decoder_time:30.929088592529297ms
decoder_time:31.746864318847656ms
decoder_time:32.54222869873047ms
decoder_time:33.33425521850586ms
decoder_time:34.075021743774414ms
decoder_time:34.913063049316406ms
decoder_time:35.6440544128418ms
    Processed 40/50 batches
decoder_time:36.47804260253906ms
decoder_time:37.28175163269043ms
decoder_time:38.01131248474121ms
decoder_time:38.89274597167969ms
decoder_time:4.246234893798828ms
decoder_time:40.46344757080078ms
decoder_time:41.26858711242676ms
decoder_time:4.178762435913086ms
decoder_time:4.218578338623047ms
decoder_time:43.69330406188965ms
    Processed 50/50 batches
    Processing 50 cached batches for attn.proj
  Layer 8: attn.proj sparsity 0.400
    Layer 8: Collected 50 batches
    Scale weights: ['0.015', '0.029', '0.044', '0.059', '0.074', '0.088', '0.118', '0.147', '0.191', '0.235']
    Head importances: [6.668582352986618e-12, 8.107941401602758e-12, 1.127261825550896e-11, 9.535052435116764e-12, 7.440174344675032e-12, 1.229468870461714e-11, 8.832779993528383e-12, 1.2940306812203595e-11, 1.6279056228030164e-11, 1.3470058402020868e-11, 9.138342860204318e-12, 1.2809916322131798e-11, 7.324054557278359e-12, 8.96433448305256e-12, 5.988467534356889e-12, 1.1094834252711738e-11]
    Pruning 6/16 heads: [14, 0, 12, 4, 1, 6]
    Layer 8 complete: torch.Size([4096, 1024])

============================================================
Processing Layer 9/16
============================================================
  attn.proj: Using Chain Pruning + KFAC
decoder_time:4.180431365966797ms
decoder_time:4.057884216308594ms
decoder_time:5.312442779541016ms
decoder_time:7.123231887817383ms
decoder_time:7.834434509277344ms
decoder_time:8.623361587524414ms
decoder_time:9.458303451538086ms
decoder_time:10.242700576782227ms
decoder_time:11.063575744628906ms
decoder_time:11.878728866577148ms
    Processed 10/50 batches
decoder_time:12.64643669128418ms
decoder_time:13.449430465698242ms
decoder_time:14.267206192016602ms
decoder_time:15.90418815612793ms
decoder_time:15.81120491027832ms
decoder_time:16.5708065032959ms
decoder_time:17.401933670043945ms
decoder_time:18.16082000732422ms
decoder_time:18.904685974121094ms
decoder_time:19.70696449279785ms
    Processed 20/50 batches
decoder_time:20.534276962280273ms
decoder_time:21.263599395751953ms
decoder_time:22.0949649810791ms
decoder_time:22.84693717956543ms
decoder_time:23.67568016052246ms
decoder_time:24.47223663330078ms
decoder_time:25.209665298461914ms
decoder_time:25.960922241210938ms
decoder_time:26.77607536315918ms
decoder_time:27.53424644470215ms
    Processed 30/50 batches
decoder_time:28.33080291748047ms
decoder_time:29.05893325805664ms
decoder_time:29.90269660949707ms
decoder_time:30.67803382873535ms
decoder_time:31.476974487304688ms
decoder_time:32.27972984313965ms
decoder_time:33.08534622192383ms
decoder_time:33.831119537353516ms
decoder_time:34.65127944946289ms
decoder_time:35.36510467529297ms
    Processed 40/50 batches
decoder_time:36.168575286865234ms
decoder_time:37.00828552246094ms
decoder_time:37.80031204223633ms
decoder_time:38.59877586364746ms
decoder_time:39.43514823913574ms
decoder_time:40.12465476989746ms
decoder_time:40.9548282623291ms
decoder_time:41.73588752746582ms
decoder_time:4.223108291625977ms
decoder_time:43.390750885009766ms
    Processed 50/50 batches
    Processing 50 cached batches for attn.proj
  Layer 9: attn.proj sparsity 0.400
    Layer 9: Collected 50 batches
    Scale weights: ['0.015', '0.029', '0.044', '0.059', '0.074', '0.088', '0.118', '0.147', '0.191', '0.235']
    Head importances: [1.8789433550714385e-11, 9.317244892281806e-12, 8.733030791574503e-12, 7.081785245027783e-12, 8.602290754722297e-12, 1.1329020187245131e-11, 1.1739520813791593e-11, 1.4567676925869577e-11, 1.1887770282048571e-11, 1.2426199826054418e-11, 1.009825383035956e-11, 1.314384365236343e-11, 9.621384418345702e-12, 8.905990528385033e-12, 1.0379969453411242e-11, 7.512424710087728e-12]
    Pruning 6/16 heads: [3, 15, 4, 2, 13, 1]
    Layer 9 complete: torch.Size([4096, 1024])

============================================================
Processing Layer 10/16
============================================================
  attn.proj: Using Chain Pruning + KFAC
decoder_time:4.1446685791015625ms
decoder_time:4.008769989013672ms
decoder_time:5.164861679077148ms
decoder_time:7.074832916259766ms
decoder_time:7.805347442626953ms
decoder_time:8.54349136352539ms
decoder_time:9.372472763061523ms
decoder_time:10.139942169189453ms
decoder_time:10.979652404785156ms
decoder_time:11.756420135498047ms
    Processed 10/50 batches
decoder_time:12.529850006103516ms
decoder_time:13.342618942260742ms
decoder_time:14.127492904663086ms
decoder_time:14.920711517333984ms
decoder_time:15.709161758422852ms
decoder_time:16.443967819213867ms
decoder_time:17.2576904296875ms
decoder_time:18.055200576782227ms
decoder_time:18.793344497680664ms
decoder_time:19.518375396728516ms
    Processed 20/50 batches
decoder_time:20.36762237548828ms
decoder_time:21.1184024810791ms
decoder_time:21.90256118774414ms
decoder_time:22.68815040588379ms
decoder_time:23.50139617919922ms
decoder_time:24.31201934814453ms
decoder_time:25.049686431884766ms
decoder_time:25.789737701416016ms
decoder_time:26.587963104248047ms
decoder_time:27.321815490722656ms
    Processed 30/50 batches
decoder_time:28.14340591430664ms
decoder_time:28.886795043945312ms
decoder_time:29.715538024902344ms
decoder_time:30.444860458374023ms
decoder_time:31.258821487426758ms
decoder_time:32.051801681518555ms
decoder_time:32.81760215759277ms
decoder_time:33.6146354675293ms
decoder_time:34.39450263977051ms
decoder_time:35.12287139892578ms
    Processed 40/50 batches
decoder_time:35.906076431274414ms
decoder_time:36.72599792480469ms
decoder_time:37.500858306884766ms
decoder_time:38.27500343322754ms
decoder_time:39.12687301635742ms
decoder_time:15.67387580871582ms
decoder_time:40.63820838928223ms
decoder_time:4.201173782348633ms
decoder_time:42.17100143432617ms
decoder_time:43.004751205444336ms
    Processed 50/50 batches
    Processing 50 cached batches for attn.proj
  Layer 10: attn.proj sparsity 0.400
    Layer 10: Collected 50 batches
    Scale weights: ['0.015', '0.029', '0.044', '0.059', '0.074', '0.088', '0.118', '0.147', '0.191', '0.235']
    Head importances: [2.3012218866580447e-11, 2.5528341593417103e-11, 2.6965867039319136e-11, 2.734476534094199e-11, 3.707019066712114e-11, 1.986435668732689e-11, 1.8241382362949032e-11, 4.113037341268999e-11, 2.103657699425998e-11, 3.0307707732379896e-11, 2.263959159032325e-11, 2.2351072381798787e-11, 2.395884879380361e-11, 2.1144107298365356e-11, 2.5216955260032314e-11, 1.9195926098669602e-11]
    Pruning 6/16 heads: [6, 15, 5, 8, 13, 11]
    Layer 10 complete: torch.Size([4096, 1024])

============================================================
Processing Layer 11/16
============================================================
  attn.proj: Using Chain Pruning + KFAC
decoder_time:4.121065139770508ms
decoder_time:4.0130615234375ms
decoder_time:4.6405792236328125ms
decoder_time:7.011890411376953ms
decoder_time:7.703542709350586ms
decoder_time:8.477926254272461ms
decoder_time:9.27424430847168ms
decoder_time:10.072946548461914ms
decoder_time:10.849714279174805ms
decoder_time:11.658906936645508ms
    Processed 10/50 batches
decoder_time:12.439966201782227ms
decoder_time:13.20958137512207ms
decoder_time:14.034509658813477ms
decoder_time:14.778375625610352ms
decoder_time:15.578746795654297ms
decoder_time:16.337156295776367ms
decoder_time:17.122507095336914ms
decoder_time:17.8987979888916ms
decoder_time:18.642425537109375ms
decoder_time:19.44279670715332ms
    Processed 20/50 batches
decoder_time:20.238876342773438ms
decoder_time:20.975828170776367ms
decoder_time:21.767139434814453ms
decoder_time:22.513628005981445ms
decoder_time:23.29230308532715ms
decoder_time:24.112701416015625ms
decoder_time:24.849891662597656ms
decoder_time:25.579214096069336ms
decoder_time:26.367902755737305ms
decoder_time:27.118444442749023ms
    Processed 30/50 batches
decoder_time:27.921438217163086ms
decoder_time:28.656005859375ms
decoder_time:29.453277587890625ms
decoder_time:30.260324478149414ms
decoder_time:31.01825714111328ms
decoder_time:31.818389892578125ms
decoder_time:32.613277435302734ms
decoder_time:33.32662582397461ms
decoder_time:34.11674499511719ms
decoder_time:34.8360538482666ms
    Processed 40/50 batches
decoder_time:35.69507598876953ms
decoder_time:36.435842514038086ms
decoder_time:37.226200103759766ms
decoder_time:37.97030448913574ms
decoder_time:38.82789611816406ms
decoder_time:39.542436599731445ms
decoder_time:40.33946990966797ms
decoder_time:41.05663299560547ms
decoder_time:4.189729690551758ms
decoder_time:42.67454147338867ms
    Processed 50/50 batches
    Processing 50 cached batches for attn.proj
  Layer 11: attn.proj sparsity 0.400
    Layer 11: Collected 50 batches
    Scale weights: ['0.015', '0.029', '0.044', '0.059', '0.074', '0.088', '0.118', '0.147', '0.191', '0.235']
    Head importances: [1.894757961640181e-11, 1.7395480889081938e-11, 2.147709787791996e-11, 2.9633070303125564e-11, 2.2565969926002793e-11, 2.0323603910910037e-11, 2.8020948408813418e-11, 2.2757660339545183e-11, 1.63496681471198e-11, 2.087465617028883e-11, 1.5979349787809127e-11, 3.1203283012981586e-11, 2.4911097490365464e-11, 1.6812246039776824e-11, 1.44256880746374e-11, 1.6174778530442246e-11]
    Pruning 6/16 heads: [14, 10, 15, 8, 13, 1]
    Layer 11 complete: torch.Size([4096, 1024])

============================================================
Processing Layer 12/16
============================================================
  attn.proj: Using Chain Pruning + KFAC
decoder_time:4.310846328735352ms
decoder_time:4.024028778076172ms
decoder_time:4.427671432495117ms
decoder_time:6.9332122802734375ms
decoder_time:7.674455642700195ms
decoder_time:8.393526077270508ms
decoder_time:9.184837341308594ms
decoder_time:9.97018814086914ms
decoder_time:10.745525360107422ms
decoder_time:11.554479598999023ms
    Processed 10/50 batches
decoder_time:12.319803237915039ms
decoder_time:13.092994689941406ms
decoder_time:13.923883438110352ms
decoder_time:14.659643173217773ms
decoder_time:15.466928482055664ms
decoder_time:16.216278076171875ms
decoder_time:17.015933990478516ms
decoder_time:17.763137817382812ms
decoder_time:18.545150756835938ms
decoder_time:19.299030303955078ms
    Processed 20/50 batches
decoder_time:20.071744918823242ms
decoder_time:20.813941955566406ms
decoder_time:21.58331871032715ms
decoder_time:22.357702255249023ms
decoder_time:23.105382919311523ms
decoder_time:23.91648292541504ms
decoder_time:24.641752243041992ms
decoder_time:25.406599044799805ms
decoder_time:26.214599609375ms
decoder_time:26.934146881103516ms
    Processed 30/50 batches
decoder_time:27.695178985595703ms
decoder_time:28.465747833251953ms
decoder_time:29.262542724609375ms
decoder_time:30.019521713256836ms
decoder_time:30.771970748901367ms
decoder_time:31.549930572509766ms
decoder_time:32.33480453491211ms
decoder_time:33.11657905578613ms
decoder_time:33.88571739196777ms
decoder_time:34.62481498718262ms
    Processed 40/50 batches
decoder_time:35.38846969604492ms
decoder_time:36.1785888671875ms
decoder_time:36.908864974975586ms
decoder_time:37.665367126464844ms
decoder_time:38.49458694458008ms
decoder_time:39.229631423950195ms
decoder_time:40.00139236450195ms
decoder_time:4.208803176879883ms
decoder_time:41.56613349914551ms
decoder_time:42.33407974243164ms
    Processed 50/50 batches
    Processing 50 cached batches for attn.proj
  Layer 12: attn.proj sparsity 0.400
    Layer 12: Collected 50 batches
    Scale weights: ['0.015', '0.029', '0.044', '0.059', '0.074', '0.088', '0.118', '0.147', '0.191', '0.235']
    Head importances: [2.1464396926518248e-10, 1.2024051199155394e-10, 1.1824782819580548e-10, 2.2531698729011396e-10, 1.6387693979602602e-10, 1.4380738266872584e-10, 1.198815352543292e-10, 1.7498141824390245e-10, 1.298424562312661e-10, 1.0310011178127354e-10, 1.3430738465824987e-10, 1.2073986255245472e-10, 1.7273094066183603e-10, 1.6886600451293532e-10, 1.3255137265577588e-10, 1.799140836311608e-10]
    Pruning 6/16 heads: [9, 2, 6, 1, 11, 8]
    Layer 12 complete: torch.Size([4096, 1024])

============================================================
Processing Layer 13/16
============================================================
  attn.proj: Using Chain Pruning + KFAC
decoder_time:4.168987274169922ms
decoder_time:4.046916961669922ms
decoder_time:4.111528396606445ms
decoder_time:6.875038146972656ms
decoder_time:7.5855255126953125ms
decoder_time:8.312702178955078ms
decoder_time:9.113311767578125ms
decoder_time:9.883403778076172ms
decoder_time:10.646343231201172ms
decoder_time:11.433601379394531ms
    Processed 10/50 batches
decoder_time:12.189149856567383ms
decoder_time:13.000965118408203ms
decoder_time:13.821840286254883ms
decoder_time:14.565229415893555ms
decoder_time:15.363454818725586ms
decoder_time:16.109943389892578ms
decoder_time:16.87479019165039ms
decoder_time:17.65584945678711ms
decoder_time:18.379688262939453ms
decoder_time:19.13309097290039ms
    Processed 20/50 batches
decoder_time:19.909143447875977ms
decoder_time:20.676374435424805ms
decoder_time:21.431446075439453ms
decoder_time:22.152423858642578ms
decoder_time:22.9494571685791ms
decoder_time:23.697614669799805ms
decoder_time:24.468183517456055ms
decoder_time:25.220632553100586ms
decoder_time:25.992870330810547ms
decoder_time:26.729345321655273ms
    Processed 30/50 batches
decoder_time:27.486562728881836ms
decoder_time:28.230667114257812ms
decoder_time:29.01458740234375ms
decoder_time:29.79302406311035ms
decoder_time:30.556201934814453ms
decoder_time:31.268835067749023ms
decoder_time:32.120466232299805ms
decoder_time:32.85574913024902ms
decoder_time:33.61868858337402ms
decoder_time:34.32965278625488ms
    Processed 40/50 batches
decoder_time:35.09998321533203ms
decoder_time:35.892486572265625ms
decoder_time:36.62443161010742ms
decoder_time:37.40525245666504ms
decoder_time:38.19441795349121ms
decoder_time:38.94782066345215ms
decoder_time:39.71457481384277ms
decoder_time:40.410518646240234ms
decoder_time:4.220008850097656ms
decoder_time:41.968345642089844ms
    Processed 50/50 batches
    Processing 50 cached batches for attn.proj
  Layer 13: attn.proj sparsity 0.400
    Layer 13: Collected 50 batches
    Scale weights: ['0.015', '0.029', '0.044', '0.059', '0.074', '0.088', '0.118', '0.147', '0.191', '0.235']
    Head importances: [8.466194412193317e-11, 8.380443561328832e-11, 8.6070275906458e-11, 7.322840944734565e-11, 6.078596653802393e-11, 9.541183121353214e-11, 5.7274802955920023e-11, 7.241161836812893e-11, 1.1988723902511822e-10, 9.206975459807865e-11, 7.316518918498716e-11, 8.947888957555605e-11, 9.378958026884376e-11, 1.079543121562665e-10, 7.201637897136237e-11, 1.1634448959796373e-10]
    Pruning 6/16 heads: [6, 4, 14, 7, 10, 3]
    Layer 13 complete: torch.Size([4096, 1024])

============================================================
Processing Layer 14/16
============================================================
  attn.proj: Using Chain Pruning + KFAC
decoder_time:4.131555557250977ms
decoder_time:4.023551940917969ms
decoder_time:4.398345947265625ms
decoder_time:6.844520568847656ms
decoder_time:7.54237174987793ms
decoder_time:8.23974609375ms
decoder_time:9.022951126098633ms
decoder_time:9.799480438232422ms
decoder_time:10.53619384765625ms
decoder_time:11.321067810058594ms
    Processed 10/50 batches
decoder_time:12.111902236938477ms
decoder_time:12.865304946899414ms
decoder_time:13.724565505981445ms
decoder_time:14.497756958007812ms
decoder_time:15.234708786010742ms
decoder_time:15.969038009643555ms
decoder_time:16.726255416870117ms
decoder_time:17.519474029541016ms
decoder_time:18.229961395263672ms
decoder_time:19.023656845092773ms
    Processed 20/50 batches
decoder_time:19.78921890258789ms
decoder_time:20.517349243164062ms
decoder_time:21.275758743286133ms
decoder_time:21.99530601501465ms
decoder_time:22.774219512939453ms
decoder_time:23.533344268798828ms
decoder_time:24.255037307739258ms
decoder_time:25.025129318237305ms
decoder_time:25.78592300415039ms
decoder_time:26.505231857299805ms
    Processed 30/50 batches
decoder_time:27.2829532623291ms
decoder_time:28.008222579956055ms
decoder_time:28.78856658935547ms
decoder_time:29.58059310913086ms
decoder_time:30.314922332763672ms
decoder_time:31.097412109375ms
decoder_time:31.859636306762695ms
decoder_time:32.581329345703125ms
decoder_time:33.35142135620117ms
decoder_time:34.00444984436035ms
    Processed 40/50 batches
decoder_time:34.87753868103027ms
decoder_time:35.58683395385742ms
decoder_time:36.3466739654541ms
decoder_time:37.08386421203613ms
decoder_time:37.877559661865234ms
decoder_time:38.625478744506836ms
decoder_time:39.39008712768555ms
decoder_time:40.11249542236328ms
decoder_time:40.89522361755371ms
decoder_time:41.656494140625ms
    Processed 50/50 batches
    Processing 50 cached batches for attn.proj
  Layer 14: attn.proj sparsity 0.400
    Layer 14: Collected 50 batches
    Scale weights: ['0.015', '0.029', '0.044', '0.059', '0.074', '0.088', '0.118', '0.147', '0.191', '0.235']
    Head importances: [1.0575898490294833e-10, 4.763192062995358e-10, 1.0598814187412486e-10, 1.0011848294855241e-10, 1.482275552300294e-10, 1.6432646909869675e-10, 1.090630294409145e-10, 2.039963475919393e-10, 9.711342841001169e-11, 1.0075916490048797e-10, 1.782447245357588e-10, 1.0099550362685505e-10, 1.1102586905398226e-10, 1.057374396373767e-10, 1.0125041083330899e-10, 1.1574814717807413e-10]
    Pruning 6/16 heads: [8, 3, 9, 11, 14, 13]
    Layer 14 complete: torch.Size([4096, 1024])

============================================================
Processing Layer 15/16
============================================================
  attn.proj: Using Chain Pruning + KFAC
decoder_time:4.142284393310547ms
decoder_time:4.0264129638671875ms
decoder_time:4.014492034912109ms
decoder_time:6.786108016967773ms
decoder_time:7.475137710571289ms
decoder_time:8.175134658813477ms
decoder_time:8.913993835449219ms
decoder_time:9.695053100585938ms
decoder_time:10.445833206176758ms
decoder_time:11.209964752197266ms
    Processed 10/50 batches
decoder_time:11.978626251220703ms
decoder_time:12.77017593383789ms
decoder_time:13.59248161315918ms
decoder_time:14.336109161376953ms
decoder_time:15.138626098632812ms
decoder_time:15.849590301513672ms
decoder_time:16.64113998413086ms
decoder_time:17.392396926879883ms
decoder_time:18.07093620300293ms
decoder_time:18.865108489990234ms
    Processed 20/50 batches
decoder_time:19.628286361694336ms
decoder_time:20.328521728515625ms
decoder_time:21.098852157592773ms
decoder_time:21.837234497070312ms
decoder_time:22.612333297729492ms
decoder_time:23.356199264526367ms
decoder_time:24.06930923461914ms
decoder_time:24.837732315063477ms
decoder_time:25.603055953979492ms
decoder_time:26.30925178527832ms
    Processed 30/50 batches
decoder_time:27.11033821105957ms
decoder_time:27.806997299194336ms
decoder_time:28.60856056213379ms
decoder_time:29.30450439453125ms
decoder_time:30.076265335083008ms
decoder_time:30.841350555419922ms
decoder_time:31.6164493560791ms
decoder_time:32.30166435241699ms
decoder_time:33.08868408203125ms
decoder_time:33.81061553955078ms
    Processed 40/50 batches
decoder_time:34.5919132232666ms
decoder_time:35.28928756713867ms
decoder_time:36.06081008911133ms
decoder_time:36.84234619140625ms
decoder_time:37.60075569152832ms
decoder_time:38.299560546875ms
decoder_time:39.08348083496094ms
decoder_time:39.77203369140625ms
decoder_time:40.55976867675781ms
decoder_time:41.3362979888916ms
    Processed 50/50 batches
    Processing 50 cached batches for attn.proj
  Layer 15: attn.proj sparsity 0.400
    Layer 15: Collected 50 batches
    Scale weights: ['0.015', '0.029', '0.044', '0.059', '0.074', '0.088', '0.118', '0.147', '0.191', '0.235']
    Head importances: [1.609248734268931e-08, 1.047659115016586e-08, 1.0319298304750646e-08, 1.1215247397444728e-08, 3.2905717262110556e-08, 3.833115869156245e-08, 8.244547444746786e-08, 1.145162364935004e-08, 7.613825658836504e-08, 1.0375645231874842e-08, 4.208551729334431e-08, 1.2456522924253477e-08, 2.7816767556032573e-08, 4.483690574375032e-08, 1.0712829734416118e-08, 1.8181567895680928e-07]
    Pruning 6/16 heads: [2, 9, 1, 14, 3, 7]
    Layer 15 complete: torch.Size([4096, 1024])
memory consumption: 10810.06 MB
Pruning completed in 338.73 seconds
******************************
layer 0 sparsity 0.000000
layer 1 sparsity 0.000000
layer 2 sparsity 0.000000
layer 3 sparsity 0.000000
layer 4 sparsity 0.000000
layer 5 sparsity 0.000000
layer 6 sparsity 0.000000
layer 7 sparsity 0.000000
layer 8 sparsity 0.000000
layer 9 sparsity 0.000000
layer 10 sparsity 0.000000
layer 11 sparsity 0.000000
layer 12 sparsity 0.000000
layer 13 sparsity 0.000000
layer 14 sparsity 0.000000
layer 15 sparsity 0.000000
Final sparsity: 0.0000
******************************
After pruning - All params: 0.29B	 Layer params: 0.29B	 Extra params: 0.00B
decoder_time:4.100322723388672ms
Inference time: 0.1354 seconds
Pruned model saved to: /home/project/real_prune/VAR_FIDtest/batch_models/chain_kfac/var_d16_chain_kfac_s0.4_sqrt_n50.pth
Chain pruning completed successfully!
✅ 完成: var_d16_chain_kfac_s0.4_sqrt_n50.pth
----------------------------------------
第二阶段：训练 SlimGPT 模型...
训练 SlimGPT: sparsity=0.1
/root/miniconda3/envs/var/lib/python3.10/site-packages/torch/backends/__init__.py:46: UserWarning: Please use the new API settings to control TF32 behavior, such as torch.backends.cudnn.conv.fp32_precision = 'tf32' or torch.backends.cuda.matmul.fp32_precision = 'ieee'. Old settings, e.g, torch.backends.cuda.matmul.allow_tf32 = True, torch.backends.cudnn.allow_tf32 = True, allowTF32CuDNN() and allowTF32CuBLAS() will be deprecated after Pytorch 2.9. Please see https://pytorch.org/docs/main/notes/cuda.html#tensorfloat-32-tf32-on-ampere-and-later-devices (Triggered internally at /pytorch/aten/src/ATen/Context.cpp:80.)
  self.setter(val)
/home/project/real_prune/slimgpt_pub_prune/slim_utils
Namespace(model_path='/home/sumingluo/Model_weight/meta/llama-2-7b-hf', dataset='wikitext2', num_samples=50, seqlen=2048, sparsity=0.1, minlayer=-1, maxlayer=16, cache_dev='cuda', batch_samples=128, skip_evaluate=False, save_pruned_weights=True, save_dir='/home/project/real_prune/VAR_FIDtest/batch_models/slimgpt', non_uniform=False, non_uniform_strategy='log_increase', min_sparsity=0.06, max_sparsity=0.3, no_compensate=False, percdamp=0.01, seed=0, prune_method='slimgpt', specific_layer=0, model_name='var_d16_slimgpt_s0.1_n50.pth')
load model...
var not exist
var not exist

[constructor]  ==== flash_if_available=True (0/16), fused_if_available=True (fusing_add_ln=0/16, fusing_mlp=0/16) ==== 
    [VAR config ] embed_dim=1024, num_heads=16, depth=16, mlp_ratio=4.0
    [drop ratios ] drop_rate=0.0, attn_drop_rate=0.0, drop_path_rate=0.0666667 (tensor([0.0000, 0.0044, 0.0089, 0.0133, 0.0178, 0.0222, 0.0267, 0.0311, 0.0356,
        0.0400, 0.0444, 0.0489, 0.0533, 0.0578, 0.0622, 0.0667]))

[init_weights] VAR with init_std=0.0180422
Traceback (most recent call last):
  File "/home/project/real_prune/slimgpt_pub_prune/prune_v6.py", line 848, in <module>
    main(args)
  File "/home/project/real_prune/slimgpt_pub_prune/prune_v6.py", line 599, in main
    vae.load_state_dict(torch.load(vae_ckpt, map_location='cpu'), strict=True)
  File "/root/miniconda3/envs/var/lib/python3.10/site-packages/torch/serialization.py", line 1484, in load
    with _open_file_like(f, "rb") as opened_file:
  File "/root/miniconda3/envs/var/lib/python3.10/site-packages/torch/serialization.py", line 759, in _open_file_like
    return _open_file(name_or_buffer, mode)
  File "/root/miniconda3/envs/var/lib/python3.10/site-packages/torch/serialization.py", line 740, in __init__
    super().__init__(open(name, mode))
FileNotFoundError: [Errno 2] No such file or directory: '/home/suanba/EdgeVAR/slimgpt_pub/model_zoo/model_zoo/vae_ch160v4096z32.pth'
❌ 失败: var_d16_slimgpt_s0.1_n50.pth
----------------------------------------
训练 SlimGPT: sparsity=0.2
/root/miniconda3/envs/var/lib/python3.10/site-packages/torch/backends/__init__.py:46: UserWarning: Please use the new API settings to control TF32 behavior, such as torch.backends.cudnn.conv.fp32_precision = 'tf32' or torch.backends.cuda.matmul.fp32_precision = 'ieee'. Old settings, e.g, torch.backends.cuda.matmul.allow_tf32 = True, torch.backends.cudnn.allow_tf32 = True, allowTF32CuDNN() and allowTF32CuBLAS() will be deprecated after Pytorch 2.9. Please see https://pytorch.org/docs/main/notes/cuda.html#tensorfloat-32-tf32-on-ampere-and-later-devices (Triggered internally at /pytorch/aten/src/ATen/Context.cpp:80.)
  self.setter(val)
/home/project/real_prune/slimgpt_pub_prune/slim_utils
Namespace(model_path='/home/sumingluo/Model_weight/meta/llama-2-7b-hf', dataset='wikitext2', num_samples=50, seqlen=2048, sparsity=0.2, minlayer=-1, maxlayer=16, cache_dev='cuda', batch_samples=128, skip_evaluate=False, save_pruned_weights=True, save_dir='/home/project/real_prune/VAR_FIDtest/batch_models/slimgpt', non_uniform=False, non_uniform_strategy='log_increase', min_sparsity=0.06, max_sparsity=0.3, no_compensate=False, percdamp=0.01, seed=0, prune_method='slimgpt', specific_layer=0, model_name='var_d16_slimgpt_s0.2_n50.pth')
load model...
var not exist
var not exist

[constructor]  ==== flash_if_available=True (0/16), fused_if_available=True (fusing_add_ln=0/16, fusing_mlp=0/16) ==== 
    [VAR config ] embed_dim=1024, num_heads=16, depth=16, mlp_ratio=4.0
    [drop ratios ] drop_rate=0.0, attn_drop_rate=0.0, drop_path_rate=0.0666667 (tensor([0.0000, 0.0044, 0.0089, 0.0133, 0.0178, 0.0222, 0.0267, 0.0311, 0.0356,
        0.0400, 0.0444, 0.0489, 0.0533, 0.0578, 0.0622, 0.0667]))

[init_weights] VAR with init_std=0.0180422
Traceback (most recent call last):
  File "/home/project/real_prune/slimgpt_pub_prune/prune_v6.py", line 848, in <module>
    main(args)
  File "/home/project/real_prune/slimgpt_pub_prune/prune_v6.py", line 599, in main
    vae.load_state_dict(torch.load(vae_ckpt, map_location='cpu'), strict=True)
  File "/root/miniconda3/envs/var/lib/python3.10/site-packages/torch/serialization.py", line 1484, in load
    with _open_file_like(f, "rb") as opened_file:
  File "/root/miniconda3/envs/var/lib/python3.10/site-packages/torch/serialization.py", line 759, in _open_file_like
    return _open_file(name_or_buffer, mode)
  File "/root/miniconda3/envs/var/lib/python3.10/site-packages/torch/serialization.py", line 740, in __init__
    super().__init__(open(name, mode))
FileNotFoundError: [Errno 2] No such file or directory: '/home/suanba/EdgeVAR/slimgpt_pub/model_zoo/model_zoo/vae_ch160v4096z32.pth'
❌ 失败: var_d16_slimgpt_s0.2_n50.pth
----------------------------------------
训练 SlimGPT: sparsity=0.3
/root/miniconda3/envs/var/lib/python3.10/site-packages/torch/backends/__init__.py:46: UserWarning: Please use the new API settings to control TF32 behavior, such as torch.backends.cudnn.conv.fp32_precision = 'tf32' or torch.backends.cuda.matmul.fp32_precision = 'ieee'. Old settings, e.g, torch.backends.cuda.matmul.allow_tf32 = True, torch.backends.cudnn.allow_tf32 = True, allowTF32CuDNN() and allowTF32CuBLAS() will be deprecated after Pytorch 2.9. Please see https://pytorch.org/docs/main/notes/cuda.html#tensorfloat-32-tf32-on-ampere-and-later-devices (Triggered internally at /pytorch/aten/src/ATen/Context.cpp:80.)
  self.setter(val)
/home/project/real_prune/slimgpt_pub_prune/slim_utils
Namespace(model_path='/home/sumingluo/Model_weight/meta/llama-2-7b-hf', dataset='wikitext2', num_samples=50, seqlen=2048, sparsity=0.3, minlayer=-1, maxlayer=16, cache_dev='cuda', batch_samples=128, skip_evaluate=False, save_pruned_weights=True, save_dir='/home/project/real_prune/VAR_FIDtest/batch_models/slimgpt', non_uniform=False, non_uniform_strategy='log_increase', min_sparsity=0.06, max_sparsity=0.3, no_compensate=False, percdamp=0.01, seed=0, prune_method='slimgpt', specific_layer=0, model_name='var_d16_slimgpt_s0.3_n50.pth')
load model...
var not exist
var not exist

[constructor]  ==== flash_if_available=True (0/16), fused_if_available=True (fusing_add_ln=0/16, fusing_mlp=0/16) ==== 
    [VAR config ] embed_dim=1024, num_heads=16, depth=16, mlp_ratio=4.0
    [drop ratios ] drop_rate=0.0, attn_drop_rate=0.0, drop_path_rate=0.0666667 (tensor([0.0000, 0.0044, 0.0089, 0.0133, 0.0178, 0.0222, 0.0267, 0.0311, 0.0356,
        0.0400, 0.0444, 0.0489, 0.0533, 0.0578, 0.0622, 0.0667]))

[init_weights] VAR with init_std=0.0180422
Traceback (most recent call last):
  File "/home/project/real_prune/slimgpt_pub_prune/prune_v6.py", line 848, in <module>
    main(args)
  File "/home/project/real_prune/slimgpt_pub_prune/prune_v6.py", line 599, in main
    vae.load_state_dict(torch.load(vae_ckpt, map_location='cpu'), strict=True)
  File "/root/miniconda3/envs/var/lib/python3.10/site-packages/torch/serialization.py", line 1484, in load
    with _open_file_like(f, "rb") as opened_file:
  File "/root/miniconda3/envs/var/lib/python3.10/site-packages/torch/serialization.py", line 759, in _open_file_like
    return _open_file(name_or_buffer, mode)
  File "/root/miniconda3/envs/var/lib/python3.10/site-packages/torch/serialization.py", line 740, in __init__
    super().__init__(open(name, mode))
FileNotFoundError: [Errno 2] No such file or directory: '/home/suanba/EdgeVAR/slimgpt_pub/model_zoo/model_zoo/vae_ch160v4096z32.pth'
❌ 失败: var_d16_slimgpt_s0.3_n50.pth
----------------------------------------
训练 SlimGPT: sparsity=0.4
/root/miniconda3/envs/var/lib/python3.10/site-packages/torch/backends/__init__.py:46: UserWarning: Please use the new API settings to control TF32 behavior, such as torch.backends.cudnn.conv.fp32_precision = 'tf32' or torch.backends.cuda.matmul.fp32_precision = 'ieee'. Old settings, e.g, torch.backends.cuda.matmul.allow_tf32 = True, torch.backends.cudnn.allow_tf32 = True, allowTF32CuDNN() and allowTF32CuBLAS() will be deprecated after Pytorch 2.9. Please see https://pytorch.org/docs/main/notes/cuda.html#tensorfloat-32-tf32-on-ampere-and-later-devices (Triggered internally at /pytorch/aten/src/ATen/Context.cpp:80.)
  self.setter(val)
/home/project/real_prune/slimgpt_pub_prune/slim_utils
Namespace(model_path='/home/sumingluo/Model_weight/meta/llama-2-7b-hf', dataset='wikitext2', num_samples=50, seqlen=2048, sparsity=0.4, minlayer=-1, maxlayer=16, cache_dev='cuda', batch_samples=128, skip_evaluate=False, save_pruned_weights=True, save_dir='/home/project/real_prune/VAR_FIDtest/batch_models/slimgpt', non_uniform=False, non_uniform_strategy='log_increase', min_sparsity=0.06, max_sparsity=0.3, no_compensate=False, percdamp=0.01, seed=0, prune_method='slimgpt', specific_layer=0, model_name='var_d16_slimgpt_s0.4_n50.pth')
load model...
var not exist
var not exist

[constructor]  ==== flash_if_available=True (0/16), fused_if_available=True (fusing_add_ln=0/16, fusing_mlp=0/16) ==== 
    [VAR config ] embed_dim=1024, num_heads=16, depth=16, mlp_ratio=4.0
    [drop ratios ] drop_rate=0.0, attn_drop_rate=0.0, drop_path_rate=0.0666667 (tensor([0.0000, 0.0044, 0.0089, 0.0133, 0.0178, 0.0222, 0.0267, 0.0311, 0.0356,
        0.0400, 0.0444, 0.0489, 0.0533, 0.0578, 0.0622, 0.0667]))

[init_weights] VAR with init_std=0.0180422
Traceback (most recent call last):
  File "/home/project/real_prune/slimgpt_pub_prune/prune_v6.py", line 848, in <module>
    main(args)
  File "/home/project/real_prune/slimgpt_pub_prune/prune_v6.py", line 599, in main
    vae.load_state_dict(torch.load(vae_ckpt, map_location='cpu'), strict=True)
  File "/root/miniconda3/envs/var/lib/python3.10/site-packages/torch/serialization.py", line 1484, in load
    with _open_file_like(f, "rb") as opened_file:
  File "/root/miniconda3/envs/var/lib/python3.10/site-packages/torch/serialization.py", line 759, in _open_file_like
    return _open_file(name_or_buffer, mode)
  File "/root/miniconda3/envs/var/lib/python3.10/site-packages/torch/serialization.py", line 740, in __init__
    super().__init__(open(name, mode))
FileNotFoundError: [Errno 2] No such file or directory: '/home/suanba/EdgeVAR/slimgpt_pub/model_zoo/model_zoo/vae_ch160v4096z32.pth'
❌ 失败: var_d16_slimgpt_s0.4_n50.pth
----------------------------------------
批量训练完成！
Chain KFAC 模型: 12个
SlimGPT 模型: 4个
总计: 16个模型
✅ 模型训练完成

检查生成的模型文件...
Chain KFAC 模型: 12 个
SlimGPT 模型: 0 个
总计: 12 个模型

第二步：生成对比图片...
开始批量生成对比图片...
第一阶段：生成 Chain KFAC 图片...
生成图片: chain_kfac_d16_s0.1_natural_n50
VAE checkpoint: /home/project/daily/AR/model_zoo/vae_ch160v4096z32.pth
VAR checkpoint: ./batch_models/chain_kfac/var_d16_chain_kfac_s0.1_natural_n50.pth
构建 VAE 和 VAR 模型...

[constructor]  ==== flash_if_available=True (0/16), fused_if_available=True (fusing_add_ln=0/16, fusing_mlp=0/16) ==== 
    [VAR config ] embed_dim=1024, num_heads=16, depth=16, mlp_ratio=4.0
    [drop ratios ] drop_rate=0.0, attn_drop_rate=0.0, drop_path_rate=0.0666667 (tensor([0.0000, 0.0044, 0.0089, 0.0133, 0.0178, 0.0222, 0.0267, 0.0311, 0.0356,
        0.0400, 0.0444, 0.0489, 0.0533, 0.0578, 0.0622, 0.0667]))

[init_weights] VAR with init_std=0.0180422
加载权重...
模型加载完成
生成图片 - 类别: 980
Traceback (most recent call last):
  File "/home/project/real_prune/VAR_FIDtest/generate_single_image.py", line 153, in <module>
    main()
  File "/home/project/real_prune/VAR_FIDtest/generate_single_image.py", line 133, in main
    recon_image = var(label_tensor)
  File "/root/miniconda3/envs/var/lib/python3.10/site-packages/torch/nn/modules/module.py", line 1775, in _wrapped_call_impl
    return self._call_impl(*args, **kwargs)
  File "/root/miniconda3/envs/var/lib/python3.10/site-packages/torch/nn/modules/module.py", line 1786, in _call_impl
    return forward_call(*args, **kwargs)
TypeError: VAR.forward() missing 1 required positional argument: 'x_BLCv_wo_first_l'
生成图片: chain_kfac_d16_s0.1_equal_n50
VAE checkpoint: /home/project/daily/AR/model_zoo/vae_ch160v4096z32.pth
VAR checkpoint: ./batch_models/chain_kfac/var_d16_chain_kfac_s0.1_equal_n50.pth
构建 VAE 和 VAR 模型...

[constructor]  ==== flash_if_available=True (0/16), fused_if_available=True (fusing_add_ln=0/16, fusing_mlp=0/16) ==== 
    [VAR config ] embed_dim=1024, num_heads=16, depth=16, mlp_ratio=4.0
    [drop ratios ] drop_rate=0.0, attn_drop_rate=0.0, drop_path_rate=0.0666667 (tensor([0.0000, 0.0044, 0.0089, 0.0133, 0.0178, 0.0222, 0.0267, 0.0311, 0.0356,
        0.0400, 0.0444, 0.0489, 0.0533, 0.0578, 0.0622, 0.0667]))

[init_weights] VAR with init_std=0.0180422
加载权重...
模型加载完成
生成图片 - 类别: 980
Traceback (most recent call last):
  File "/home/project/real_prune/VAR_FIDtest/generate_single_image.py", line 153, in <module>
    main()
  File "/home/project/real_prune/VAR_FIDtest/generate_single_image.py", line 133, in main
    recon_image = var(label_tensor)
  File "/root/miniconda3/envs/var/lib/python3.10/site-packages/torch/nn/modules/module.py", line 1775, in _wrapped_call_impl
    return self._call_impl(*args, **kwargs)
  File "/root/miniconda3/envs/var/lib/python3.10/site-packages/torch/nn/modules/module.py", line 1786, in _call_impl
    return forward_call(*args, **kwargs)
TypeError: VAR.forward() missing 1 required positional argument: 'x_BLCv_wo_first_l'
生成图片: chain_kfac_d16_s0.1_sqrt_n50
VAE checkpoint: /home/project/daily/AR/model_zoo/vae_ch160v4096z32.pth
VAR checkpoint: ./batch_models/chain_kfac/var_d16_chain_kfac_s0.1_sqrt_n50.pth
构建 VAE 和 VAR 模型...

[constructor]  ==== flash_if_available=True (0/16), fused_if_available=True (fusing_add_ln=0/16, fusing_mlp=0/16) ==== 
    [VAR config ] embed_dim=1024, num_heads=16, depth=16, mlp_ratio=4.0
    [drop ratios ] drop_rate=0.0, attn_drop_rate=0.0, drop_path_rate=0.0666667 (tensor([0.0000, 0.0044, 0.0089, 0.0133, 0.0178, 0.0222, 0.0267, 0.0311, 0.0356,
        0.0400, 0.0444, 0.0489, 0.0533, 0.0578, 0.0622, 0.0667]))

[init_weights] VAR with init_std=0.0180422
加载权重...
模型加载完成
生成图片 - 类别: 980
Traceback (most recent call last):
  File "/home/project/real_prune/VAR_FIDtest/generate_single_image.py", line 153, in <module>
    main()
  File "/home/project/real_prune/VAR_FIDtest/generate_single_image.py", line 133, in main
    recon_image = var(label_tensor)
  File "/root/miniconda3/envs/var/lib/python3.10/site-packages/torch/nn/modules/module.py", line 1775, in _wrapped_call_impl
    return self._call_impl(*args, **kwargs)
  File "/root/miniconda3/envs/var/lib/python3.10/site-packages/torch/nn/modules/module.py", line 1786, in _call_impl
    return forward_call(*args, **kwargs)
TypeError: VAR.forward() missing 1 required positional argument: 'x_BLCv_wo_first_l'
生成图片: chain_kfac_d16_s0.2_natural_n50
VAE checkpoint: /home/project/daily/AR/model_zoo/vae_ch160v4096z32.pth
VAR checkpoint: ./batch_models/chain_kfac/var_d16_chain_kfac_s0.2_natural_n50.pth
构建 VAE 和 VAR 模型...

[constructor]  ==== flash_if_available=True (0/16), fused_if_available=True (fusing_add_ln=0/16, fusing_mlp=0/16) ==== 
    [VAR config ] embed_dim=1024, num_heads=16, depth=16, mlp_ratio=4.0
    [drop ratios ] drop_rate=0.0, attn_drop_rate=0.0, drop_path_rate=0.0666667 (tensor([0.0000, 0.0044, 0.0089, 0.0133, 0.0178, 0.0222, 0.0267, 0.0311, 0.0356,
        0.0400, 0.0444, 0.0489, 0.0533, 0.0578, 0.0622, 0.0667]))

[init_weights] VAR with init_std=0.0180422
加载权重...
模型加载完成
生成图片 - 类别: 980
Traceback (most recent call last):
  File "/home/project/real_prune/VAR_FIDtest/generate_single_image.py", line 153, in <module>
    main()
  File "/home/project/real_prune/VAR_FIDtest/generate_single_image.py", line 133, in main
    recon_image = var(label_tensor)
  File "/root/miniconda3/envs/var/lib/python3.10/site-packages/torch/nn/modules/module.py", line 1775, in _wrapped_call_impl
    return self._call_impl(*args, **kwargs)
  File "/root/miniconda3/envs/var/lib/python3.10/site-packages/torch/nn/modules/module.py", line 1786, in _call_impl
    return forward_call(*args, **kwargs)
TypeError: VAR.forward() missing 1 required positional argument: 'x_BLCv_wo_first_l'
生成图片: chain_kfac_d16_s0.2_equal_n50
VAE checkpoint: /home/project/daily/AR/model_zoo/vae_ch160v4096z32.pth
VAR checkpoint: ./batch_models/chain_kfac/var_d16_chain_kfac_s0.2_equal_n50.pth
构建 VAE 和 VAR 模型...

[constructor]  ==== flash_if_available=True (0/16), fused_if_available=True (fusing_add_ln=0/16, fusing_mlp=0/16) ==== 
    [VAR config ] embed_dim=1024, num_heads=16, depth=16, mlp_ratio=4.0
    [drop ratios ] drop_rate=0.0, attn_drop_rate=0.0, drop_path_rate=0.0666667 (tensor([0.0000, 0.0044, 0.0089, 0.0133, 0.0178, 0.0222, 0.0267, 0.0311, 0.0356,
        0.0400, 0.0444, 0.0489, 0.0533, 0.0578, 0.0622, 0.0667]))

[init_weights] VAR with init_std=0.0180422
加载权重...
模型加载完成
生成图片 - 类别: 980
Traceback (most recent call last):
  File "/home/project/real_prune/VAR_FIDtest/generate_single_image.py", line 153, in <module>
    main()
  File "/home/project/real_prune/VAR_FIDtest/generate_single_image.py", line 133, in main
    recon_image = var(label_tensor)
  File "/root/miniconda3/envs/var/lib/python3.10/site-packages/torch/nn/modules/module.py", line 1775, in _wrapped_call_impl
    return self._call_impl(*args, **kwargs)
  File "/root/miniconda3/envs/var/lib/python3.10/site-packages/torch/nn/modules/module.py", line 1786, in _call_impl
    return forward_call(*args, **kwargs)
TypeError: VAR.forward() missing 1 required positional argument: 'x_BLCv_wo_first_l'
生成图片: chain_kfac_d16_s0.2_sqrt_n50
VAE checkpoint: /home/project/daily/AR/model_zoo/vae_ch160v4096z32.pth
VAR checkpoint: ./batch_models/chain_kfac/var_d16_chain_kfac_s0.2_sqrt_n50.pth
构建 VAE 和 VAR 模型...

[constructor]  ==== flash_if_available=True (0/16), fused_if_available=True (fusing_add_ln=0/16, fusing_mlp=0/16) ==== 
    [VAR config ] embed_dim=1024, num_heads=16, depth=16, mlp_ratio=4.0
    [drop ratios ] drop_rate=0.0, attn_drop_rate=0.0, drop_path_rate=0.0666667 (tensor([0.0000, 0.0044, 0.0089, 0.0133, 0.0178, 0.0222, 0.0267, 0.0311, 0.0356,
        0.0400, 0.0444, 0.0489, 0.0533, 0.0578, 0.0622, 0.0667]))

[init_weights] VAR with init_std=0.0180422
加载权重...
模型加载完成
生成图片 - 类别: 980
Traceback (most recent call last):
  File "/home/project/real_prune/VAR_FIDtest/generate_single_image.py", line 153, in <module>
    main()
  File "/home/project/real_prune/VAR_FIDtest/generate_single_image.py", line 133, in main
    recon_image = var(label_tensor)
  File "/root/miniconda3/envs/var/lib/python3.10/site-packages/torch/nn/modules/module.py", line 1775, in _wrapped_call_impl
    return self._call_impl(*args, **kwargs)
  File "/root/miniconda3/envs/var/lib/python3.10/site-packages/torch/nn/modules/module.py", line 1786, in _call_impl
    return forward_call(*args, **kwargs)
TypeError: VAR.forward() missing 1 required positional argument: 'x_BLCv_wo_first_l'
生成图片: chain_kfac_d16_s0.3_natural_n50
VAE checkpoint: /home/project/daily/AR/model_zoo/vae_ch160v4096z32.pth
VAR checkpoint: ./batch_models/chain_kfac/var_d16_chain_kfac_s0.3_natural_n50.pth
构建 VAE 和 VAR 模型...

[constructor]  ==== flash_if_available=True (0/16), fused_if_available=True (fusing_add_ln=0/16, fusing_mlp=0/16) ==== 
    [VAR config ] embed_dim=1024, num_heads=16, depth=16, mlp_ratio=4.0
    [drop ratios ] drop_rate=0.0, attn_drop_rate=0.0, drop_path_rate=0.0666667 (tensor([0.0000, 0.0044, 0.0089, 0.0133, 0.0178, 0.0222, 0.0267, 0.0311, 0.0356,
        0.0400, 0.0444, 0.0489, 0.0533, 0.0578, 0.0622, 0.0667]))

[init_weights] VAR with init_std=0.0180422
加载权重...
模型加载完成
生成图片 - 类别: 980
Traceback (most recent call last):
  File "/home/project/real_prune/VAR_FIDtest/generate_single_image.py", line 153, in <module>
    main()
  File "/home/project/real_prune/VAR_FIDtest/generate_single_image.py", line 133, in main
    recon_image = var(label_tensor)
  File "/root/miniconda3/envs/var/lib/python3.10/site-packages/torch/nn/modules/module.py", line 1775, in _wrapped_call_impl
    return self._call_impl(*args, **kwargs)
  File "/root/miniconda3/envs/var/lib/python3.10/site-packages/torch/nn/modules/module.py", line 1786, in _call_impl
    return forward_call(*args, **kwargs)
TypeError: VAR.forward() missing 1 required positional argument: 'x_BLCv_wo_first_l'
生成图片: chain_kfac_d16_s0.3_equal_n50
VAE checkpoint: /home/project/daily/AR/model_zoo/vae_ch160v4096z32.pth
VAR checkpoint: ./batch_models/chain_kfac/var_d16_chain_kfac_s0.3_equal_n50.pth
构建 VAE 和 VAR 模型...

[constructor]  ==== flash_if_available=True (0/16), fused_if_available=True (fusing_add_ln=0/16, fusing_mlp=0/16) ==== 
    [VAR config ] embed_dim=1024, num_heads=16, depth=16, mlp_ratio=4.0
    [drop ratios ] drop_rate=0.0, attn_drop_rate=0.0, drop_path_rate=0.0666667 (tensor([0.0000, 0.0044, 0.0089, 0.0133, 0.0178, 0.0222, 0.0267, 0.0311, 0.0356,
        0.0400, 0.0444, 0.0489, 0.0533, 0.0578, 0.0622, 0.0667]))

[init_weights] VAR with init_std=0.0180422
加载权重...
模型加载完成
生成图片 - 类别: 980
Traceback (most recent call last):
  File "/home/project/real_prune/VAR_FIDtest/generate_single_image.py", line 153, in <module>
    main()
  File "/home/project/real_prune/VAR_FIDtest/generate_single_image.py", line 133, in main
    recon_image = var(label_tensor)
  File "/root/miniconda3/envs/var/lib/python3.10/site-packages/torch/nn/modules/module.py", line 1775, in _wrapped_call_impl
    return self._call_impl(*args, **kwargs)
  File "/root/miniconda3/envs/var/lib/python3.10/site-packages/torch/nn/modules/module.py", line 1786, in _call_impl
    return forward_call(*args, **kwargs)
TypeError: VAR.forward() missing 1 required positional argument: 'x_BLCv_wo_first_l'
生成图片: chain_kfac_d16_s0.3_sqrt_n50
VAE checkpoint: /home/project/daily/AR/model_zoo/vae_ch160v4096z32.pth
VAR checkpoint: ./batch_models/chain_kfac/var_d16_chain_kfac_s0.3_sqrt_n50.pth
构建 VAE 和 VAR 模型...

[constructor]  ==== flash_if_available=True (0/16), fused_if_available=True (fusing_add_ln=0/16, fusing_mlp=0/16) ==== 
    [VAR config ] embed_dim=1024, num_heads=16, depth=16, mlp_ratio=4.0
    [drop ratios ] drop_rate=0.0, attn_drop_rate=0.0, drop_path_rate=0.0666667 (tensor([0.0000, 0.0044, 0.0089, 0.0133, 0.0178, 0.0222, 0.0267, 0.0311, 0.0356,
        0.0400, 0.0444, 0.0489, 0.0533, 0.0578, 0.0622, 0.0667]))

[init_weights] VAR with init_std=0.0180422
加载权重...
模型加载完成
生成图片 - 类别: 980
Traceback (most recent call last):
  File "/home/project/real_prune/VAR_FIDtest/generate_single_image.py", line 153, in <module>
    main()
  File "/home/project/real_prune/VAR_FIDtest/generate_single_image.py", line 133, in main
    recon_image = var(label_tensor)
  File "/root/miniconda3/envs/var/lib/python3.10/site-packages/torch/nn/modules/module.py", line 1775, in _wrapped_call_impl
    return self._call_impl(*args, **kwargs)
  File "/root/miniconda3/envs/var/lib/python3.10/site-packages/torch/nn/modules/module.py", line 1786, in _call_impl
    return forward_call(*args, **kwargs)
TypeError: VAR.forward() missing 1 required positional argument: 'x_BLCv_wo_first_l'
生成图片: chain_kfac_d16_s0.4_natural_n50
VAE checkpoint: /home/project/daily/AR/model_zoo/vae_ch160v4096z32.pth
VAR checkpoint: ./batch_models/chain_kfac/var_d16_chain_kfac_s0.4_natural_n50.pth
构建 VAE 和 VAR 模型...

[constructor]  ==== flash_if_available=True (0/16), fused_if_available=True (fusing_add_ln=0/16, fusing_mlp=0/16) ==== 
    [VAR config ] embed_dim=1024, num_heads=16, depth=16, mlp_ratio=4.0
    [drop ratios ] drop_rate=0.0, attn_drop_rate=0.0, drop_path_rate=0.0666667 (tensor([0.0000, 0.0044, 0.0089, 0.0133, 0.0178, 0.0222, 0.0267, 0.0311, 0.0356,
        0.0400, 0.0444, 0.0489, 0.0533, 0.0578, 0.0622, 0.0667]))

[init_weights] VAR with init_std=0.0180422
加载权重...
模型加载完成
生成图片 - 类别: 980
Traceback (most recent call last):
  File "/home/project/real_prune/VAR_FIDtest/generate_single_image.py", line 153, in <module>
    main()
  File "/home/project/real_prune/VAR_FIDtest/generate_single_image.py", line 133, in main
    recon_image = var(label_tensor)
  File "/root/miniconda3/envs/var/lib/python3.10/site-packages/torch/nn/modules/module.py", line 1775, in _wrapped_call_impl
    return self._call_impl(*args, **kwargs)
  File "/root/miniconda3/envs/var/lib/python3.10/site-packages/torch/nn/modules/module.py", line 1786, in _call_impl
    return forward_call(*args, **kwargs)
TypeError: VAR.forward() missing 1 required positional argument: 'x_BLCv_wo_first_l'
生成图片: chain_kfac_d16_s0.4_equal_n50
VAE checkpoint: /home/project/daily/AR/model_zoo/vae_ch160v4096z32.pth
VAR checkpoint: ./batch_models/chain_kfac/var_d16_chain_kfac_s0.4_equal_n50.pth
构建 VAE 和 VAR 模型...

[constructor]  ==== flash_if_available=True (0/16), fused_if_available=True (fusing_add_ln=0/16, fusing_mlp=0/16) ==== 
    [VAR config ] embed_dim=1024, num_heads=16, depth=16, mlp_ratio=4.0
    [drop ratios ] drop_rate=0.0, attn_drop_rate=0.0, drop_path_rate=0.0666667 (tensor([0.0000, 0.0044, 0.0089, 0.0133, 0.0178, 0.0222, 0.0267, 0.0311, 0.0356,
        0.0400, 0.0444, 0.0489, 0.0533, 0.0578, 0.0622, 0.0667]))

[init_weights] VAR with init_std=0.0180422
加载权重...
模型加载完成
生成图片 - 类别: 980
Traceback (most recent call last):
  File "/home/project/real_prune/VAR_FIDtest/generate_single_image.py", line 153, in <module>
    main()
  File "/home/project/real_prune/VAR_FIDtest/generate_single_image.py", line 133, in main
    recon_image = var(label_tensor)
  File "/root/miniconda3/envs/var/lib/python3.10/site-packages/torch/nn/modules/module.py", line 1775, in _wrapped_call_impl
    return self._call_impl(*args, **kwargs)
  File "/root/miniconda3/envs/var/lib/python3.10/site-packages/torch/nn/modules/module.py", line 1786, in _call_impl
    return forward_call(*args, **kwargs)
TypeError: VAR.forward() missing 1 required positional argument: 'x_BLCv_wo_first_l'
生成图片: chain_kfac_d16_s0.4_sqrt_n50
VAE checkpoint: /home/project/daily/AR/model_zoo/vae_ch160v4096z32.pth
VAR checkpoint: ./batch_models/chain_kfac/var_d16_chain_kfac_s0.4_sqrt_n50.pth
构建 VAE 和 VAR 模型...

[constructor]  ==== flash_if_available=True (0/16), fused_if_available=True (fusing_add_ln=0/16, fusing_mlp=0/16) ==== 
    [VAR config ] embed_dim=1024, num_heads=16, depth=16, mlp_ratio=4.0
    [drop ratios ] drop_rate=0.0, attn_drop_rate=0.0, drop_path_rate=0.0666667 (tensor([0.0000, 0.0044, 0.0089, 0.0133, 0.0178, 0.0222, 0.0267, 0.0311, 0.0356,
        0.0400, 0.0444, 0.0489, 0.0533, 0.0578, 0.0622, 0.0667]))

[init_weights] VAR with init_std=0.0180422
加载权重...
模型加载完成
生成图片 - 类别: 980
Traceback (most recent call last):
  File "/home/project/real_prune/VAR_FIDtest/generate_single_image.py", line 153, in <module>
    main()
  File "/home/project/real_prune/VAR_FIDtest/generate_single_image.py", line 133, in main
    recon_image = var(label_tensor)
  File "/root/miniconda3/envs/var/lib/python3.10/site-packages/torch/nn/modules/module.py", line 1775, in _wrapped_call_impl
    return self._call_impl(*args, **kwargs)
  File "/root/miniconda3/envs/var/lib/python3.10/site-packages/torch/nn/modules/module.py", line 1786, in _call_impl
    return forward_call(*args, **kwargs)
TypeError: VAR.forward() missing 1 required positional argument: 'x_BLCv_wo_first_l'
第二阶段：生成 SlimGPT 图片...
⚠️  模型文件不存在: ./batch_models/slimgpt/var_d16_slimgpt_s0.1_n50.pth
⚠️  模型文件不存在: ./batch_models/slimgpt/var_d16_slimgpt_s0.2_n50.pth
⚠️  模型文件不存在: ./batch_models/slimgpt/var_d16_slimgpt_s0.3_n50.pth
⚠️  模型文件不存在: ./batch_models/slimgpt/var_d16_slimgpt_s0.4_n50.pth
第三阶段：拼接对比图...
开始拼接对比图片...
收集 Chain KFAC 图片...
  ❌ 缺失: chain_kfac_d16_s0.1_natural_n50.png
  ❌ 缺失: chain_kfac_d16_s0.2_natural_n50.png
  ❌ 缺失: chain_kfac_d16_s0.3_natural_n50.png
  ❌ 缺失: chain_kfac_d16_s0.4_natural_n50.png
  ❌ 缺失: chain_kfac_d16_s0.1_equal_n50.png
  ❌ 缺失: chain_kfac_d16_s0.2_equal_n50.png
  ❌ 缺失: chain_kfac_d16_s0.3_equal_n50.png
  ❌ 缺失: chain_kfac_d16_s0.4_equal_n50.png
  ❌ 缺失: chain_kfac_d16_s0.1_sqrt_n50.png
  ❌ 缺失: chain_kfac_d16_s0.2_sqrt_n50.png
  ❌ 缺失: chain_kfac_d16_s0.3_sqrt_n50.png
  ❌ 缺失: chain_kfac_d16_s0.4_sqrt_n50.png
收集 SlimGPT 图片...
  ❌ 缺失: slimgpt_d16_s0.1_n50.png
  ❌ 缺失: slimgpt_d16_s0.2_n50.png
  ❌ 缺失: slimgpt_d16_s0.3_n50.png
  ❌ 缺失: slimgpt_d16_s0.4_n50.png
❌ 没有找到任何图片文件
✅ 批量图片生成完成！
查看结果: ./output/comparison_images/
✅ 图片生成完成

第三步：实验结果总结...
生成的单张图片: 0 张
生成的对比拼接图: 0 张

==========================================
实验完成！
==========================================
📁 生成的文件:

🔧 训练好的模型:
  Chain KFAC 模型: /home/project/real_prune/VAR_FIDtest/batch_models/chain_kfac/
总计 13781092
drwxr-xr-x 2 root root       4096 11月  6 00:30 .
drwxr-xr-x 4 root root         51 11月  5 21:37 ..
-rw-r--r-- 1 root root 1209561723 11月  5 23:32 var_d16_chain_kfac_s0.1_equal_n50.pth
-rw-r--r-- 1 root root 1209562175 11月  5 23:26 var_d16_chain_kfac_s0.1_natural_n50.pth
  ... 以及其他 7 个模型

🖼️  生成的对比图片:
  单张图片: /home/project/real_prune/VAR_FIDtest/output/comparison_images/
  主要对比图:
    ❌ 完整对比图未生成
    ❌ Chain KFAC对比图未生成
    ❌ SlimGPT对比图未生成

📋 查看结果:
  cd /home/project/real_prune/VAR_FIDtest/output/comparison_images
  # 查看完整对比图
  xdg-open all_methods_comparison.png

🎯 实验设置总结:
  - 模型: VAR-16
  - Sparsity: 0.1, 0.2, 0.3, 0.4
  - Chain KFAC Strategies: natural, equal, sqrt
  - 校准样本: 150
  - 测试类别: 980 (volcano)

实验完成时间: 2025年 11月 06日 星期四 00:31:26 CST
