{
  "0": {
    "curvature_density": 35.23976154331513,
    "obs_scores": {
      "mode": "diag",
      "per_head_or_col": [
        3.3167805671691895,
        1.7503257989883423,
        1.9218348264694214,
        0.981108546257019,
        0.5869710445404053,
        0.8980629444122314,
        7.752480506896973,
        1.0092577934265137,
        0.37088778614997864,
        1.1932117938995361,
        1.2742738723754883,
        3.208595037460327,
        3.400951385498047,
        0.7968719005584717,
        0.5365733504295349,
        0.8053978681564331
      ],
      "summary": {
        "mean": 1.8627240657806396,
        "median": 1.101234793663025,
        "p25": 0.8032663762569427,
        "p75": 2.243524879217148,
        "min": 0.37088778614997864,
        "max": 7.752480506896973,
        "num_heads_or_cols": 16
      }
    }
  },
  "1": {
    "curvature_density": 88.02077469897426,
    "obs_scores": {
      "mode": "diag",
      "per_head_or_col": [
        5.216602802276611,
        0.9592282772064209,
        3.338233470916748,
        3.402707576751709,
        1.724976897239685,
        2.182603359222412,
        2.939178466796875,
        8.282441139221191,
        2.1567702293395996,
        12.37757396697998,
        9.64939022064209,
        12.26823616027832,
        4.919743537902832,
        2.6941609382629395,
        5.813779830932617,
        4.617692470550537
      ],
      "summary": {
        "mean": 5.158957481384277,
        "median": 4.010200023651123,
        "p25": 2.5662715435028076,
        "p75": 6.430945158004761,
        "min": 0.9592282772064209,
        "max": 12.37757396697998,
        "num_heads_or_cols": 16
      }
    }
  },
  "2": {
    "curvature_density": 40.86476032438462,
    "obs_scores": {
      "mode": "diag",
      "per_head_or_col": [
        8.639591217041016,
        1.3455824851989746,
        3.105846405029297,
        2.6393232345581055,
        0.9396384954452515,
        1.0493029356002808,
        8.083032608032227,
        2.6618118286132812,
        1.7928192615509033,
        3.6966893672943115,
        1.2964601516723633,
        1.241931438446045,
        2.9596991539001465,
        1.4535804986953735,
        2.3063344955444336,
        1.4839839935302734
      ],
      "summary": {
        "mean": 2.7934765815734863,
        "median": 2.049576759338379,
        "p25": 1.3333019018173218,
        "p75": 2.996235966682434,
        "min": 0.9396384954452515,
        "max": 8.639591217041016,
        "num_heads_or_cols": 16
      }
    }
  },
  "3": {
    "curvature_density": 38.47088298094542,
    "obs_scores": {
      "mode": "diag",
      "per_head_or_col": [
        1.854218602180481,
        3.3493363857269287,
        1.4209988117218018,
        1.7676243782043457,
        3.6132590770721436,
        3.2240898609161377,
        4.078017234802246,
        1.0086731910705566,
        2.9544453620910645,
        2.2846224308013916,
        1.5248544216156006,
        1.2911707162857056,
        4.054296493530273,
        3.130929470062256,
        1.160637378692627,
        4.743075370788574
      ],
      "summary": {
        "mean": 2.5912656784057617,
        "median": 2.6195340156555176,
        "p25": 1.4988905191421509,
        "p75": 3.4153170585632324,
        "min": 1.0086731910705566,
        "max": 4.743075370788574,
        "num_heads_or_cols": 16
      }
    }
  },
  "4": {
    "curvature_density": 61.3957818215743,
    "obs_scores": {
      "mode": "diag",
      "per_head_or_col": [
        7.46328067779541,
        2.3388326168060303,
        3.113042116165161,
        3.7669553756713867,
        3.558126926422119,
        1.9721143245697021,
        1.8675203323364258,
        10.127494812011719,
        5.828807830810547,
        5.0450663566589355,
        1.9778541326522827,
        4.904180526733398,
        5.4806013107299805,
        4.663610458374023,
        6.344041347503662,
        1.2440433502197266
      ],
      "summary": {
        "mean": 4.355973243713379,
        "median": 4.215282917022705,
        "p25": 2.2485879957675934,
        "p75": 5.567652940750122,
        "min": 1.2440433502197266,
        "max": 10.127494812011719,
        "num_heads_or_cols": 16
      }
    }
  },
  "5": {
    "curvature_density": 65.13916270337197,
    "obs_scores": {
      "mode": "diag",
      "per_head_or_col": [
        9.175724029541016,
        5.757111549377441,
        3.559002161026001,
        2.397951602935791,
        2.9372401237487793,
        6.381612777709961,
        6.738626956939697,
        2.323155641555786,
        2.4781954288482666,
        2.0962228775024414,
        3.8761250972747803,
        3.7914860248565674,
        8.392611503601074,
        2.4576926231384277,
        3.2923340797424316,
        7.079275608062744
      ],
      "summary": {
        "mean": 4.545897960662842,
        "median": 3.675244092941284,
        "p25": 2.473069727420807,
        "p75": 6.470866322517395,
        "min": 2.0962228775024414,
        "max": 9.175724029541016,
        "num_heads_or_cols": 16
      }
    }
  },
  "6": {
    "curvature_density": 77.82335618143767,
    "obs_scores": {
      "mode": "diag",
      "per_head_or_col": [
        2.000857353210449,
        2.3309149742126465,
        7.008701324462891,
        9.948655128479004,
        2.1878085136413574,
        1.872199535369873,
        4.933872222900391,
        16.33938217163086,
        11.829981803894043,
        5.37484073638916,
        2.3205156326293945,
        8.75149154663086,
        9.434025764465332,
        5.464218616485596,
        3.3589298725128174,
        3.798614025115967
      ],
      "summary": {
        "mean": 6.059687614440918,
        "median": 5.154356479644775,
        "p25": 2.3283151388168335,
        "p75": 8.922125101089478,
        "min": 1.872199535369873,
        "max": 16.33938217163086,
        "num_heads_or_cols": 16
      }
    }
  },
  "7": {
    "curvature_density": 145.0006739545541,
    "obs_scores": {
      "mode": "diag",
      "per_head_or_col": [
        12.563129425048828,
        3.871434211730957,
        4.806427001953125,
        21.61087417602539,
        5.219683647155762,
        3.231924057006836,
        10.783486366271973,
        1.898885726928711,
        4.3380866050720215,
        21.56383514404297,
        10.378832817077637,
        10.362604141235352,
        13.200620651245117,
        2.235116958618164,
        45.788368225097656,
        7.254364967346191
      ],
      "summary": {
        "mean": 11.194229125976562,
        "median": 8.80848503112793,
        "p25": 4.221423506736755,
        "p75": 12.7225022315979,
        "min": 1.898885726928711,
        "max": 45.788368225097656,
        "num_heads_or_cols": 16
      }
    }
  },
  "8": {
    "curvature_density": 120.85834016023432,
    "obs_scores": {
      "mode": "diag",
      "per_head_or_col": [
        2.165302276611328,
        4.244794845581055,
        18.009220123291016,
        3.6684377193450928,
        24.909442901611328,
        32.29643249511719,
        3.532219409942627,
        10.627182006835938,
        5.556149482727051,
        8.185951232910156,
        3.7656748294830322,
        9.388150215148926,
        4.619879245758057,
        6.581462860107422,
        2.296903133392334,
        7.066470146179199
      ],
      "summary": {
        "mean": 9.182104110717773,
        "median": 6.068806171417236,
        "p25": 3.7413655519485474,
        "p75": 9.697908163070679,
        "min": 2.165302276611328,
        "max": 32.29643249511719,
        "num_heads_or_cols": 16
      }
    }
  },
  "9": {
    "curvature_density": 127.9235423959984,
    "obs_scores": {
      "mode": "diag",