{
  "0": 0.17724492013088966,
  "1": 0.0,
  "2": 0.0,
  "3": 0.0,
  "4": 0.0,
  "5": 0.03515399129837515,
  "6": 0.4291894037706664,
  "7": 0.5816269789277706,
  "8": 0.6,
  "9": 0.6,
  "10": 0.6,
  "11": 0.6,
  "12": 0.6,
  "13": 0.45649758781984606,
  "14": 0.3806473806190067,
  "15": 0.2969712340994166
}