W1031 17:42:50.152000 1689385 site-packages/torch/distributed/run.py:803] 
W1031 17:42:50.152000 1689385 site-packages/torch/distributed/run.py:803] *****************************************
W1031 17:42:50.152000 1689385 site-packages/torch/distributed/run.py:803] Setting OMP_NUM_THREADS environment variable for each process to be 1 in default, to avoid your system being overloaded, please further tune the variable for optimal performance in your application as needed. 
W1031 17:42:50.152000 1689385 site-packages/torch/distributed/run.py:803] *****************************************
[dist initialize] mp method=spawn
[lrk=5, rk=5]
[dist initialize] mp method=spawn
[lrk=1, rk=1]
[dist initialize] mp method=spawn
[lrk=2, rk=2]
[dist initialize] mp method=spawn
[lrk=3, rk=3]
[dist initialize] mp method=spawn
[lrk=6, rk=6]
[dist initialize] mp method=spawn
[lrk=4, rk=4]
[dist initialize] mp method=spawn
[lrk=0, rk=0]
/root/miniconda3/envs/var/lib/python3.10/site-packages/torch/distributed/distributed_c10d.py:4876: UserWarning: barrier(): using the device under current context. You can specify `device_id` in `init_process_group` to mute this warning.
  warnings.warn(  # warn only once
[rank0]:[W1031 17:42:57.487991519 ProcessGroupNCCL.cpp:5068] Guessing device ID based on global rank. This can cause a hang if rank to GPU mapping is heterogeneous. You can specify device_id in init_process_group()
/root/miniconda3/envs/var/lib/python3.10/site-packages/torch/backends/__init__.py:46: UserWarning: Please use the new API settings to control TF32 behavior, such as torch.backends.cudnn.conv.fp32_precision = 'tf32' or torch.backends.cuda.matmul.fp32_precision = 'ieee'. Old settings, e.g, torch.backends.cuda.matmul.allow_tf32 = True, torch.backends.cudnn.allow_tf32 = True, allowTF32CuDNN() and allowTF32CuBLAS() will be deprecated after Pytorch 2.9. Please see https://pytorch.org/docs/main/notes/cuda.html#tensorfloat-32-tf32-on-ampere-and-later-devices (Triggered internally at /pytorch/aten/src/ATen/Context.cpp:80.)
  self.setter(val)
/root/miniconda3/envs/var/lib/python3.10/site-packages/torch/backends/__init__.py:46: UserWarning: Please use the new API settings to control TF32 behavior, such as torch.backends.cudnn.conv.fp32_precision = 'tf32' or torch.backends.cuda.matmul.fp32_precision = 'ieee'. Old settings, e.g, torch.backends.cuda.matmul.allow_tf32 = True, torch.backends.cudnn.allow_tf32 = True, allowTF32CuDNN() and allowTF32CuBLAS() will be deprecated after Pytorch 2.9. Please see https://pytorch.org/docs/main/notes/cuda.html#tensorfloat-32-tf32-on-ampere-and-later-devices (Triggered internally at /pytorch/aten/src/ATen/Context.cpp:80.)
  self.setter(val)
/root/miniconda3/envs/var/lib/python3.10/site-packages/torch/backends/__init__.py:46: UserWarning: Please use the new API settings to control TF32 behavior, such as torch.backends.cudnn.conv.fp32_precision = 'tf32' or torch.backends.cuda.matmul.fp32_precision = 'ieee'. Old settings, e.g, torch.backends.cuda.matmul.allow_tf32 = True, torch.backends.cudnn.allow_tf32 = True, allowTF32CuDNN() and allowTF32CuBLAS() will be deprecated after Pytorch 2.9. Please see https://pytorch.org/docs/main/notes/cuda.html#tensorfloat-32-tf32-on-ampere-and-later-devices (Triggered internally at /pytorch/aten/src/ATen/Context.cpp:80.)
  self.setter(val)
/root/miniconda3/envs/var/lib/python3.10/site-packages/torch/backends/__init__.py:46: UserWarning: Please use the new API settings to control TF32 behavior, such as torch.backends.cudnn.conv.fp32_precision = 'tf32' or torch.backends.cuda.matmul.fp32_precision = 'ieee'. Old settings, e.g, torch.backends.cuda.matmul.allow_tf32 = True, torch.backends.cudnn.allow_tf32 = True, allowTF32CuDNN() and allowTF32CuBLAS() will be deprecated after Pytorch 2.9. Please see https://pytorch.org/docs/main/notes/cuda.html#tensorfloat-32-tf32-on-ampere-and-later-devices (Triggered internally at /pytorch/aten/src/ATen/Context.cpp:80.)
  self.setter(val)
/root/miniconda3/envs/var/lib/python3.10/site-packages/torch/backends/__init__.py:46: UserWarning: Please use the new API settings to control TF32 behavior, such as torch.backends.cudnn.conv.fp32_precision = 'tf32' or torch.backends.cuda.matmul.fp32_precision = 'ieee'. Old settings, e.g, torch.backends.cuda.matmul.allow_tf32 = True, torch.backends.cudnn.allow_tf32 = True, allowTF32CuDNN() and allowTF32CuBLAS() will be deprecated after Pytorch 2.9. Please see https://pytorch.org/docs/main/notes/cuda.html#tensorfloat-32-tf32-on-ampere-and-later-devices (Triggered internally at /pytorch/aten/src/ATen/Context.cpp:80.)
  self.setter(val)
/root/miniconda3/envs/var/lib/python3.10/site-packages/torch/backends/__init__.py:46: UserWarning: Please use the new API settings to control TF32 behavior, such as torch.backends.cudnn.conv.fp32_precision = 'tf32' or torch.backends.cuda.matmul.fp32_precision = 'ieee'. Old settings, e.g, torch.backends.cuda.matmul.allow_tf32 = True, torch.backends.cudnn.allow_tf32 = True, allowTF32CuDNN() and allowTF32CuBLAS() will be deprecated after Pytorch 2.9. Please see https://pytorch.org/docs/main/notes/cuda.html#tensorfloat-32-tf32-on-ampere-and-later-devices (Triggered internally at /pytorch/aten/src/ATen/Context.cpp:80.)
  self.setter(val)
/root/miniconda3/envs/var/lib/python3.10/site-packages/torch/backends/__init__.py:46: UserWarning: Please use the new API settings to control TF32 behavior, such as torch.backends.cudnn.conv.fp32_precision = 'tf32' or torch.backends.cuda.matmul.fp32_precision = 'ieee'. Old settings, e.g, torch.backends.cuda.matmul.allow_tf32 = True, torch.backends.cudnn.allow_tf32 = True, allowTF32CuDNN() and allowTF32CuBLAS() will be deprecated after Pytorch 2.9. Please see https://pytorch.org/docs/main/notes/cuda.html#tensorfloat-32-tf32-on-ampere-and-later-devices (Triggered internally at /pytorch/aten/src/ATen/Context.cpp:80.)
  self.setter(val)
[10-31 17:42:57] (_train/utils/arg_util.py, line 241)=> [tf32] [precis] torch.get_float32_matmul_precision(): high
[10-31 17:42:57] (_train/utils/arg_util.py, line 242)=> [tf32] [ conv ] torch.backends.cudnn.allow_tf32: True
[10-31 17:42:57] (_train/utils/arg_util.py, line 243)=> [tf32] [matmul] torch.backends.cuda.matmul.allow_tf32: True
[10-31 17:42:57] (_train/utils/arg_util.py, line 190)=> [蒸馏参数验证] 通过 - 类型:normal, 权重:0.5/0.5
[10-31 17:42:57] (distill/train_distill.py, line 258)=> [参数验证] 蒸馏参数验证通过
[10-31 17:42:57] (distill/train_distill.py, line  63)=> global bs=322, local bs=46
[10-31 17:42:57] (distill/train_distill.py, line  64)=> initial args:\n{
  data_path           : /home/project/ImageNet-1K
  exp_name            : text
  vfast               : 0
  vae_path            : /home/project/daily/AR/model_zoo/vae_ch160v4096z32.pth
  var_path            : /home/project/real_prune/slimgpt_pub_prune/sparsity_model/prune_d16_0.4sparsity_150i_256eva_scale.pth
  tfast               : 0
  depth               : 16
  sparsity            : 0.4
  ini                 : -1
  hd                  : 0.02
  aln                 : 0.5
  alng                : 0.001
  fp16                : 1
  tblr                : 0.0001
  tlr                 : 0.00012578125
  twd                 : 0.05
  twde                : 0.05
  tclip               : 2.0
  ls                  : 0.0
  maxlayer            : 16
  bs                  : 322
  batch_size          : 46
  glb_batch_size      : 322
  ac                  : 1
  ep                  : 20
  wp                  : 0.4
  wp0                 : 0.005
  wpe                 : 0.1
  sche                : lin0
  opt                 : adamw
  afuse               : True
  saln                : False
  anorm               : True
  fuse                : True
  pn                  : 1_2_3_4_5_6_8_10_13_16
  patch_size          : 16
  patch_nums          : (1, 2, 3, 4, 5, 6, 8, 10, 13, 16)
  resos               : (16, 32, 48, 64, 80, 96, 128, 160, 208, 256)
  data_load_reso      : 256
  mid_reso            : 1.125
  hflip               : False
  workers             : 0
  pg                  : 0.0
  pg0                 : 4
  pgwp                : 0.06666666666666667
  ckpt_save_interval  : 3
  cmd                 : --enable_distillation=1 --teacher_model_path=/home/project/daily/AR/model_zoo/var_d16.pth --teacher_depth=16 --distill_type=normal --distill_alpha=0.5 --distill_beta=0.5 --depth=16 --bs=320 --ep=20 --fp16=1 --alng=1e-3 --wpe=0.1 --sparsity=0.4 --var_path=/home/project/real_prune/slimgpt_pub_prune/sparsity_model/prune_d16_0.4sparsity_150i_256eva_scale.pth --vae_path=/home/project/daily/AR/model_zoo/vae_ch160v4096z32.pth --data_path=/home/project/ImageNet-1K --local_out_dir_path=/home/project/real_prune/VAR_train/train_result/distill_d16_normal_256
  branch              : main
  commit_id           : 1bf7cb2895b8461062f9dbaf1daffb729258724e
  commit_msg          : 25.9.25
  acc_mean            : None
  acc_tail            : None
  L_mean              : None
  L_tail              : None
  vacc_mean           : None
  vacc_tail           : None
  vL_mean             : None
  vL_tail             : None
  grad_norm           : None
  cur_lr              : None
  cur_wd              : None
  cur_it              : 
  cur_ep              : 
  remain_time         : 
  finish_time         : 
  local_out_dir_path  : /home/project/real_prune/VAR_train/train_result/distill_d16_normal_256
  tb_log_dir_path     : /home/project/real_prune/VAR_train/train_result/distill_d16_normal_256/tb-VARd16__pn1_2_3_4_5_6_8_10_13_16__b322ep20adamlr0.0001wd0.05
  log_txt_path        : /home/project/real_prune/VAR_train/train_result/distill_d16_normal_256/log.txt
  last_ckpt_path      : /home/project/real_prune/VAR_train/train_result/distill_d16_normal_256/ar-ckpt-last.pth
  tf32                : True
  seed                : None
  transfer            : False
  enable_distillation : True
  teacher_model_path  : /home/project/daily/AR/model_zoo/var_d16.pth
  teacher_depth       : 16
  distill_type        : normal
  distill_alpha       : 0.5
  distill_beta        : 0.5
  distill_temperature : 4.0
  scale_weights_str   : 2.0,1.8,1.6,1.4,1.2,1.0,0.8,0.6,0.4,0.2
  use_feature_distill : False
  feature_layers_str  : 4,8,12,15
  use_attention_distill: False
  distill_warmup_epochs: 5
  distill_schedule    : constant
  same_seed_for_all_ranks: 0
  local_debug         : False
  dbg_nan             : False
}

[10-31 17:42:57] (distill/train_distill.py, line  68)=> [build PT data] ...\n
[10-31 17:42:59] (/VAR_train/utils/data.py, line  34)=> [Dataset] len(train_set)=1281167, len(val_set)=50000, num_classes=1000
[10-31 17:42:59] (/VAR_train/utils/data.py, line  48)=> Transform [train] = 
[10-31 17:42:59] (/VAR_train/utils/data.py, line  51)=> Resize(size=288, interpolation=lanczos, max_size=None, antialias=True)
[10-31 17:42:59] (/VAR_train/utils/data.py, line  51)=> RandomCrop(size=(256, 256), padding=None)
[10-31 17:42:59] (/VAR_train/utils/data.py, line  51)=> ToTensor()
[10-31 17:42:59] (/VAR_train/utils/data.py, line  51)=> <function normalize_01_into_pm1 at 0x7fc993f79ab0>
[10-31 17:42:59] (/VAR_train/utils/data.py, line  54)=> ---------------------------

[10-31 17:42:59] (/VAR_train/utils/data.py, line  48)=> Transform [val] = 
[10-31 17:42:59] (/VAR_train/utils/data.py, line  51)=> Resize(size=288, interpolation=lanczos, max_size=None, antialias=True)
[10-31 17:42:59] (/VAR_train/utils/data.py, line  51)=> CenterCrop(size=(256, 256))
[10-31 17:42:59] (/VAR_train/utils/data.py, line  51)=> ToTensor()
[10-31 17:42:59] (/VAR_train/utils/data.py, line  51)=> <function normalize_01_into_pm1 at 0x7fc993f79ab0>
[10-31 17:42:59] (/VAR_train/utils/data.py, line  54)=> ---------------------------

[10-31 17:42:59] (distill/train_distill.py, line  91)=> [auto_resume] no ckpt found @ /home/project/real_prune/VAR_train/train_result/distill_d16_normal_256/ar-ckpt*.pth
[10-31 17:42:59] (distill/train_distill.py, line  91)=> [auto_resume quit]
[10-31 17:42:59] (distill/train_distill.py, line  92)=> [dataloader multi processing] ...     [dataloader multi processing](*) finished! (0.00s)
[10-31 17:42:59] (distill/train_distill.py, line  98)=> [dataloader] gbs=322, lbs=46, iters_train=3979, types(tr, va)=('DatasetFolder', 'DatasetFolder')
[10-31 17:42:59] (/VAR_train/models/var.py, line 102)=> 
[constructor]  ==== flash_if_available=True (0/16), fused_if_available=True (fusing_add_ln=0/16, fusing_mlp=0/16) ==== 
    [VAR config ] embed_dim=1024, num_heads=16, depth=16, mlp_ratio=4.0
    [drop ratios ] drop_rate=0.0, attn_drop_rate=0.0, drop_path_rate=0.0666667 (tensor([0.0000, 0.0044, 0.0089, 0.0133, 0.0178, 0.0222, 0.0267, 0.0311, 0.0356,
        0.0400, 0.0444, 0.0489, 0.0533, 0.0578, 0.0622, 0.0667]))

[10-31 17:42:59] (/VAR_train/models/var.py, line 259)=> [init_weights] VAR with init_std=0.0180422
[10-31 17:43:00] (distill/train_distill.py, line 132)=> 加载学生模型权重...
[10-31 17:43:00] (distill/train_distill.py, line 146)=> [INIT] VAR model = VAR(
  drop_path_rate=0.0666667
  (word_embed): Linear(in_features=32, out_features=1024, bias=True)
  (class_emb): Embedding(1001, 1024)
  (lvl_embed): Embedding(10, 1024)
  (shared_ada_lin): Identity()
  (blocks): ModuleList(
    (0): AdaLNSelfAttn(
      shared_aln=False
      (drop_path): Identity()
      (attn): SelfAttention(
        using_flash=False, using_xform=False, attn_l2_norm=True
        (mat_qkv): Linear(in_features=1024, out_features=1920, bias=False)
        (proj): Linear(in_features=640, out_features=1024, bias=True)
        (proj_drop): Identity()
      )
      (ffn): FFN(
        fused_mlp_func=False
        (fc1): Linear(in_features=1024, out_features=2458, bias=True)
        (act): GELU(approximate='tanh')
        (fc2): Linear(in_features=2458, out_features=1024, bias=True)
        (drop): Identity()
      )
      (ln_wo_grad): LayerNorm((1024,), eps=1e-06, elementwise_affine=False)
      (ada_lin): Sequential(
        (0): SiLU()
        (1): Linear(in_features=1024, out_features=6144, bias=True)
      )
    )
    (1-15): 15 x AdaLNSelfAttn(
      shared_aln=False
      (drop_path): DropPath((drop_prob=...))
      (attn): SelfAttention(
        using_flash=False, using_xform=False, attn_l2_norm=True
        (mat_qkv): Linear(in_features=1024, out_features=1920, bias=False)
        (proj): Linear(in_features=640, out_features=1024, bias=True)
        (proj_drop): Identity()
      )
      (ffn): FFN(
        fused_mlp_func=False
        (fc1): Linear(in_features=1024, out_features=2458, bias=True)
        (act): GELU(approximate='tanh')
        (fc2): Linear(in_features=2458, out_features=1024, bias=True)
        (drop): Identity()
      )
      (ln_wo_grad): LayerNorm((1024,), eps=1e-06, elementwise_affine=False)
      (ada_lin): Sequential(
        (0): SiLU()
        (1): Linear(in_features=1024, out_features=6144, bias=True)
      )
    )
  )
  (head_nm): AdaLNBeforeHead(
    (ln_wo_grad): LayerNorm((1024,), eps=1e-06, elementwise_affine=False)
    (ada_lin): Sequential(
      (0): SiLU()
      (1): Linear(in_features=1024, out_features=2048, bias=True)
    )
  )
  (head): Linear(in_features=1024, out_features=4096, bias=True)
)\n\n
[10-31 17:43:00] (distill/train_distill.py, line 148)=> [INIT][#para] VAE=108.95, VAE.enc=44.11, VAE.dec=64.65, VAE.quant=0.17
[10-31 17:43:00] (distill/train_distill.py, line 149)=> [INIT][#para] VAR=231.41\n\n
[10-31 17:43:00] (distill/train_distill.py, line 154)=> \n============================================================
[10-31 17:43:00] (distill/train_distill.py, line 155)=> 开始加载教师模型...
[10-31 17:43:00] (distill/distill_utils.py, line  31)=> [加载教师模型] 路径: /home/project/daily/AR/model_zoo/var_d16.pth
[10-31 17:43:00] (distill/distill_utils.py, line  32)=> [加载教师模型] 深度: 16
[10-31 17:43:00] (distill/distill_utils.py, line  39)=> [加载教师模型] 构建模型架构...
[10-31 17:43:00] (/VAR_train/models/var.py, line 102)=> 
[constructor]  ==== flash_if_available=True (0/16), fused_if_available=True (fusing_add_ln=0/16, fusing_mlp=0/16) ==== 
    [VAR config ] embed_dim=1024, num_heads=16, depth=16, mlp_ratio=4.0
    [drop ratios ] drop_rate=0.0, attn_drop_rate=0.0, drop_path_rate=0.0666667 (tensor([0.0000, 0.0044, 0.0089, 0.0133, 0.0178, 0.0222, 0.0267, 0.0311, 0.0356,
        0.0400, 0.0444, 0.0489, 0.0533, 0.0578, 0.0622, 0.0667]))

[10-31 17:43:00] (/VAR_train/models/var.py, line 259)=> [init_weights] VAR with init_std=0.0180422
[10-31 17:43:00] (distill/distill_utils.py, line  52)=> [加载教师模型] 加载权重...
[10-31 17:43:01] (distill/train_distill.py, line 166)=> 教师模型加载失败: Error(s) in loading state_dict for VAR:
	size mismatch for blocks.0.attn.scale_mul_1H11: copying a param with shape torch.Size([1, 16, 1, 1]) from checkpoint, the shape in current model is torch.Size([1, 10, 1, 1]).
	size mismatch for blocks.0.attn.q_bias: copying a param with shape torch.Size([1024]) from checkpoint, the shape in current model is torch.Size([640]).
	size mismatch for blocks.0.attn.v_bias: copying a param with shape torch.Size([1024]) from checkpoint, the shape in current model is torch.Size([640]).
	size mismatch for blocks.0.attn.zero_k_bias: copying a param with shape torch.Size([1024]) from checkpoint, the shape in current model is torch.Size([640]).
	size mismatch for blocks.0.attn.mat_qkv.weight: copying a param with shape torch.Size([3072, 1024]) from checkpoint, the shape in current model is torch.Size([1920, 1024]).
	size mismatch for blocks.0.attn.proj.weight: copying a param with shape torch.Size([1024, 1024]) from checkpoint, the shape in current model is torch.Size([1024, 640]).
	size mismatch for blocks.0.ffn.fc1.weight: copying a param with shape torch.Size([4096, 1024]) from checkpoint, the shape in current model is torch.Size([2458, 1024]).
	size mismatch for blocks.0.ffn.fc1.bias: copying a param with shape torch.Size([4096]) from checkpoint, the shape in current model is torch.Size([2458]).
	size mismatch for blocks.0.ffn.fc2.weight: copying a param with shape torch.Size([1024, 4096]) from checkpoint, the shape in current model is torch.Size([1024, 2458]).
	size mismatch for blocks.1.attn.scale_mul_1H11: copying a param with shape torch.Size([1, 16, 1, 1]) from checkpoint, the shape in current model is torch.Size([1, 10, 1, 1]).
	size mismatch for blocks.1.attn.q_bias: copying a param with shape torch.Size([1024]) from checkpoint, the shape in current model is torch.Size([640]).
	size mismatch for blocks.1.attn.v_bias: copying a param with shape torch.Size([1024]) from checkpoint, the shape in current model is torch.Size([640]).
	size mismatch for blocks.1.attn.zero_k_bias: copying a param with shape torch.Size([1024]) from checkpoint, the shape in current model is torch.Size([640]).
	size mismatch for blocks.1.attn.mat_qkv.weight: copying a param with shape torch.Size([3072, 1024]) from checkpoint, the shape in current model is torch.Size([1920, 1024]).
	size mismatch for blocks.1.attn.proj.weight: copying a param with shape torch.Size([1024, 1024]) from checkpoint, the shape in current model is torch.Size([1024, 640]).
	size mismatch for blocks.1.ffn.fc1.weight: copying a param with shape torch.Size([4096, 1024]) from checkpoint, the shape in current model is torch.Size([2458, 1024]).
	size mismatch for blocks.1.ffn.fc1.bias: copying a param with shape torch.Size([4096]) from checkpoint, the shape in current model is torch.Size([2458]).
	size mismatch for blocks.1.ffn.fc2.weight: copying a param with shape torch.Size([1024, 4096]) from checkpoint, the shape in current model is torch.Size([1024, 2458]).
	size mismatch for blocks.2.attn.scale_mul_1H11: copying a param with shape torch.Size([1, 16, 1, 1]) from checkpoint, the shape in current model is torch.Size([1, 10, 1, 1]).
	size mismatch for blocks.2.attn.q_bias: copying a param with shape torch.Size([1024]) from checkpoint, the shape in current model is torch.Size([640]).
	size mismatch for blocks.2.attn.v_bias: copying a param with shape torch.Size([1024]) from checkpoint, the shape in current model is torch.Size([640]).
	size mismatch for blocks.2.attn.zero_k_bias: copying a param with shape torch.Size([1024]) from checkpoint, the shape in current model is torch.Size([640]).
	size mismatch for blocks.2.attn.mat_qkv.weight: copying a param with shape torch.Size([3072, 1024]) from checkpoint, the shape in current model is torch.Size([1920, 1024]).
	size mismatch for blocks.2.attn.proj.weight: copying a param with shape torch.Size([1024, 1024]) from checkpoint, the shape in current model is torch.Size([1024, 640]).
	size mismatch for blocks.2.ffn.fc1.weight: copying a param with shape torch.Size([4096, 1024]) from checkpoint, the shape in current model is torch.Size([2458, 1024]).
	size mismatch for blocks.2.ffn.fc1.bias: copying a param with shape torch.Size([4096]) from checkpoint, the shape in current model is torch.Size([2458]).
	size mismatch for blocks.2.ffn.fc2.weight: copying a param with shape torch.Size([1024, 4096]) from checkpoint, the shape in current model is torch.Size([1024, 2458]).
	size mismatch for blocks.3.attn.scale_mul_1H11: copying a param with shape torch.Size([1, 16, 1, 1]) from checkpoint, the shape in current model is torch.Size([1, 10, 1, 1]).
	size mismatch for blocks.3.attn.q_bias: copying a param with shape torch.Size([1024]) from checkpoint, the shape in current model is torch.Size([640]).
	size mismatch for blocks.3.attn.v_bias: copying a param with shape torch.Size([1024]) from checkpoint, the shape in current model is torch.Size([640]).
	size mismatch for blocks.3.attn.zero_k_bias: copying a param with shape torch.Size([1024]) from checkpoint, the shape in current model is torch.Size([640]).
	size mismatch for blocks.3.attn.mat_qkv.weight: copying a param with shape torch.Size([3072, 1024]) from checkpoint, the shape in current model is torch.Size([1920, 1024]).
	size mismatch for blocks.3.attn.proj.weight: copying a param with shape torch.Size([1024, 1024]) from checkpoint, the shape in current model is torch.Size([1024, 640]).
	size mismatch for blocks.3.ffn.fc1.weight: copying a param with shape torch.Size([4096, 1024]) from checkpoint, the shape in current model is torch.Size([2458, 1024]).
	size mismatch for blocks.3.ffn.fc1.bias: copying a param with shape torch.Size([4096]) from checkpoint, the shape in current model is torch.Size([2458]).
	size mismatch for blocks.3.ffn.fc2.weight: copying a param with shape torch.Size([1024, 4096]) from checkpoint, the shape in current model is torch.Size([1024, 2458]).
	size mismatch for blocks.4.attn.scale_mul_1H11: copying a param with shape torch.Size([1, 16, 1, 1]) from checkpoint, the shape in current model is torch.Size([1, 10, 1, 1]).
	size mismatch for blocks.4.attn.q_bias: copying a param with shape torch.Size([1024]) from checkpoint, the shape in current model is torch.Size([640]).
	size mismatch for blocks.4.attn.v_bias: copying a param with shape torch.Size([1024]) from checkpoint, the shape in current model is torch.Size([640]).
	size mismatch for blocks.4.attn.zero_k_bias: copying a param with shape torch.Size([1024]) from checkpoint, the shape in current model is torch.Size([640]).
	size mismatch for blocks.4.attn.mat_qkv.weight: copying a param with shape torch.Size([3072, 1024]) from checkpoint, the shape in current model is torch.Size([1920, 1024]).
	size mismatch for blocks.4.attn.proj.weight: copying a param with shape torch.Size([1024, 1024]) from checkpoint, the shape in current model is torch.Size([1024, 640]).
	size mismatch for blocks.4.ffn.fc1.weight: copying a param with shape torch.Size([4096, 1024]) from checkpoint, the shape in current model is torch.Size([2458, 1024]).
	size mismatch for blocks.4.ffn.fc1.bias: copying a param with shape torch.Size([4096]) from checkpoint, the shape in current model is torch.Size([2458]).
	size mismatch for blocks.4.ffn.fc2.weight: copying a param with shape torch.Size([1024, 4096]) from checkpoint, the shape in current model is torch.Size([1024, 2458]).
	size mismatch for blocks.5.attn.scale_mul_1H11: copying a param with shape torch.Size([1, 16, 1, 1]) from checkpoint, the shape in current model is torch.Size([1, 10, 1, 1]).
	size mismatch for blocks.5.attn.q_bias: copying a param with shape torch.Size([1024]) from checkpoint, the shape in current model is torch.Size([640]).
	size mismatch for blocks.5.attn.v_bias: copying a param with shape torch.Size([1024]) from checkpoint, the shape in current model is torch.Size([640]).
	size mismatch for blocks.5.attn.zero_k_bias: copying a param with shape torch.Size([1024]) from checkpoint, the shape in current model is torch.Size([640]).
	size mismatch for blocks.5.attn.mat_qkv.weight: copying a param with shape torch.Size([3072, 1024]) from checkpoint, the shape in current model is torch.Size([1920, 1024]).
	size mismatch for blocks.5.attn.proj.weight: copying a param with shape torch.Size([1024, 1024]) from checkpoint, the shape in current model is torch.Size([1024, 640]).
	size mismatch for blocks.5.ffn.fc1.weight: copying a param with shape torch.Size([4096, 1024]) from checkpoint, the shape in current model is torch.Size([2458, 1024]).
	size mismatch for blocks.5.ffn.fc1.bias: copying a param with shape torch.Size([4096]) from checkpoint, the shape in current model is torch.Size([2458]).
	size mismatch for blocks.5.ffn.fc2.weight: copying a param with shape torch.Size([1024, 4096]) from checkpoint, the shape in current model is torch.Size([1024, 2458]).
	size mismatch for blocks.6.attn.scale_mul_1H11: copying a param with shape torch.Size([1, 16, 1, 1]) from checkpoint, the shape in current model is torch.Size([1, 10, 1, 1]).
	size mismatch for blocks.6.attn.q_bias: copying a param with shape torch.Size([1024]) from checkpoint, the shape in current model is torch.Size([640]).
	size mismatch for blocks.6.attn.v_bias: copying a param with shape torch.Size([1024]) from checkpoint, the shape in current model is torch.Size([640]).
	size mismatch for blocks.6.attn.zero_k_bias: copying a param with shape torch.Size([1024]) from checkpoint, the shape in current model is torch.Size([640]).
	size mismatch for blocks.6.attn.mat_qkv.weight: copying a param with shape torch.Size([3072, 1024]) from checkpoint, the shape in current model is torch.Size([1920, 1024]).
	size mismatch for blocks.6.attn.proj.weight: copying a param with shape torch.Size([1024, 1024]) from checkpoint, the shape in current model is torch.Size([1024, 640]).
	size mismatch for blocks.6.ffn.fc1.weight: copying a param with shape torch.Size([4096, 1024]) from checkpoint, the shape in current model is torch.Size([2458, 1024]).
	size mismatch for blocks.6.ffn.fc1.bias: copying a param with shape torch.Size([4096]) from checkpoint, the shape in current model is torch.Size([2458]).
	size mismatch for blocks.6.ffn.fc2.weight: copying a param with shape torch.Size([1024, 4096]) from checkpoint, the shape in current model is torch.Size([1024, 2458]).
	size mismatch for blocks.7.attn.scale_mul_1H11: copying a param with shape torch.Size([1, 16, 1, 1]) from checkpoint, the shape in current model is torch.Size([1, 10, 1, 1]).
	size mismatch for blocks.7.attn.q_bias: copying a param with shape torch.Size([1024]) from checkpoint, the shape in current model is torch.Size([640]).
	size mismatch for blocks.7.attn.v_bias: copying a param with shape torch.Size([1024]) from checkpoint, the shape in current model is torch.Size([640]).
	size mismatch for blocks.7.attn.zero_k_bias: copying a param with shape torch.Size([1024]) from checkpoint, the shape in current model is torch.Size([640]).
	size mismatch for blocks.7.attn.mat_qkv.weight: copying a param with shape torch.Size([3072, 1024]) from checkpoint, the shape in current model is torch.Size([1920, 1024]).
	size mismatch for blocks.7.attn.proj.weight: copying a param with shape torch.Size([1024, 1024]) from checkpoint, the shape in current model is torch.Size([1024, 640]).
	size mismatch for blocks.7.ffn.fc1.weight: copying a param with shape torch.Size([4096, 1024]) from checkpoint, the shape in current model is torch.Size([2458, 1024]).
	size mismatch for blocks.7.ffn.fc1.bias: copying a param with shape torch.Size([4096]) from checkpoint, the shape in current model is torch.Size([2458]).
	size mismatch for blocks.7.ffn.fc2.weight: copying a param with shape torch.Size([1024, 4096]) from checkpoint, the shape in current model is torch.Size([1024, 2458]).
	size mismatch for blocks.8.attn.scale_mul_1H11: copying a param with shape torch.Size([1, 16, 1, 1]) from checkpoint, the shape in current model is torch.Size([1, 10, 1, 1]).
	size mismatch for blocks.8.attn.q_bias: copying a param with shape torch.Size([1024]) from checkpoint, the shape in current model is torch.Size([640]).
	size mismatch for blocks.8.attn.v_bias: copying a param with shape torch.Size([1024]) from checkpoint, the shape in current model is torch.Size([640]).
	size mismatch for blocks.8.attn.zero_k_bias: copying a param with shape torch.Size([1024]) from checkpoint, the shape in current model is torch.Size([640]).
	size mismatch for blocks.8.attn.mat_qkv.weight: copying a param with shape torch.Size([3072, 1024]) from checkpoint, the shape in current model is torch.Size([1920, 1024]).
	size mismatch for blocks.8.attn.proj.weight: copying a param with shape torch.Size([1024, 1024]) from checkpoint, the shape in current model is torch.Size([1024, 640]).
	size mismatch for blocks.8.ffn.fc1.weight: copying a param with shape torch.Size([4096, 1024]) from checkpoint, the shape in current model is torch.Size([2458, 1024]).
	size mismatch for blocks.8.ffn.fc1.bias: copying a param with shape torch.Size([4096]) from checkpoint, the shape in current model is torch.Size([2458]).
	size mismatch for blocks.8.ffn.fc2.weight: copying a param with shape torch.Size([1024, 4096]) from checkpoint, the shape in current model is torch.Size([1024, 2458]).
	size mismatch for blocks.9.attn.scale_mul_1H11: copying a param with shape torch.Size([1, 16, 1, 1]) from checkpoint, the shape in current model is torch.Size([1, 10, 1, 1]).
	size mismatch for blocks.9.attn.q_bias: copying a param with shape torch.Size([1024]) from checkpoint, the shape in current model is torch.Size([640]).
	size mismatch for blocks.9.attn.v_bias: copying a param with shape torch.Size([1024]) from checkpoint, the shape in current model is torch.Size([640]).
	size mismatch for blocks.9.attn.zero_k_bias: copying a param with shape torch.Size([1024]) from checkpoint, the shape in current model is torch.Size([640]).
	size mismatch for blocks.9.attn.mat_qkv.weight: copying a param with shape torch.Size([3072, 1024]) from checkpoint, the shape in current model is torch.Size([1920, 1024]).
	size mismatch for blocks.9.attn.proj.weight: copying a param with shape torch.Size([1024, 1024]) from checkpoint, the shape in current model is torch.Size([1024, 640]).
	size mismatch for blocks.9.ffn.fc1.weight: copying a param with shape torch.Size([4096, 1024]) from checkpoint, the shape in current model is torch.Size([2458, 1024]).
	size mismatch for blocks.9.ffn.fc1.bias: copying a param with shape torch.Size([4096]) from checkpoint, the shape in current model is torch.Size([2458]).
	size mismatch for blocks.9.ffn.fc2.weight: copying a param with shape torch.Size([1024, 4096]) from checkpoint, the shape in current model is torch.Size([1024, 2458]).
	size mismatch for blocks.10.attn.scale_mul_1H11: copying a param with shape torch.Size([1, 16, 1, 1]) from checkpoint, the shape in current model is torch.Size([1, 10, 1, 1]).
	size mismatch for blocks.10.attn.q_bias: copying a param with shape torch.Size([1024]) from checkpoint, the shape in current model is torch.Size([640]).
	size mismatch for blocks.10.attn.v_bias: copying a param with shape torch.Size([1024]) from checkpoint, the shape in current model is torch.Size([640]).
	size mismatch for blocks.10.attn.zero_k_bias: copying a param with shape torch.Size([1024]) from checkpoint, the shape in current model is torch.Size([640]).
	size mismatch for blocks.10.attn.mat_qkv.weight: copying a param with shape torch.Size([3072, 1024]) from checkpoint, the shape in current model is torch.Size([1920, 1024]).
	size mismatch for blocks.10.attn.proj.weight: copying a param with shape torch.Size([1024, 1024]) from checkpoint, the shape in current model is torch.Size([1024, 640]).
	size mismatch for blocks.10.ffn.fc1.weight: copying a param with shape torch.Size([4096, 1024]) from checkpoint, the shape in current model is torch.Size([2458, 1024]).
	size mismatch for blocks.10.ffn.fc1.bias: copying a param with shape torch.Size([4096]) from checkpoint, the shape in current model is torch.Size([2458]).
	size mismatch for blocks.10.ffn.fc2.weight: copying a param with shape torch.Size([1024, 4096]) from checkpoint, the shape in current model is torch.Size([1024, 2458]).
	size mismatch for blocks.11.attn.scale_mul_1H11: copying a param with shape torch.Size([1, 16, 1, 1]) from checkpoint, the shape in current model is torch.Size([1, 10, 1, 1]).
	size mismatch for blocks.11.attn.q_bias: copying a param with shape torch.Size([1024]) from checkpoint, the shape in current model is torch.Size([640]).
	size mismatch for blocks.11.attn.v_bias: copying a param with shape torch.Size([1024]) from checkpoint, the shape in current model is torch.Size([640]).
	size mismatch for blocks.11.attn.zero_k_bias: copying a param with shape torch.Size([1024]) from checkpoint, the shape in current model is torch.Size([640]).
	size mismatch for blocks.11.attn.mat_qkv.weight: copying a param with shape torch.Size([3072, 1024]) from checkpoint, the shape in current model is torch.Size([1920, 1024]).
	size mismatch for blocks.11.attn.proj.weight: copying a param with shape torch.Size([1024, 1024]) from checkpoint, the shape in current model is torch.Size([1024, 640]).
	size mismatch for blocks.11.ffn.fc1.weight: copying a param with shape torch.Size([4096, 1024]) from checkpoint, the shape in current model is torch.Size([2458, 1024]).
	size mismatch for blocks.11.ffn.fc1.bias: copying a param with shape torch.Size([4096]) from checkpoint, the shape in current model is torch.Size([2458]).
	size mismatch for blocks.11.ffn.fc2.weight: copying a param with shape torch.Size([1024, 4096]) from checkpoint, the shape in current model is torch.Size([1024, 2458]).
	size mismatch for blocks.12.attn.scale_mul_1H11: copying a param with shape torch.Size([1, 16, 1, 1]) from checkpoint, the shape in current model is torch.Size([1, 10, 1, 1]).
	size mismatch for blocks.12.attn.q_bias: copying a param with shape torch.Size([1024]) from checkpoint, the shape in current model is torch.Size([640]).
	size mismatch for blocks.12.attn.v_bias: copying a param with shape torch.Size([1024]) from checkpoint, the shape in current model is torch.Size([640]).
	size mismatch for blocks.12.attn.zero_k_bias: copying a param with shape torch.Size([1024]) from checkpoint, the shape in current model is torch.Size([640]).
	size mismatch for blocks.12.attn.mat_qkv.weight: copying a param with shape torch.Size([3072, 1024]) from checkpoint, the shape in current model is torch.Size([1920, 1024]).
	size mismatch for blocks.12.attn.proj.weight: copying a param with shape torch.Size([1024, 1024]) from checkpoint, the shape in current model is torch.Size([1024, 640]).
	size mismatch for blocks.12.ffn.fc1.weight: copying a param with shape torch.Size([4096, 1024]) from checkpoint, the shape in current model is torch.Size([2458, 1024]).
	size mismatch for blocks.12.ffn.fc1.bias: copying a param with shape torch.Size([4096]) from checkpoint, the shape in current model is torch.Size([2458]).
	size mismatch for blocks.12.ffn.fc2.weight: copying a param with shape torch.Size([1024, 4096]) from checkpoint, the shape in current model is torch.Size([1024, 2458]).
	size mismatch for blocks.13.attn.scale_mul_1H11: copying a param with shape torch.Size([1, 16, 1, 1]) from checkpoint, the shape in current model is torch.Size([1, 10, 1, 1]).
	size mismatch for blocks.13.attn.q_bias: copying a param with shape torch.Size([1024]) from checkpoint, the shape in current model is torch.Size([640]).
	size mismatch for blocks.13.attn.v_bias: copying a param with shape torch.Size([1024]) from checkpoint, the shape in current model is torch.Size([640]).
	size mismatch for blocks.13.attn.zero_k_bias: copying a param with shape torch.Size([1024]) from checkpoint, the shape in current model is torch.Size([640]).
	size mismatch for blocks.13.attn.mat_qkv.weight: copying a param with shape torch.Size([3072, 1024]) from checkpoint, the shape in current model is torch.Size([1920, 1024]).
	size mismatch for blocks.13.attn.proj.weight: copying a param with shape torch.Size([1024, 1024]) from checkpoint, the shape in current model is torch.Size([1024, 640]).
	size mismatch for blocks.13.ffn.fc1.weight: copying a param with shape torch.Size([4096, 1024]) from checkpoint, the shape in current model is torch.Size([2458, 1024]).
	size mismatch for blocks.13.ffn.fc1.bias: copying a param with shape torch.Size([4096]) from checkpoint, the shape in current model is torch.Size([2458]).
	size mismatch for blocks.13.ffn.fc2.weight: copying a param with shape torch.Size([1024, 4096]) from checkpoint, the shape in current model is torch.Size([1024, 2458]).
	size mismatch for blocks.14.attn.scale_mul_1H11: copying a param with shape torch.Size([1, 16, 1, 1]) from checkpoint, the shape in current model is torch.Size([1, 10, 1, 1]).
	size mismatch for blocks.14.attn.q_bias: copying a param with shape torch.Size([1024]) from checkpoint, the shape in current model is torch.Size([640]).
	size mismatch for blocks.14.attn.v_bias: copying a param with shape torch.Size([1024]) from checkpoint, the shape in current model is torch.Size([640]).
	size mismatch for blocks.14.attn.zero_k_bias: copying a param with shape torch.Size([1024]) from checkpoint, the shape in current model is torch.Size([640]).
	size mismatch for blocks.14.attn.mat_qkv.weight: copying a param with shape torch.Size([3072, 1024]) from checkpoint, the shape in current model is torch.Size([1920, 1024]).
	size mismatch for blocks.14.attn.proj.weight: copying a param with shape torch.Size([1024, 1024]) from checkpoint, the shape in current model is torch.Size([1024, 640]).
	size mismatch for blocks.14.ffn.fc1.weight: copying a param with shape torch.Size([4096, 1024]) from checkpoint, the shape in current model is torch.Size([2458, 1024]).
	size mismatch for blocks.14.ffn.fc1.bias: copying a param with shape torch.Size([4096]) from checkpoint, the shape in current model is torch.Size([2458]).
	size mismatch for blocks.14.ffn.fc2.weight: copying a param with shape torch.Size([1024, 4096]) from checkpoint, the shape in current model is torch.Size([1024, 2458]).
	size mismatch for blocks.15.attn.scale_mul_1H11: copying a param with shape torch.Size([1, 16, 1, 1]) from checkpoint, the shape in current model is torch.Size([1, 10, 1, 1]).
	size mismatch for blocks.15.attn.q_bias: copying a param with shape torch.Size([1024]) from checkpoint, the shape in current model is torch.Size([640]).
	size mismatch for blocks.15.attn.v_bias: copying a param with shape torch.Size([1024]) from checkpoint, the shape in current model is torch.Size([640]).
	size mismatch for blocks.15.attn.zero_k_bias: copying a param with shape torch.Size([1024]) from checkpoint, the shape in current model is torch.Size([640]).
	size mismatch for blocks.15.attn.mat_qkv.weight: copying a param with shape torch.Size([3072, 1024]) from checkpoint, the shape in current model is torch.Size([1920, 1024]).
	size mismatch for blocks.15.attn.proj.weight: copying a param with shape torch.Size([1024, 1024]) from checkpoint, the shape in current model is torch.Size([1024, 640]).
	size mismatch for blocks.15.ffn.fc1.weight: copying a param with shape torch.Size([4096, 1024]) from checkpoint, the shape in current model is torch.Size([2458, 1024]).
	size mismatch for blocks.15.ffn.fc1.bias: copying a param with shape torch.Size([4096]) from checkpoint, the shape in current model is torch.Size([2458]).
	size mismatch for blocks.15.ffn.fc2.weight: copying a param with shape torch.Size([1024, 4096]) from checkpoint, the shape in current model is torch.Size([1024, 2458]).
[10-31 17:43:01] (distill/train_distill.py, line 167)=> 将使用普通训练模式
[10-31 17:43:01] (distill/train_distill.py, line 170)=> ============================================================\n
[10-31 17:43:01] (rain/utils/lr_control.py, line  99)=> [get_param_groups] param_groups = 
{ 'D': { 'lr_sc': 1.0,
         'params': "('word_embed.weight, class_emb.weight, blocks.0.attn.mat_qkv.weight, blocks.0.attn.proj.weight, blocks.0.ffn.fc1.weight, blocks.0.ffn.fc2.weight, blocks.0.ada_lin.1.weight, '\n"
                   " 'blocks.1.attn.mat_qkv.weight, blocks.1.attn.proj.weight, blocks.1.ffn.fc1.weight, blocks.1.ffn.fc2.weight, blocks.1.ada_lin.1.weight, blocks.2.attn.mat_qkv.weight, blocks.2.attn.proj.weight, '\n"
                   " 'blocks.2.ffn.fc1.weight, blocks.2.ffn.fc2.weight, blocks.2.ada_lin.1.weight, blocks.3.attn.mat_qkv.weight, blocks.3.attn.proj.weight, blocks.3.ffn.fc1.weight, blocks.3.ffn.fc2.weight, '\n"
                   " 'blocks.3.ada_lin.1.weight, blocks.4.attn.mat_qkv.weight, blocks.4.attn.proj.weight, blocks.4.ffn.fc1.weight, blocks.4.ffn.fc2.weight, blocks.4.ada_lin.1.weight, blocks.5.attn.mat_qkv.weight, '\n"
                   " 'blocks.5.attn.proj.weight, blocks.5.ffn.fc1.weight, blocks.5.ffn.fc2.weight, blocks.5.ada_lin.1.weight, blocks.6.attn.mat_qkv.weight, blocks.6.attn.proj.weight, blocks.6.ffn.fc1.weight, '\n"
                   " 'blocks.6.ffn.fc2.weight, blocks.6.ada_lin.1.weight, blocks.7.attn.mat_qkv.weight, blocks.7.attn.proj.weight, blocks.7.ffn.fc1.weight, blocks.7.ffn.fc2.weight, blocks.7.ada_lin.1.weight, '\n"
                   " 'blocks.8.attn.mat_qkv.weight, blocks.8.attn.proj.weight, blocks.8.ffn.fc1.weight, blocks.8.ffn.fc2.weight, blocks.8.ada_lin.1.weight, blocks.9.attn.mat_qkv.weight, blocks.9.attn.proj.weight, '\n"
                   " 'blocks.9.ffn.fc1.weight, blocks.9.ffn.fc2.weight, blocks.9.ada_lin.1.weight, blocks.10.attn.mat_qkv.weight, blocks.10.attn.proj.weight, blocks.10.ffn.fc1.weight, blocks.10.ffn.fc2.weight, '\n"
                   " 'blocks.10.ada_lin.1.weight, blocks.11.attn.mat_qkv.weight, blocks.11.attn.proj.weight, blocks.11.ffn.fc1.weight, blocks.11.ffn.fc2.weight, blocks.11.ada_lin.1.weight, '\n"
                   " 'blocks.12.attn.mat_qkv.weight, blocks.12.attn.proj.weight, blocks.12.ffn.fc1.weight, blocks.12.ffn.fc2.weight, blocks.12.ada_lin.1.weight, blocks.13.attn.mat_qkv.weight, '\n"
                   " 'blocks.13.attn.proj.weight, blocks.13.ffn.fc1.weight, blocks.13.ffn.fc2.weight, blocks.13.ada_lin.1.weight, blocks.14.attn.mat_qkv.weight, blocks.14.attn.proj.weight, blocks.14.ffn.fc1.weight, '\n"
                   " 'blocks.14.ffn.fc2.weight, blocks.14.ada_lin.1.weight, blocks.15.attn.mat_qkv.weight, blocks.15.attn.proj.weight, blocks.15.ffn.fc1.weight, blocks.15.ffn.fc2.weight, blocks.15.ada_lin.1.weight, '\n"
                   " 'head_nm.ada_lin.1.weight, head.weight')",
         'wd_sc': 1.0},
  'ND': { 'lr_sc': 1.0,
          'params': "('pos_start, pos_1LC, word_embed.bias, lvl_embed.weight, blocks.0.attn.scale_mul_1H11, blocks.0.attn.q_bias, blocks.0.attn.v_bias, blocks.0.attn.proj.bias, blocks.0.ffn.fc1.bias, '\n"
                    " 'blocks.0.ffn.fc2.bias, blocks.0.ada_lin.1.bias, blocks.1.attn.scale_mul_1H11, blocks.1.attn.q_bias, blocks.1.attn.v_bias, blocks.1.attn.proj.bias, blocks.1.ffn.fc1.bias, blocks.1.ffn.fc2.bias, '\n"
                    " 'blocks.1.ada_lin.1.bias, blocks.2.attn.scale_mul_1H11, blocks.2.attn.q_bias, blocks.2.attn.v_bias, blocks.2.attn.proj.bias, blocks.2.ffn.fc1.bias, blocks.2.ffn.fc2.bias, blocks.2.ada_lin.1.bias, '\n"
                    " 'blocks.3.attn.scale_mul_1H11, blocks.3.attn.q_bias, blocks.3.attn.v_bias, blocks.3.attn.proj.bias, blocks.3.ffn.fc1.bias, blocks.3.ffn.fc2.bias, blocks.3.ada_lin.1.bias, '\n"
                    " 'blocks.4.attn.scale_mul_1H11, blocks.4.attn.q_bias, blocks.4.attn.v_bias, blocks.4.attn.proj.bias, blocks.4.ffn.fc1.bias, blocks.4.ffn.fc2.bias, blocks.4.ada_lin.1.bias, '\n"
                    " 'blocks.5.attn.scale_mul_1H11, blocks.5.attn.q_bias, blocks.5.attn.v_bias, blocks.5.attn.proj.bias, blocks.5.ffn.fc1.bias, blocks.5.ffn.fc2.bias, blocks.5.ada_lin.1.bias, '\n"
                    " 'blocks.6.attn.scale_mul_1H11, blocks.6.attn.q_bias, blocks.6.attn.v_bias, blocks.6.attn.proj.bias, blocks.6.ffn.fc1.bias, blocks.6.ffn.fc2.bias, blocks.6.ada_lin.1.bias, '\n"
                    " 'blocks.7.attn.scale_mul_1H11, blocks.7.attn.q_bias, blocks.7.attn.v_bias, blocks.7.attn.proj.bias, blocks.7.ffn.fc1.bias, blocks.7.ffn.fc2.bias, blocks.7.ada_lin.1.bias, '\n"
                    " 'blocks.8.attn.scale_mul_1H11, blocks.8.attn.q_bias, blocks.8.attn.v_bias, blocks.8.attn.proj.bias, blocks.8.ffn.fc1.bias, blocks.8.ffn.fc2.bias, blocks.8.ada_lin.1.bias, '\n"
                    " 'blocks.9.attn.scale_mul_1H11, blocks.9.attn.q_bias, blocks.9.attn.v_bias, blocks.9.attn.proj.bias, blocks.9.ffn.fc1.bias, blocks.9.ffn.fc2.bias, blocks.9.ada_lin.1.bias, '\n"
                    " 'blocks.10.attn.scale_mul_1H11, blocks.10.attn.q_bias, blocks.10.attn.v_bias, blocks.10.attn.proj.bias, blocks.10.ffn.fc1.bias, blocks.10.ffn.fc2.bias, blocks.10.ada_lin.1.bias, '\n"
                    " 'blocks.11.attn.scale_mul_1H11, blocks.11.attn.q_bias, blocks.11.attn.v_bias, blocks.11.attn.proj.bias, blocks.11.ffn.fc1.bias, blocks.11.ffn.fc2.bias, blocks.11.ada_lin.1.bias, '\n"
                    " 'blocks.12.attn.scale_mul_1H11, blocks.12.attn.q_bias, blocks.12.attn.v_bias, blocks.12.attn.proj.bias, blocks.12.ffn.fc1.bias, blocks.12.ffn.fc2.bias, blocks.12.ada_lin.1.bias, '\n"
                    " 'blocks.13.attn.scale_mul_1H11, blocks.13.attn.q_bias, blocks.13.attn.v_bias, blocks.13.attn.proj.bias, blocks.13.ffn.fc1.bias, blocks.13.ffn.fc2.bias, blocks.13.ada_lin.1.bias, '\n"
                    " 'blocks.14.attn.scale_mul_1H11, blocks.14.attn.q_bias, blocks.14.attn.v_bias, blocks.14.attn.proj.bias, blocks.14.ffn.fc1.bias, blocks.14.ffn.fc2.bias, blocks.14.ada_lin.1.bias, '\n"
                    " 'blocks.15.attn.scale_mul_1H11, blocks.15.attn.q_bias, blocks.15.attn.v_bias, blocks.15.attn.proj.bias, blocks.15.ffn.fc1.bias, blocks.15.ffn.fc2.bias, blocks.15.ada_lin.1.bias, '\n"
                    " 'head_nm.ada_lin.1.bias, head.bias')",
          'wd_sc': 0.0}}

[10-31 17:43:01] (rain/utils/lr_control.py, line 104)=> [get_param_groups][rank0] type(model).__name__='VAR' count=202, numel=231405120
[10-31 17:43:01] (rain/utils/lr_control.py, line 104)=> [get_param_groups][rank1] type(model).__name__='VAR' count=202, numel=231405120
[10-31 17:43:01] (rain/utils/lr_control.py, line 104)=> [get_param_groups][rank2] type(model).__name__='VAR' count=202, numel=231405120
[10-31 17:43:01] (rain/utils/lr_control.py, line 104)=> [get_param_groups][rank3] type(model).__name__='VAR' count=202, numel=231405120
[10-31 17:43:01] (rain/utils/lr_control.py, line 104)=> [get_param_groups][rank4] type(model).__name__='VAR' count=202, numel=231405120
[10-31 17:43:01] (rain/utils/lr_control.py, line 104)=> [get_param_groups][rank5] type(model).__name__='VAR' count=202, numel=231405120
[10-31 17:43:01] (rain/utils/lr_control.py, line 105)=> 
[10-31 17:43:01] (distill/train_distill.py, line 185)=> [INIT] optim=functools.partial(<class 'torch.optim.adamw.AdamW'>, betas=(0.9, 0.95), fused=True), opt_kw={'lr': 0.00012578125, 'weight_decay': 0}\n
/home/project/real_prune/VAR_train/utils/amp_sc.py:27: FutureWarning: `torch.cuda.amp.GradScaler(args...)` is deprecated. Please use `torch.amp.GradScaler('cuda', args...)` instead.
  self.scaler = torch.cuda.amp.GradScaler(init_scale=2. ** 11, growth_interval=1000) if self.using_fp16_rather_bf16 else None # only fp16 needs a scaler
/home/project/real_prune/VAR_train/utils/amp_sc.py:27: FutureWarning: `torch.cuda.amp.GradScaler(args...)` is deprecated. Please use `torch.amp.GradScaler('cuda', args...)` instead.
  self.scaler = torch.cuda.amp.GradScaler(init_scale=2. ** 11, growth_interval=1000) if self.using_fp16_rather_bf16 else None # only fp16 needs a scaler
/home/project/real_prune/VAR_train/utils/amp_sc.py:27: FutureWarning: `torch.cuda.amp.GradScaler(args...)` is deprecated. Please use `torch.amp.GradScaler('cuda', args...)` instead.
  self.scaler = torch.cuda.amp.GradScaler(init_scale=2. ** 11, growth_interval=1000) if self.using_fp16_rather_bf16 else None # only fp16 needs a scaler
/home/project/real_prune/VAR_train/utils/amp_sc.py:27: FutureWarning: `torch.cuda.amp.GradScaler(args...)` is deprecated. Please use `torch.amp.GradScaler('cuda', args...)` instead.
  self.scaler = torch.cuda.amp.GradScaler(init_scale=2. ** 11, growth_interval=1000) if self.using_fp16_rather_bf16 else None # only fp16 needs a scaler
/home/project/real_prune/VAR_train/utils/amp_sc.py:27: FutureWarning: `torch.cuda.amp.GradScaler(args...)` is deprecated. Please use `torch.amp.GradScaler('cuda', args...)` instead.
  self.scaler = torch.cuda.amp.GradScaler(init_scale=2. ** 11, growth_interval=1000) if self.using_fp16_rather_bf16 else None # only fp16 needs a scaler
/home/project/real_prune/VAR_train/utils/amp_sc.py:27: FutureWarning: `torch.cuda.amp.GradScaler(args...)` is deprecated. Please use `torch.amp.GradScaler('cuda', args...)` instead.
  self.scaler = torch.cuda.amp.GradScaler(init_scale=2. ** 11, growth_interval=1000) if self.using_fp16_rather_bf16 else None # only fp16 needs a scaler
[10-31 17:43:01] (distill/train_distill.py, line 210)=> [训练器] 使用普通训练器 (VARTrainer)
[10-31 17:43:01] (rain/utils/lr_control.py, line 104)=> [get_param_groups][rank6] type(model).__name__='VAR' count=202, numel=231405120
/home/project/real_prune/VAR_train/utils/amp_sc.py:27: FutureWarning: `torch.cuda.amp.GradScaler(args...)` is deprecated. Please use `torch.amp.GradScaler('cuda', args...)` instead.
  self.scaler = torch.cuda.amp.GradScaler(init_scale=2. ** 11, growth_interval=1000) if self.using_fp16_rather_bf16 else None # only fp16 needs a scaler
/home/project/real_prune/VAR_train/models/var.py:220: FutureWarning: `torch.cuda.amp.autocast(args...)` is deprecated. Please use `torch.amp.autocast('cuda', args...)` instead.
  with torch.cuda.amp.autocast(enabled=False):
/home/project/real_prune/VAR_train/models/var.py:220: FutureWarning: `torch.cuda.amp.autocast(args...)` is deprecated. Please use `torch.amp.autocast('cuda', args...)` instead.
  with torch.cuda.amp.autocast(enabled=False):
/home/project/real_prune/VAR_train/models/var.py:220: FutureWarning: `torch.cuda.amp.autocast(args...)` is deprecated. Please use `torch.amp.autocast('cuda', args...)` instead.
  with torch.cuda.amp.autocast(enabled=False):
/home/project/real_prune/VAR_train/models/var.py:220: FutureWarning: `torch.cuda.amp.autocast(args...)` is deprecated. Please use `torch.amp.autocast('cuda', args...)` instead.
  with torch.cuda.amp.autocast(enabled=False):
/home/project/real_prune/VAR_train/models/var.py:220: FutureWarning: `torch.cuda.amp.autocast(args...)` is deprecated. Please use `torch.amp.autocast('cuda', args...)` instead.
  with torch.cuda.amp.autocast(enabled=False):
/home/project/real_prune/VAR_train/models/var.py:220: FutureWarning: `torch.cuda.amp.autocast(args...)` is deprecated. Please use `torch.amp.autocast('cuda', args...)` instead.
  with torch.cuda.amp.autocast(enabled=False):
/home/project/real_prune/VAR_train/models/var.py:220: FutureWarning: `torch.cuda.amp.autocast(args...)` is deprecated. Please use `torch.amp.autocast('cuda', args...)` instead.
  with torch.cuda.amp.autocast(enabled=False):
[10-31 17:43:05] (/VAR_train/utils/misc.py, line 314)=> [Ep]: [   0/20]  [   0/3979]  eta: 4:21:23  tlr: 6.3e-07  tnm: 16.52  Lm: 9.211 (9.211)  Lt: 8.465 (8.465)  Accm: 0.07 (0.07)  Acct: 0.08 (0.08)  time: 3.9416  data: 0.3304
/root/miniconda3/envs/var/lib/python3.10/site-packages/torch/utils/data/_utils/pin_memory.py:57: DeprecationWarning: The argument 'device' of Tensor.pin_memory() is deprecated. Please do not pass this argument. (Triggered internally at /pytorch/aten/src/ATen/native/Memory.cpp:46.)
  return data.pin_memory(device)
/root/miniconda3/envs/var/lib/python3.10/site-packages/torch/utils/data/_utils/pin_memory.py:57: DeprecationWarning: The argument 'device' of Tensor.is_pinned() is deprecated. Please do not pass this argument. (Triggered internally at /pytorch/aten/src/ATen/native/Memory.cpp:31.)
  return data.pin_memory(device)
/root/miniconda3/envs/var/lib/python3.10/site-packages/torch/utils/data/_utils/pin_memory.py:57: DeprecationWarning: The argument 'device' of Tensor.pin_memory() is deprecated. Please do not pass this argument. (Triggered internally at /pytorch/aten/src/ATen/native/Memory.cpp:46.)
  return data.pin_memory(device)
/root/miniconda3/envs/var/lib/python3.10/site-packages/torch/utils/data/_utils/pin_memory.py:57: DeprecationWarning: The argument 'device' of Tensor.is_pinned() is deprecated. Please do not pass this argument. (Triggered internally at /pytorch/aten/src/ATen/native/Memory.cpp:31.)
  return data.pin_memory(device)
/root/miniconda3/envs/var/lib/python3.10/site-packages/torch/utils/data/_utils/pin_memory.py:57: DeprecationWarning: The argument 'device' of Tensor.pin_memory() is deprecated. Please do not pass this argument. (Triggered internally at /pytorch/aten/src/ATen/native/Memory.cpp:46.)
  return data.pin_memory(device)
/root/miniconda3/envs/var/lib/python3.10/site-packages/torch/utils/data/_utils/pin_memory.py:57: DeprecationWarning: The argument 'device' of Tensor.is_pinned() is deprecated. Please do not pass this argument. (Triggered internally at /pytorch/aten/src/ATen/native/Memory.cpp:31.)
  return data.pin_memory(device)
/root/miniconda3/envs/var/lib/python3.10/site-packages/torch/utils/data/_utils/pin_memory.py:57: DeprecationWarning: The argument 'device' of Tensor.pin_memory() is deprecated. Please do not pass this argument. (Triggered internally at /pytorch/aten/src/ATen/native/Memory.cpp:46.)
  return data.pin_memory(device)
/root/miniconda3/envs/var/lib/python3.10/site-packages/torch/utils/data/_utils/pin_memory.py:57: DeprecationWarning: The argument 'device' of Tensor.is_pinned() is deprecated. Please do not pass this argument. (Triggered internally at /pytorch/aten/src/ATen/native/Memory.cpp:31.)
  return data.pin_memory(device)
/root/miniconda3/envs/var/lib/python3.10/site-packages/torch/utils/data/_utils/pin_memory.py:57: DeprecationWarning: The argument 'device' of Tensor.pin_memory() is deprecated. Please do not pass this argument. (Triggered internally at /pytorch/aten/src/ATen/native/Memory.cpp:46.)
  return data.pin_memory(device)
/root/miniconda3/envs/var/lib/python3.10/site-packages/torch/utils/data/_utils/pin_memory.py:57: DeprecationWarning: The argument 'device' of Tensor.is_pinned() is deprecated. Please do not pass this argument. (Triggered internally at /pytorch/aten/src/ATen/native/Memory.cpp:31.)
  return data.pin_memory(device)
/root/miniconda3/envs/var/lib/python3.10/site-packages/torch/utils/data/_utils/pin_memory.py:57: DeprecationWarning: The argument 'device' of Tensor.pin_memory() is deprecated. Please do not pass this argument. (Triggered internally at /pytorch/aten/src/ATen/native/Memory.cpp:46.)
  return data.pin_memory(device)
/root/miniconda3/envs/var/lib/python3.10/site-packages/torch/utils/data/_utils/pin_memory.py:57: DeprecationWarning: The argument 'device' of Tensor.is_pinned() is deprecated. Please do not pass this argument. (Triggered internally at /pytorch/aten/src/ATen/native/Memory.cpp:31.)
  return data.pin_memory(device)
/root/miniconda3/envs/var/lib/python3.10/site-packages/torch/utils/data/_utils/pin_memory.py:57: DeprecationWarning: The argument 'device' of Tensor.pin_memory() is deprecated. Please do not pass this argument. (Triggered internally at /pytorch/aten/src/ATen/native/Memory.cpp:46.)
  return data.pin_memory(device)
/root/miniconda3/envs/var/lib/python3.10/site-packages/torch/utils/data/_utils/pin_memory.py:57: DeprecationWarning: The argument 'device' of Tensor.is_pinned() is deprecated. Please do not pass this argument. (Triggered internally at /pytorch/aten/src/ATen/native/Memory.cpp:31.)
  return data.pin_memory(device)
[10-31 17:58:19] (/VAR_train/utils/misc.py, line 314)=> [Ep]: [   0/20]  [ 994/3979]  eta: 0:45:53  tlr: 7.9e-05  tnm: 0.66  Lm: 8.180 (8.180)  Lt: 7.796 (7.796)  Accm: 0.77 (0.77)  Acct: 0.68 (0.68)  time: 0.9129  data: 0.3151
[10-31 18:13:35] (/VAR_train/utils/misc.py, line 314)=> [Ep]: [   0/20]  [1989/3979]  eta: 0:30:34  tlr: 0.00013  tnm: 0.66  Lm: 7.149 (7.690)  Lt: 7.126 (7.345)  Accm: 1.46 (1.37)  Acct: 1.27 (1.45)  time: 0.9400  data: 0.3098
[10-31 18:28:51] (/VAR_train/utils/misc.py, line 314)=> [Ep]: [   0/20]  [2983/3979]  eta: 0:15:17  tlr: 0.00013  tnm: 0.55  Lm: 6.929 (7.441)  Lt: 6.784 (7.056)  Accm: 2.02 (1.72)  Acct: 2.13 (2.08)  time: 0.9114  data: 0.3046
[10-31 18:44:05] (/VAR_train/utils/misc.py, line 314)=> [Ep]: [   0/20]  [3978/3979]  eta: 0:00:00  tlr: 0.00013  tnm: 0.52  Lm: 6.709 (7.258)  Lt: 6.443 (6.849)  Accm: 2.58 (2.03)  Acct: 2.99 (2.58)  time: 0.9281  data: 0.3168
[10-31 18:44:05] (/VAR_train/utils/misc.py, line 336)=> [Ep]: [   0/20]   Total time:      1:01:03   (0.921 s / it)
/root/miniconda3/envs/var/lib/python3.10/site-packages/torch/distributed/distributed_c10d.py:4876: UserWarning: barrier(): using the device under current context. You can specify `device_id` in `init_process_group` to mute this warning.
  warnings.warn(  # warn only once
[10-31 18:44:05] (distill/train_distill.py, line 347)=>      [ep0]  (training )  Lm: 7.262 (7.262), Lt: 6.847 (6.847),  Acc m&t: 2.03 2.61,  Remain: 19:17:00,  Finish: 2025-11-01 14:01
[10-31 18:44:06] (/VAR_train/utils/misc.py, line 314)=> [Ep]: [   1/20]  [   0/3979]  eta: 1:01:05  tlr: 0.00013  tnm: 0.51  Lm: 6.457 (6.457)  Lt: 5.977 (5.977)  Accm: 3.33 (3.33)  Acct: 4.63 (4.63)  time: 0.9213  data: 0.3035
[10-31 18:59:22] (/VAR_train/utils/misc.py, line 314)=> [Ep]: [   1/20]  [ 994/3979]  eta: 0:45:50  tlr: 0.00013  tnm: 0.45  Lm: 6.444 (6.444)  Lt: 5.923 (5.923)  Accm: 3.48 (3.48)  Acct: 4.94 (4.94)  time: 0.9270  data: 0.3009
[10-31 19:14:40] (/VAR_train/utils/misc.py, line 314)=> [Ep]: [   1/20]  [1989/3979]  eta: 0:30:35  tlr: 0.00013  tnm: 0.46  Lm: 6.432 (6.418)  Lt: 5.869 (5.896)  Accm: 3.58 (3.51)  Acct: 5.17 (5.02)  time: 0.9075  data: 0.3002
[10-31 19:29:55] (/VAR_train/utils/misc.py, line 314)=> [Ep]: [   1/20]  [2983/3979]  eta: 0:15:17  tlr: 0.00012  tnm: 0.42  Lm: 6.429 (6.420)  Lt: 5.855 (5.879)  Accm: 3.59 (3.53)  Acct: 5.18 (5.06)  time: 0.9102  data: 0.3102
[10-31 19:45:10] (/VAR_train/utils/misc.py, line 314)=> [Ep]: [   1/20]  [3978/3979]  eta: 0:00:00  tlr: 0.00012  tnm: 0.42  Lm: 6.432 (6.427)  Lt: 5.842 (5.869)  Accm: 3.58 (3.47)  Acct: 5.17 (5.06)  time: 0.9335  data: 0.3076
[10-31 19:45:10] (/VAR_train/utils/misc.py, line 336)=> [Ep]: [   1/20]   Total time:      1:01:04   (0.921 s / it)
[10-31 19:45:10] (distill/train_distill.py, line 347)=>      [ep1]  (training )  Lm: 6.427 (6.427), Lt: 5.858 (5.858),  Acc m&t: 3.52 5.18,  Remain: 18:21:40,  Finish: 2025-11-01 14:06
[10-31 19:45:11] (/VAR_train/utils/misc.py, line 314)=> [Ep]: [   2/20]  [   0/3979]  eta: 0:59:57  tlr: 0.00012  tnm: 0.43  Lm: 6.367 (6.367)  Lt: 5.721 (5.721)  Accm: 3.81 (3.81)  Acct: 5.76 (5.76)  time: 0.9042  data: 0.3097
[10-31 20:00:28] (/VAR_train/utils/misc.py, line 314)=> [Ep]: [   2/20]  [ 994/3979]  eta: 0:45:53  tlr: 0.00012  tnm: 0.41  Lm: 6.378 (6.378)  Lt: 5.796 (5.796)  Accm: 3.72 (3.72)  Acct: 5.51 (5.51)  time: 0.9241  data: 0.3135
[10-31 20:15:45] (/VAR_train/utils/misc.py, line 314)=> [Ep]: [   2/20]  [1989/3979]  eta: 0:30:35  tlr: 0.00012  tnm: 0.41  Lm: 6.367 (6.348)  Lt: 5.721 (5.764)  Accm: 3.81 (3.86)  Acct: 5.76 (5.65)  time: 0.9202  data: 0.3270
[10-31 20:31:00] (/VAR_train/utils/misc.py, line 314)=> [Ep]: [   2/20]  [2983/3979]  eta: 0:15:17  tlr: 0.00012  tnm: 0.41  Lm: 6.328 (6.317)  Lt: 5.711 (5.742)  Accm: 3.97 (4.06)  Acct: 5.84 (5.87)  time: 0.9151  data: 0.3033
[10-31 20:46:16] (/VAR_train/utils/misc.py, line 314)=> [Ep]: [   2/20]  [3978/3979]  eta: 0:00:00  tlr: 0.00012  tnm: 0.41  Lm: 6.333 (6.320)  Lt: 5.701 (5.732)  Accm: 3.97 (4.05)  Acct: 5.93 (5.89)  time: 0.9387  data: 0.3093
[10-31 20:46:16] (/VAR_train/utils/misc.py, line 336)=> [Ep]: [   2/20]   Total time:      1:01:06   (0.921 s / it)
[10-31 20:47:44] (distill/train_distill.py, line 318)=>  [*] [ep2]  (val 50000)  Lm: 6.3501, Lt: 5.7283, Acc m&t: 3.85 5.77,  Val cost: 88.48s
[10-31 20:47:44] (distill/train_distill.py, line 326)=> [saving ckpt] ep3 ...     [saving ckpt](*) finished!  @ /home/project/real_prune/VAR_train/train_result/distill_d16_normal_256/ar-ckpt-ep003.pth (best)
[10-31 20:47:50] (distill/train_distill.py, line 347)=>      [ep2]  (training )  Lm: 6.350 (6.350), Lt: 5.728 (5.728),  Acc m&t: 3.85 5.77,  Remain: 17:28:55,  Finish: 2025-11-01 14:15
[10-31 20:47:51] (/VAR_train/utils/misc.py, line 314)=> [Ep]: [   3/20]  [   0/3979]  eta: 1:08:40  tlr: 0.00012  tnm: 0.42  Lm: 6.342 (6.342)  Lt: 5.739 (5.739)  Accm: 3.57 (3.57)  Acct: 5.25 (5.25)  time: 1.0355  data: 0.3137
[10-31 21:03:10] (/VAR_train/utils/misc.py, line 314)=> [Ep]: [   3/20]  [ 994/3979]  eta: 0:45:59  tlr: 0.00011  tnm: 0.40  Lm: 6.311 (6.311)  Lt: 5.691 (5.691)  Accm: 3.86 (3.86)  Acct: 5.72 (5.72)  time: 0.9392  data: 0.3080
[10-31 21:18:37] (/VAR_train/utils/misc.py, line 314)=> [Ep]: [   3/20]  [1989/3979]  eta: 0:30:47  tlr: 0.00011  tnm: 0.41  Lm: 6.288 (6.304)  Lt: 5.644 (5.663)  Accm: 4.14 (3.97)  Acct: 6.20 (5.90)  time: 0.9607  data: 0.3251
[10-31 21:34:15] (/VAR_train/utils/misc.py, line 314)=> [Ep]: [   3/20]  [2983/3979]  eta: 0:15:29  tlr: 0.00011  tnm: 0.40  Lm: 6.309 (6.310)  Lt: 5.654 (5.663)  Accm: 4.04 (3.96)  Acct: 6.05 (5.90)  time: 0.9346  data: 0.3220
[10-31 21:49:31] (/VAR_train/utils/misc.py, line 314)=> [Ep]: [   3/20]  [3978/3979]  eta: 0:00:00  tlr: 0.00011  tnm: 0.41  Lm: 6.330 (6.320)  Lt: 5.646 (5.660)  Accm: 3.93 (3.92)  Acct: 6.13 (5.95)  time: 0.9240  data: 0.3269
[10-31 21:49:31] (/VAR_train/utils/misc.py, line 336)=> [Ep]: [   3/20]   Total time:      1:01:41   (0.930 s / it)
[10-31 21:49:31] (distill/train_distill.py, line 347)=>      [ep3]  (training )  Lm: 6.312 (6.312), Lt: 5.681 (5.681),  Acc m&t: 3.99 6.00,  Remain: 16:04:39,  Finish: 2025-11-01 13:54
[10-31 21:49:32] (/VAR_train/utils/misc.py, line 314)=> [Ep]: [   4/20]  [   0/3979]  eta: 1:04:57  tlr: 0.00011  tnm: 0.41  Lm: 6.288 (6.288)  Lt: 5.673 (5.673)  Accm: 3.78 (3.78)  Acct: 5.93 (5.93)  time: 0.9796  data: 0.4271
[10-31 22:04:48] (/VAR_train/utils/misc.py, line 314)=> [Ep]: [   4/20]  [ 994/3979]  eta: 0:45:51  tlr: 0.00011  tnm: 0.42  Lm: 6.289 (6.289)  Lt: 5.644 (5.644)  Accm: 4.04 (4.04)  Acct: 6.09 (6.09)  time: 0.9270  data: 0.3232
[10-31 22:20:04] (/VAR_train/utils/misc.py, line 314)=> [Ep]: [   4/20]  [1989/3979]  eta: 0:30:32  tlr: 0.00011  tnm: 0.42  Lm: 6.288 (6.276)  Lt: 5.641 (5.643)  Accm: 4.30 (4.16)  Acct: 6.25 (6.20)  time: 0.9140  data: 0.2981
[10-31 22:35:17] (/VAR_train/utils/misc.py, line 314)=> [Ep]: [   4/20]  [2983/3979]  eta: 0:15:16  tlr: 0.00011  tnm: 0.41  Lm: 6.289 (6.293)  Lt: 5.628 (5.630)  Accm: 4.07 (4.08)  Acct: 6.26 (6.22)  time: 0.9415  data: 0.3094
[10-31 22:50:51] (/VAR_train/utils/misc.py, line 314)=> [Ep]: [   4/20]  [3978/3979]  eta: 0:00:00  tlr: 0.0001  tnm: 0.41  Lm: 6.290 (6.297)  Lt: 5.641 (5.632)  Accm: 3.92 (4.05)  Acct: 6.25 (6.19)  time: 0.9556  data: 0.3403
[10-31 22:50:51] (/VAR_train/utils/misc.py, line 336)=> [Ep]: [   4/20]   Total time:      1:01:20   (0.925 s / it)
[10-31 22:50:51] (distill/train_distill.py, line 347)=>      [ep4]  (training )  Lm: 6.280 (6.280), Lt: 5.639 (5.639),  Acc m&t: 4.15 6.23,  Remain: 15:47:58,  Finish: 2025-11-01 14:38
[10-31 22:50:52] (/VAR_train/utils/misc.py, line 314)=> [Ep]: [   5/20]  [   0/3979]  eta: 1:09:27  tlr: 0.0001  tnm: 0.40  Lm: 6.286 (6.286)  Lt: 5.658 (5.658)  Accm: 4.02 (4.02)  Acct: 6.25 (6.25)  time: 1.0474  data: 0.4948
[10-31 23:06:29] (/VAR_train/utils/misc.py, line 314)=> [Ep]: [   5/20]  [ 994/3979]  eta: 0:46:53  tlr: 0.0001  tnm: 0.40  Lm: 6.309 (6.309)  Lt: 5.666 (5.666)  Accm: 4.01 (4.01)  Acct: 6.23 (6.23)  time: 0.9197  data: 0.3081
[10-31 23:21:44] (/VAR_train/utils/misc.py, line 314)=> [Ep]: [   5/20]  [1989/3979]  eta: 0:30:53  tlr: 0.0001  tnm: 0.41  Lm: 6.331 (6.328)  Lt: 5.674 (5.675)  Accm: 4.00 (3.94)  Acct: 6.22 (6.17)  time: 0.9199  data: 0.3050
[10-31 23:36:58] (/VAR_train/utils/misc.py, line 314)=> [Ep]: [   5/20]  [2983/3979]  eta: 0:15:23  tlr: 9.9e-05  tnm: 0.40  Lm: 6.330 (6.328)  Lt: 5.684 (5.685)  Accm: 3.90 (3.89)  Acct: 6.13 (6.02)  time: 0.9211  data: 0.3074
[10-31 23:52:12] (/VAR_train/utils/misc.py, line 314)=> [Ep]: [   5/20]  [3978/3979]  eta: 0:00:00  tlr: 9.8e-05  tnm: 0.41  Lm: 6.328 (6.309)  Lt: 5.674 (5.664)  Accm: 4.00 (4.00)  Acct: 6.22 (6.13)  time: 0.9269  data: 0.3083
[10-31 23:52:12] (/VAR_train/utils/misc.py, line 336)=> [Ep]: [   5/20]   Total time:      1:01:20   (0.925 s / it)
[10-31 23:53:35] (distill/train_distill.py, line 318)=>  [*] [ep5]  (val 50000)  Lm: 6.2942, Lt: 5.6570, Acc m&t: 4.04 6.10,  Val cost: 83.00s
[10-31 23:53:35] (distill/train_distill.py, line 326)=> [saving ckpt] ep6 ...     [saving ckpt](*) finished!  @ /home/project/real_prune/VAR_train/train_result/distill_d16_normal_256/ar-ckpt-ep006.pth (best)
[10-31 23:53:43] (distill/train_distill.py, line 347)=>      [ep5]  (training )  Lm: 6.280 (6.294), Lt: 5.639 (5.657),  Acc m&t: 4.15 6.23,  Remain: 14:22:40,  Finish: 2025-11-01 14:14
[10-31 23:53:44] (/VAR_train/utils/misc.py, line 314)=> [Ep]: [   6/20]  [   0/3979]  eta: 0:58:17  tlr: 9.8e-05  tnm: 0.41  Lm: 6.355 (6.355)  Lt: 5.657 (5.657)  Accm: 3.65 (3.65)  Acct: 6.08 (6.08)  time: 0.8791  data: 0.2954
[11-01 00:08:58] (/VAR_train/utils/misc.py, line 314)=> [Ep]: [   6/20]  [ 994/3979]  eta: 0:45:43  tlr: 9.6e-05  tnm: 0.40  Lm: 6.350 (6.350)  Lt: 5.712 (5.712)  Accm: 3.68 (3.68)  Acct: 5.94 (5.94)  time: 0.9258  data: 0.3112
[11-01 00:24:12] (/VAR_train/utils/misc.py, line 314)=> [Ep]: [   6/20]  [1989/3979]  eta: 0:30:29  tlr: 9.5e-05  tnm: 0.41  Lm: 6.346 (6.348)  Lt: 5.657 (5.689)  Accm: 3.71 (3.74)  Acct: 6.08 (6.11)  time: 0.9205  data: 0.3165
[11-01 00:39:25] (/VAR_train/utils/misc.py, line 314)=> [Ep]: [   6/20]  [2983/3979]  eta: 0:15:15  tlr: 9.3e-05  tnm: 0.41  Lm: 6.350 (6.356)  Lt: 5.669 (5.687)  Accm: 3.72 (3.74)  Acct: 6.05 (6.09)  time: 0.9136  data: 0.3074
[11-01 00:54:42] (/VAR_train/utils/misc.py, line 314)=> [Ep]: [   6/20]  [3978/3979]  eta: 0:00:00  tlr: 9.2e-05  tnm: 0.43  Lm: 6.346 (6.340)  Lt: 5.657 (5.670)  Accm: 3.74 (3.83)  Acct: 6.08 (6.19)  time: 0.9254  data: 0.3128
[11-01 00:54:42] (/VAR_train/utils/misc.py, line 336)=> [Ep]: [   6/20]   Total time:      1:00:58   (0.920 s / it)
[11-01 00:54:42] (distill/train_distill.py, line 347)=>      [ep6]  (training )  Lm: 6.280 (6.291), Lt: 5.639 (5.642),  Acc m&t: 4.15 6.23,  Remain: 13:15:26,  Finish: 2025-11-01 14:10
[11-01 00:54:43] (/VAR_train/utils/misc.py, line 314)=> [Ep]: [   7/20]  [   0/3979]  eta: 1:01:13  tlr: 9.2e-05  tnm: 0.41  Lm: 6.326 (6.326)  Lt: 5.721 (5.721)  Accm: 4.10 (4.10)  Acct: 6.05 (6.05)  time: 0.9233  data: 0.3015
[11-01 01:09:56] (/VAR_train/utils/misc.py, line 314)=> [Ep]: [   7/20]  [ 994/3979]  eta: 0:45:41  tlr: 9e-05  tnm: 0.43  Lm: 6.320 (6.320)  Lt: 5.683 (5.683)  Accm: 3.98 (3.98)  Acct: 6.04 (6.04)  time: 0.9013  data: 0.3006
[11-01 01:25:10] (/VAR_train/utils/misc.py, line 314)=> [Ep]: [   7/20]  [1989/3979]  eta: 0:30:27  tlr: 8.9e-05  tnm: 0.42  Lm: 6.314 (6.287)  Lt: 5.645 (5.626)  Accm: 4.10 (4.05)  Acct: 6.05 (6.21)  time: 0.9188  data: 0.3063
[11-01 01:40:26] (/VAR_train/utils/misc.py, line 314)=> [Ep]: [   7/20]  [2983/3979]  eta: 0:15:15  tlr: 8.7e-05  tnm: 0.43  Lm: 6.318 (6.296)  Lt: 5.653 (5.635)  Accm: 3.98 (3.97)  Acct: 6.04 (6.15)  time: 0.8982  data: 0.3122
[11-01 01:55:39] (/VAR_train/utils/misc.py, line 314)=> [Ep]: [   7/20]  [3978/3979]  eta: 0:00:00  tlr: 8.6e-05  tnm: 0.42  Lm: 6.314 (6.273)  Lt: 5.645 (5.636)  Accm: 4.10 (4.17)  Acct: 6.05 (6.25)  time: 0.9017  data: 0.3074
[11-01 01:55:39] (/VAR_train/utils/misc.py, line 336)=> [Ep]: [   7/20]   Total time:      1:00:56   (0.919 s / it)
[11-01 01:55:39] (distill/train_distill.py, line 347)=>      [ep7]  (training )  Lm: 6.259 (6.259), Lt: 5.619 (5.619),  Acc m&t: 4.22 6.30,  Remain: 11:53:58,  Finish: 2025-11-01 13:49
[11-01 01:55:40] (/VAR_train/utils/misc.py, line 314)=> [Ep]: [   8/20]  [   0/3979]  eta: 1:03:25  tlr: 8.6e-05  tnm: 0.43  Lm: 6.203 (6.203)  Lt: 5.527 (5.527)  Accm: 4.25 (4.25)  Acct: 6.51 (6.51)  time: 0.9564  data: 0.3145
[11-01 02:10:54] (/VAR_train/utils/misc.py, line 314)=> [Ep]: [   8/20]  [ 994/3979]  eta: 0:45:46  tlr: 8.4e-05  tnm: 0.43  Lm: 6.203 (6.203)  Lt: 5.526 (5.526)  Accm: 4.27 (4.27)  Acct: 6.54 (6.54)  time: 0.9201  data: 0.3049
[11-01 02:26:08] (/VAR_train/utils/misc.py, line 314)=> [Ep]: [   8/20]  [1989/3979]  eta: 0:30:29  tlr: 8.2e-05  tnm: 0.42  Lm: 6.203 (6.210)  Lt: 5.527 (5.559)  Accm: 4.29 (4.28)  Acct: 6.56 (6.58)  time: 0.9278  data: 0.3087
[11-01 02:41:21] (/VAR_train/utils/misc.py, line 314)=> [Ep]: [   8/20]  [2983/3979]  eta: 0:15:15  tlr: 8.1e-05  tnm: 0.42  Lm: 6.214 (6.218)  Lt: 5.568 (5.572)  Accm: 4.27 (4.25)  Acct: 6.54 (6.53)  time: 0.9205  data: 0.3153
[11-01 02:56:33] (/VAR_train/utils/misc.py, line 314)=> [Ep]: [   8/20]  [3978/3979]  eta: 0:00:00  tlr: 7.9e-05  tnm: 0.45  Lm: 6.203 (6.206)  Lt: 5.527 (5.559)  Accm: 4.29 (4.40)  Acct: 6.56 (6.67)  time: 0.8988  data: 0.3012
[11-01 02:56:33] (/VAR_train/utils/misc.py, line 336)=> [Ep]: [   8/20]   Total time:      1:00:54   (0.918 s / it)
[11-01 02:57:56] (distill/train_distill.py, line 318)=>  [*] [ep8]  (val 50000)  Lm: 6.2484, Lt: 5.6110, Acc m&t: 4.34 6.47,  Val cost: 83.09s
[11-01 02:57:56] (distill/train_distill.py, line 326)=> [saving ckpt] ep9 ...     [saving ckpt](*) finished!  @ /home/project/real_prune/VAR_train/train_result/distill_d16_normal_256/ar-ckpt-ep009.pth (best)
[11-01 02:58:04] (distill/train_distill.py, line 347)=>      [ep8]  (training )  Lm: 6.248 (6.248), Lt: 5.611 (5.611),  Acc m&t: 4.34 6.47,  Remain: 10:51:11,  Finish: 2025-11-01 13:47
[11-01 02:58:05] (/VAR_train/utils/misc.py, line 314)=> [Ep]: [   9/20]  [   0/3979]  eta: 1:04:46  tlr: 7.9e-05  tnm: 0.45  Lm: 6.291 (6.291)  Lt: 5.683 (5.683)  Accm: 4.01 (4.01)  Acct: 5.58 (5.58)  time: 0.9769  data: 0.3199
[11-01 03:13:19] (/VAR_train/utils/misc.py, line 314)=> [Ep]: [   9/20]  [ 994/3979]  eta: 0:45:43  tlr: 7.8e-05  tnm: 0.43  Lm: 6.267 (6.267)  Lt: 5.683 (5.683)  Accm: 4.11 (4.11)  Acct: 5.96 (5.96)  time: 0.9273  data: 0.2978
[11-01 03:28:31] (/VAR_train/utils/misc.py, line 314)=> [Ep]: [   9/20]  [1989/3979]  eta: 0:30:26  tlr: 7.6e-05  tnm: 0.43  Lm: 6.243 (6.255)  Lt: 5.682 (5.657)  Accm: 4.19 (4.14)  Acct: 6.33 (6.08)  time: 0.8960  data: 0.3062
[11-01 03:43:46] (/VAR_train/utils/misc.py, line 314)=> [Ep]: [   9/20]  [2983/3979]  eta: 0:15:15  tlr: 7.5e-05  tnm: 0.44  Lm: 6.237 (6.236)  Lt: 5.644 (5.627)  Accm: 4.20 (4.31)  Acct: 6.33 (6.38)  time: 0.9221  data: 0.3041
[11-01 03:59:00] (/VAR_train/utils/misc.py, line 314)=> [Ep]: [   9/20]  [3978/3979]  eta: 0:00:00  tlr: 7.3e-05  tnm: 0.43  Lm: 6.243 (6.254)  Lt: 5.682 (5.645)  Accm: 4.19 (4.23)  Acct: 6.33 (6.30)  time: 0.9138  data: 0.3111
[11-01 03:59:00] (/VAR_train/utils/misc.py, line 336)=> [Ep]: [   9/20]   Total time:      1:00:55   (0.919 s / it)
[11-01 03:59:00] (distill/train_distill.py, line 347)=>      [ep9]  (training )  Lm: 6.242 (6.242), Lt: 5.593 (5.593),  Acc m&t: 4.34 6.48,  Remain: 9:57:54,  Finish: 2025-11-01 13:56
[11-01 03:59:01] (/VAR_train/utils/misc.py, line 314)=> [Ep]: [  10/20]  [   0/3979]  eta: 1:14:40  tlr: 7.3e-05  tnm: 0.43  Lm: 6.173 (6.173)  Lt: 5.529 (5.529)  Accm: 4.60 (4.60)  Acct: 6.70 (6.70)  time: 1.1261  data: 0.5740
[11-01 04:14:11] (/VAR_train/utils/misc.py, line 314)=> [Ep]: [  10/20]  [ 994/3979]  eta: 0:45:33  tlr: 7.2e-05  tnm: 0.43  Lm: 6.166 (6.166)  Lt: 5.531 (5.531)  Accm: 4.59 (4.59)  Acct: 6.59 (6.59)  time: 0.9346  data: 0.3131
[11-01 04:29:25] (/VAR_train/utils/misc.py, line 314)=> [Ep]: [  10/20]  [1989/3979]  eta: 0:30:24  tlr: 7e-05  tnm: 0.43  Lm: 6.173 (6.199)  Lt: 5.532 (5.549)  Accm: 4.57 (4.37)  Acct: 6.47 (6.40)  time: 0.9159  data: 0.3012
[11-01 04:44:38] (/VAR_train/utils/misc.py, line 314)=> [Ep]: [  10/20]  [2983/3979]  eta: 0:15:13  tlr: 6.9e-05  tnm: 0.44  Lm: 6.206 (6.209)  Lt: 5.553 (5.555)  Accm: 4.39 (4.33)  Acct: 6.38 (6.37)  time: 0.9080  data: 0.3163
[11-01 04:59:55] (/VAR_train/utils/misc.py, line 314)=> [Ep]: [  10/20]  [3978/3979]  eta: 0:00:00  tlr: 6.7e-05  tnm: 0.43  Lm: 6.238 (6.219)  Lt: 5.532 (5.549)  Accm: 4.20 (4.28)  Acct: 6.40 (6.38)  time: 0.9306  data: 0.3041
[11-01 04:59:55] (/VAR_train/utils/misc.py, line 336)=> [Ep]: [  10/20]   Total time:      1:00:54   (0.919 s / it)
[11-01 04:59:55] (distill/train_distill.py, line 347)=>      [ep10]  (training )  Lm: 6.242 (6.260), Lt: 5.593 (5.611),  Acc m&t: 4.34 6.48,  Remain: 9:12:16,  Finish: 2025-11-01 14:12
[11-01 04:59:55] (/VAR_train/utils/misc.py, line 314)=> [Ep]: [  11/20]  [   0/3979]  eta: 1:01:38  tlr: 6.7e-05  tnm: 0.44  Lm: 6.365 (6.365)  Lt: 5.692 (5.692)  Accm: 3.55 (3.55)  Acct: 5.85 (5.85)  time: 0.9294  data: 0.3484
[11-01 05:15:10] (/VAR_train/utils/misc.py, line 314)=> [Ep]: [  11/20]  [ 994/3979]  eta: 0:45:46  tlr: 6.6e-05  tnm: 0.45  Lm: 6.303 (6.303)  Lt: 5.632 (5.632)  Accm: 4.10 (4.10)  Acct: 6.37 (6.37)  time: 0.9146  data: 0.3128
[11-01 05:30:23] (/VAR_train/utils/misc.py, line 314)=> [Ep]: [  11/20]  [1989/3979]  eta: 0:30:28  tlr: 6.4e-05  tnm: 0.44  Lm: 6.241 (6.266)  Lt: 5.573 (5.590)  Accm: 4.53 (4.24)  Acct: 6.55 (6.43)  time: 0.9082  data: 0.3025
[11-01 05:45:37] (/VAR_train/utils/misc.py, line 314)=> [Ep]: [  11/20]  [2983/3979]  eta: 0:15:15  tlr: 6.3e-05  tnm: 0.44  Lm: 6.217 (6.248)  Lt: 5.549 (5.573)  Accm: 4.53 (4.32)  Acct: 6.55 (6.46)  time: 0.9206  data: 0.3257
[11-01 06:00:52] (/VAR_train/utils/misc.py, line 314)=> [Ep]: [  11/20]  [3978/3979]  eta: 0:00:00  tlr: 6.1e-05  tnm: 0.45  Lm: 6.214 (6.241)  Lt: 5.573 (5.578)  Accm: 4.53 (4.33)  Acct: 6.55 (6.37)  time: 0.9197  data: 0.3008
[11-01 06:00:52] (/VAR_train/utils/misc.py, line 336)=> [Ep]: [  11/20]   Total time:      1:00:57   (0.919 s / it)
[11-01 06:02:15] (distill/train_distill.py, line 318)=>  [*] [ep11]  (val 50000)  Lm: 6.2380, Lt: 5.5812, Acc m&t: 4.30 6.45,  Val cost: 82.87s
[11-01 06:02:15] (distill/train_distill.py, line 326)=> [saving ckpt] ep12 ...     [saving ckpt](*) finished!  @ /home/project/real_prune/VAR_train/train_result/distill_d16_normal_256/ar-ckpt-ep012.pth (best)
[11-01 06:02:23] (distill/train_distill.py, line 347)=>      [ep11]  (training )  Lm: 6.238 (6.238), Lt: 5.581 (5.581),  Acc m&t: 4.34 6.48,  Remain: 7:59:22,  Finish: 2025-11-01 14:00
[11-01 06:02:24] (/VAR_train/utils/misc.py, line 314)=> [Ep]: [  12/20]  [   0/3979]  eta: 0:57:28  tlr: 6.1e-05  tnm: 0.44  Lm: 6.198 (6.198)  Lt: 5.516 (5.516)  Accm: 4.71 (4.71)  Acct: 6.93 (6.93)  time: 0.8667  data: 0.3064
[11-01 06:17:36] (/VAR_train/utils/misc.py, line 314)=> [Ep]: [  12/20]  [ 994/3979]  eta: 0:45:40  tlr: 6e-05  tnm: 0.44  Lm: 6.222 (6.222)  Lt: 5.539 (5.539)  Accm: 4.30 (4.30)  Acct: 6.51 (6.51)  time: 0.9142  data: 0.3066
[11-01 06:32:50] (/VAR_train/utils/misc.py, line 314)=> [Ep]: [  12/20]  [1989/3979]  eta: 0:30:26  tlr: 5.8e-05  tnm: 0.46  Lm: 6.246 (6.245)  Lt: 5.563 (5.559)  Accm: 4.02 (4.21)  Acct: 6.60 (6.54)  time: 0.9275  data: 0.3179
[11-01 06:48:03] (/VAR_train/utils/misc.py, line 314)=> [Ep]: [  12/20]  [2983/3979]  eta: 0:15:14  tlr: 5.7e-05  tnm: 0.45  Lm: 6.222 (6.215)  Lt: 5.539 (5.530)  Accm: 4.35 (4.33)  Acct: 6.76 (6.65)  time: 0.9113  data: 0.3102
[11-01 07:03:19] (/VAR_train/utils/misc.py, line 314)=> [Ep]: [  12/20]  [3978/3979]  eta: 0:00:00  tlr: 5.5e-05  tnm: 0.45  Lm: 6.246 (6.235)  Lt: 5.563 (5.562)  Accm: 4.09 (4.28)  Acct: 6.60 (6.53)  time: 0.9149  data: 0.3126
[11-01 07:03:19] (/VAR_train/utils/misc.py, line 336)=> [Ep]: [  12/20]   Total time:      1:00:56   (0.919 s / it)
[11-01 07:03:19] (distill/train_distill.py, line 347)=>      [ep12]  (training )  Lm: 6.217 (6.217), Lt: 5.561 (5.561),  Acc m&t: 4.47 6.68,  Remain: 7:04:55,  Finish: 2025-11-01 14:08
[11-01 07:03:20] (/VAR_train/utils/misc.py, line 314)=> [Ep]: [  13/20]  [   0/3979]  eta: 1:05:05  tlr: 5.5e-05  tnm: 0.45  Lm: 6.211 (6.211)  Lt: 5.527 (5.527)  Accm: 4.20 (4.20)  Acct: 6.53 (6.53)  time: 0.9816  data: 0.4288
[11-01 07:18:33] (/VAR_train/utils/misc.py, line 314)=> [Ep]: [  13/20]  [ 994/3979]  eta: 0:45:41  tlr: 5.4e-05  tnm: 0.45  Lm: 6.214 (6.214)  Lt: 5.510 (5.510)  Accm: 4.37 (4.37)  Acct: 6.76 (6.76)  time: 0.9182  data: 0.3069
[11-01 07:33:46] (/VAR_train/utils/misc.py, line 314)=> [Ep]: [  13/20]  [1989/3979]  eta: 0:30:27  tlr: 5.2e-05  tnm: 0.46  Lm: 6.211 (6.179)  Lt: 5.493 (5.498)  Accm: 4.55 (4.69)  Acct: 7.00 (7.01)  time: 0.9192  data: 0.2992
[11-01 07:49:00] (/VAR_train/utils/misc.py, line 314)=> [Ep]: [  13/20]  [2983/3979]  eta: 0:15:14  tlr: 5.1e-05  tnm: 0.48  Lm: 6.214 (6.201)  Lt: 5.510 (5.532)  Accm: 4.37 (4.53)  Acct: 6.76 (6.78)  time: 0.9113  data: 0.3110
[11-01 08:04:16] (/VAR_train/utils/misc.py, line 314)=> [Ep]: [  13/20]  [3978/3979]  eta: 0:00:00  tlr: 4.9e-05  tnm: 0.46  Lm: 6.216 (6.219)  Lt: 5.527 (5.549)  Accm: 4.20 (4.42)  Acct: 6.53 (6.65)  time: 0.9318  data: 0.3097
[11-01 08:04:16] (/VAR_train/utils/misc.py, line 336)=> [Ep]: [  13/20]   Total time:      1:00:57   (0.919 s / it)
[11-01 08:04:16] (distill/train_distill.py, line 347)=>      [ep13]  (training )  Lm: 6.217 (6.222), Lt: 5.561 (5.568),  Acc m&t: 4.47 6.68,  Remain: 6:03:14,  Finish: 2025-11-01 14:07
[11-01 08:04:17] (/VAR_train/utils/misc.py, line 314)=> [Ep]: [  14/20]  [   0/3979]  eta: 0:58:53  tlr: 4.9e-05  tnm: 0.47  Lm: 6.273 (6.273)  Lt: 5.616 (5.616)  Accm: 4.35 (4.35)  Acct: 6.62 (6.62)  time: 0.8881  data: 0.2977
[11-01 08:19:28] (/VAR_train/utils/misc.py, line 314)=> [Ep]: [  14/20]  [ 994/3979]  eta: 0:45:36  tlr: 4.8e-05  tnm: 0.46  Lm: 6.290 (6.290)  Lt: 5.601 (5.601)  Accm: 4.12 (4.12)  Acct: 6.37 (6.37)  time: 0.9205  data: 0.3123
[11-01 08:34:42] (/VAR_train/utils/misc.py, line 314)=> [Ep]: [  14/20]  [1989/3979]  eta: 0:30:26  tlr: 4.6e-05  tnm: 0.46  Lm: 6.307 (6.306)  Lt: 5.616 (5.642)  Accm: 3.90 (4.01)  Acct: 6.12 (6.24)  time: 0.9190  data: 0.3084
[11-01 08:49:56] (/VAR_train/utils/misc.py, line 314)=> [Ep]: [  14/20]  [2983/3979]  eta: 0:15:14  tlr: 4.4e-05  tnm: 0.47  Lm: 6.290 (6.292)  Lt: 5.601 (5.623)  Accm: 4.05 (4.06)  Acct: 6.31 (6.30)  time: 0.9223  data: 0.3090
[11-01 09:05:09] (/VAR_train/utils/misc.py, line 314)=> [Ep]: [  14/20]  [3978/3979]  eta: 0:00:00  tlr: 4.3e-05  tnm: 0.49  Lm: 6.273 (6.280)  Lt: 5.585 (5.613)  Accm: 4.21 (4.10)  Acct: 6.39 (6.32)  time: 0.9162  data: 0.3124
[11-01 09:05:09] (/VAR_train/utils/misc.py, line 336)=> [Ep]: [  14/20]   Total time:      1:00:53   (0.918 s / it)
[11-01 09:06:33] (distill/train_distill.py, line 318)=>  [*] [ep14]  (val 50000)  Lm: 6.2393, Lt: 5.5785, Acc m&t: 4.29 6.52,  Val cost: 83.31s
[11-01 09:06:33] (distill/train_distill.py, line 326)=> [saving ckpt] ep15 ...     [saving ckpt](*) finished!  @ /home/project/real_prune/VAR_train/train_result/distill_d16_normal_256/ar-ckpt-ep015.pth (best)
[11-01 09:06:40] (distill/train_distill.py, line 347)=>      [ep14]  (training )  Lm: 6.217 (6.239), Lt: 5.561 (5.579),  Acc m&t: 4.47 6.68,  Remain: 5:01:35,  Finish: 2025-11-01 14:06
[11-01 09:06:41] (/VAR_train/utils/misc.py, line 314)=> [Ep]: [  15/20]  [   0/3979]  eta: 1:03:41  tlr: 4.3e-05  tnm: 0.47  Lm: 6.128 (6.128)  Lt: 5.531 (5.531)  Accm: 4.82 (4.82)  Acct: 6.74 (6.74)  time: 0.9604  data: 0.3384
[11-01 09:21:54] (/VAR_train/utils/misc.py, line 314)=> [Ep]: [  15/20]  [ 994/3979]  eta: 0:45:40  tlr: 4.1e-05  tnm: 0.49  Lm: 6.131 (6.131)  Lt: 5.478 (5.478)  Accm: 4.81 (4.81)  Acct: 6.86 (6.86)  time: 0.9296  data: 0.3266
[11-01 09:37:07] (/VAR_train/utils/misc.py, line 314)=> [Ep]: [  15/20]  [1989/3979]  eta: 0:30:26  tlr: 4e-05  tnm: 0.49  Lm: 6.133 (6.138)  Lt: 5.531 (5.497)  Accm: 4.82 (4.84)  Acct: 6.82 (6.84)  time: 0.9259  data: 0.3233
[11-01 09:52:22] (/VAR_train/utils/misc.py, line 314)=> [Ep]: [  15/20]  [2983/3979]  eta: 0:15:14  tlr: 3.8e-05  tnm: 0.48  Lm: 6.142 (6.149)  Lt: 5.510 (5.495)  Accm: 4.81 (4.76)  Acct: 6.81 (6.84)  time: 0.9251  data: 0.3051
[11-01 10:07:34] (/VAR_train/utils/misc.py, line 314)=> [Ep]: [  15/20]  [3978/3979]  eta: 0:00:00  tlr: 3.7e-05  tnm: 0.48  Lm: 6.152 (6.163)  Lt: 5.531 (5.505)  Accm: 4.80 (4.71)  Acct: 6.82 (6.85)  time: 0.9461  data: 0.3033
[11-01 10:07:34] (/VAR_train/utils/misc.py, line 336)=> [Ep]: [  15/20]   Total time:      1:00:53   (0.918 s / it)
[11-01 10:07:34] (distill/train_distill.py, line 347)=>      [ep15]  (training )  Lm: 6.210 (6.210), Lt: 5.549 (5.549),  Acc m&t: 4.47 6.68,  Remain: 4:07:58,  Finish: 2025-11-01 14:15
[11-01 10:07:35] (/VAR_train/utils/misc.py, line 314)=> [Ep]: [  16/20]  [   0/3979]  eta: 1:04:29  tlr: 3.7e-05  tnm: 0.48  Lm: 6.091 (6.091)  Lt: 5.417 (5.417)  Accm: 5.05 (5.05)  Acct: 7.62 (7.62)  time: 0.9726  data: 0.3178
[11-01 10:22:47] (/VAR_train/utils/misc.py, line 314)=> [Ep]: [  16/20]  [ 994/3979]  eta: 0:45:36  tlr: 3.5e-05  tnm: 0.48  Lm: 6.159 (6.159)  Lt: 5.494 (5.494)  Accm: 4.82 (4.82)  Acct: 7.08 (7.08)  time: 0.9190  data: 0.3181
[11-01 10:38:02] (/VAR_train/utils/misc.py, line 314)=> [Ep]: [  16/20]  [1989/3979]  eta: 0:30:28  tlr: 3.4e-05  tnm: 0.50  Lm: 6.227 (6.187)  Lt: 5.570 (5.520)  Accm: 4.58 (4.58)  Acct: 6.55 (6.89)  time: 0.9367  data: 0.3210
[11-01 10:53:13] (/VAR_train/utils/misc.py, line 314)=> [Ep]: [  16/20]  [2983/3979]  eta: 0:15:14  tlr: 3.2e-05  tnm: 0.49  Lm: 6.235 (6.201)  Lt: 5.571 (5.546)  Accm: 4.63 (4.60)  Acct: 6.74 (6.90)  time: 0.9136  data: 0.3122
[11-01 11:08:28] (/VAR_train/utils/misc.py, line 314)=> [Ep]: [  16/20]  [3978/3979]  eta: 0:00:00  tlr: 3.1e-05  tnm: 0.49  Lm: 6.227 (6.206)  Lt: 5.570 (5.537)  Accm: 4.58 (4.56)  Acct: 6.94 (6.94)  time: 0.9210  data: 0.3047
[11-01 11:08:28] (/VAR_train/utils/misc.py, line 336)=> [Ep]: [  16/20]   Total time:      1:00:53   (0.918 s / it)
[11-01 11:08:28] (distill/train_distill.py, line 347)=>      [ep16]  (training )  Lm: 6.200 (6.200), Lt: 5.539 (5.539),  Acc m&t: 4.47 6.77,  Remain: 3:04:17,  Finish: 2025-11-01 14:12
[11-01 11:08:29] (/VAR_train/utils/misc.py, line 314)=> [Ep]: [  17/20]  [   0/3979]  eta: 1:01:42  tlr: 3.1e-05  tnm: 0.49  Lm: 6.190 (6.190)  Lt: 5.601 (5.601)  Accm: 4.40 (4.40)  Acct: 6.56 (6.56)  time: 0.9306  data: 0.3221
[11-01 11:23:45] (/VAR_train/utils/misc.py, line 314)=> [Ep]: [  17/20]  [ 994/3979]  eta: 0:45:50  tlr: 2.9e-05  tnm: 0.48  Lm: 6.196 (6.196)  Lt: 5.567 (5.567)  Accm: 4.57 (4.57)  Acct: 6.73 (6.73)  time: 0.9330  data: 0.3164
[11-01 11:38:57] (/VAR_train/utils/misc.py, line 314)=> [Ep]: [  17/20]  [1989/3979]  eta: 0:30:29  tlr: 2.8e-05  tnm: 0.49  Lm: 6.194 (6.195)  Lt: 5.533 (5.551)  Accm: 4.42 (4.52)  Acct: 6.90 (6.80)  time: 0.9004  data: 0.3151
[11-01 11:54:10] (/VAR_train/utils/misc.py, line 314)=> [Ep]: [  17/20]  [2983/3979]  eta: 0:15:15  tlr: 2.6e-05  tnm: 0.48  Lm: 6.197 (6.220)  Lt: 5.567 (5.574)  Accm: 4.41 (4.37)  Acct: 6.73 (6.66)  time: 0.9239  data: 0.3320
[11-01 12:09:21] (/VAR_train/utils/misc.py, line 314)=> [Ep]: [  17/20]  [3978/3979]  eta: 0:00:00  tlr: 2.5e-05  tnm: 0.50  Lm: 6.201 (6.219)  Lt: 5.533 (5.559)  Accm: 4.40 (4.36)  Acct: 6.89 (6.71)  time: 0.8949  data: 0.2931
[11-01 12:09:21] (/VAR_train/utils/misc.py, line 336)=> [Ep]: [  17/20]   Total time:      1:00:52   (0.918 s / it)
[11-01 12:10:44] (distill/train_distill.py, line 318)=>  [*] [ep17]  (val 50000)  Lm: 6.2104, Lt: 5.5457, Acc m&t: 4.44 6.71,  Val cost: 82.90s
[11-01 12:10:44] (distill/train_distill.py, line 326)=> [saving ckpt] ep18 ...     [saving ckpt](*) finished!  @ /home/project/real_prune/VAR_train/train_result/distill_d16_normal_256/ar-ckpt-ep018.pth (best)
[11-01 12:10:51] (distill/train_distill.py, line 347)=>      [ep17]  (training )  Lm: 6.200 (6.210), Lt: 5.539 (5.546),  Acc m&t: 4.47 6.77,  Remain: 1:58:24,  Finish: 2025-11-01 14:07
[11-01 12:10:52] (/VAR_train/utils/misc.py, line 314)=> [Ep]: [  18/20]  [   0/3979]  eta: 1:04:38  tlr: 2.5e-05  tnm: 0.49  Lm: 6.257 (6.257)  Lt: 5.608 (5.608)  Accm: 3.88 (3.88)  Acct: 5.79 (5.79)  time: 0.9748  data: 0.3145
[11-01 12:26:03] (/VAR_train/utils/misc.py, line 314)=> [Ep]: [  18/20]  [ 994/3979]  eta: 0:45:36  tlr: 2.3e-05  tnm: 0.50  Lm: 6.220 (6.220)  Lt: 5.552 (5.552)  Accm: 4.26 (4.26)  Acct: 6.29 (6.29)  time: 0.9097  data: 0.3110
[11-01 12:41:17] (/VAR_train/utils/misc.py, line 314)=> [Ep]: [  18/20]  [1989/3979]  eta: 0:30:25  tlr: 2.2e-05  tnm: 0.50  Lm: 6.257 (6.235)  Lt: 5.537 (5.547)  Accm: 4.23 (4.25)  Acct: 6.78 (6.47)  time: 0.9045  data: 0.3079
[11-01 12:56:29] (/VAR_train/utils/misc.py, line 314)=> [Ep]: [  18/20]  [2983/3979]  eta: 0:15:13  tlr: 2e-05  tnm: 0.50  Lm: 6.220 (6.217)  Lt: 5.516 (5.529)  Accm: 4.44 (4.37)  Acct: 6.81 (6.66)  time: 0.9026  data: 0.3085
[11-01 13:11:44] (/VAR_train/utils/misc.py, line 314)=> [Ep]: [  18/20]  [3978/3979]  eta: 0:00:00  tlr: 1.9e-05  tnm: 0.50  Lm: 6.257 (6.232)  Lt: 5.537 (5.553)  Accm: 4.33 (4.36)  Acct: 6.78 (6.64)  time: 0.9220  data: 0.3068
[11-01 13:11:44] (/VAR_train/utils/misc.py, line 336)=> [Ep]: [  18/20]   Total time:      1:00:52   (0.918 s / it)
[11-01 13:11:44] (distill/train_distill.py, line 347)=>      [ep18]  (training )  Lm: 6.181 (6.181), Lt: 5.511 (5.511),  Acc m&t: 4.62 6.97,  Remain: 1:01:09,  Finish: 2025-11-01 14:12
[11-01 13:11:45] (/VAR_train/utils/misc.py, line 314)=> [Ep]: [  19/20]  [   0/3979]  eta: 1:02:07  tlr: 1.9e-05  tnm: 0.50  Lm: 6.204 (6.204)  Lt: 5.545 (5.545)  Accm: 4.36 (4.36)  Acct: 6.44 (6.44)  time: 0.9368  data: 0.2920
[11-01 13:26:56] (/VAR_train/utils/misc.py, line 314)=> [Ep]: [  19/20]  [ 994/3979]  eta: 0:45:36  tlr: 1.7e-05  tnm: 0.51  Lm: 6.115 (6.115)  Lt: 5.478 (5.478)  Accm: 4.95 (4.95)  Acct: 6.86 (6.86)  time: 0.9133  data: 0.3047
[11-01 13:42:10] (/VAR_train/utils/misc.py, line 314)=> [Ep]: [  19/20]  [1989/3979]  eta: 0:30:26  tlr: 1.6e-05  tnm: 0.50  Lm: 6.204 (6.158)  Lt: 5.545 (5.503)  Accm: 4.36 (4.70)  Acct: 6.54 (6.75)  time: 0.9032  data: 0.3104
[11-01 13:57:23] (/VAR_train/utils/misc.py, line 314)=> [Ep]: [  19/20]  [2983/3979]  eta: 0:15:14  tlr: 1.4e-05  tnm: 0.51  Lm: 6.185 (6.160)  Lt: 5.528 (5.505)  Accm: 4.47 (4.67)  Acct: 6.65 (6.76)  time: 0.9101  data: 0.3030
[11-01 14:12:36] (/VAR_train/utils/misc.py, line 314)=> [Ep]: [  19/20]  [3978/3979]  eta: 0:00:00  tlr: 1.3e-05  tnm: 0.50  Lm: 6.166 (6.150)  Lt: 5.510 (5.481)  Accm: 4.58 (4.70)  Acct: 6.77 (6.89)  time: 0.9241  data: 0.3138
[11-01 14:12:36] (/VAR_train/utils/misc.py, line 336)=> [Ep]: [  19/20]   Total time:      1:00:52   (0.918 s / it)
[11-01 14:13:59] (distill/train_distill.py, line 318)=>  [*] [ep19]  (val 50000)  Lm: 6.1880, Lt: 5.5207, Acc m&t: 4.50 6.82,  Val cost: 82.98s
[11-01 14:13:59] (distill/train_distill.py, line 326)=> [saving ckpt] ep20 ...     [saving ckpt](*) finished!  @ /home/project/real_prune/VAR_train/train_result/distill_d16_normal_256/ar-ckpt-ep020.pth (best)
[11-01 14:14:07] (distill/train_distill.py, line 347)=>      [ep19]  (training )  Lm: 6.181 (6.188), Lt: 5.511 (5.521),  Acc m&t: 4.62 6.97,  Remain: 0:00:14,  Finish: 2025-11-01 14:12
[11-01 14:14:07] (distill/train_distill.py, line 353)=> \n\n
[11-01 14:14:07] (distill/train_distill.py, line 354)=>   [*] [蒸馏训练完成]  总耗时: 20.5h,   Lm: 6.181 (6.187970747266497),   Lt: 5.511 (5.520729051317487)
[11-01 14:14:07] (distill/train_distill.py, line 370)=> \n\n
[11-01 14:14:13] (distill/train_distill.py, line 377)=> final args:

{
  data_path           : /home/project/ImageNet-1K
  exp_name            : text
  vfast               : 0
  vae_path            : /home/project/daily/AR/model_zoo/vae_ch160v4096z32.pth
  var_path            : /home/project/real_prune/slimgpt_pub_prune/sparsity_model/prune_d16_0.4sparsity_150i_256eva_scale.pth
  tfast               : 0
  depth               : 16
  sparsity            : 0.4
  ini                 : -1
  hd                  : 0.02
  aln                 : 0.5
  alng                : 0.001
  fp16                : 1
  tblr                : 0.0001
  tlr                 : 0.00012578125
  twd                 : 0.05
  twde                : 0.05
  tclip               : 2.0
  ls                  : 0.0
  maxlayer            : 16
  bs                  : 322
  batch_size          : 46
  glb_batch_size      : 322
  ac                  : 1
  ep                  : 20
  wp                  : 0.4
  wp0                 : 0.005
  wpe                 : 0.1
  sche                : lin0
  opt                 : adamw
  afuse               : True
  saln                : False
  anorm               : True
  fuse                : True
  pn                  : 1_2_3_4_5_6_8_10_13_16
  patch_size          : 16
  patch_nums          : (1, 2, 3, 4, 5, 6, 8, 10, 13, 16)
  resos               : (16, 32, 48, 64, 80, 96, 128, 160, 208, 256)
  data_load_reso      : 256
  mid_reso            : 1.125
  hflip               : False
  workers             : 0
  pg                  : 0.0
  pg0                 : 4
  pgwp                : 0.06666666666666667
  ckpt_save_interval  : 3
  cmd                 : --enable_distillation=1 --teacher_model_path=/home/project/daily/AR/model_zoo/var_d16.pth --teacher_depth=16 --distill_type=normal --distill_alpha=0.5 --distill_beta=0.5 --depth=16 --bs=320 --ep=20 --fp16=1 --alng=1e-3 --wpe=0.1 --sparsity=0.4 --var_path=/home/project/real_prune/slimgpt_pub_prune/sparsity_model/prune_d16_0.4sparsity_150i_256eva_scale.pth --vae_path=/home/project/daily/AR/model_zoo/vae_ch160v4096z32.pth --data_path=/home/project/ImageNet-1K --local_out_dir_path=/home/project/real_prune/VAR_train/train_result/distill_d16_normal_256
  branch              : main
  commit_id           : 1bf7cb2895b8461062f9dbaf1daffb729258724e
  commit_msg          : 25.9.25
  acc_mean            : 4.504841129694666
  acc_tail            : 6.8242916996989935
  L_mean              : 6.187970747266497
  L_tail              : 5.520729051317487
  vacc_mean           : 4.640755653381348
  vacc_tail           : 7.185609340667725
  vL_mean             : 6.150829792022705
  vL_tail             : 5.442246913909912
  grad_norm           : 0.5040505230426788
  cur_lr              : 1.2578125e-05
  cur_wd              : 0.05
  cur_it              : 3979/3979
  cur_ep              : 20/20
  remain_time         : -
  finish_time         : 2025-11-01 14:13
  local_out_dir_path  : /home/project/real_prune/VAR_train/train_result/distill_d16_normal_256
  tb_log_dir_path     : /home/project/real_prune/VAR_train/train_result/distill_d16_normal_256/tb-VARd16__pn1_2_3_4_5_6_8_10_13_16__b322ep20adamlr0.0001wd0.05
  log_txt_path        : /home/project/real_prune/VAR_train/train_result/distill_d16_normal_256/log.txt
  last_ckpt_path      : /home/project/real_prune/VAR_train/train_result/distill_d16_normal_256/ar-ckpt-last.pth
  tf32                : True
  seed                : None
  transfer            : False
  enable_distillation : False
  teacher_model_path  : /home/project/daily/AR/model_zoo/var_d16.pth
  teacher_depth       : 16
  distill_type        : normal
  distill_alpha       : 0.5
  distill_beta        : 0.5
  distill_temperature : 4.0
  scale_weights_str   : 2.0,1.8,1.6,1.4,1.2,1.0,0.8,0.6,0.4,0.2
  use_feature_distill : False
  feature_layers_str  : 4,8,12,15
  use_attention_distill: False
  distill_warmup_epochs: 5
  distill_schedule    : constant
  same_seed_for_all_ranks: 0
  local_debug         : False
  dbg_nan             : False
}

W1101 14:19:20.175000 1917750 site-packages/torch/distributed/run.py:803] 
W1101 14:19:20.175000 1917750 site-packages/torch/distributed/run.py:803] *****************************************
W1101 14:19:20.175000 1917750 site-packages/torch/distributed/run.py:803] Setting OMP_NUM_THREADS environment variable for each process to be 1 in default, to avoid your system being overloaded, please further tune the variable for optimal performance in your application as needed. 
W1101 14:19:20.175000 1917750 site-packages/torch/distributed/run.py:803] *****************************************
[dist initialize] mp method=spawn
[lrk=2, rk=2]
[dist initialize] mp method=spawn
[dist initialize] mp method=spawn
[lrk=4, rk=4]
[lrk=1, rk=1]
[dist initialize] mp method=spawn
[dist initialize] mp method=spawn
[lrk=5, rk=5]
[lrk=3, rk=3]
[dist initialize] mp method=spawn
[dist initialize] mp method=spawn
[lrk=0, rk=0]
[lrk=6, rk=6]
/root/miniconda3/envs/var/lib/python3.10/site-packages/torch/distributed/distributed_c10d.py:4876: UserWarning: barrier(): using the device under current context. You can specify `device_id` in `init_process_group` to mute this warning.
  warnings.warn(  # warn only once
[rank0]:[W1101 14:19:24.218924657 ProcessGroupNCCL.cpp:5068] Guessing device ID based on global rank. This can cause a hang if rank to GPU mapping is heterogeneous. You can specify device_id in init_process_group()
/root/miniconda3/envs/var/lib/python3.10/site-packages/torch/backends/__init__.py:46: UserWarning: Please use the new API settings to control TF32 behavior, such as torch.backends.cudnn.conv.fp32_precision = 'tf32' or torch.backends.cuda.matmul.fp32_precision = 'ieee'. Old settings, e.g, torch.backends.cuda.matmul.allow_tf32 = True, torch.backends.cudnn.allow_tf32 = True, allowTF32CuDNN() and allowTF32CuBLAS() will be deprecated after Pytorch 2.9. Please see https://pytorch.org/docs/main/notes/cuda.html#tensorfloat-32-tf32-on-ampere-and-later-devices (Triggered internally at /pytorch/aten/src/ATen/Context.cpp:80.)
  self.setter(val)
/root/miniconda3/envs/var/lib/python3.10/site-packages/torch/backends/__init__.py:46: UserWarning: Please use the new API settings to control TF32 behavior, such as torch.backends.cudnn.conv.fp32_precision = 'tf32' or torch.backends.cuda.matmul.fp32_precision = 'ieee'. Old settings, e.g, torch.backends.cuda.matmul.allow_tf32 = True, torch.backends.cudnn.allow_tf32 = True, allowTF32CuDNN() and allowTF32CuBLAS() will be deprecated after Pytorch 2.9. Please see https://pytorch.org/docs/main/notes/cuda.html#tensorfloat-32-tf32-on-ampere-and-later-devices (Triggered internally at /pytorch/aten/src/ATen/Context.cpp:80.)
  self.setter(val)
/root/miniconda3/envs/var/lib/python3.10/site-packages/torch/backends/__init__.py:46: UserWarning: Please use the new API settings to control TF32 behavior, such as torch.backends.cudnn.conv.fp32_precision = 'tf32' or torch.backends.cuda.matmul.fp32_precision = 'ieee'. Old settings, e.g, torch.backends.cuda.matmul.allow_tf32 = True, torch.backends.cudnn.allow_tf32 = True, allowTF32CuDNN() and allowTF32CuBLAS() will be deprecated after Pytorch 2.9. Please see https://pytorch.org/docs/main/notes/cuda.html#tensorfloat-32-tf32-on-ampere-and-later-devices (Triggered internally at /pytorch/aten/src/ATen/Context.cpp:80.)
  self.setter(val)
/root/miniconda3/envs/var/lib/python3.10/site-packages/torch/backends/__init__.py:46: UserWarning: Please use the new API settings to control TF32 behavior, such as torch.backends.cudnn.conv.fp32_precision = 'tf32' or torch.backends.cuda.matmul.fp32_precision = 'ieee'. Old settings, e.g, torch.backends.cuda.matmul.allow_tf32 = True, torch.backends.cudnn.allow_tf32 = True, allowTF32CuDNN() and allowTF32CuBLAS() will be deprecated after Pytorch 2.9. Please see https://pytorch.org/docs/main/notes/cuda.html#tensorfloat-32-tf32-on-ampere-and-later-devices (Triggered internally at /pytorch/aten/src/ATen/Context.cpp:80.)
  self.setter(val)
/root/miniconda3/envs/var/lib/python3.10/site-packages/torch/backends/__init__.py:46: UserWarning: Please use the new API settings to control TF32 behavior, such as torch.backends.cudnn.conv.fp32_precision = 'tf32' or torch.backends.cuda.matmul.fp32_precision = 'ieee'. Old settings, e.g, torch.backends.cuda.matmul.allow_tf32 = True, torch.backends.cudnn.allow_tf32 = True, allowTF32CuDNN() and allowTF32CuBLAS() will be deprecated after Pytorch 2.9. Please see https://pytorch.org/docs/main/notes/cuda.html#tensorfloat-32-tf32-on-ampere-and-later-devices (Triggered internally at /pytorch/aten/src/ATen/Context.cpp:80.)
  self.setter(val)
/root/miniconda3/envs/var/lib/python3.10/site-packages/torch/backends/__init__.py:46: UserWarning: Please use the new API settings to control TF32 behavior, such as torch.backends.cudnn.conv.fp32_precision = 'tf32' or torch.backends.cuda.matmul.fp32_precision = 'ieee'. Old settings, e.g, torch.backends.cuda.matmul.allow_tf32 = True, torch.backends.cudnn.allow_tf32 = True, allowTF32CuDNN() and allowTF32CuBLAS() will be deprecated after Pytorch 2.9. Please see https://pytorch.org/docs/main/notes/cuda.html#tensorfloat-32-tf32-on-ampere-and-later-devices (Triggered internally at /pytorch/aten/src/ATen/Context.cpp:80.)
  self.setter(val)
/root/miniconda3/envs/var/lib/python3.10/site-packages/torch/backends/__init__.py:46: UserWarning: Please use the new API settings to control TF32 behavior, such as torch.backends.cudnn.conv.fp32_precision = 'tf32' or torch.backends.cuda.matmul.fp32_precision = 'ieee'. Old settings, e.g, torch.backends.cuda.matmul.allow_tf32 = True, torch.backends.cudnn.allow_tf32 = True, allowTF32CuDNN() and allowTF32CuBLAS() will be deprecated after Pytorch 2.9. Please see https://pytorch.org/docs/main/notes/cuda.html#tensorfloat-32-tf32-on-ampere-and-later-devices (Triggered internally at /pytorch/aten/src/ATen/Context.cpp:80.)
  self.setter(val)
[11-01 14:19:25] (_train/utils/arg_util.py, line 241)=> [tf32] [precis] torch.get_float32_matmul_precision(): high
[11-01 14:19:25] (_train/utils/arg_util.py, line 242)=> [tf32] [ conv ] torch.backends.cudnn.allow_tf32: True
[11-01 14:19:25] (_train/utils/arg_util.py, line 243)=> [tf32] [matmul] torch.backends.cuda.matmul.allow_tf32: True
[11-01 14:19:25] (_train/utils/arg_util.py, line 190)=> [蒸馏参数验证] 通过 - 类型:scale_aware, 权重:0.7/0.3
[11-01 14:19:25] (distill/train_distill.py, line 258)=> [参数验证] 蒸馏参数验证通过
[11-01 14:19:25] (distill/train_distill.py, line  63)=> global bs=322, local bs=46
[11-01 14:19:25] (distill/train_distill.py, line  64)=> initial args:\n{
  data_path           : /home/project/ImageNet-1K
  exp_name            : text
  vfast               : 0
  vae_path            : /home/project/daily/AR/model_zoo/vae_ch160v4096z32.pth
  var_path            : /home/project/real_prune/slimgpt_pub_prune/sparsity_model/prune_d16_0.4sparsity_150i_256eva_scale.pth
  tfast               : 0
  depth               : 16
  sparsity            : 0.4
  ini                 : -1
  hd                  : 0.02
  aln                 : 0.5
  alng                : 0.001
  fp16                : 1
  tblr                : 0.0001
  tlr                 : 0.00012578125
  twd                 : 0.05
  twde                : 0.05
  tclip               : 2.0
  ls                  : 0.0
  maxlayer            : 16
  bs                  : 322
  batch_size          : 46
  glb_batch_size      : 322
  ac                  : 1
  ep                  : 20
  wp                  : 0.4
  wp0                 : 0.005
  wpe                 : 0.1
  sche                : lin0
  opt                 : adamw
  afuse               : True
  saln                : False
  anorm               : True
  fuse                : True
  pn                  : 1_2_3_4_5_6_8_10_13_16
  patch_size          : 16
  patch_nums          : (1, 2, 3, 4, 5, 6, 8, 10, 13, 16)
  resos               : (16, 32, 48, 64, 80, 96, 128, 160, 208, 256)
  data_load_reso      : 256
  mid_reso            : 1.125
  hflip               : False
  workers             : 0
  pg                  : 0.0
  pg0                 : 4
  pgwp                : 0.06666666666666667
  ckpt_save_interval  : 3
  cmd                 : --enable_distillation=1 --teacher_model_path=/home/project/daily/AR/model_zoo/var_d16.pth --teacher_depth=16 --distill_type=scale_aware --scale_weights_str=2.0,1.8,1.6,1.4,1.2,1.0,0.8,0.6,0.4,0.2 --distill_alpha=0.7 --distill_beta=0.3 --depth=16 --bs=320 --ep=20 --fp16=1 --alng=1e-3 --wpe=0.1 --sparsity=0.4 --var_path=/home/project/real_prune/slimgpt_pub_prune/sparsity_model/prune_d16_0.4sparsity_150i_256eva_scale.pth --vae_path=/home/project/daily/AR/model_zoo/vae_ch160v4096z32.pth --data_path=/home/project/ImageNet-1K --local_out_dir_path=/home/project/real_prune/VAR_train/distill_d16_scale_aware_256
  branch              : main
  commit_id           : 1bf7cb2895b8461062f9dbaf1daffb729258724e
  commit_msg          : 25.9.25
  acc_mean            : None
  acc_tail            : None
  L_mean              : None
  L_tail              : None
  vacc_mean           : None
  vacc_tail           : None
  vL_mean             : None
  vL_tail             : None
  grad_norm           : None
  cur_lr              : None
  cur_wd              : None
  cur_it              : 
  cur_ep              : 
  remain_time         : 
  finish_time         : 
  local_out_dir_path  : /home/project/real_prune/VAR_train/distill_d16_scale_aware_256
  tb_log_dir_path     : /home/project/real_prune/VAR_train/distill_d16_scale_aware_256/tb-VARd16__pn1_2_3_4_5_6_8_10_13_16__b322ep20adamlr0.0001wd0.05
  log_txt_path        : /home/project/real_prune/VAR_train/distill_d16_scale_aware_256/log.txt
  last_ckpt_path      : /home/project/real_prune/VAR_train/distill_d16_scale_aware_256/ar-ckpt-last.pth
  tf32                : True
  seed                : None
  transfer            : False
  enable_distillation : True
  teacher_model_path  : /home/project/daily/AR/model_zoo/var_d16.pth
  teacher_depth       : 16
  distill_type        : scale_aware
  distill_alpha       : 0.7
  distill_beta        : 0.3
  distill_temperature : 4.0
  scale_weights_str   : 2.0,1.8,1.6,1.4,1.2,1.0,0.8,0.6,0.4,0.2
  use_feature_distill : False
  feature_layers_str  : 4,8,12,15
  use_attention_distill: False
  distill_warmup_epochs: 5
  distill_schedule    : constant
  same_seed_for_all_ranks: 0
  local_debug         : False
  dbg_nan             : False
}

[11-01 14:19:25] (distill/train_distill.py, line  68)=> [build PT data] ...\n
[11-01 14:19:27] (/VAR_train/utils/data.py, line  34)=> [Dataset] len(train_set)=1281167, len(val_set)=50000, num_classes=1000
[11-01 14:19:27] (/VAR_train/utils/data.py, line  48)=> Transform [train] = 
[11-01 14:19:27] (/VAR_train/utils/data.py, line  51)=> Resize(size=288, interpolation=lanczos, max_size=None, antialias=True)
[11-01 14:19:27] (/VAR_train/utils/data.py, line  51)=> RandomCrop(size=(256, 256), padding=None)
[11-01 14:19:27] (/VAR_train/utils/data.py, line  51)=> ToTensor()
[11-01 14:19:27] (/VAR_train/utils/data.py, line  51)=> <function normalize_01_into_pm1 at 0x7f8de7381a20>
[11-01 14:19:27] (/VAR_train/utils/data.py, line  54)=> ---------------------------

[11-01 14:19:27] (/VAR_train/utils/data.py, line  48)=> Transform [val] = 
[11-01 14:19:27] (/VAR_train/utils/data.py, line  51)=> Resize(size=288, interpolation=lanczos, max_size=None, antialias=True)
[11-01 14:19:27] (/VAR_train/utils/data.py, line  51)=> CenterCrop(size=(256, 256))
[11-01 14:19:27] (/VAR_train/utils/data.py, line  51)=> ToTensor()
[11-01 14:19:27] (/VAR_train/utils/data.py, line  51)=> <function normalize_01_into_pm1 at 0x7f8de7381a20>
[11-01 14:19:27] (/VAR_train/utils/data.py, line  54)=> ---------------------------

[11-01 14:19:27] (distill/train_distill.py, line  91)=> [auto_resume] no ckpt found @ /home/project/real_prune/VAR_train/distill_d16_scale_aware_256/ar-ckpt*.pth
[11-01 14:19:27] (distill/train_distill.py, line  91)=> [auto_resume quit]
[11-01 14:19:27] (distill/train_distill.py, line  92)=> [dataloader multi processing] ...     [dataloader multi processing](*) finished! (0.00s)
[11-01 14:19:27] (distill/train_distill.py, line  98)=> [dataloader] gbs=322, lbs=46, iters_train=3979, types(tr, va)=('DatasetFolder', 'DatasetFolder')
[11-01 14:19:27] (/VAR_train/models/var.py, line 102)=> 
[constructor]  ==== flash_if_available=True (0/16), fused_if_available=True (fusing_add_ln=0/16, fusing_mlp=0/16) ==== 
    [VAR config ] embed_dim=1024, num_heads=16, depth=16, mlp_ratio=4.0
    [drop ratios ] drop_rate=0.0, attn_drop_rate=0.0, drop_path_rate=0.0666667 (tensor([0.0000, 0.0044, 0.0089, 0.0133, 0.0178, 0.0222, 0.0267, 0.0311, 0.0356,
        0.0400, 0.0444, 0.0489, 0.0533, 0.0578, 0.0622, 0.0667]))

[11-01 14:19:27] (/VAR_train/models/var.py, line 259)=> [init_weights] VAR with init_std=0.0180422
[11-01 14:19:27] (distill/train_distill.py, line 132)=> 加载学生模型权重...
[11-01 14:19:28] (distill/train_distill.py, line 146)=> [INIT] VAR model = VAR(
  drop_path_rate=0.0666667
  (word_embed): Linear(in_features=32, out_features=1024, bias=True)
  (class_emb): Embedding(1001, 1024)
  (lvl_embed): Embedding(10, 1024)
  (shared_ada_lin): Identity()
  (blocks): ModuleList(
    (0): AdaLNSelfAttn(
      shared_aln=False
      (drop_path): Identity()
      (attn): SelfAttention(
        using_flash=False, using_xform=False, attn_l2_norm=True
        (mat_qkv): Linear(in_features=1024, out_features=1920, bias=False)
        (proj): Linear(in_features=640, out_features=1024, bias=True)
        (proj_drop): Identity()
      )
      (ffn): FFN(
        fused_mlp_func=False
        (fc1): Linear(in_features=1024, out_features=2458, bias=True)
        (act): GELU(approximate='tanh')
        (fc2): Linear(in_features=2458, out_features=1024, bias=True)
        (drop): Identity()
      )
      (ln_wo_grad): LayerNorm((1024,), eps=1e-06, elementwise_affine=False)
      (ada_lin): Sequential(
        (0): SiLU()
        (1): Linear(in_features=1024, out_features=6144, bias=True)
      )
    )
    (1-15): 15 x AdaLNSelfAttn(
      shared_aln=False
      (drop_path): DropPath((drop_prob=...))
      (attn): SelfAttention(
        using_flash=False, using_xform=False, attn_l2_norm=True
        (mat_qkv): Linear(in_features=1024, out_features=1920, bias=False)
        (proj): Linear(in_features=640, out_features=1024, bias=True)
        (proj_drop): Identity()
      )
      (ffn): FFN(
        fused_mlp_func=False
        (fc1): Linear(in_features=1024, out_features=2458, bias=True)
        (act): GELU(approximate='tanh')
        (fc2): Linear(in_features=2458, out_features=1024, bias=True)
        (drop): Identity()
      )
      (ln_wo_grad): LayerNorm((1024,), eps=1e-06, elementwise_affine=False)
      (ada_lin): Sequential(
        (0): SiLU()
        (1): Linear(in_features=1024, out_features=6144, bias=True)
      )
    )
  )
  (head_nm): AdaLNBeforeHead(
    (ln_wo_grad): LayerNorm((1024,), eps=1e-06, elementwise_affine=False)
    (ada_lin): Sequential(
      (0): SiLU()
      (1): Linear(in_features=1024, out_features=2048, bias=True)
    )
  )
  (head): Linear(in_features=1024, out_features=4096, bias=True)
)\n\n
[11-01 14:19:28] (distill/train_distill.py, line 148)=> [INIT][#para] VAE=108.95, VAE.enc=44.11, VAE.dec=64.65, VAE.quant=0.17
[11-01 14:19:28] (distill/train_distill.py, line 149)=> [INIT][#para] VAR=231.41\n\n
[11-01 14:19:28] (distill/train_distill.py, line 154)=> \n============================================================
[11-01 14:19:28] (distill/train_distill.py, line 155)=> 开始加载教师模型...
[11-01 14:19:28] (distill/distill_utils.py, line  31)=> [加载教师模型] 路径: /home/project/daily/AR/model_zoo/var_d16.pth
[11-01 14:19:28] (distill/distill_utils.py, line  32)=> [加载教师模型] 深度: 16
[11-01 14:19:28] (distill/distill_utils.py, line  39)=> [加载教师模型] 构建模型架构...
[11-01 14:19:28] (/VAR_train/models/var.py, line 102)=> 
[constructor]  ==== flash_if_available=True (0/16), fused_if_available=True (fusing_add_ln=0/16, fusing_mlp=0/16) ==== 
    [VAR config ] embed_dim=1024, num_heads=16, depth=16, mlp_ratio=4.0
    [drop ratios ] drop_rate=0.0, attn_drop_rate=0.0, drop_path_rate=0.0666667 (tensor([0.0000, 0.0044, 0.0089, 0.0133, 0.0178, 0.0222, 0.0267, 0.0311, 0.0356,
        0.0400, 0.0444, 0.0489, 0.0533, 0.0578, 0.0622, 0.0667]))

[11-01 14:19:28] (/VAR_train/models/var.py, line 259)=> [init_weights] VAR with init_std=0.0180422
[11-01 14:19:28] (distill/distill_utils.py, line  52)=> [加载教师模型] 加载权重...
[11-01 14:19:29] (distill/train_distill.py, line 166)=> 教师模型加载失败: Error(s) in loading state_dict for VAR:
	size mismatch for blocks.0.attn.scale_mul_1H11: copying a param with shape torch.Size([1, 16, 1, 1]) from checkpoint, the shape in current model is torch.Size([1, 10, 1, 1]).
	size mismatch for blocks.0.attn.q_bias: copying a param with shape torch.Size([1024]) from checkpoint, the shape in current model is torch.Size([640]).
	size mismatch for blocks.0.attn.v_bias: copying a param with shape torch.Size([1024]) from checkpoint, the shape in current model is torch.Size([640]).
	size mismatch for blocks.0.attn.zero_k_bias: copying a param with shape torch.Size([1024]) from checkpoint, the shape in current model is torch.Size([640]).
	size mismatch for blocks.0.attn.mat_qkv.weight: copying a param with shape torch.Size([3072, 1024]) from checkpoint, the shape in current model is torch.Size([1920, 1024]).
	size mismatch for blocks.0.attn.proj.weight: copying a param with shape torch.Size([1024, 1024]) from checkpoint, the shape in current model is torch.Size([1024, 640]).
	size mismatch for blocks.0.ffn.fc1.weight: copying a param with shape torch.Size([4096, 1024]) from checkpoint, the shape in current model is torch.Size([2458, 1024]).
	size mismatch for blocks.0.ffn.fc1.bias: copying a param with shape torch.Size([4096]) from checkpoint, the shape in current model is torch.Size([2458]).
	size mismatch for blocks.0.ffn.fc2.weight: copying a param with shape torch.Size([1024, 4096]) from checkpoint, the shape in current model is torch.Size([1024, 2458]).
	size mismatch for blocks.1.attn.scale_mul_1H11: copying a param with shape torch.Size([1, 16, 1, 1]) from checkpoint, the shape in current model is torch.Size([1, 10, 1, 1]).
	size mismatch for blocks.1.attn.q_bias: copying a param with shape torch.Size([1024]) from checkpoint, the shape in current model is torch.Size([640]).
	size mismatch for blocks.1.attn.v_bias: copying a param with shape torch.Size([1024]) from checkpoint, the shape in current model is torch.Size([640]).
	size mismatch for blocks.1.attn.zero_k_bias: copying a param with shape torch.Size([1024]) from checkpoint, the shape in current model is torch.Size([640]).
	size mismatch for blocks.1.attn.mat_qkv.weight: copying a param with shape torch.Size([3072, 1024]) from checkpoint, the shape in current model is torch.Size([1920, 1024]).
	size mismatch for blocks.1.attn.proj.weight: copying a param with shape torch.Size([1024, 1024]) from checkpoint, the shape in current model is torch.Size([1024, 640]).
	size mismatch for blocks.1.ffn.fc1.weight: copying a param with shape torch.Size([4096, 1024]) from checkpoint, the shape in current model is torch.Size([2458, 1024]).
	size mismatch for blocks.1.ffn.fc1.bias: copying a param with shape torch.Size([4096]) from checkpoint, the shape in current model is torch.Size([2458]).
	size mismatch for blocks.1.ffn.fc2.weight: copying a param with shape torch.Size([1024, 4096]) from checkpoint, the shape in current model is torch.Size([1024, 2458]).
	size mismatch for blocks.2.attn.scale_mul_1H11: copying a param with shape torch.Size([1, 16, 1, 1]) from checkpoint, the shape in current model is torch.Size([1, 10, 1, 1]).
	size mismatch for blocks.2.attn.q_bias: copying a param with shape torch.Size([1024]) from checkpoint, the shape in current model is torch.Size([640]).
	size mismatch for blocks.2.attn.v_bias: copying a param with shape torch.Size([1024]) from checkpoint, the shape in current model is torch.Size([640]).
	size mismatch for blocks.2.attn.zero_k_bias: copying a param with shape torch.Size([1024]) from checkpoint, the shape in current model is torch.Size([640]).
	size mismatch for blocks.2.attn.mat_qkv.weight: copying a param with shape torch.Size([3072, 1024]) from checkpoint, the shape in current model is torch.Size([1920, 1024]).
	size mismatch for blocks.2.attn.proj.weight: copying a param with shape torch.Size([1024, 1024]) from checkpoint, the shape in current model is torch.Size([1024, 640]).
	size mismatch for blocks.2.ffn.fc1.weight: copying a param with shape torch.Size([4096, 1024]) from checkpoint, the shape in current model is torch.Size([2458, 1024]).
	size mismatch for blocks.2.ffn.fc1.bias: copying a param with shape torch.Size([4096]) from checkpoint, the shape in current model is torch.Size([2458]).
	size mismatch for blocks.2.ffn.fc2.weight: copying a param with shape torch.Size([1024, 4096]) from checkpoint, the shape in current model is torch.Size([1024, 2458]).
	size mismatch for blocks.3.attn.scale_mul_1H11: copying a param with shape torch.Size([1, 16, 1, 1]) from checkpoint, the shape in current model is torch.Size([1, 10, 1, 1]).
	size mismatch for blocks.3.attn.q_bias: copying a param with shape torch.Size([1024]) from checkpoint, the shape in current model is torch.Size([640]).
	size mismatch for blocks.3.attn.v_bias: copying a param with shape torch.Size([1024]) from checkpoint, the shape in current model is torch.Size([640]).
	size mismatch for blocks.3.attn.zero_k_bias: copying a param with shape torch.Size([1024]) from checkpoint, the shape in current model is torch.Size([640]).
	size mismatch for blocks.3.attn.mat_qkv.weight: copying a param with shape torch.Size([3072, 1024]) from checkpoint, the shape in current model is torch.Size([1920, 1024]).
	size mismatch for blocks.3.attn.proj.weight: copying a param with shape torch.Size([1024, 1024]) from checkpoint, the shape in current model is torch.Size([1024, 640]).
	size mismatch for blocks.3.ffn.fc1.weight: copying a param with shape torch.Size([4096, 1024]) from checkpoint, the shape in current model is torch.Size([2458, 1024]).
	size mismatch for blocks.3.ffn.fc1.bias: copying a param with shape torch.Size([4096]) from checkpoint, the shape in current model is torch.Size([2458]).
	size mismatch for blocks.3.ffn.fc2.weight: copying a param with shape torch.Size([1024, 4096]) from checkpoint, the shape in current model is torch.Size([1024, 2458]).
	size mismatch for blocks.4.attn.scale_mul_1H11: copying a param with shape torch.Size([1, 16, 1, 1]) from checkpoint, the shape in current model is torch.Size([1, 10, 1, 1]).
	size mismatch for blocks.4.attn.q_bias: copying a param with shape torch.Size([1024]) from checkpoint, the shape in current model is torch.Size([640]).
	size mismatch for blocks.4.attn.v_bias: copying a param with shape torch.Size([1024]) from checkpoint, the shape in current model is torch.Size([640]).
	size mismatch for blocks.4.attn.zero_k_bias: copying a param with shape torch.Size([1024]) from checkpoint, the shape in current model is torch.Size([640]).
	size mismatch for blocks.4.attn.mat_qkv.weight: copying a param with shape torch.Size([3072, 1024]) from checkpoint, the shape in current model is torch.Size([1920, 1024]).
	size mismatch for blocks.4.attn.proj.weight: copying a param with shape torch.Size([1024, 1024]) from checkpoint, the shape in current model is torch.Size([1024, 640]).
	size mismatch for blocks.4.ffn.fc1.weight: copying a param with shape torch.Size([4096, 1024]) from checkpoint, the shape in current model is torch.Size([2458, 1024]).
	size mismatch for blocks.4.ffn.fc1.bias: copying a param with shape torch.Size([4096]) from checkpoint, the shape in current model is torch.Size([2458]).
	size mismatch for blocks.4.ffn.fc2.weight: copying a param with shape torch.Size([1024, 4096]) from checkpoint, the shape in current model is torch.Size([1024, 2458]).
	size mismatch for blocks.5.attn.scale_mul_1H11: copying a param with shape torch.Size([1, 16, 1, 1]) from checkpoint, the shape in current model is torch.Size([1, 10, 1, 1]).
	size mismatch for blocks.5.attn.q_bias: copying a param with shape torch.Size([1024]) from checkpoint, the shape in current model is torch.Size([640]).
	size mismatch for blocks.5.attn.v_bias: copying a param with shape torch.Size([1024]) from checkpoint, the shape in current model is torch.Size([640]).
	size mismatch for blocks.5.attn.zero_k_bias: copying a param with shape torch.Size([1024]) from checkpoint, the shape in current model is torch.Size([640]).
	size mismatch for blocks.5.attn.mat_qkv.weight: copying a param with shape torch.Size([3072, 1024]) from checkpoint, the shape in current model is torch.Size([1920, 1024]).
	size mismatch for blocks.5.attn.proj.weight: copying a param with shape torch.Size([1024, 1024]) from checkpoint, the shape in current model is torch.Size([1024, 640]).
	size mismatch for blocks.5.ffn.fc1.weight: copying a param with shape torch.Size([4096, 1024]) from checkpoint, the shape in current model is torch.Size([2458, 1024]).
	size mismatch for blocks.5.ffn.fc1.bias: copying a param with shape torch.Size([4096]) from checkpoint, the shape in current model is torch.Size([2458]).
	size mismatch for blocks.5.ffn.fc2.weight: copying a param with shape torch.Size([1024, 4096]) from checkpoint, the shape in current model is torch.Size([1024, 2458]).
	size mismatch for blocks.6.attn.scale_mul_1H11: copying a param with shape torch.Size([1, 16, 1, 1]) from checkpoint, the shape in current model is torch.Size([1, 10, 1, 1]).
	size mismatch for blocks.6.attn.q_bias: copying a param with shape torch.Size([1024]) from checkpoint, the shape in current model is torch.Size([640]).
	size mismatch for blocks.6.attn.v_bias: copying a param with shape torch.Size([1024]) from checkpoint, the shape in current model is torch.Size([640]).
	size mismatch for blocks.6.attn.zero_k_bias: copying a param with shape torch.Size([1024]) from checkpoint, the shape in current model is torch.Size([640]).
	size mismatch for blocks.6.attn.mat_qkv.weight: copying a param with shape torch.Size([3072, 1024]) from checkpoint, the shape in current model is torch.Size([1920, 1024]).
	size mismatch for blocks.6.attn.proj.weight: copying a param with shape torch.Size([1024, 1024]) from checkpoint, the shape in current model is torch.Size([1024, 640]).
	size mismatch for blocks.6.ffn.fc1.weight: copying a param with shape torch.Size([4096, 1024]) from checkpoint, the shape in current model is torch.Size([2458, 1024]).
	size mismatch for blocks.6.ffn.fc1.bias: copying a param with shape torch.Size([4096]) from checkpoint, the shape in current model is torch.Size([2458]).
	size mismatch for blocks.6.ffn.fc2.weight: copying a param with shape torch.Size([1024, 4096]) from checkpoint, the shape in current model is torch.Size([1024, 2458]).
	size mismatch for blocks.7.attn.scale_mul_1H11: copying a param with shape torch.Size([1, 16, 1, 1]) from checkpoint, the shape in current model is torch.Size([1, 10, 1, 1]).
	size mismatch for blocks.7.attn.q_bias: copying a param with shape torch.Size([1024]) from checkpoint, the shape in current model is torch.Size([640]).
	size mismatch for blocks.7.attn.v_bias: copying a param with shape torch.Size([1024]) from checkpoint, the shape in current model is torch.Size([640]).
	size mismatch for blocks.7.attn.zero_k_bias: copying a param with shape torch.Size([1024]) from checkpoint, the shape in current model is torch.Size([640]).
	size mismatch for blocks.7.attn.mat_qkv.weight: copying a param with shape torch.Size([3072, 1024]) from checkpoint, the shape in current model is torch.Size([1920, 1024]).
	size mismatch for blocks.7.attn.proj.weight: copying a param with shape torch.Size([1024, 1024]) from checkpoint, the shape in current model is torch.Size([1024, 640]).
	size mismatch for blocks.7.ffn.fc1.weight: copying a param with shape torch.Size([4096, 1024]) from checkpoint, the shape in current model is torch.Size([2458, 1024]).
	size mismatch for blocks.7.ffn.fc1.bias: copying a param with shape torch.Size([4096]) from checkpoint, the shape in current model is torch.Size([2458]).
	size mismatch for blocks.7.ffn.fc2.weight: copying a param with shape torch.Size([1024, 4096]) from checkpoint, the shape in current model is torch.Size([1024, 2458]).
	size mismatch for blocks.8.attn.scale_mul_1H11: copying a param with shape torch.Size([1, 16, 1, 1]) from checkpoint, the shape in current model is torch.Size([1, 10, 1, 1]).
	size mismatch for blocks.8.attn.q_bias: copying a param with shape torch.Size([1024]) from checkpoint, the shape in current model is torch.Size([640]).
	size mismatch for blocks.8.attn.v_bias: copying a param with shape torch.Size([1024]) from checkpoint, the shape in current model is torch.Size([640]).
	size mismatch for blocks.8.attn.zero_k_bias: copying a param with shape torch.Size([1024]) from checkpoint, the shape in current model is torch.Size([640]).
	size mismatch for blocks.8.attn.mat_qkv.weight: copying a param with shape torch.Size([3072, 1024]) from checkpoint, the shape in current model is torch.Size([1920, 1024]).
	size mismatch for blocks.8.attn.proj.weight: copying a param with shape torch.Size([1024, 1024]) from checkpoint, the shape in current model is torch.Size([1024, 640]).
	size mismatch for blocks.8.ffn.fc1.weight: copying a param with shape torch.Size([4096, 1024]) from checkpoint, the shape in current model is torch.Size([2458, 1024]).
	size mismatch for blocks.8.ffn.fc1.bias: copying a param with shape torch.Size([4096]) from checkpoint, the shape in current model is torch.Size([2458]).
	size mismatch for blocks.8.ffn.fc2.weight: copying a param with shape torch.Size([1024, 4096]) from checkpoint, the shape in current model is torch.Size([1024, 2458]).
	size mismatch for blocks.9.attn.scale_mul_1H11: copying a param with shape torch.Size([1, 16, 1, 1]) from checkpoint, the shape in current model is torch.Size([1, 10, 1, 1]).
	size mismatch for blocks.9.attn.q_bias: copying a param with shape torch.Size([1024]) from checkpoint, the shape in current model is torch.Size([640]).
	size mismatch for blocks.9.attn.v_bias: copying a param with shape torch.Size([1024]) from checkpoint, the shape in current model is torch.Size([640]).
	size mismatch for blocks.9.attn.zero_k_bias: copying a param with shape torch.Size([1024]) from checkpoint, the shape in current model is torch.Size([640]).
	size mismatch for blocks.9.attn.mat_qkv.weight: copying a param with shape torch.Size([3072, 1024]) from checkpoint, the shape in current model is torch.Size([1920, 1024]).
	size mismatch for blocks.9.attn.proj.weight: copying a param with shape torch.Size([1024, 1024]) from checkpoint, the shape in current model is torch.Size([1024, 640]).
	size mismatch for blocks.9.ffn.fc1.weight: copying a param with shape torch.Size([4096, 1024]) from checkpoint, the shape in current model is torch.Size([2458, 1024]).
	size mismatch for blocks.9.ffn.fc1.bias: copying a param with shape torch.Size([4096]) from checkpoint, the shape in current model is torch.Size([2458]).
	size mismatch for blocks.9.ffn.fc2.weight: copying a param with shape torch.Size([1024, 4096]) from checkpoint, the shape in current model is torch.Size([1024, 2458]).
	size mismatch for blocks.10.attn.scale_mul_1H11: copying a param with shape torch.Size([1, 16, 1, 1]) from checkpoint, the shape in current model is torch.Size([1, 10, 1, 1]).
	size mismatch for blocks.10.attn.q_bias: copying a param with shape torch.Size([1024]) from checkpoint, the shape in current model is torch.Size([640]).
	size mismatch for blocks.10.attn.v_bias: copying a param with shape torch.Size([1024]) from checkpoint, the shape in current model is torch.Size([640]).
	size mismatch for blocks.10.attn.zero_k_bias: copying a param with shape torch.Size([1024]) from checkpoint, the shape in current model is torch.Size([640]).
	size mismatch for blocks.10.attn.mat_qkv.weight: copying a param with shape torch.Size([3072, 1024]) from checkpoint, the shape in current model is torch.Size([1920, 1024]).
	size mismatch for blocks.10.attn.proj.weight: copying a param with shape torch.Size([1024, 1024]) from checkpoint, the shape in current model is torch.Size([1024, 640]).
	size mismatch for blocks.10.ffn.fc1.weight: copying a param with shape torch.Size([4096, 1024]) from checkpoint, the shape in current model is torch.Size([2458, 1024]).
	size mismatch for blocks.10.ffn.fc1.bias: copying a param with shape torch.Size([4096]) from checkpoint, the shape in current model is torch.Size([2458]).
	size mismatch for blocks.10.ffn.fc2.weight: copying a param with shape torch.Size([1024, 4096]) from checkpoint, the shape in current model is torch.Size([1024, 2458]).
	size mismatch for blocks.11.attn.scale_mul_1H11: copying a param with shape torch.Size([1, 16, 1, 1]) from checkpoint, the shape in current model is torch.Size([1, 10, 1, 1]).
	size mismatch for blocks.11.attn.q_bias: copying a param with shape torch.Size([1024]) from checkpoint, the shape in current model is torch.Size([640]).
	size mismatch for blocks.11.attn.v_bias: copying a param with shape torch.Size([1024]) from checkpoint, the shape in current model is torch.Size([640]).
	size mismatch for blocks.11.attn.zero_k_bias: copying a param with shape torch.Size([1024]) from checkpoint, the shape in current model is torch.Size([640]).
	size mismatch for blocks.11.attn.mat_qkv.weight: copying a param with shape torch.Size([3072, 1024]) from checkpoint, the shape in current model is torch.Size([1920, 1024]).
	size mismatch for blocks.11.attn.proj.weight: copying a param with shape torch.Size([1024, 1024]) from checkpoint, the shape in current model is torch.Size([1024, 640]).
	size mismatch for blocks.11.ffn.fc1.weight: copying a param with shape torch.Size([4096, 1024]) from checkpoint, the shape in current model is torch.Size([2458, 1024]).
	size mismatch for blocks.11.ffn.fc1.bias: copying a param with shape torch.Size([4096]) from checkpoint, the shape in current model is torch.Size([2458]).
	size mismatch for blocks.11.ffn.fc2.weight: copying a param with shape torch.Size([1024, 4096]) from checkpoint, the shape in current model is torch.Size([1024, 2458]).
	size mismatch for blocks.12.attn.scale_mul_1H11: copying a param with shape torch.Size([1, 16, 1, 1]) from checkpoint, the shape in current model is torch.Size([1, 10, 1, 1]).
	size mismatch for blocks.12.attn.q_bias: copying a param with shape torch.Size([1024]) from checkpoint, the shape in current model is torch.Size([640]).
	size mismatch for blocks.12.attn.v_bias: copying a param with shape torch.Size([1024]) from checkpoint, the shape in current model is torch.Size([640]).
	size mismatch for blocks.12.attn.zero_k_bias: copying a param with shape torch.Size([1024]) from checkpoint, the shape in current model is torch.Size([640]).
	size mismatch for blocks.12.attn.mat_qkv.weight: copying a param with shape torch.Size([3072, 1024]) from checkpoint, the shape in current model is torch.Size([1920, 1024]).
	size mismatch for blocks.12.attn.proj.weight: copying a param with shape torch.Size([1024, 1024]) from checkpoint, the shape in current model is torch.Size([1024, 640]).
	size mismatch for blocks.12.ffn.fc1.weight: copying a param with shape torch.Size([4096, 1024]) from checkpoint, the shape in current model is torch.Size([2458, 1024]).
	size mismatch for blocks.12.ffn.fc1.bias: copying a param with shape torch.Size([4096]) from checkpoint, the shape in current model is torch.Size([2458]).
	size mismatch for blocks.12.ffn.fc2.weight: copying a param with shape torch.Size([1024, 4096]) from checkpoint, the shape in current model is torch.Size([1024, 2458]).
	size mismatch for blocks.13.attn.scale_mul_1H11: copying a param with shape torch.Size([1, 16, 1, 1]) from checkpoint, the shape in current model is torch.Size([1, 10, 1, 1]).
	size mismatch for blocks.13.attn.q_bias: copying a param with shape torch.Size([1024]) from checkpoint, the shape in current model is torch.Size([640]).
	size mismatch for blocks.13.attn.v_bias: copying a param with shape torch.Size([1024]) from checkpoint, the shape in current model is torch.Size([640]).
	size mismatch for blocks.13.attn.zero_k_bias: copying a param with shape torch.Size([1024]) from checkpoint, the shape in current model is torch.Size([640]).
	size mismatch for blocks.13.attn.mat_qkv.weight: copying a param with shape torch.Size([3072, 1024]) from checkpoint, the shape in current model is torch.Size([1920, 1024]).
	size mismatch for blocks.13.attn.proj.weight: copying a param with shape torch.Size([1024, 1024]) from checkpoint, the shape in current model is torch.Size([1024, 640]).
	size mismatch for blocks.13.ffn.fc1.weight: copying a param with shape torch.Size([4096, 1024]) from checkpoint, the shape in current model is torch.Size([2458, 1024]).
	size mismatch for blocks.13.ffn.fc1.bias: copying a param with shape torch.Size([4096]) from checkpoint, the shape in current model is torch.Size([2458]).
	size mismatch for blocks.13.ffn.fc2.weight: copying a param with shape torch.Size([1024, 4096]) from checkpoint, the shape in current model is torch.Size([1024, 2458]).
	size mismatch for blocks.14.attn.scale_mul_1H11: copying a param with shape torch.Size([1, 16, 1, 1]) from checkpoint, the shape in current model is torch.Size([1, 10, 1, 1]).
	size mismatch for blocks.14.attn.q_bias: copying a param with shape torch.Size([1024]) from checkpoint, the shape in current model is torch.Size([640]).
	size mismatch for blocks.14.attn.v_bias: copying a param with shape torch.Size([1024]) from checkpoint, the shape in current model is torch.Size([640]).
	size mismatch for blocks.14.attn.zero_k_bias: copying a param with shape torch.Size([1024]) from checkpoint, the shape in current model is torch.Size([640]).
	size mismatch for blocks.14.attn.mat_qkv.weight: copying a param with shape torch.Size([3072, 1024]) from checkpoint, the shape in current model is torch.Size([1920, 1024]).
	size mismatch for blocks.14.attn.proj.weight: copying a param with shape torch.Size([1024, 1024]) from checkpoint, the shape in current model is torch.Size([1024, 640]).
	size mismatch for blocks.14.ffn.fc1.weight: copying a param with shape torch.Size([4096, 1024]) from checkpoint, the shape in current model is torch.Size([2458, 1024]).
	size mismatch for blocks.14.ffn.fc1.bias: copying a param with shape torch.Size([4096]) from checkpoint, the shape in current model is torch.Size([2458]).
	size mismatch for blocks.14.ffn.fc2.weight: copying a param with shape torch.Size([1024, 4096]) from checkpoint, the shape in current model is torch.Size([1024, 2458]).
	size mismatch for blocks.15.attn.scale_mul_1H11: copying a param with shape torch.Size([1, 16, 1, 1]) from checkpoint, the shape in current model is torch.Size([1, 10, 1, 1]).
	size mismatch for blocks.15.attn.q_bias: copying a param with shape torch.Size([1024]) from checkpoint, the shape in current model is torch.Size([640]).
	size mismatch for blocks.15.attn.v_bias: copying a param with shape torch.Size([1024]) from checkpoint, the shape in current model is torch.Size([640]).
	size mismatch for blocks.15.attn.zero_k_bias: copying a param with shape torch.Size([1024]) from checkpoint, the shape in current model is torch.Size([640]).
	size mismatch for blocks.15.attn.mat_qkv.weight: copying a param with shape torch.Size([3072, 1024]) from checkpoint, the shape in current model is torch.Size([1920, 1024]).
	size mismatch for blocks.15.attn.proj.weight: copying a param with shape torch.Size([1024, 1024]) from checkpoint, the shape in current model is torch.Size([1024, 640]).
	size mismatch for blocks.15.ffn.fc1.weight: copying a param with shape torch.Size([4096, 1024]) from checkpoint, the shape in current model is torch.Size([2458, 1024]).
	size mismatch for blocks.15.ffn.fc1.bias: copying a param with shape torch.Size([4096]) from checkpoint, the shape in current model is torch.Size([2458]).
	size mismatch for blocks.15.ffn.fc2.weight: copying a param with shape torch.Size([1024, 4096]) from checkpoint, the shape in current model is torch.Size([1024, 2458]).
[11-01 14:19:29] (distill/train_distill.py, line 167)=> 将使用普通训练模式
[11-01 14:19:29] (distill/train_distill.py, line 170)=> ============================================================\n
[11-01 14:19:29] (rain/utils/lr_control.py, line  99)=> [get_param_groups] param_groups = 
{ 'D': { 'lr_sc': 1.0,
         'params': "('word_embed.weight, class_emb.weight, blocks.0.attn.mat_qkv.weight, blocks.0.attn.proj.weight, blocks.0.ffn.fc1.weight, blocks.0.ffn.fc2.weight, blocks.0.ada_lin.1.weight, '\n"
                   " 'blocks.1.attn.mat_qkv.weight, blocks.1.attn.proj.weight, blocks.1.ffn.fc1.weight, blocks.1.ffn.fc2.weight, blocks.1.ada_lin.1.weight, blocks.2.attn.mat_qkv.weight, blocks.2.attn.proj.weight, '\n"
                   " 'blocks.2.ffn.fc1.weight, blocks.2.ffn.fc2.weight, blocks.2.ada_lin.1.weight, blocks.3.attn.mat_qkv.weight, blocks.3.attn.proj.weight, blocks.3.ffn.fc1.weight, blocks.3.ffn.fc2.weight, '\n"
                   " 'blocks.3.ada_lin.1.weight, blocks.4.attn.mat_qkv.weight, blocks.4.attn.proj.weight, blocks.4.ffn.fc1.weight, blocks.4.ffn.fc2.weight, blocks.4.ada_lin.1.weight, blocks.5.attn.mat_qkv.weight, '\n"
                   " 'blocks.5.attn.proj.weight, blocks.5.ffn.fc1.weight, blocks.5.ffn.fc2.weight, blocks.5.ada_lin.1.weight, blocks.6.attn.mat_qkv.weight, blocks.6.attn.proj.weight, blocks.6.ffn.fc1.weight, '\n"
                   " 'blocks.6.ffn.fc2.weight, blocks.6.ada_lin.1.weight, blocks.7.attn.mat_qkv.weight, blocks.7.attn.proj.weight, blocks.7.ffn.fc1.weight, blocks.7.ffn.fc2.weight, blocks.7.ada_lin.1.weight, '\n"
                   " 'blocks.8.attn.mat_qkv.weight, blocks.8.attn.proj.weight, blocks.8.ffn.fc1.weight, blocks.8.ffn.fc2.weight, blocks.8.ada_lin.1.weight, blocks.9.attn.mat_qkv.weight, blocks.9.attn.proj.weight, '\n"
                   " 'blocks.9.ffn.fc1.weight, blocks.9.ffn.fc2.weight, blocks.9.ada_lin.1.weight, blocks.10.attn.mat_qkv.weight, blocks.10.attn.proj.weight, blocks.10.ffn.fc1.weight, blocks.10.ffn.fc2.weight, '\n"
                   " 'blocks.10.ada_lin.1.weight, blocks.11.attn.mat_qkv.weight, blocks.11.attn.proj.weight, blocks.11.ffn.fc1.weight, blocks.11.ffn.fc2.weight, blocks.11.ada_lin.1.weight, '\n"
                   " 'blocks.12.attn.mat_qkv.weight, blocks.12.attn.proj.weight, blocks.12.ffn.fc1.weight, blocks.12.ffn.fc2.weight, blocks.12.ada_lin.1.weight, blocks.13.attn.mat_qkv.weight, '\n"
                   " 'blocks.13.attn.proj.weight, blocks.13.ffn.fc1.weight, blocks.13.ffn.fc2.weight, blocks.13.ada_lin.1.weight, blocks.14.attn.mat_qkv.weight, blocks.14.attn.proj.weight, blocks.14.ffn.fc1.weight, '\n"
                   " 'blocks.14.ffn.fc2.weight, blocks.14.ada_lin.1.weight, blocks.15.attn.mat_qkv.weight, blocks.15.attn.proj.weight, blocks.15.ffn.fc1.weight, blocks.15.ffn.fc2.weight, blocks.15.ada_lin.1.weight, '\n"
                   " 'head_nm.ada_lin.1.weight, head.weight')",
         'wd_sc': 1.0},
  'ND': { 'lr_sc': 1.0,
          'params': "('pos_start, pos_1LC, word_embed.bias, lvl_embed.weight, blocks.0.attn.scale_mul_1H11, blocks.0.attn.q_bias, blocks.0.attn.v_bias, blocks.0.attn.proj.bias, blocks.0.ffn.fc1.bias, '\n"
                    " 'blocks.0.ffn.fc2.bias, blocks.0.ada_lin.1.bias, blocks.1.attn.scale_mul_1H11, blocks.1.attn.q_bias, blocks.1.attn.v_bias, blocks.1.attn.proj.bias, blocks.1.ffn.fc1.bias, blocks.1.ffn.fc2.bias, '\n"
                    " 'blocks.1.ada_lin.1.bias, blocks.2.attn.scale_mul_1H11, blocks.2.attn.q_bias, blocks.2.attn.v_bias, blocks.2.attn.proj.bias, blocks.2.ffn.fc1.bias, blocks.2.ffn.fc2.bias, blocks.2.ada_lin.1.bias, '\n"
                    " 'blocks.3.attn.scale_mul_1H11, blocks.3.attn.q_bias, blocks.3.attn.v_bias, blocks.3.attn.proj.bias, blocks.3.ffn.fc1.bias, blocks.3.ffn.fc2.bias, blocks.3.ada_lin.1.bias, '\n"
                    " 'blocks.4.attn.scale_mul_1H11, blocks.4.attn.q_bias, blocks.4.attn.v_bias, blocks.4.attn.proj.bias, blocks.4.ffn.fc1.bias, blocks.4.ffn.fc2.bias, blocks.4.ada_lin.1.bias, '\n"
                    " 'blocks.5.attn.scale_mul_1H11, blocks.5.attn.q_bias, blocks.5.attn.v_bias, blocks.5.attn.proj.bias, blocks.5.ffn.fc1.bias, blocks.5.ffn.fc2.bias, blocks.5.ada_lin.1.bias, '\n"
                    " 'blocks.6.attn.scale_mul_1H11, blocks.6.attn.q_bias, blocks.6.attn.v_bias, blocks.6.attn.proj.bias, blocks.6.ffn.fc1.bias, blocks.6.ffn.fc2.bias, blocks.6.ada_lin.1.bias, '\n"
                    " 'blocks.7.attn.scale_mul_1H11, blocks.7.attn.q_bias, blocks.7.attn.v_bias, blocks.7.attn.proj.bias, blocks.7.ffn.fc1.bias, blocks.7.ffn.fc2.bias, blocks.7.ada_lin.1.bias, '\n"
                    " 'blocks.8.attn.scale_mul_1H11, blocks.8.attn.q_bias, blocks.8.attn.v_bias, blocks.8.attn.proj.bias, blocks.8.ffn.fc1.bias, blocks.8.ffn.fc2.bias, blocks.8.ada_lin.1.bias, '\n"
                    " 'blocks.9.attn.scale_mul_1H11, blocks.9.attn.q_bias, blocks.9.attn.v_bias, blocks.9.attn.proj.bias, blocks.9.ffn.fc1.bias, blocks.9.ffn.fc2.bias, blocks.9.ada_lin.1.bias, '\n"
                    " 'blocks.10.attn.scale_mul_1H11, blocks.10.attn.q_bias, blocks.10.attn.v_bias, blocks.10.attn.proj.bias, blocks.10.ffn.fc1.bias, blocks.10.ffn.fc2.bias, blocks.10.ada_lin.1.bias, '\n"
                    " 'blocks.11.attn.scale_mul_1H11, blocks.11.attn.q_bias, blocks.11.attn.v_bias, blocks.11.attn.proj.bias, blocks.11.ffn.fc1.bias, blocks.11.ffn.fc2.bias, blocks.11.ada_lin.1.bias, '\n"
                    " 'blocks.12.attn.scale_mul_1H11, blocks.12.attn.q_bias, blocks.12.attn.v_bias, blocks.12.attn.proj.bias, blocks.12.ffn.fc1.bias, blocks.12.ffn.fc2.bias, blocks.12.ada_lin.1.bias, '\n"
                    " 'blocks.13.attn.scale_mul_1H11, blocks.13.attn.q_bias, blocks.13.attn.v_bias, blocks.13.attn.proj.bias, blocks.13.ffn.fc1.bias, blocks.13.ffn.fc2.bias, blocks.13.ada_lin.1.bias, '\n"
                    " 'blocks.14.attn.scale_mul_1H11, blocks.14.attn.q_bias, blocks.14.attn.v_bias, blocks.14.attn.proj.bias, blocks.14.ffn.fc1.bias, blocks.14.ffn.fc2.bias, blocks.14.ada_lin.1.bias, '\n"
                    " 'blocks.15.attn.scale_mul_1H11, blocks.15.attn.q_bias, blocks.15.attn.v_bias, blocks.15.attn.proj.bias, blocks.15.ffn.fc1.bias, blocks.15.ffn.fc2.bias, blocks.15.ada_lin.1.bias, '\n"
                    " 'head_nm.ada_lin.1.bias, head.bias')",
          'wd_sc': 0.0}}

[11-01 14:19:29] (rain/utils/lr_control.py, line 104)=> [get_param_groups][rank0] type(model).__name__='VAR' count=202, numel=231405120
[11-01 14:19:29] (rain/utils/lr_control.py, line 104)=> [get_param_groups][rank1] type(model).__name__='VAR' count=202, numel=231405120
[11-01 14:19:29] (rain/utils/lr_control.py, line 104)=> [get_param_groups][rank2] type(model).__name__='VAR' count=202, numel=231405120
[11-01 14:19:29] (rain/utils/lr_control.py, line 104)=> [get_param_groups][rank3] type(model).__name__='VAR' count=202, numel=231405120
[11-01 14:19:29] (rain/utils/lr_control.py, line 104)=> [get_param_groups][rank4] type(model).__name__='VAR' count=202, numel=231405120
[11-01 14:19:29] (rain/utils/lr_control.py, line 104)=> [get_param_groups][rank5] type(model).__name__='VAR' count=202, numel=231405120
[11-01 14:19:29] (rain/utils/lr_control.py, line 105)=> 
[11-01 14:19:29] (distill/train_distill.py, line 185)=> [INIT] optim=functools.partial(<class 'torch.optim.adamw.AdamW'>, betas=(0.9, 0.95), fused=True), opt_kw={'lr': 0.00012578125, 'weight_decay': 0}\n
/home/project/real_prune/VAR_train/utils/amp_sc.py:27: FutureWarning: `torch.cuda.amp.GradScaler(args...)` is deprecated. Please use `torch.amp.GradScaler('cuda', args...)` instead.
  self.scaler = torch.cuda.amp.GradScaler(init_scale=2. ** 11, growth_interval=1000) if self.using_fp16_rather_bf16 else None # only fp16 needs a scaler
/home/project/real_prune/VAR_train/utils/amp_sc.py:27: FutureWarning: `torch.cuda.amp.GradScaler(args...)` is deprecated. Please use `torch.amp.GradScaler('cuda', args...)` instead.
  self.scaler = torch.cuda.amp.GradScaler(init_scale=2. ** 11, growth_interval=1000) if self.using_fp16_rather_bf16 else None # only fp16 needs a scaler
/home/project/real_prune/VAR_train/utils/amp_sc.py:27: FutureWarning: `torch.cuda.amp.GradScaler(args...)` is deprecated. Please use `torch.amp.GradScaler('cuda', args...)` instead.
  self.scaler = torch.cuda.amp.GradScaler(init_scale=2. ** 11, growth_interval=1000) if self.using_fp16_rather_bf16 else None # only fp16 needs a scaler
/home/project/real_prune/VAR_train/utils/amp_sc.py:27: FutureWarning: `torch.cuda.amp.GradScaler(args...)` is deprecated. Please use `torch.amp.GradScaler('cuda', args...)` instead.
  self.scaler = torch.cuda.amp.GradScaler(init_scale=2. ** 11, growth_interval=1000) if self.using_fp16_rather_bf16 else None # only fp16 needs a scaler
/home/project/real_prune/VAR_train/utils/amp_sc.py:27: FutureWarning: `torch.cuda.amp.GradScaler(args...)` is deprecated. Please use `torch.amp.GradScaler('cuda', args...)` instead.
  self.scaler = torch.cuda.amp.GradScaler(init_scale=2. ** 11, growth_interval=1000) if self.using_fp16_rather_bf16 else None # only fp16 needs a scaler
/home/project/real_prune/VAR_train/utils/amp_sc.py:27: FutureWarning: `torch.cuda.amp.GradScaler(args...)` is deprecated. Please use `torch.amp.GradScaler('cuda', args...)` instead.
  self.scaler = torch.cuda.amp.GradScaler(init_scale=2. ** 11, growth_interval=1000) if self.using_fp16_rather_bf16 else None # only fp16 needs a scaler
[11-01 14:19:29] (distill/train_distill.py, line 210)=> [训练器] 使用普通训练器 (VARTrainer)
[11-01 14:19:29] (rain/utils/lr_control.py, line 104)=> [get_param_groups][rank6] type(model).__name__='VAR' count=202, numel=231405120
/home/project/real_prune/VAR_train/utils/amp_sc.py:27: FutureWarning: `torch.cuda.amp.GradScaler(args...)` is deprecated. Please use `torch.amp.GradScaler('cuda', args...)` instead.
  self.scaler = torch.cuda.amp.GradScaler(init_scale=2. ** 11, growth_interval=1000) if self.using_fp16_rather_bf16 else None # only fp16 needs a scaler
/home/project/real_prune/VAR_train/models/var.py:220: FutureWarning: `torch.cuda.amp.autocast(args...)` is deprecated. Please use `torch.amp.autocast('cuda', args...)` instead.
  with torch.cuda.amp.autocast(enabled=False):
/home/project/real_prune/VAR_train/models/var.py:220: FutureWarning: `torch.cuda.amp.autocast(args...)` is deprecated. Please use `torch.amp.autocast('cuda', args...)` instead.
  with torch.cuda.amp.autocast(enabled=False):
/home/project/real_prune/VAR_train/models/var.py:220: FutureWarning: `torch.cuda.amp.autocast(args...)` is deprecated. Please use `torch.amp.autocast('cuda', args...)` instead.
  with torch.cuda.amp.autocast(enabled=False):
/home/project/real_prune/VAR_train/models/var.py:220: FutureWarning: `torch.cuda.amp.autocast(args...)` is deprecated. Please use `torch.amp.autocast('cuda', args...)` instead.
  with torch.cuda.amp.autocast(enabled=False):
/home/project/real_prune/VAR_train/models/var.py:220: FutureWarning: `torch.cuda.amp.autocast(args...)` is deprecated. Please use `torch.amp.autocast('cuda', args...)` instead.
  with torch.cuda.amp.autocast(enabled=False):
/home/project/real_prune/VAR_train/models/var.py:220: FutureWarning: `torch.cuda.amp.autocast(args...)` is deprecated. Please use `torch.amp.autocast('cuda', args...)` instead.
  with torch.cuda.amp.autocast(enabled=False):
/home/project/real_prune/VAR_train/models/var.py:220: FutureWarning: `torch.cuda.amp.autocast(args...)` is deprecated. Please use `torch.amp.autocast('cuda', args...)` instead.
  with torch.cuda.amp.autocast(enabled=False):
[11-01 14:19:33] (/VAR_train/utils/misc.py, line 314)=> [Ep]: [   0/20]  [   0/3979]  eta: 4:14:17  tlr: 6.3e-07  tnm: 17.12  Lm: 9.224 (9.224)  Lt: 8.539 (8.539)  Accm: 0.05 (0.05)  Acct: 0.06 (0.06)  time: 3.8346  data: 0.3346
/root/miniconda3/envs/var/lib/python3.10/site-packages/torch/utils/data/_utils/pin_memory.py:57: DeprecationWarning: The argument 'device' of Tensor.pin_memory() is deprecated. Please do not pass this argument. (Triggered internally at /pytorch/aten/src/ATen/native/Memory.cpp:46.)
  return data.pin_memory(device)
/root/miniconda3/envs/var/lib/python3.10/site-packages/torch/utils/data/_utils/pin_memory.py:57: DeprecationWarning: The argument 'device' of Tensor.is_pinned() is deprecated. Please do not pass this argument. (Triggered internally at /pytorch/aten/src/ATen/native/Memory.cpp:31.)
  return data.pin_memory(device)
/root/miniconda3/envs/var/lib/python3.10/site-packages/torch/utils/data/_utils/pin_memory.py:57: DeprecationWarning: The argument 'device' of Tensor.pin_memory() is deprecated. Please do not pass this argument. (Triggered internally at /pytorch/aten/src/ATen/native/Memory.cpp:46.)
  return data.pin_memory(device)
/root/miniconda3/envs/var/lib/python3.10/site-packages/torch/utils/data/_utils/pin_memory.py:57: DeprecationWarning: The argument 'device' of Tensor.is_pinned() is deprecated. Please do not pass this argument. (Triggered internally at /pytorch/aten/src/ATen/native/Memory.cpp:31.)
  return data.pin_memory(device)
/root/miniconda3/envs/var/lib/python3.10/site-packages/torch/utils/data/_utils/pin_memory.py:57: DeprecationWarning: The argument 'device' of Tensor.pin_memory() is deprecated. Please do not pass this argument. (Triggered internally at /pytorch/aten/src/ATen/native/Memory.cpp:46.)
  return data.pin_memory(device)
/root/miniconda3/envs/var/lib/python3.10/site-packages/torch/utils/data/_utils/pin_memory.py:57: DeprecationWarning: The argument 'device' of Tensor.is_pinned() is deprecated. Please do not pass this argument. (Triggered internally at /pytorch/aten/src/ATen/native/Memory.cpp:31.)
  return data.pin_memory(device)
/root/miniconda3/envs/var/lib/python3.10/site-packages/torch/utils/data/_utils/pin_memory.py:57: DeprecationWarning: The argument 'device' of Tensor.pin_memory() is deprecated. Please do not pass this argument. (Triggered internally at /pytorch/aten/src/ATen/native/Memory.cpp:46.)
  return data.pin_memory(device)
/root/miniconda3/envs/var/lib/python3.10/site-packages/torch/utils/data/_utils/pin_memory.py:57: DeprecationWarning: The argument 'device' of Tensor.is_pinned() is deprecated. Please do not pass this argument. (Triggered internally at /pytorch/aten/src/ATen/native/Memory.cpp:31.)
  return data.pin_memory(device)
/root/miniconda3/envs/var/lib/python3.10/site-packages/torch/utils/data/_utils/pin_memory.py:57: DeprecationWarning: The argument 'device' of Tensor.pin_memory() is deprecated. Please do not pass this argument. (Triggered internally at /pytorch/aten/src/ATen/native/Memory.cpp:46.)
  return data.pin_memory(device)
/root/miniconda3/envs/var/lib/python3.10/site-packages/torch/utils/data/_utils/pin_memory.py:57: DeprecationWarning: The argument 'device' of Tensor.is_pinned() is deprecated. Please do not pass this argument. (Triggered internally at /pytorch/aten/src/ATen/native/Memory.cpp:31.)
  return data.pin_memory(device)
/root/miniconda3/envs/var/lib/python3.10/site-packages/torch/utils/data/_utils/pin_memory.py:57: DeprecationWarning: The argument 'device' of Tensor.pin_memory() is deprecated. Please do not pass this argument. (Triggered internally at /pytorch/aten/src/ATen/native/Memory.cpp:46.)
  return data.pin_memory(device)
/root/miniconda3/envs/var/lib/python3.10/site-packages/torch/utils/data/_utils/pin_memory.py:57: DeprecationWarning: The argument 'device' of Tensor.is_pinned() is deprecated. Please do not pass this argument. (Triggered internally at /pytorch/aten/src/ATen/native/Memory.cpp:31.)
  return data.pin_memory(device)
/root/miniconda3/envs/var/lib/python3.10/site-packages/torch/utils/data/_utils/pin_memory.py:57: DeprecationWarning: The argument 'device' of Tensor.pin_memory() is deprecated. Please do not pass this argument. (Triggered internally at /pytorch/aten/src/ATen/native/Memory.cpp:46.)
  return data.pin_memory(device)
/root/miniconda3/envs/var/lib/python3.10/site-packages/torch/utils/data/_utils/pin_memory.py:57: DeprecationWarning: The argument 'device' of Tensor.is_pinned() is deprecated. Please do not pass this argument. (Triggered internally at /pytorch/aten/src/ATen/native/Memory.cpp:31.)
  return data.pin_memory(device)
[11-01 14:34:46] (/VAR_train/utils/misc.py, line 314)=> [Ep]: [   0/20]  [ 994/3979]  eta: 0:45:52  tlr: 7.9e-05  tnm: 0.69  Lm: 8.199 (8.199)  Lt: 7.834 (7.834)  Accm: 0.77 (0.77)  Acct: 0.77 (0.77)  time: 0.9103  data: 0.3129
[11-01 14:50:02] (/VAR_train/utils/misc.py, line 314)=> [Ep]: [   0/20]  [1989/3979]  eta: 0:30:32  tlr: 0.00013  tnm: 0.67  Lm: 7.174 (7.707)  Lt: 7.130 (7.396)  Accm: 1.50 (1.36)  Acct: 1.48 (1.45)  time: 0.9355  data: 0.3093
[11-01 15:05:49] (/VAR_train/utils/misc.py, line 314)=> [Ep]: [   0/20]  [2983/3979]  eta: 0:15:27  tlr: 0.00013  tnm: 0.53  Lm: 6.948 (7.448)  Lt: 6.824 (7.090)  Accm: 2.02 (1.67)  Acct: 2.15 (2.01)  time: 0.9509  data: 0.3257
[11-01 15:21:10] (/VAR_train/utils/misc.py, line 314)=> [Ep]: [   0/20]  [3978/3979]  eta: 0:00:00  tlr: 0.00013  tnm: 0.48  Lm: 6.723 (7.273)  Lt: 6.519 (6.888)  Accm: 2.54 (1.95)  Acct: 2.83 (2.45)  time: 0.9295  data: 0.3161
[11-01 15:21:10] (/VAR_train/utils/misc.py, line 336)=> [Ep]: [   0/20]   Total time:      1:01:41   (0.930 s / it)
/root/miniconda3/envs/var/lib/python3.10/site-packages/torch/distributed/distributed_c10d.py:4876: UserWarning: barrier(): using the device under current context. You can specify `device_id` in `init_process_group` to mute this warning.
  warnings.warn(  # warn only once
[11-01 15:21:10] (distill/train_distill.py, line 347)=>      [ep0]  (training )  Lm: 7.262 (7.262), Lt: 6.846 (6.846),  Acc m&t: 2.01 2.56,  Remain: 19:15:50,  Finish: 2025-11-02 10:37
[11-01 15:21:11] (/VAR_train/utils/misc.py, line 314)=> [Ep]: [   1/20]  [   0/3979]  eta: 1:00:51  tlr: 0.00013  tnm: 0.48  Lm: 6.471 (6.471)  Lt: 5.976 (5.976)  Accm: 3.50 (3.50)  Acct: 4.88 (4.88)  time: 0.9176  data: 0.3045
[11-01 15:36:27] (/VAR_train/utils/misc.py, line 314)=> [Ep]: [   1/20]  [ 994/3979]  eta: 0:45:50  tlr: 0.00013  tnm: 0.46  Lm: 6.465 (6.465)  Lt: 5.941 (5.941)  Accm: 3.53 (3.53)  Acct: 5.04 (5.04)  time: 0.9261  data: 0.3010
[11-01 15:51:45] (/VAR_train/utils/misc.py, line 314)=> [Ep]: [   1/20]  [1989/3979]  eta: 0:30:34  tlr: 0.00013  tnm: 0.44  Lm: 6.459 (6.427)  Lt: 5.905 (5.896)  Accm: 3.57 (3.65)  Acct: 5.19 (5.25)  time: 0.9072  data: 0.3009
[11-01 16:06:59] (/VAR_train/utils/misc.py, line 314)=> [Ep]: [   1/20]  [2983/3979]  eta: 0:15:17  tlr: 0.00012  tnm: 0.42  Lm: 6.428 (6.420)  Lt: 5.855 (5.872)  Accm: 3.62 (3.65)  Acct: 5.29 (5.29)  time: 0.9089  data: 0.3099
[11-01 16:22:14] (/VAR_train/utils/misc.py, line 314)=> [Ep]: [   1/20]  [3978/3979]  eta: 0:00:00  tlr: 0.00012  tnm: 0.44  Lm: 6.443 (6.424)  Lt: 5.862 (5.870)  Accm: 3.57 (3.61)  Acct: 5.40 (5.31)  time: 0.9354  data: 0.3078
[11-01 16:22:14] (/VAR_train/utils/misc.py, line 336)=> [Ep]: [   1/20]   Total time:      1:01:04   (0.921 s / it)
[11-01 16:22:14] (distill/train_distill.py, line 347)=>      [ep1]  (training )  Lm: 6.428 (6.428), Lt: 5.858 (5.858),  Acc m&t: 3.54 5.18,  Remain: 18:15:08,  Finish: 2025-11-02 10:37
[11-01 16:22:15] (/VAR_train/utils/misc.py, line 314)=> [Ep]: [   2/20]  [   0/3979]  eta: 0:59:24  tlr: 0.00012  tnm: 0.43  Lm: 6.384 (6.384)  Lt: 5.774 (5.774)  Accm: 3.74 (3.74)  Acct: 5.29 (5.29)  time: 0.8959  data: 0.3088
[11-01 16:37:32] (/VAR_train/utils/misc.py, line 314)=> [Ep]: [   2/20]  [ 994/3979]  eta: 0:45:52  tlr: 0.00012  tnm: 0.41  Lm: 6.390 (6.390)  Lt: 5.815 (5.815)  Accm: 3.73 (3.73)  Acct: 5.27 (5.27)  time: 0.9220  data: 0.3128
[11-01 16:52:49] (/VAR_train/utils/misc.py, line 314)=> [Ep]: [   2/20]  [1989/3979]  eta: 0:30:34  tlr: 0.00012  tnm: 0.42  Lm: 6.384 (6.354)  Lt: 5.774 (5.776)  Accm: 3.74 (3.89)  Acct: 5.29 (5.51)  time: 0.9186  data: 0.3240
[11-01 17:08:02] (/VAR_train/utils/misc.py, line 314)=> [Ep]: [   2/20]  [2983/3979]  eta: 0:15:17  tlr: 0.00012  tnm: 0.41  Lm: 6.333 (6.310)  Lt: 5.737 (5.730)  Accm: 3.98 (4.19)  Acct: 5.63 (5.86)  time: 0.9159  data: 0.3017
[11-01 17:23:18] (/VAR_train/utils/misc.py, line 314)=> [Ep]: [   2/20]  [3978/3979]  eta: 0:00:00  tlr: 0.00012  tnm: 0.41  Lm: 6.325 (6.313)  Lt: 5.705 (5.725)  Accm: 4.03 (4.16)  Acct: 5.82 (5.85)  time: 0.9356  data: 0.3072
[11-01 17:23:18] (/VAR_train/utils/misc.py, line 336)=> [Ep]: [   2/20]   Total time:      1:01:03   (0.921 s / it)
[11-01 17:24:46] (distill/train_distill.py, line 318)=>  [*] [ep2]  (val 50000)  Lm: 6.3498, Lt: 5.7383, Acc m&t: 3.90 5.77,  Val cost: 88.50s
[11-01 17:24:46] (distill/train_distill.py, line 326)=> [saving ckpt] ep3 ...     [saving ckpt](*) finished!  @ /home/project/real_prune/VAR_train/distill_d16_scale_aware_256/ar-ckpt-ep003.pth (best)
[11-01 17:24:51] (distill/train_distill.py, line 347)=>      [ep2]  (training )  Lm: 6.350 (6.350), Lt: 5.738 (5.738),  Acc m&t: 3.90 5.77,  Remain: 17:30:53,  Finish: 2025-11-02 10:54
[11-01 17:24:52] (/VAR_train/utils/misc.py, line 314)=> [Ep]: [   3/20]  [   0/3979]  eta: 1:08:06  tlr: 0.00012  tnm: 0.41  Lm: 6.354 (6.354)  Lt: 5.755 (5.755)  Accm: 3.68 (3.68)  Acct: 5.44 (5.44)  time: 1.0270  data: 0.3192
[11-01 17:40:09] (/VAR_train/utils/misc.py, line 314)=> [Ep]: [   3/20]  [ 994/3979]  eta: 0:45:54  tlr: 0.00011  tnm: 0.41  Lm: 6.296 (6.296)  Lt: 5.689 (5.689)  Accm: 3.98 (3.98)  Acct: 5.83 (5.83)  time: 0.9376  data: 0.3082
[11-01 17:55:22] (/VAR_train/utils/misc.py, line 314)=> [Ep]: [   3/20]  [1989/3979]  eta: 0:30:31  tlr: 0.00011  tnm: 0.41  Lm: 6.299 (6.297)  Lt: 5.641 (5.673)  Accm: 4.22 (4.06)  Acct: 6.22 (6.01)  time: 0.9179  data: 0.3089
[11-01 18:10:36] (/VAR_train/utils/misc.py, line 314)=> [Ep]: [   3/20]  [2983/3979]  eta: 0:15:16  tlr: 0.00011  tnm: 0.39  Lm: 6.326 (6.311)  Lt: 5.646 (5.668)  Accm: 3.98 (3.98)  Acct: 5.99 (5.94)  time: 0.9333  data: 0.3191
[11-01 18:25:50] (/VAR_train/utils/misc.py, line 314)=> [Ep]: [   3/20]  [3978/3979]  eta: 0:00:00  tlr: 0.00011  tnm: 0.40  Lm: 6.342 (6.317)  Lt: 5.641 (5.658)  Accm: 3.83 (3.95)  Acct: 6.22 (6.00)  time: 0.9182  data: 0.3166
[11-01 18:25:50] (/VAR_train/utils/misc.py, line 336)=> [Ep]: [   3/20]   Total time:      1:00:58   (0.920 s / it)
[11-01 18:25:50] (distill/train_distill.py, line 347)=>      [ep3]  (training )  Lm: 6.304 (6.304), Lt: 5.670 (5.670),  Acc m&t: 4.05 6.03,  Remain: 15:55:25,  Finish: 2025-11-02 10:21
[11-01 18:25:51] (/VAR_train/utils/misc.py, line 314)=> [Ep]: [   4/20]  [   0/3979]  eta: 1:03:27  tlr: 0.00011  tnm: 0.41  Lm: 6.247 (6.247)  Lt: 5.661 (5.661)  Accm: 3.91 (3.91)  Acct: 6.06 (6.06)  time: 0.9568  data: 0.4045
[11-01 18:41:04] (/VAR_train/utils/misc.py, line 314)=> [Ep]: [   4/20]  [ 994/3979]  eta: 0:45:43  tlr: 0.00011  tnm: 0.41  Lm: 6.269 (6.269)  Lt: 5.643 (5.643)  Accm: 4.02 (4.02)  Acct: 6.06 (6.06)  time: 0.9241  data: 0.3136
[11-01 18:56:18] (/VAR_train/utils/misc.py, line 314)=> [Ep]: [   4/20]  [1989/3979]  eta: 0:30:27  tlr: 0.00011  tnm: 0.41  Lm: 6.249 (6.263)  Lt: 5.625 (5.636)  Accm: 4.12 (4.10)  Acct: 6.06 (6.11)  time: 0.9111  data: 0.2965
[11-01 19:11:29] (/VAR_train/utils/misc.py, line 314)=> [Ep]: [   4/20]  [2983/3979]  eta: 0:15:14  tlr: 0.00011  tnm: 0.41  Lm: 6.271 (6.279)  Lt: 5.623 (5.618)  Accm: 4.03 (4.06)  Acct: 6.14 (6.23)  time: 0.9385  data: 0.3083
[11-01 19:26:44] (/VAR_train/utils/misc.py, line 314)=> [Ep]: [   4/20]  [3978/3979]  eta: 0:00:00  tlr: 0.0001  tnm: 0.40  Lm: 6.292 (6.288)  Lt: 5.625 (5.625)  Accm: 4.12 (4.08)  Acct: 6.22 (6.23)  time: 0.9186  data: 0.3056
[11-01 19:26:44] (/VAR_train/utils/misc.py, line 336)=> [Ep]: [   4/20]   Total time:      1:00:54   (0.918 s / it)
[11-01 19:26:44] (distill/train_distill.py, line 347)=>      [ep4]  (training )  Lm: 6.274 (6.274), Lt: 5.634 (5.634),  Acc m&t: 4.18 6.21,  Remain: 15:06:30,  Finish: 2025-11-02 10:33
[11-01 19:26:45] (/VAR_train/utils/misc.py, line 314)=> [Ep]: [   5/20]  [   0/3979]  eta: 1:04:20  tlr: 0.0001  tnm: 0.40  Lm: 6.294 (6.294)  Lt: 5.664 (5.664)  Accm: 3.97 (3.97)  Acct: 5.83 (5.83)  time: 0.9703  data: 0.4178
[11-01 19:41:59] (/VAR_train/utils/misc.py, line 314)=> [Ep]: [   5/20]  [ 994/3979]  eta: 0:45:44  tlr: 0.0001  tnm: 0.40  Lm: 6.315 (6.315)  Lt: 5.662 (5.662)  Accm: 3.92 (3.92)  Acct: 5.91 (5.91)  time: 0.9179  data: 0.3049
[11-01 19:57:13] (/VAR_train/utils/misc.py, line 314)=> [Ep]: [   5/20]  [1989/3979]  eta: 0:30:28  tlr: 0.0001  tnm: 0.41  Lm: 6.336 (6.331)  Lt: 5.664 (5.664)  Accm: 3.87 (3.76)  Acct: 5.83 (5.75)  time: 0.9194  data: 0.3025
[11-01 20:12:25] (/VAR_train/utils/misc.py, line 314)=> [Ep]: [   5/20]  [2983/3979]  eta: 0:15:14  tlr: 9.9e-05  tnm: 0.40  Lm: 6.329 (6.329)  Lt: 5.666 (5.673)  Accm: 3.89 (3.80)  Acct: 5.90 (5.81)  time: 0.9194  data: 0.3053
[11-01 20:27:38] (/VAR_train/utils/misc.py, line 314)=> [Ep]: [   5/20]  [3978/3979]  eta: 0:00:00  tlr: 9.8e-05  tnm: 0.40  Lm: 6.323 (6.305)  Lt: 5.664 (5.652)  Accm: 3.92 (3.96)  Acct: 5.97 (5.98)  time: 0.9251  data: 0.3059
[11-01 20:27:38] (/VAR_train/utils/misc.py, line 336)=> [Ep]: [   5/20]   Total time:      1:00:54   (0.918 s / it)
[11-01 20:29:01] (distill/train_distill.py, line 318)=>  [*] [ep5]  (val 50000)  Lm: 6.2942, Lt: 5.6530, Acc m&t: 4.05 6.15,  Val cost: 82.98s
[11-01 20:29:01] (distill/train_distill.py, line 326)=> [saving ckpt] ep6 ...     [saving ckpt](*) finished!  @ /home/project/real_prune/VAR_train/distill_d16_scale_aware_256/ar-ckpt-ep006.pth (best)
[11-01 20:29:09] (distill/train_distill.py, line 347)=>      [ep5]  (training )  Lm: 6.274 (6.294), Lt: 5.634 (5.653),  Acc m&t: 4.18 6.21,  Remain: 14:20:12,  Finish: 2025-11-02 10:47
[11-01 20:29:10] (/VAR_train/utils/misc.py, line 314)=> [Ep]: [   6/20]  [   0/3979]  eta: 0:58:07  tlr: 9.8e-05  tnm: 0.41  Lm: 6.295 (6.295)  Lt: 5.575 (5.575)  Accm: 4.26 (4.26)  Acct: 6.53 (6.53)  time: 0.8765  data: 0.2932
[11-01 20:44:23] (/VAR_train/utils/misc.py, line 314)=> [Ep]: [   6/20]  [ 994/3979]  eta: 0:45:43  tlr: 9.6e-05  tnm: 0.40  Lm: 6.324 (6.324)  Lt: 5.679 (5.679)  Accm: 4.03 (4.03)  Acct: 5.88 (5.88)  time: 0.9245  data: 0.3094
[11-01 20:59:38] (/VAR_train/utils/misc.py, line 314)=> [Ep]: [   6/20]  [1989/3979]  eta: 0:30:29  tlr: 9.5e-05  tnm: 0.42  Lm: 6.353 (6.335)  Lt: 5.693 (5.683)  Accm: 3.80 (3.89)  Acct: 5.79 (5.85)  time: 0.9211  data: 0.3164
[11-01 21:14:51] (/VAR_train/utils/misc.py, line 314)=> [Ep]: [   6/20]  [2983/3979]  eta: 0:15:15  tlr: 9.3e-05  tnm: 0.42  Lm: 6.355 (6.349)  Lt: 5.701 (5.690)  Accm: 3.76 (3.85)  Acct: 5.83 (5.86)  time: 0.9139  data: 0.3101
[11-01 21:30:08] (/VAR_train/utils/misc.py, line 314)=> [Ep]: [   6/20]  [3978/3979]  eta: 0:00:00  tlr: 9.2e-05  tnm: 0.42  Lm: 6.353 (6.338)  Lt: 5.693 (5.684)  Accm: 3.80 (3.87)  Acct: 5.88 (5.87)  time: 0.9250  data: 0.3127
[11-01 21:30:08] (/VAR_train/utils/misc.py, line 336)=> [Ep]: [   6/20]   Total time:      1:00:59   (0.920 s / it)
[11-01 21:30:08] (distill/train_distill.py, line 347)=>      [ep6]  (training )  Lm: 6.274 (6.287), Lt: 5.634 (5.635),  Acc m&t: 4.18 6.24,  Remain: 13:15:24,  Finish: 2025-11-02 10:45
[11-01 21:30:09] (/VAR_train/utils/misc.py, line 314)=> [Ep]: [   7/20]  [   0/3979]  eta: 1:01:20  tlr: 9.2e-05  tnm: 0.41  Lm: 6.298 (6.298)  Lt: 5.732 (5.732)  Accm: 4.01 (4.01)  Acct: 5.47 (5.47)  time: 0.9249  data: 0.3010
[11-01 21:45:23] (/VAR_train/utils/misc.py, line 314)=> [Ep]: [   7/20]  [ 994/3979]  eta: 0:45:43  tlr: 9e-05  tnm: 0.43  Lm: 6.282 (6.282)  Lt: 5.683 (5.683)  Accm: 4.05 (4.05)  Acct: 5.78 (5.78)  time: 0.9019  data: 0.3009
[11-01 22:00:37] (/VAR_train/utils/misc.py, line 314)=> [Ep]: [   7/20]  [1989/3979]  eta: 0:30:28  tlr: 8.9e-05  tnm: 0.42  Lm: 6.267 (6.268)  Lt: 5.634 (5.627)  Accm: 4.09 (4.14)  Acct: 6.09 (6.15)  time: 0.9206  data: 0.3070
[11-01 22:15:54] (/VAR_train/utils/misc.py, line 314)=> [Ep]: [   7/20]  [2983/3979]  eta: 0:15:16  tlr: 8.7e-05  tnm: 0.42  Lm: 6.282 (6.284)  Lt: 5.662 (5.642)  Accm: 4.05 (4.06)  Acct: 5.97 (6.08)  time: 0.8983  data: 0.3134
[11-01 22:31:06] (/VAR_train/utils/misc.py, line 314)=> [Ep]: [   7/20]  [3978/3979]  eta: 0:00:00  tlr: 8.6e-05  tnm: 0.42  Lm: 6.267 (6.258)  Lt: 5.634 (5.631)  Accm: 4.09 (4.24)  Acct: 6.09 (6.16)  time: 0.9023  data: 0.3092
[11-01 22:31:06] (/VAR_train/utils/misc.py, line 336)=> [Ep]: [   7/20]   Total time:      1:00:57   (0.919 s / it)
[11-01 22:31:06] (distill/train_distill.py, line 347)=>      [ep7]  (training )  Lm: 6.252 (6.252), Lt: 5.610 (5.610),  Acc m&t: 4.26 6.44,  Remain: 11:56:38,  Finish: 2025-11-02 10:27
[11-01 22:31:07] (/VAR_train/utils/misc.py, line 314)=> [Ep]: [   8/20]  [   0/3979]  eta: 1:03:18  tlr: 8.6e-05  tnm: 0.42  Lm: 6.189 (6.189)  Lt: 5.538 (5.538)  Accm: 4.26 (4.26)  Acct: 6.59 (6.59)  time: 0.9546  data: 0.3118
[11-01 22:46:22] (/VAR_train/utils/misc.py, line 314)=> [Ep]: [   8/20]  [ 994/3979]  eta: 0:45:47  tlr: 8.4e-05  tnm: 0.42  Lm: 6.189 (6.189)  Lt: 5.521 (5.521)  Accm: 4.38 (4.38)  Acct: 6.79 (6.79)  time: 0.9194  data: 0.3050
[11-01 23:01:37] (/VAR_train/utils/misc.py, line 314)=> [Ep]: [   8/20]  [1989/3979]  eta: 0:30:30  tlr: 8.2e-05  tnm: 0.43  Lm: 6.189 (6.207)  Lt: 5.538 (5.562)  Accm: 4.26 (4.29)  Acct: 6.59 (6.58)  time: 0.9289  data: 0.3096
[11-01 23:16:50] (/VAR_train/utils/misc.py, line 314)=> [Ep]: [   8/20]  [2983/3979]  eta: 0:15:15  tlr: 8.1e-05  tnm: 0.42  Lm: 6.201 (6.209)  Lt: 5.562 (5.568)  Accm: 4.18 (4.23)  Acct: 6.36 (6.41)  time: 0.9210  data: 0.3178
[11-01 23:32:02] (/VAR_train/utils/misc.py, line 314)=> [Ep]: [   8/20]  [3978/3979]  eta: 0:00:00  tlr: 7.9e-05  tnm: 0.44  Lm: 6.189 (6.204)  Lt: 5.549 (5.564)  Accm: 4.26 (4.35)  Acct: 6.59 (6.48)  time: 0.8984  data: 0.3025
[11-01 23:32:02] (/VAR_train/utils/misc.py, line 336)=> [Ep]: [   8/20]   Total time:      1:00:56   (0.919 s / it)
[11-01 23:33:25] (distill/train_distill.py, line 318)=>  [*] [ep8]  (val 50000)  Lm: 6.2452, Lt: 5.6074, Acc m&t: 4.31 6.46,  Val cost: 82.98s
[11-01 23:33:25] (distill/train_distill.py, line 326)=> [saving ckpt] ep9 ...     [saving ckpt](*) finished!  @ /home/project/real_prune/VAR_train/distill_d16_scale_aware_256/ar-ckpt-ep009.pth (best)
[11-01 23:33:33] (distill/train_distill.py, line 347)=>      [ep8]  (training )  Lm: 6.245 (6.245), Lt: 5.607 (5.607),  Acc m&t: 4.31 6.46,  Remain: 10:52:17,  Finish: 2025-11-02 10:24
[11-01 23:33:34] (/VAR_train/utils/misc.py, line 314)=> [Ep]: [   9/20]  [   0/3979]  eta: 1:05:00  tlr: 7.9e-05  tnm: 0.45  Lm: 6.240 (6.240)  Lt: 5.575 (5.575)  Accm: 4.54 (4.54)  Acct: 6.78 (6.78)  time: 0.9804  data: 0.3164
[11-01 23:48:47] (/VAR_train/utils/misc.py, line 314)=> [Ep]: [   9/20]  [ 994/3979]  eta: 0:45:40  tlr: 7.8e-05  tnm: 0.43  Lm: 6.253 (6.253)  Lt: 5.646 (5.646)  Accm: 4.30 (4.30)  Acct: 6.33 (6.33)  time: 0.9280  data: 0.2985
[11-02 00:03:59] (/VAR_train/utils/misc.py, line 314)=> [Ep]: [   9/20]  [1989/3979]  eta: 0:30:26  tlr: 7.6e-05  tnm: 0.43  Lm: 6.240 (6.242)  Lt: 5.594 (5.629)  Accm: 4.26 (4.29)  Acct: 6.12 (6.26)  time: 0.8980  data: 0.3067
[11-02 00:19:14] (/VAR_train/utils/misc.py, line 314)=> [Ep]: [   9/20]  [2983/3979]  eta: 0:15:15  tlr: 7.5e-05  tnm: 0.43  Lm: 6.230 (6.227)  Lt: 5.585 (5.599)  Accm: 4.39 (4.34)  Acct: 6.42 (6.37)  time: 0.9201  data: 0.3039
[11-02 00:34:29] (/VAR_train/utils/misc.py, line 314)=> [Ep]: [   9/20]  [3978/3979]  eta: 0:00:00  tlr: 7.3e-05  tnm: 0.44  Lm: 6.240 (6.245)  Lt: 5.594 (5.620)  Accm: 4.26 (4.31)  Acct: 6.12 (6.29)  time: 0.9150  data: 0.3114
[11-02 00:34:29] (/VAR_train/utils/misc.py, line 336)=> [Ep]: [   9/20]   Total time:      1:00:55   (0.919 s / it)
[11-02 00:34:29] (distill/train_distill.py, line 347)=>      [ep9]  (training )  Lm: 6.237 (6.237), Lt: 5.589 (5.589),  Acc m&t: 4.34 6.47,  Remain: 10:00:51,  Finish: 2025-11-02 10:35
[11-02 00:34:30] (/VAR_train/utils/misc.py, line 314)=> [Ep]: [  10/20]  [   0/3979]  eta: 1:14:03  tlr: 7.3e-05  tnm: 0.43  Lm: 6.097 (6.097)  Lt: 5.459 (5.459)  Accm: 5.06 (5.06)  Acct: 7.14 (7.14)  time: 1.1168  data: 0.5642
[11-02 00:49:40] (/VAR_train/utils/misc.py, line 314)=> [Ep]: [  10/20]  [ 994/3979]  eta: 0:45:34  tlr: 7.2e-05  tnm: 0.43  Lm: 6.121 (6.121)  Lt: 5.494 (5.494)  Accm: 4.96 (4.96)  Acct: 6.99 (6.99)  time: 0.9350  data: 0.3115
[11-02 01:04:54] (/VAR_train/utils/misc.py, line 314)=> [Ep]: [  10/20]  [1989/3979]  eta: 0:30:25  tlr: 7e-05  tnm: 0.43  Lm: 6.144 (6.177)  Lt: 5.530 (5.541)  Accm: 4.86 (4.63)  Acct: 6.84 (6.67)  time: 0.9143  data: 0.3007
[11-02 01:20:07] (/VAR_train/utils/misc.py, line 314)=> [Ep]: [  10/20]  [2983/3979]  eta: 0:15:14  tlr: 6.9e-05  tnm: 0.45  Lm: 6.179 (6.186)  Lt: 5.532 (5.539)  Accm: 4.62 (4.57)  Acct: 6.82 (6.71)  time: 0.9090  data: 0.3146
[11-02 01:35:23] (/VAR_train/utils/misc.py, line 314)=> [Ep]: [  10/20]  [3978/3979]  eta: 0:00:00  tlr: 6.7e-05  tnm: 0.44  Lm: 6.213 (6.201)  Lt: 5.532 (5.538)  Accm: 4.39 (4.50)  Acct: 6.84 (6.75)  time: 0.9284  data: 0.3015
[11-02 01:35:23] (/VAR_train/utils/misc.py, line 336)=> [Ep]: [  10/20]   Total time:      1:00:54   (0.919 s / it)
[11-02 01:35:23] (distill/train_distill.py, line 347)=>      [ep10]  (training )  Lm: 6.237 (6.255), Lt: 5.589 (5.607),  Acc m&t: 4.34 6.47,  Remain: 9:09:52,  Finish: 2025-11-02 10:45
[11-02 01:35:24] (/VAR_train/utils/misc.py, line 314)=> [Ep]: [  11/20]  [   0/3979]  eta: 1:01:18  tlr: 6.7e-05  tnm: 0.43  Lm: 6.358 (6.358)  Lt: 5.698 (5.698)  Accm: 3.99 (3.99)  Acct: 6.33 (6.33)  time: 0.9244  data: 0.3419
[11-02 01:50:39] (/VAR_train/utils/misc.py, line 314)=> [Ep]: [  11/20]  [ 994/3979]  eta: 0:45:45  tlr: 6.6e-05  tnm: 0.44  Lm: 6.303 (6.303)  Lt: 5.649 (5.649)  Accm: 4.20 (4.20)  Acct: 6.41 (6.41)  time: 0.9130  data: 0.3094
[11-02 02:05:51] (/VAR_train/utils/misc.py, line 314)=> [Ep]: [  11/20]  [1989/3979]  eta: 0:30:27  tlr: 6.4e-05  tnm: 0.45  Lm: 6.247 (6.261)  Lt: 5.600 (5.601)  Accm: 4.42 (4.34)  Acct: 6.50 (6.53)  time: 0.9084  data: 0.3014
[11-02 02:21:05] (/VAR_train/utils/misc.py, line 314)=> [Ep]: [  11/20]  [2983/3979]  eta: 0:15:15  tlr: 6.3e-05  tnm: 0.45  Lm: 6.223 (6.246)  Lt: 5.579 (5.590)  Accm: 4.51 (4.43)  Acct: 6.64 (6.62)  time: 0.9205  data: 0.3211
[11-02 02:36:19] (/VAR_train/utils/misc.py, line 314)=> [Ep]: [  11/20]  [3978/3979]  eta: 0:00:00  tlr: 6.1e-05  tnm: 0.45  Lm: 6.218 (6.240)  Lt: 5.600 (5.592)  Accm: 4.42 (4.40)  Acct: 6.50 (6.59)  time: 0.9196  data: 0.2988
[11-02 02:36:19] (/VAR_train/utils/misc.py, line 336)=> [Ep]: [  11/20]   Total time:      1:00:56   (0.919 s / it)
[11-02 02:37:42] (distill/train_distill.py, line 318)=>  [*] [ep11]  (val 50000)  Lm: 6.2327, Lt: 5.5730, Acc m&t: 4.34 6.54,  Val cost: 82.84s
[11-02 02:37:42] (distill/train_distill.py, line 326)=> [saving ckpt] ep12 ...     [saving ckpt](*) finished!  @ /home/project/real_prune/VAR_train/distill_d16_scale_aware_256/ar-ckpt-ep012.pth (best)
[11-02 02:37:50] (distill/train_distill.py, line 347)=>      [ep11]  (training )  Lm: 6.233 (6.233), Lt: 5.573 (5.573),  Acc m&t: 4.34 6.54,  Remain: 7:58:41,  Finish: 2025-11-02 10:35
[11-02 02:37:51] (/VAR_train/utils/misc.py, line 314)=> [Ep]: [  12/20]  [   0/3979]  eta: 0:57:32  tlr: 6.1e-05  tnm: 0.44  Lm: 6.180 (6.180)  Lt: 5.499 (5.499)  Accm: 4.77 (4.77)  Acct: 7.18 (7.18)  time: 0.8677  data: 0.3022
[11-02 02:53:04] (/VAR_train/utils/misc.py, line 314)=> [Ep]: [  12/20]  [ 994/3979]  eta: 0:45:41  tlr: 6e-05  tnm: 0.46  Lm: 6.213 (6.213)  Lt: 5.516 (5.516)  Accm: 4.38 (4.38)  Acct: 6.81 (6.81)  time: 0.9166  data: 0.3072
[11-02 03:08:18] (/VAR_train/utils/misc.py, line 314)=> [Ep]: [  12/20]  [1989/3979]  eta: 0:30:28  tlr: 5.8e-05  tnm: 0.45  Lm: 6.245 (6.245)  Lt: 5.532 (5.539)  Accm: 3.99 (4.25)  Acct: 6.45 (6.64)  time: 0.9293  data: 0.3188
[11-02 03:23:31] (/VAR_train/utils/misc.py, line 314)=> [Ep]: [  12/20]  [2983/3979]  eta: 0:15:15  tlr: 5.7e-05  tnm: 0.45  Lm: 6.213 (6.211)  Lt: 5.517 (5.530)  Accm: 4.34 (4.36)  Acct: 6.67 (6.70)  time: 0.9107  data: 0.3105
[11-02 03:38:48] (/VAR_train/utils/misc.py, line 314)=> [Ep]: [  12/20]  [3978/3979]  eta: 0:00:00  tlr: 5.5e-05  tnm: 0.45  Lm: 6.245 (6.222)  Lt: 5.532 (5.555)  Accm: 4.44 (4.37)  Acct: 6.52 (6.67)  time: 0.9132  data: 0.3109
[11-02 03:38:48] (/VAR_train/utils/misc.py, line 336)=> [Ep]: [  12/20]   Total time:      1:00:58   (0.919 s / it)
[11-02 03:38:48] (distill/train_distill.py, line 347)=>      [ep12]  (training )  Lm: 6.222 (6.222), Lt: 5.565 (5.565),  Acc m&t: 4.43 6.64,  Remain: 7:03:03,  Finish: 2025-11-02 10:41
[11-02 03:38:49] (/VAR_train/utils/misc.py, line 314)=> [Ep]: [  13/20]  [   0/3979]  eta: 1:05:06  tlr: 5.5e-05  tnm: 0.45  Lm: 6.216 (6.216)  Lt: 5.545 (5.545)  Accm: 4.14 (4.14)  Acct: 6.66 (6.66)  time: 0.9819  data: 0.4295
[11-02 03:54:02] (/VAR_train/utils/misc.py, line 314)=> [Ep]: [  13/20]  [ 994/3979]  eta: 0:45:42  tlr: 5.4e-05  tnm: 0.47  Lm: 6.212 (6.212)  Lt: 5.507 (5.507)  Accm: 4.29 (4.29)  Acct: 6.68 (6.68)  time: 0.9202  data: 0.3070
[11-02 04:09:16] (/VAR_train/utils/misc.py, line 314)=> [Ep]: [  13/20]  [1989/3979]  eta: 0:30:28  tlr: 5.2e-05  tnm: 0.45  Lm: 6.209 (6.180)  Lt: 5.502 (5.506)  Accm: 4.44 (4.60)  Acct: 6.70 (6.87)  time: 0.9199  data: 0.2995
[11-02 04:24:31] (/VAR_train/utils/misc.py, line 314)=> [Ep]: [  13/20]  [2983/3979]  eta: 0:15:15  tlr: 5.1e-05  tnm: 0.47  Lm: 6.212 (6.192)  Lt: 5.524 (5.522)  Accm: 4.40 (4.54)  Acct: 6.81 (6.89)  time: 0.9138  data: 0.3132
[11-02 04:39:48] (/VAR_train/utils/misc.py, line 314)=> [Ep]: [  13/20]  [3978/3979]  eta: 0:00:00  tlr: 4.9e-05  tnm: 0.47  Lm: 6.216 (6.209)  Lt: 5.545 (5.535)  Accm: 4.35 (4.45)  Acct: 6.70 (6.78)  time: 0.9333  data: 0.3117
[11-02 04:39:48] (/VAR_train/utils/misc.py, line 336)=> [Ep]: [  13/20]   Total time:      1:01:00   (0.920 s / it)
[11-02 04:39:48] (distill/train_distill.py, line 347)=>      [ep13]  (training )  Lm: 6.222 (6.225), Lt: 5.565 (5.565),  Acc m&t: 4.43 6.64,  Remain: 6:04:11,  Finish: 2025-11-02 10:43
[11-02 04:39:49] (/VAR_train/utils/misc.py, line 314)=> [Ep]: [  14/20]  [   0/3979]  eta: 0:59:12  tlr: 4.9e-05  tnm: 0.47  Lm: 6.241 (6.241)  Lt: 5.573 (5.573)  Accm: 4.26 (4.26)  Acct: 6.53 (6.53)  time: 0.8927  data: 0.2996
[11-02 04:55:01] (/VAR_train/utils/misc.py, line 314)=> [Ep]: [  14/20]  [ 994/3979]  eta: 0:45:37  tlr: 4.8e-05  tnm: 0.49  Lm: 6.273 (6.273)  Lt: 5.581 (5.581)  Accm: 4.10 (4.10)  Acct: 6.42 (6.42)  time: 0.9236  data: 0.3146
[11-02 05:10:16] (/VAR_train/utils/misc.py, line 314)=> [Ep]: [  14/20]  [1989/3979]  eta: 0:30:27  tlr: 4.6e-05  tnm: 0.47  Lm: 6.304 (6.292)  Lt: 5.588 (5.618)  Accm: 3.93 (3.97)  Acct: 6.32 (6.18)  time: 0.9185  data: 0.3071
[11-02 05:25:31] (/VAR_train/utils/misc.py, line 314)=> [Ep]: [  14/20]  [2983/3979]  eta: 0:15:15  tlr: 4.4e-05  tnm: 0.47  Lm: 6.274 (6.280)  Lt: 5.581 (5.601)  Accm: 4.10 (4.08)  Acct: 6.42 (6.41)  time: 0.9248  data: 0.3095
[11-02 05:40:45] (/VAR_train/utils/misc.py, line 314)=> [Ep]: [  14/20]  [3978/3979]  eta: 0:00:00  tlr: 4.3e-05  tnm: 0.47  Lm: 6.245 (6.273)  Lt: 5.573 (5.594)  Accm: 4.01 (4.07)  Acct: 6.32 (6.39)  time: 0.9161  data: 0.3136
[11-02 05:40:45] (/VAR_train/utils/misc.py, line 336)=> [Ep]: [  14/20]   Total time:      1:00:57   (0.919 s / it)
[11-02 05:42:10] (distill/train_distill.py, line 318)=>  [*] [ep14]  (val 50000)  Lm: 6.2369, Lt: 5.5726, Acc m&t: 4.24 6.46,  Val cost: 84.39s
[11-02 05:42:10] (distill/train_distill.py, line 326)=> [saving ckpt] ep15 ...     [saving ckpt](*) finished!  @ /home/project/real_prune/VAR_train/distill_d16_scale_aware_256/ar-ckpt-ep015.pth (best)
[11-02 05:42:17] (distill/train_distill.py, line 347)=>      [ep14]  (training )  Lm: 6.222 (6.237), Lt: 5.565 (5.573),  Acc m&t: 4.43 6.64,  Remain: 5:01:44,  Finish: 2025-11-02 10:42
[11-02 05:42:18] (/VAR_train/utils/misc.py, line 314)=> [Ep]: [  15/20]  [   0/3979]  eta: 1:04:11  tlr: 4.3e-05  tnm: 0.47  Lm: 6.119 (6.119)  Lt: 5.500 (5.500)  Accm: 5.05 (5.05)  Acct: 7.22 (7.22)  time: 0.9680  data: 0.3371
[11-02 05:57:32] (/VAR_train/utils/misc.py, line 314)=> [Ep]: [  15/20]  [ 994/3979]  eta: 0:45:45  tlr: 4.1e-05  tnm: 0.48  Lm: 6.122 (6.122)  Lt: 5.471 (5.471)  Accm: 5.07 (5.07)  Acct: 7.42 (7.42)  time: 0.9305  data: 0.3278
[11-02 06:12:47] (/VAR_train/utils/misc.py, line 314)=> [Ep]: [  15/20]  [1989/3979]  eta: 0:30:29  tlr: 4e-05  tnm: 0.47  Lm: 6.125 (6.159)  Lt: 5.500 (5.527)  Accm: 5.05 (4.81)  Acct: 7.22 (7.02)  time: 0.9272  data: 0.3260
[11-02 06:28:05] (/VAR_train/utils/misc.py, line 314)=> [Ep]: [  15/20]  [2983/3979]  eta: 0:15:17  tlr: 3.8e-05  tnm: 0.47  Lm: 6.150 (6.163)  Lt: 5.476 (5.509)  Accm: 4.81 (4.75)  Acct: 7.23 (7.07)  time: 0.9290  data: 0.3092
[11-02 06:43:18] (/VAR_train/utils/misc.py, line 314)=> [Ep]: [  15/20]  [3978/3979]  eta: 0:00:00  tlr: 3.7e-05  tnm: 0.48  Lm: 6.176 (6.175)  Lt: 5.500 (5.507)  Accm: 4.57 (4.71)  Acct: 7.22 (7.09)  time: 0.9435  data: 0.3029
[11-02 06:43:18] (/VAR_train/utils/misc.py, line 336)=> [Ep]: [  15/20]   Total time:      1:01:00   (0.920 s / it)
[11-02 06:43:18] (distill/train_distill.py, line 347)=>      [ep15]  (training )  Lm: 6.213 (6.213), Lt: 5.551 (5.551),  Acc m&t: 4.43 6.72,  Remain: 4:08:13,  Finish: 2025-11-02 10:51
[11-02 06:43:19] (/VAR_train/utils/misc.py, line 314)=> [Ep]: [  16/20]  [   0/3979]  eta: 1:04:18  tlr: 3.7e-05  tnm: 0.49  Lm: 6.093 (6.093)  Lt: 5.452 (5.452)  Accm: 5.34 (5.34)  Acct: 7.52 (7.52)  time: 0.9697  data: 0.3183
[11-02 06:58:31] (/VAR_train/utils/misc.py, line 314)=> [Ep]: [  16/20]  [ 994/3979]  eta: 0:45:38  tlr: 3.5e-05  tnm: 0.49  Lm: 6.165 (6.165)  Lt: 5.522 (5.522)  Accm: 4.77 (4.77)  Acct: 6.89 (6.89)  time: 0.9190  data: 0.3194
[11-02 07:13:48] (/VAR_train/utils/misc.py, line 314)=> [Ep]: [  16/20]  [1989/3979]  eta: 0:30:29  tlr: 3.4e-05  tnm: 0.48  Lm: 6.222 (6.184)  Lt: 5.569 (5.537)  Accm: 4.41 (4.65)  Acct: 6.70 (6.83)  time: 0.9361  data: 0.3223
[11-02 07:29:00] (/VAR_train/utils/misc.py, line 314)=> [Ep]: [  16/20]  [2983/3979]  eta: 0:15:15  tlr: 3.2e-05  tnm: 0.48  Lm: 6.230 (6.200)  Lt: 5.580 (5.555)  Accm: 4.38 (4.57)  Acct: 6.48 (6.68)  time: 0.9148  data: 0.3163
[11-02 07:44:15] (/VAR_train/utils/misc.py, line 314)=> [Ep]: [  16/20]  [3978/3979]  eta: 0:00:00  tlr: 3.1e-05  tnm: 0.49  Lm: 6.222 (6.204)  Lt: 5.569 (5.544)  Accm: 4.34 (4.52)  Acct: 6.70 (6.71)  time: 0.9205  data: 0.3044
[11-02 07:44:15] (/VAR_train/utils/misc.py, line 336)=> [Ep]: [  16/20]   Total time:      1:00:57   (0.919 s / it)
[11-02 07:44:15] (distill/train_distill.py, line 347)=>      [ep16]  (training )  Lm: 6.203 (6.203), Lt: 5.544 (5.544),  Acc m&t: 4.44 6.72,  Remain: 3:03:53,  Finish: 2025-11-02 10:48
[11-02 07:44:16] (/VAR_train/utils/misc.py, line 314)=> [Ep]: [  17/20]  [   0/3979]  eta: 1:02:16  tlr: 3.1e-05  tnm: 0.49  Lm: 6.163 (6.163)  Lt: 5.548 (5.548)  Accm: 4.50 (4.50)  Acct: 6.66 (6.66)  time: 0.9389  data: 0.3217
[11-02 07:59:33] (/VAR_train/utils/misc.py, line 314)=> [Ep]: [  17/20]  [ 994/3979]  eta: 0:45:52  tlr: 2.9e-05  tnm: 0.49  Lm: 6.188 (6.188)  Lt: 5.526 (5.526)  Accm: 4.47 (4.47)  Acct: 6.86 (6.86)  time: 0.9331  data: 0.3178
[11-02 08:14:46] (/VAR_train/utils/misc.py, line 314)=> [Ep]: [  17/20]  [1989/3979]  eta: 0:30:30  tlr: 2.8e-05  tnm: 0.50  Lm: 6.190 (6.189)  Lt: 5.508 (5.520)  Accm: 4.50 (4.48)  Acct: 6.78 (6.83)  time: 0.9001  data: 0.3156
[11-02 08:30:00] (/VAR_train/utils/misc.py, line 314)=> [Ep]: [  17/20]  [2983/3979]  eta: 0:15:16  tlr: 2.6e-05  tnm: 0.48  Lm: 6.201 (6.213)  Lt: 5.528 (5.549)  Accm: 4.47 (4.35)  Acct: 6.72 (6.72)  time: 0.9249  data: 0.3345
[11-02 08:45:11] (/VAR_train/utils/misc.py, line 314)=> [Ep]: [  17/20]  [3978/3979]  eta: 0:00:00  tlr: 2.5e-05  tnm: 0.49  Lm: 6.207 (6.211)  Lt: 5.517 (5.543)  Accm: 4.50 (4.38)  Acct: 6.67 (6.71)  time: 0.8939  data: 0.2960
[11-02 08:45:11] (/VAR_train/utils/misc.py, line 336)=> [Ep]: [  17/20]   Total time:      1:00:55   (0.919 s / it)
[11-02 08:46:34] (distill/train_distill.py, line 318)=>  [*] [ep17]  (val 50000)  Lm: 6.2063, Lt: 5.5398, Acc m&t: 4.45 6.74,  Val cost: 82.68s
[11-02 08:46:34] (distill/train_distill.py, line 326)=> [saving ckpt] ep18 ...     [saving ckpt](*) finished!  @ /home/project/real_prune/VAR_train/distill_d16_scale_aware_256/ar-ckpt-ep018.pth (best)
[11-02 08:46:41] (distill/train_distill.py, line 347)=>      [ep17]  (training )  Lm: 6.203 (6.206), Lt: 5.540 (5.540),  Acc m&t: 4.45 6.74,  Remain: 1:58:33,  Finish: 2025-11-02 10:43
[11-02 08:46:42] (/VAR_train/utils/misc.py, line 314)=> [Ep]: [  18/20]  [   0/3979]  eta: 1:04:46  tlr: 2.5e-05  tnm: 0.51  Lm: 6.259 (6.259)  Lt: 5.586 (5.586)  Accm: 4.10 (4.10)  Acct: 6.54 (6.54)  time: 0.9769  data: 0.3123
[11-02 09:01:54] (/VAR_train/utils/misc.py, line 314)=> [Ep]: [  18/20]  [ 994/3979]  eta: 0:45:38  tlr: 2.3e-05  tnm: 0.50  Lm: 6.210 (6.210)  Lt: 5.550 (5.550)  Accm: 4.46 (4.46)  Acct: 6.78 (6.78)  time: 0.9093  data: 0.3118
[11-02 09:17:08] (/VAR_train/utils/misc.py, line 314)=> [Ep]: [  18/20]  [1989/3979]  eta: 0:30:26  tlr: 2.2e-05  tnm: 0.49  Lm: 6.243 (6.221)  Lt: 5.521 (5.540)  Accm: 4.12 (4.35)  Acct: 6.54 (6.68)  time: 0.9042  data: 0.3084
[11-02 09:32:20] (/VAR_train/utils/misc.py, line 314)=> [Ep]: [  18/20]  [2983/3979]  eta: 0:15:14  tlr: 2e-05  tnm: 0.51  Lm: 6.221 (6.215)  Lt: 5.517 (5.532)  Accm: 4.25 (4.36)  Acct: 6.74 (6.74)  time: 0.9029  data: 0.3093
[11-02 09:47:36] (/VAR_train/utils/misc.py, line 314)=> [Ep]: [  18/20]  [3978/3979]  eta: 0:00:00  tlr: 1.9e-05  tnm: 0.50  Lm: 6.243 (6.230)  Lt: 5.521 (5.558)  Accm: 4.12 (4.31)  Acct: 6.54 (6.62)  time: 0.9233  data: 0.3069
[11-02 09:47:36] (/VAR_train/utils/misc.py, line 336)=> [Ep]: [  18/20]   Total time:      1:00:55   (0.919 s / it)
[11-02 09:47:36] (distill/train_distill.py, line 347)=>      [ep18]  (training )  Lm: 6.184 (6.184), Lt: 5.514 (5.514),  Acc m&t: 4.55 6.88,  Remain: 1:01:16,  Finish: 2025-11-02 10:48
[11-02 09:47:37] (/VAR_train/utils/misc.py, line 314)=> [Ep]: [  19/20]  [   0/3979]  eta: 1:02:05  tlr: 1.9e-05  tnm: 0.50  Lm: 6.211 (6.211)  Lt: 5.527 (5.527)  Accm: 4.46 (4.46)  Acct: 6.92 (6.92)  time: 0.9363  data: 0.2940
[11-02 10:02:49] (/VAR_train/utils/misc.py, line 314)=> [Ep]: [  19/20]  [ 994/3979]  eta: 0:45:39  tlr: 1.7e-05  tnm: 0.50  Lm: 6.158 (6.158)  Lt: 5.497 (5.497)  Accm: 4.75 (4.75)  Acct: 7.10 (7.10)  time: 0.9147  data: 0.3053
[11-02 10:18:05] (/VAR_train/utils/misc.py, line 314)=> [Ep]: [  19/20]  [1989/3979]  eta: 0:30:28  tlr: 1.6e-05  tnm: 0.50  Lm: 6.211 (6.184)  Lt: 5.526 (5.507)  Accm: 4.46 (4.55)  Acct: 6.92 (6.95)  time: 0.9047  data: 0.3115
[11-02 10:33:20] (/VAR_train/utils/misc.py, line 314)=> [Ep]: [  19/20]  [2983/3979]  eta: 0:15:15  tlr: 1.4e-05  tnm: 0.52  Lm: 6.191 (6.181)  Lt: 5.525 (5.511)  Accm: 4.53 (4.56)  Acct: 7.03 (6.99)  time: 0.9102  data: 0.3037
[11-02 10:48:34] (/VAR_train/utils/misc.py, line 314)=> [Ep]: [  19/20]  [3978/3979]  eta: 0:00:00  tlr: 1.3e-05  tnm: 0.52  Lm: 6.171 (6.172)  Lt: 5.524 (5.489)  Accm: 4.59 (4.63)  Acct: 7.13 (7.11)  time: 0.9241  data: 0.3169
[11-02 10:48:34] (/VAR_train/utils/misc.py, line 336)=> [Ep]: [  19/20]   Total time:      1:00:57   (0.919 s / it)
[11-02 10:49:57] (distill/train_distill.py, line 318)=>  [*] [ep19]  (val 50000)  Lm: 6.1897, Lt: 5.5098, Acc m&t: 4.45 6.82,  Val cost: 82.76s
[11-02 10:49:57] (distill/train_distill.py, line 326)=> [saving ckpt] ep20 ...     [saving ckpt](*) finished!  @ /home/project/real_prune/VAR_train/distill_d16_scale_aware_256/ar-ckpt-ep020.pth (best)
[11-02 10:50:04] (distill/train_distill.py, line 347)=>      [ep19]  (training )  Lm: 6.184 (6.190), Lt: 5.510 (5.510),  Acc m&t: 4.55 6.88,  Remain: 0:00:14,  Finish: 2025-11-02 10:48
[11-02 10:50:04] (distill/train_distill.py, line 353)=> \n\n
[11-02 10:50:04] (distill/train_distill.py, line 354)=>   [*] [蒸馏训练完成]  总耗时: 20.5h,   Lm: 6.184 (6.189703328268869),   Lt: 5.510 (5.509841741834368)
[11-02 10:50:04] (distill/train_distill.py, line 370)=> \n\n
[11-02 10:50:10] (distill/train_distill.py, line 377)=> final args:

{
  data_path           : /home/project/ImageNet-1K
  exp_name            : text
  vfast               : 0
  vae_path            : /home/project/daily/AR/model_zoo/vae_ch160v4096z32.pth
  var_path            : /home/project/real_prune/slimgpt_pub_prune/sparsity_model/prune_d16_0.4sparsity_150i_256eva_scale.pth
  tfast               : 0
  depth               : 16
  sparsity            : 0.4
  ini                 : -1
  hd                  : 0.02
  aln                 : 0.5
  alng                : 0.001
  fp16                : 1
  tblr                : 0.0001
  tlr                 : 0.00012578125
  twd                 : 0.05
  twde                : 0.05
  tclip               : 2.0
  ls                  : 0.0
  maxlayer            : 16
  bs                  : 322
  batch_size          : 46
  glb_batch_size      : 322
  ac                  : 1
  ep                  : 20
  wp                  : 0.4
  wp0                 : 0.005
  wpe                 : 0.1
  sche                : lin0
  opt                 : adamw
  afuse               : True
  saln                : False
  anorm               : True
  fuse                : True
  pn                  : 1_2_3_4_5_6_8_10_13_16
  patch_size          : 16
  patch_nums          : (1, 2, 3, 4, 5, 6, 8, 10, 13, 16)
  resos               : (16, 32, 48, 64, 80, 96, 128, 160, 208, 256)
  data_load_reso      : 256
  mid_reso            : 1.125
  hflip               : False
  workers             : 0
  pg                  : 0.0
  pg0                 : 4
  pgwp                : 0.06666666666666667
  ckpt_save_interval  : 3
  cmd                 : --enable_distillation=1 --teacher_model_path=/home/project/daily/AR/model_zoo/var_d16.pth --teacher_depth=16 --distill_type=scale_aware --scale_weights_str=2.0,1.8,1.6,1.4,1.2,1.0,0.8,0.6,0.4,0.2 --distill_alpha=0.7 --distill_beta=0.3 --depth=16 --bs=320 --ep=20 --fp16=1 --alng=1e-3 --wpe=0.1 --sparsity=0.4 --var_path=/home/project/real_prune/slimgpt_pub_prune/sparsity_model/prune_d16_0.4sparsity_150i_256eva_scale.pth --vae_path=/home/project/daily/AR/model_zoo/vae_ch160v4096z32.pth --data_path=/home/project/ImageNet-1K --local_out_dir_path=/home/project/real_prune/VAR_train/distill_d16_scale_aware_256
  branch              : main
  commit_id           : 1bf7cb2895b8461062f9dbaf1daffb729258724e
  commit_msg          : 25.9.25
  acc_mean            : 4.450584650039673
  acc_tail            : 6.819681812609945
  L_mean              : 6.189703328268869
  L_tail              : 5.509841741834368
  vacc_mean           : 4.640679359436035
  vacc_tail           : 7.187007904052734
  vL_mean             : 6.150775909423828
  vL_tail             : 5.4418816566467285
  grad_norm           : 0.5073526084423066
  cur_lr              : 1.2578125e-05
  cur_wd              : 0.05
  cur_it              : 3979/3979
  cur_ep              : 20/20
  remain_time         : -
  finish_time         : 2025-11-02 10:49
  local_out_dir_path  : /home/project/real_prune/VAR_train/distill_d16_scale_aware_256
  tb_log_dir_path     : /home/project/real_prune/VAR_train/distill_d16_scale_aware_256/tb-VARd16__pn1_2_3_4_5_6_8_10_13_16__b322ep20adamlr0.0001wd0.05
  log_txt_path        : /home/project/real_prune/VAR_train/distill_d16_scale_aware_256/log.txt
  last_ckpt_path      : /home/project/real_prune/VAR_train/distill_d16_scale_aware_256/ar-ckpt-last.pth
  tf32                : True
  seed                : None
  transfer            : False
  enable_distillation : False
  teacher_model_path  : /home/project/daily/AR/model_zoo/var_d16.pth
  teacher_depth       : 16
  distill_type        : scale_aware
  distill_alpha       : 0.7
  distill_beta        : 0.3
  distill_temperature : 4.0
  scale_weights_str   : 2.0,1.8,1.6,1.4,1.2,1.0,0.8,0.6,0.4,0.2
  use_feature_distill : False
  feature_layers_str  : 4,8,12,15
  use_attention_distill: False
  distill_warmup_epochs: 5
  distill_schedule    : constant
  same_seed_for_all_ranks: 0
  local_debug         : False
  dbg_nan             : False
}

W1102 14:05:50.193000 2050376 site-packages/torch/distributed/run.py:803] 
W1102 14:05:50.193000 2050376 site-packages/torch/distributed/run.py:803] *****************************************
W1102 14:05:50.193000 2050376 site-packages/torch/distributed/run.py:803] Setting OMP_NUM_THREADS environment variable for each process to be 1 in default, to avoid your system being overloaded, please further tune the variable for optimal performance in your application as needed. 
W1102 14:05:50.193000 2050376 site-packages/torch/distributed/run.py:803] *****************************************
[dist initialize] mp method=spawn
[lrk=6, rk=6]
[dist initialize] mp method=spawn
[lrk=3, rk=3]
[dist initialize] mp method=spawn
[lrk=0, rk=0]
/root/miniconda3/envs/var/lib/python3.10/site-packages/torch/distributed/distributed_c10d.py:4876: UserWarning: barrier(): using the device under current context. You can specify `device_id` in `init_process_group` to mute this warning.
  warnings.warn(  # warn only once
[rank0]:[W1102 14:05:56.125349344 ProcessGroupNCCL.cpp:5068] Guessing device ID based on global rank. This can cause a hang if rank to GPU mapping is heterogeneous. You can specify device_id in init_process_group()
[dist initialize] mp method=spawn
[lrk=4, rk=4]
[dist initialize] mp method=spawn
[lrk=1, rk=1]
[dist initialize] mp method=spawn
[lrk=2, rk=2]
[dist initialize] mp method=spawn
[lrk=5, rk=5]
/root/miniconda3/envs/var/lib/python3.10/site-packages/torch/backends/__init__.py:46: UserWarning: Please use the new API settings to control TF32 behavior, such as torch.backends.cudnn.conv.fp32_precision = 'tf32' or torch.backends.cuda.matmul.fp32_precision = 'ieee'. Old settings, e.g, torch.backends.cuda.matmul.allow_tf32 = True, torch.backends.cudnn.allow_tf32 = True, allowTF32CuDNN() and allowTF32CuBLAS() will be deprecated after Pytorch 2.9. Please see https://pytorch.org/docs/main/notes/cuda.html#tensorfloat-32-tf32-on-ampere-and-later-devices (Triggered internally at /pytorch/aten/src/ATen/Context.cpp:80.)
  self.setter(val)
/root/miniconda3/envs/var/lib/python3.10/site-packages/torch/backends/__init__.py:46: UserWarning: Please use the new API settings to control TF32 behavior, such as torch.backends.cudnn.conv.fp32_precision = 'tf32' or torch.backends.cuda.matmul.fp32_precision = 'ieee'. Old settings, e.g, torch.backends.cuda.matmul.allow_tf32 = True, torch.backends.cudnn.allow_tf32 = True, allowTF32CuDNN() and allowTF32CuBLAS() will be deprecated after Pytorch 2.9. Please see https://pytorch.org/docs/main/notes/cuda.html#tensorfloat-32-tf32-on-ampere-and-later-devices (Triggered internally at /pytorch/aten/src/ATen/Context.cpp:80.)
  self.setter(val)
/root/miniconda3/envs/var/lib/python3.10/site-packages/torch/backends/__init__.py:46: UserWarning: Please use the new API settings to control TF32 behavior, such as torch.backends.cudnn.conv.fp32_precision = 'tf32' or torch.backends.cuda.matmul.fp32_precision = 'ieee'. Old settings, e.g, torch.backends.cuda.matmul.allow_tf32 = True, torch.backends.cudnn.allow_tf32 = True, allowTF32CuDNN() and allowTF32CuBLAS() will be deprecated after Pytorch 2.9. Please see https://pytorch.org/docs/main/notes/cuda.html#tensorfloat-32-tf32-on-ampere-and-later-devices (Triggered internally at /pytorch/aten/src/ATen/Context.cpp:80.)
  self.setter(val)
/root/miniconda3/envs/var/lib/python3.10/site-packages/torch/backends/__init__.py:46: UserWarning: Please use the new API settings to control TF32 behavior, such as torch.backends.cudnn.conv.fp32_precision = 'tf32' or torch.backends.cuda.matmul.fp32_precision = 'ieee'. Old settings, e.g, torch.backends.cuda.matmul.allow_tf32 = True, torch.backends.cudnn.allow_tf32 = True, allowTF32CuDNN() and allowTF32CuBLAS() will be deprecated after Pytorch 2.9. Please see https://pytorch.org/docs/main/notes/cuda.html#tensorfloat-32-tf32-on-ampere-and-later-devices (Triggered internally at /pytorch/aten/src/ATen/Context.cpp:80.)
  self.setter(val)
/root/miniconda3/envs/var/lib/python3.10/site-packages/torch/backends/__init__.py:46: UserWarning: Please use the new API settings to control TF32 behavior, such as torch.backends.cudnn.conv.fp32_precision = 'tf32' or torch.backends.cuda.matmul.fp32_precision = 'ieee'. Old settings, e.g, torch.backends.cuda.matmul.allow_tf32 = True, torch.backends.cudnn.allow_tf32 = True, allowTF32CuDNN() and allowTF32CuBLAS() will be deprecated after Pytorch 2.9. Please see https://pytorch.org/docs/main/notes/cuda.html#tensorfloat-32-tf32-on-ampere-and-later-devices (Triggered internally at /pytorch/aten/src/ATen/Context.cpp:80.)
  self.setter(val)
/root/miniconda3/envs/var/lib/python3.10/site-packages/torch/backends/__init__.py:46: UserWarning: Please use the new API settings to control TF32 behavior, such as torch.backends.cudnn.conv.fp32_precision = 'tf32' or torch.backends.cuda.matmul.fp32_precision = 'ieee'. Old settings, e.g, torch.backends.cuda.matmul.allow_tf32 = True, torch.backends.cudnn.allow_tf32 = True, allowTF32CuDNN() and allowTF32CuBLAS() will be deprecated after Pytorch 2.9. Please see https://pytorch.org/docs/main/notes/cuda.html#tensorfloat-32-tf32-on-ampere-and-later-devices (Triggered internally at /pytorch/aten/src/ATen/Context.cpp:80.)
  self.setter(val)
/root/miniconda3/envs/var/lib/python3.10/site-packages/torch/backends/__init__.py:46: UserWarning: Please use the new API settings to control TF32 behavior, such as torch.backends.cudnn.conv.fp32_precision = 'tf32' or torch.backends.cuda.matmul.fp32_precision = 'ieee'. Old settings, e.g, torch.backends.cuda.matmul.allow_tf32 = True, torch.backends.cudnn.allow_tf32 = True, allowTF32CuDNN() and allowTF32CuBLAS() will be deprecated after Pytorch 2.9. Please see https://pytorch.org/docs/main/notes/cuda.html#tensorfloat-32-tf32-on-ampere-and-later-devices (Triggered internally at /pytorch/aten/src/ATen/Context.cpp:80.)
  self.setter(val)
[11-02 14:05:57] (_train/utils/arg_util.py, line 241)=> [tf32] [precis] torch.get_float32_matmul_precision(): high
[11-02 14:05:57] (_train/utils/arg_util.py, line 242)=> [tf32] [ conv ] torch.backends.cudnn.allow_tf32: True
[11-02 14:05:57] (_train/utils/arg_util.py, line 243)=> [tf32] [matmul] torch.backends.cuda.matmul.allow_tf32: True
[11-02 14:05:57] (_train/utils/arg_util.py, line 190)=> [蒸馏参数验证] 通过 - 类型:scale_aware, 权重:0.7/0.3
[11-02 14:05:57] (distill/train_distill.py, line 258)=> [参数验证] 蒸馏参数验证通过
[11-02 14:05:57] (distill/train_distill.py, line  63)=> global bs=322, local bs=46
[11-02 14:05:57] (distill/train_distill.py, line  64)=> initial args:\n{
  data_path           : /home/project/ImageNet-1K
  exp_name            : text
  vfast               : 0
  vae_path            : /home/project/daily/AR/model_zoo/vae_ch160v4096z32.pth
  var_path            : /home/project/real_prune/slimgpt_pub_prune/sparsity_model/prune_d16_0.4sparsity_150i_256eva_scale.pth
  tfast               : 0
  depth               : 16
  sparsity            : 0.4
  ini                 : -1
  hd                  : 0.02
  aln                 : 0.5
  alng                : 0.001
  fp16                : 1
  tblr                : 0.0001
  tlr                 : 0.00012578125
  twd                 : 0.05
  twde                : 0.05
  tclip               : 2.0
  ls                  : 0.0
  maxlayer            : 16
  bs                  : 322
  batch_size          : 46
  glb_batch_size      : 322
  ac                  : 1
  ep                  : 20
  wp                  : 0.4
  wp0                 : 0.005
  wpe                 : 0.1
  sche                : lin0.6
  opt                 : adamw
  afuse               : True
  saln                : False
  anorm               : True
  fuse                : True
  pn                  : 1_2_3_4_5_6_8_10_13_16
  patch_size          : 16
  patch_nums          : (1, 2, 3, 4, 5, 6, 8, 10, 13, 16)
  resos               : (16, 32, 48, 64, 80, 96, 128, 160, 208, 256)
  data_load_reso      : 256
  mid_reso            : 1.125
  hflip               : False
  workers             : 0
  pg                  : 0.6
  pg0                 : 3
  pgwp                : 0.06666666666666667
  ckpt_save_interval  : 3
  cmd                 : --enable_distillation=1 --teacher_model_path=/home/project/daily/AR/model_zoo/var_d16.pth --teacher_depth=16 --distill_type=scale_aware --scale_weights_str=2.0,1.8,1.6,1.4,1.2,1.0,0.8,0.6,0.4,0.2 --distill_alpha=0.7 --distill_beta=0.3 --depth=16 --bs=320 --ep=20 --fp16=1 --alng=1e-3 --wpe=0.1 --sparsity=0.4 --var_path=/home/project/real_prune/slimgpt_pub_prune/sparsity_model/prune_d16_0.4sparsity_150i_256eva_scale.pth --vae_path=/home/project/daily/AR/model_zoo/vae_ch160v4096z32.pth --data_path=/home/project/ImageNet-1K --local_out_dir_path=/home/project/real_prune/VAR_train/distill_d16_scale_aware_256_0.6_3 --pg=0.6 --pg0=3
  branch              : main
  commit_id           : 1bf7cb2895b8461062f9dbaf1daffb729258724e
  commit_msg          : 25.9.25
  acc_mean            : None
  acc_tail            : None
  L_mean              : None
  L_tail              : None
  vacc_mean           : None
  vacc_tail           : None
  vL_mean             : None
  vL_tail             : None
  grad_norm           : None
  cur_lr              : None
  cur_wd              : None
  cur_it              : 
  cur_ep              : 
  remain_time         : 
  finish_time         : 
  local_out_dir_path  : /home/project/real_prune/VAR_train/distill_d16_scale_aware_256_0.6_3
  tb_log_dir_path     : /home/project/real_prune/VAR_train/distill_d16_scale_aware_256_0.6_3/tb-VARd16__pn1_2_3_4_5_6_8_10_13_16__b322ep20adamlr0.0001wd0.05
  log_txt_path        : /home/project/real_prune/VAR_train/distill_d16_scale_aware_256_0.6_3/log.txt
  last_ckpt_path      : /home/project/real_prune/VAR_train/distill_d16_scale_aware_256_0.6_3/ar-ckpt-last.pth
  tf32                : True
  seed                : None
  transfer            : False
  enable_distillation : True
  teacher_model_path  : /home/project/daily/AR/model_zoo/var_d16.pth
  teacher_depth       : 16
  distill_type        : scale_aware
  distill_alpha       : 0.7
  distill_beta        : 0.3
  distill_temperature : 4.0
  scale_weights_str   : 2.0,1.8,1.6,1.4,1.2,1.0,0.8,0.6,0.4,0.2
  use_feature_distill : False
  feature_layers_str  : 4,8,12,15
  use_attention_distill: False
  distill_warmup_epochs: 5
  distill_schedule    : constant
  same_seed_for_all_ranks: 0
  local_debug         : False
  dbg_nan             : False
}

[11-02 14:05:57] (distill/train_distill.py, line  68)=> [build PT data] ...\n
[11-02 14:05:59] (/VAR_train/utils/data.py, line  34)=> [Dataset] len(train_set)=1281167, len(val_set)=50000, num_classes=1000
[11-02 14:05:59] (/VAR_train/utils/data.py, line  48)=> Transform [train] = 
[11-02 14:05:59] (/VAR_train/utils/data.py, line  51)=> Resize(size=288, interpolation=lanczos, max_size=None, antialias=True)
[11-02 14:05:59] (/VAR_train/utils/data.py, line  51)=> RandomCrop(size=(256, 256), padding=None)
[11-02 14:05:59] (/VAR_train/utils/data.py, line  51)=> ToTensor()
[11-02 14:05:59] (/VAR_train/utils/data.py, line  51)=> <function normalize_01_into_pm1 at 0x7faa02185a20>
[11-02 14:05:59] (/VAR_train/utils/data.py, line  54)=> ---------------------------

[11-02 14:05:59] (/VAR_train/utils/data.py, line  48)=> Transform [val] = 
[11-02 14:05:59] (/VAR_train/utils/data.py, line  51)=> Resize(size=288, interpolation=lanczos, max_size=None, antialias=True)
[11-02 14:05:59] (/VAR_train/utils/data.py, line  51)=> CenterCrop(size=(256, 256))
[11-02 14:05:59] (/VAR_train/utils/data.py, line  51)=> ToTensor()
[11-02 14:05:59] (/VAR_train/utils/data.py, line  51)=> <function normalize_01_into_pm1 at 0x7faa02185a20>
[11-02 14:05:59] (/VAR_train/utils/data.py, line  54)=> ---------------------------

[11-02 14:05:59] (distill/train_distill.py, line  91)=> [auto_resume] no ckpt found @ /home/project/real_prune/VAR_train/distill_d16_scale_aware_256_0.6_3/ar-ckpt*.pth
[11-02 14:05:59] (distill/train_distill.py, line  91)=> [auto_resume quit]
[11-02 14:05:59] (distill/train_distill.py, line  92)=> [dataloader multi processing] ...     [dataloader multi processing](*) finished! (0.00s)
[11-02 14:05:59] (distill/train_distill.py, line  98)=> [dataloader] gbs=322, lbs=46, iters_train=3979, types(tr, va)=('DatasetFolder', 'DatasetFolder')
[11-02 14:05:59] (/VAR_train/models/var.py, line 102)=> 
[constructor]  ==== flash_if_available=True (0/16), fused_if_available=True (fusing_add_ln=0/16, fusing_mlp=0/16) ==== 
    [VAR config ] embed_dim=1024, num_heads=16, depth=16, mlp_ratio=4.0
    [drop ratios ] drop_rate=0.0, attn_drop_rate=0.0, drop_path_rate=0.0666667 (tensor([0.0000, 0.0044, 0.0089, 0.0133, 0.0178, 0.0222, 0.0267, 0.0311, 0.0356,
        0.0400, 0.0444, 0.0489, 0.0533, 0.0578, 0.0622, 0.0667]))

[11-02 14:05:59] (/VAR_train/models/var.py, line 259)=> [init_weights] VAR with init_std=0.0180422
[11-02 14:06:00] (distill/train_distill.py, line 132)=> 加载学生模型权重...
[11-02 14:06:00] (distill/train_distill.py, line 146)=> [INIT] VAR model = VAR(
  drop_path_rate=0.0666667
  (word_embed): Linear(in_features=32, out_features=1024, bias=True)
  (class_emb): Embedding(1001, 1024)
  (lvl_embed): Embedding(10, 1024)
  (shared_ada_lin): Identity()
  (blocks): ModuleList(
    (0): AdaLNSelfAttn(
      shared_aln=False
      (drop_path): Identity()
      (attn): SelfAttention(
        using_flash=False, using_xform=False, attn_l2_norm=True
        (mat_qkv): Linear(in_features=1024, out_features=1920, bias=False)
        (proj): Linear(in_features=640, out_features=1024, bias=True)
        (proj_drop): Identity()
      )
      (ffn): FFN(
        fused_mlp_func=False
        (fc1): Linear(in_features=1024, out_features=2458, bias=True)
        (act): GELU(approximate='tanh')
        (fc2): Linear(in_features=2458, out_features=1024, bias=True)
        (drop): Identity()
      )
      (ln_wo_grad): LayerNorm((1024,), eps=1e-06, elementwise_affine=False)
      (ada_lin): Sequential(
        (0): SiLU()
        (1): Linear(in_features=1024, out_features=6144, bias=True)
      )
    )
    (1-15): 15 x AdaLNSelfAttn(
      shared_aln=False
      (drop_path): DropPath((drop_prob=...))
      (attn): SelfAttention(
        using_flash=False, using_xform=False, attn_l2_norm=True
        (mat_qkv): Linear(in_features=1024, out_features=1920, bias=False)
        (proj): Linear(in_features=640, out_features=1024, bias=True)
        (proj_drop): Identity()
      )
      (ffn): FFN(
        fused_mlp_func=False
        (fc1): Linear(in_features=1024, out_features=2458, bias=True)
        (act): GELU(approximate='tanh')
        (fc2): Linear(in_features=2458, out_features=1024, bias=True)
        (drop): Identity()
      )
      (ln_wo_grad): LayerNorm((1024,), eps=1e-06, elementwise_affine=False)
      (ada_lin): Sequential(
        (0): SiLU()
        (1): Linear(in_features=1024, out_features=6144, bias=True)
      )
    )
  )
  (head_nm): AdaLNBeforeHead(
    (ln_wo_grad): LayerNorm((1024,), eps=1e-06, elementwise_affine=False)
    (ada_lin): Sequential(
      (0): SiLU()
      (1): Linear(in_features=1024, out_features=2048, bias=True)
    )
  )
  (head): Linear(in_features=1024, out_features=4096, bias=True)
)\n\n
[11-02 14:06:00] (distill/train_distill.py, line 148)=> [INIT][#para] VAE=108.95, VAE.enc=44.11, VAE.dec=64.65, VAE.quant=0.17
[11-02 14:06:00] (distill/train_distill.py, line 149)=> [INIT][#para] VAR=231.41\n\n
[11-02 14:06:00] (distill/train_distill.py, line 154)=> \n============================================================
[11-02 14:06:00] (distill/train_distill.py, line 155)=> 开始加载教师模型...
[11-02 14:06:00] (distill/distill_utils.py, line  31)=> [加载教师模型] 路径: /home/project/daily/AR/model_zoo/var_d16.pth
[11-02 14:06:00] (distill/distill_utils.py, line  32)=> [加载教师模型] 深度: 16
[11-02 14:06:00] (distill/distill_utils.py, line  39)=> [加载教师模型] 构建模型架构...
[11-02 14:06:00] (/VAR_train/models/var.py, line 102)=> 
[constructor]  ==== flash_if_available=True (0/16), fused_if_available=True (fusing_add_ln=0/16, fusing_mlp=0/16) ==== 
    [VAR config ] embed_dim=1024, num_heads=16, depth=16, mlp_ratio=4.0
    [drop ratios ] drop_rate=0.0, attn_drop_rate=0.0, drop_path_rate=0.0666667 (tensor([0.0000, 0.0044, 0.0089, 0.0133, 0.0178, 0.0222, 0.0267, 0.0311, 0.0356,
        0.0400, 0.0444, 0.0489, 0.0533, 0.0578, 0.0622, 0.0667]))

[11-02 14:06:00] (/VAR_train/models/var.py, line 259)=> [init_weights] VAR with init_std=0.0180422
[11-02 14:06:00] (distill/distill_utils.py, line  52)=> [加载教师模型] 加载权重...
[11-02 14:06:01] (distill/train_distill.py, line 166)=> 教师模型加载失败: Error(s) in loading state_dict for VAR:
	size mismatch for blocks.0.attn.scale_mul_1H11: copying a param with shape torch.Size([1, 16, 1, 1]) from checkpoint, the shape in current model is torch.Size([1, 10, 1, 1]).
	size mismatch for blocks.0.attn.q_bias: copying a param with shape torch.Size([1024]) from checkpoint, the shape in current model is torch.Size([640]).
	size mismatch for blocks.0.attn.v_bias: copying a param with shape torch.Size([1024]) from checkpoint, the shape in current model is torch.Size([640]).
	size mismatch for blocks.0.attn.zero_k_bias: copying a param with shape torch.Size([1024]) from checkpoint, the shape in current model is torch.Size([640]).
	size mismatch for blocks.0.attn.mat_qkv.weight: copying a param with shape torch.Size([3072, 1024]) from checkpoint, the shape in current model is torch.Size([1920, 1024]).
	size mismatch for blocks.0.attn.proj.weight: copying a param with shape torch.Size([1024, 1024]) from checkpoint, the shape in current model is torch.Size([1024, 640]).
	size mismatch for blocks.0.ffn.fc1.weight: copying a param with shape torch.Size([4096, 1024]) from checkpoint, the shape in current model is torch.Size([2458, 1024]).
	size mismatch for blocks.0.ffn.fc1.bias: copying a param with shape torch.Size([4096]) from checkpoint, the shape in current model is torch.Size([2458]).
	size mismatch for blocks.0.ffn.fc2.weight: copying a param with shape torch.Size([1024, 4096]) from checkpoint, the shape in current model is torch.Size([1024, 2458]).
	size mismatch for blocks.1.attn.scale_mul_1H11: copying a param with shape torch.Size([1, 16, 1, 1]) from checkpoint, the shape in current model is torch.Size([1, 10, 1, 1]).
	size mismatch for blocks.1.attn.q_bias: copying a param with shape torch.Size([1024]) from checkpoint, the shape in current model is torch.Size([640]).
	size mismatch for blocks.1.attn.v_bias: copying a param with shape torch.Size([1024]) from checkpoint, the shape in current model is torch.Size([640]).
	size mismatch for blocks.1.attn.zero_k_bias: copying a param with shape torch.Size([1024]) from checkpoint, the shape in current model is torch.Size([640]).
	size mismatch for blocks.1.attn.mat_qkv.weight: copying a param with shape torch.Size([3072, 1024]) from checkpoint, the shape in current model is torch.Size([1920, 1024]).
	size mismatch for blocks.1.attn.proj.weight: copying a param with shape torch.Size([1024, 1024]) from checkpoint, the shape in current model is torch.Size([1024, 640]).
	size mismatch for blocks.1.ffn.fc1.weight: copying a param with shape torch.Size([4096, 1024]) from checkpoint, the shape in current model is torch.Size([2458, 1024]).
	size mismatch for blocks.1.ffn.fc1.bias: copying a param with shape torch.Size([4096]) from checkpoint, the shape in current model is torch.Size([2458]).
	size mismatch for blocks.1.ffn.fc2.weight: copying a param with shape torch.Size([1024, 4096]) from checkpoint, the shape in current model is torch.Size([1024, 2458]).
	size mismatch for blocks.2.attn.scale_mul_1H11: copying a param with shape torch.Size([1, 16, 1, 1]) from checkpoint, the shape in current model is torch.Size([1, 10, 1, 1]).
	size mismatch for blocks.2.attn.q_bias: copying a param with shape torch.Size([1024]) from checkpoint, the shape in current model is torch.Size([640]).
	size mismatch for blocks.2.attn.v_bias: copying a param with shape torch.Size([1024]) from checkpoint, the shape in current model is torch.Size([640]).
	size mismatch for blocks.2.attn.zero_k_bias: copying a param with shape torch.Size([1024]) from checkpoint, the shape in current model is torch.Size([640]).
	size mismatch for blocks.2.attn.mat_qkv.weight: copying a param with shape torch.Size([3072, 1024]) from checkpoint, the shape in current model is torch.Size([1920, 1024]).
	size mismatch for blocks.2.attn.proj.weight: copying a param with shape torch.Size([1024, 1024]) from checkpoint, the shape in current model is torch.Size([1024, 640]).
	size mismatch for blocks.2.ffn.fc1.weight: copying a param with shape torch.Size([4096, 1024]) from checkpoint, the shape in current model is torch.Size([2458, 1024]).
	size mismatch for blocks.2.ffn.fc1.bias: copying a param with shape torch.Size([4096]) from checkpoint, the shape in current model is torch.Size([2458]).
	size mismatch for blocks.2.ffn.fc2.weight: copying a param with shape torch.Size([1024, 4096]) from checkpoint, the shape in current model is torch.Size([1024, 2458]).
	size mismatch for blocks.3.attn.scale_mul_1H11: copying a param with shape torch.Size([1, 16, 1, 1]) from checkpoint, the shape in current model is torch.Size([1, 10, 1, 1]).
	size mismatch for blocks.3.attn.q_bias: copying a param with shape torch.Size([1024]) from checkpoint, the shape in current model is torch.Size([640]).
	size mismatch for blocks.3.attn.v_bias: copying a param with shape torch.Size([1024]) from checkpoint, the shape in current model is torch.Size([640]).
	size mismatch for blocks.3.attn.zero_k_bias: copying a param with shape torch.Size([1024]) from checkpoint, the shape in current model is torch.Size([640]).
	size mismatch for blocks.3.attn.mat_qkv.weight: copying a param with shape torch.Size([3072, 1024]) from checkpoint, the shape in current model is torch.Size([1920, 1024]).
	size mismatch for blocks.3.attn.proj.weight: copying a param with shape torch.Size([1024, 1024]) from checkpoint, the shape in current model is torch.Size([1024, 640]).
	size mismatch for blocks.3.ffn.fc1.weight: copying a param with shape torch.Size([4096, 1024]) from checkpoint, the shape in current model is torch.Size([2458, 1024]).
	size mismatch for blocks.3.ffn.fc1.bias: copying a param with shape torch.Size([4096]) from checkpoint, the shape in current model is torch.Size([2458]).
	size mismatch for blocks.3.ffn.fc2.weight: copying a param with shape torch.Size([1024, 4096]) from checkpoint, the shape in current model is torch.Size([1024, 2458]).
	size mismatch for blocks.4.attn.scale_mul_1H11: copying a param with shape torch.Size([1, 16, 1, 1]) from checkpoint, the shape in current model is torch.Size([1, 10, 1, 1]).
	size mismatch for blocks.4.attn.q_bias: copying a param with shape torch.Size([1024]) from checkpoint, the shape in current model is torch.Size([640]).
	size mismatch for blocks.4.attn.v_bias: copying a param with shape torch.Size([1024]) from checkpoint, the shape in current model is torch.Size([640]).
	size mismatch for blocks.4.attn.zero_k_bias: copying a param with shape torch.Size([1024]) from checkpoint, the shape in current model is torch.Size([640]).
	size mismatch for blocks.4.attn.mat_qkv.weight: copying a param with shape torch.Size([3072, 1024]) from checkpoint, the shape in current model is torch.Size([1920, 1024]).
	size mismatch for blocks.4.attn.proj.weight: copying a param with shape torch.Size([1024, 1024]) from checkpoint, the shape in current model is torch.Size([1024, 640]).
	size mismatch for blocks.4.ffn.fc1.weight: copying a param with shape torch.Size([4096, 1024]) from checkpoint, the shape in current model is torch.Size([2458, 1024]).
	size mismatch for blocks.4.ffn.fc1.bias: copying a param with shape torch.Size([4096]) from checkpoint, the shape in current model is torch.Size([2458]).
	size mismatch for blocks.4.ffn.fc2.weight: copying a param with shape torch.Size([1024, 4096]) from checkpoint, the shape in current model is torch.Size([1024, 2458]).
	size mismatch for blocks.5.attn.scale_mul_1H11: copying a param with shape torch.Size([1, 16, 1, 1]) from checkpoint, the shape in current model is torch.Size([1, 10, 1, 1]).
	size mismatch for blocks.5.attn.q_bias: copying a param with shape torch.Size([1024]) from checkpoint, the shape in current model is torch.Size([640]).
	size mismatch for blocks.5.attn.v_bias: copying a param with shape torch.Size([1024]) from checkpoint, the shape in current model is torch.Size([640]).
	size mismatch for blocks.5.attn.zero_k_bias: copying a param with shape torch.Size([1024]) from checkpoint, the shape in current model is torch.Size([640]).
	size mismatch for blocks.5.attn.mat_qkv.weight: copying a param with shape torch.Size([3072, 1024]) from checkpoint, the shape in current model is torch.Size([1920, 1024]).
	size mismatch for blocks.5.attn.proj.weight: copying a param with shape torch.Size([1024, 1024]) from checkpoint, the shape in current model is torch.Size([1024, 640]).
	size mismatch for blocks.5.ffn.fc1.weight: copying a param with shape torch.Size([4096, 1024]) from checkpoint, the shape in current model is torch.Size([2458, 1024]).
	size mismatch for blocks.5.ffn.fc1.bias: copying a param with shape torch.Size([4096]) from checkpoint, the shape in current model is torch.Size([2458]).
	size mismatch for blocks.5.ffn.fc2.weight: copying a param with shape torch.Size([1024, 4096]) from checkpoint, the shape in current model is torch.Size([1024, 2458]).
	size mismatch for blocks.6.attn.scale_mul_1H11: copying a param with shape torch.Size([1, 16, 1, 1]) from checkpoint, the shape in current model is torch.Size([1, 10, 1, 1]).
	size mismatch for blocks.6.attn.q_bias: copying a param with shape torch.Size([1024]) from checkpoint, the shape in current model is torch.Size([640]).
	size mismatch for blocks.6.attn.v_bias: copying a param with shape torch.Size([1024]) from checkpoint, the shape in current model is torch.Size([640]).
	size mismatch for blocks.6.attn.zero_k_bias: copying a param with shape torch.Size([1024]) from checkpoint, the shape in current model is torch.Size([640]).
	size mismatch for blocks.6.attn.mat_qkv.weight: copying a param with shape torch.Size([3072, 1024]) from checkpoint, the shape in current model is torch.Size([1920, 1024]).
	size mismatch for blocks.6.attn.proj.weight: copying a param with shape torch.Size([1024, 1024]) from checkpoint, the shape in current model is torch.Size([1024, 640]).
	size mismatch for blocks.6.ffn.fc1.weight: copying a param with shape torch.Size([4096, 1024]) from checkpoint, the shape in current model is torch.Size([2458, 1024]).
	size mismatch for blocks.6.ffn.fc1.bias: copying a param with shape torch.Size([4096]) from checkpoint, the shape in current model is torch.Size([2458]).
	size mismatch for blocks.6.ffn.fc2.weight: copying a param with shape torch.Size([1024, 4096]) from checkpoint, the shape in current model is torch.Size([1024, 2458]).
	size mismatch for blocks.7.attn.scale_mul_1H11: copying a param with shape torch.Size([1, 16, 1, 1]) from checkpoint, the shape in current model is torch.Size([1, 10, 1, 1]).
	size mismatch for blocks.7.attn.q_bias: copying a param with shape torch.Size([1024]) from checkpoint, the shape in current model is torch.Size([640]).
	size mismatch for blocks.7.attn.v_bias: copying a param with shape torch.Size([1024]) from checkpoint, the shape in current model is torch.Size([640]).
	size mismatch for blocks.7.attn.zero_k_bias: copying a param with shape torch.Size([1024]) from checkpoint, the shape in current model is torch.Size([640]).
	size mismatch for blocks.7.attn.mat_qkv.weight: copying a param with shape torch.Size([3072, 1024]) from checkpoint, the shape in current model is torch.Size([1920, 1024]).
	size mismatch for blocks.7.attn.proj.weight: copying a param with shape torch.Size([1024, 1024]) from checkpoint, the shape in current model is torch.Size([1024, 640]).
	size mismatch for blocks.7.ffn.fc1.weight: copying a param with shape torch.Size([4096, 1024]) from checkpoint, the shape in current model is torch.Size([2458, 1024]).
	size mismatch for blocks.7.ffn.fc1.bias: copying a param with shape torch.Size([4096]) from checkpoint, the shape in current model is torch.Size([2458]).
	size mismatch for blocks.7.ffn.fc2.weight: copying a param with shape torch.Size([1024, 4096]) from checkpoint, the shape in current model is torch.Size([1024, 2458]).
	size mismatch for blocks.8.attn.scale_mul_1H11: copying a param with shape torch.Size([1, 16, 1, 1]) from checkpoint, the shape in current model is torch.Size([1, 10, 1, 1]).
	size mismatch for blocks.8.attn.q_bias: copying a param with shape torch.Size([1024]) from checkpoint, the shape in current model is torch.Size([640]).
	size mismatch for blocks.8.attn.v_bias: copying a param with shape torch.Size([1024]) from checkpoint, the shape in current model is torch.Size([640]).
	size mismatch for blocks.8.attn.zero_k_bias: copying a param with shape torch.Size([1024]) from checkpoint, the shape in current model is torch.Size([640]).
	size mismatch for blocks.8.attn.mat_qkv.weight: copying a param with shape torch.Size([3072, 1024]) from checkpoint, the shape in current model is torch.Size([1920, 1024]).
	size mismatch for blocks.8.attn.proj.weight: copying a param with shape torch.Size([1024, 1024]) from checkpoint, the shape in current model is torch.Size([1024, 640]).
	size mismatch for blocks.8.ffn.fc1.weight: copying a param with shape torch.Size([4096, 1024]) from checkpoint, the shape in current model is torch.Size([2458, 1024]).
	size mismatch for blocks.8.ffn.fc1.bias: copying a param with shape torch.Size([4096]) from checkpoint, the shape in current model is torch.Size([2458]).
	size mismatch for blocks.8.ffn.fc2.weight: copying a param with shape torch.Size([1024, 4096]) from checkpoint, the shape in current model is torch.Size([1024, 2458]).
	size mismatch for blocks.9.attn.scale_mul_1H11: copying a param with shape torch.Size([1, 16, 1, 1]) from checkpoint, the shape in current model is torch.Size([1, 10, 1, 1]).
	size mismatch for blocks.9.attn.q_bias: copying a param with shape torch.Size([1024]) from checkpoint, the shape in current model is torch.Size([640]).
	size mismatch for blocks.9.attn.v_bias: copying a param with shape torch.Size([1024]) from checkpoint, the shape in current model is torch.Size([640]).
	size mismatch for blocks.9.attn.zero_k_bias: copying a param with shape torch.Size([1024]) from checkpoint, the shape in current model is torch.Size([640]).
	size mismatch for blocks.9.attn.mat_qkv.weight: copying a param with shape torch.Size([3072, 1024]) from checkpoint, the shape in current model is torch.Size([1920, 1024]).
	size mismatch for blocks.9.attn.proj.weight: copying a param with shape torch.Size([1024, 1024]) from checkpoint, the shape in current model is torch.Size([1024, 640]).
	size mismatch for blocks.9.ffn.fc1.weight: copying a param with shape torch.Size([4096, 1024]) from checkpoint, the shape in current model is torch.Size([2458, 1024]).
	size mismatch for blocks.9.ffn.fc1.bias: copying a param with shape torch.Size([4096]) from checkpoint, the shape in current model is torch.Size([2458]).
	size mismatch for blocks.9.ffn.fc2.weight: copying a param with shape torch.Size([1024, 4096]) from checkpoint, the shape in current model is torch.Size([1024, 2458]).
	size mismatch for blocks.10.attn.scale_mul_1H11: copying a param with shape torch.Size([1, 16, 1, 1]) from checkpoint, the shape in current model is torch.Size([1, 10, 1, 1]).
	size mismatch for blocks.10.attn.q_bias: copying a param with shape torch.Size([1024]) from checkpoint, the shape in current model is torch.Size([640]).
	size mismatch for blocks.10.attn.v_bias: copying a param with shape torch.Size([1024]) from checkpoint, the shape in current model is torch.Size([640]).
	size mismatch for blocks.10.attn.zero_k_bias: copying a param with shape torch.Size([1024]) from checkpoint, the shape in current model is torch.Size([640]).
	size mismatch for blocks.10.attn.mat_qkv.weight: copying a param with shape torch.Size([3072, 1024]) from checkpoint, the shape in current model is torch.Size([1920, 1024]).
	size mismatch for blocks.10.attn.proj.weight: copying a param with shape torch.Size([1024, 1024]) from checkpoint, the shape in current model is torch.Size([1024, 640]).
	size mismatch for blocks.10.ffn.fc1.weight: copying a param with shape torch.Size([4096, 1024]) from checkpoint, the shape in current model is torch.Size([2458, 1024]).
	size mismatch for blocks.10.ffn.fc1.bias: copying a param with shape torch.Size([4096]) from checkpoint, the shape in current model is torch.Size([2458]).
	size mismatch for blocks.10.ffn.fc2.weight: copying a param with shape torch.Size([1024, 4096]) from checkpoint, the shape in current model is torch.Size([1024, 2458]).
	size mismatch for blocks.11.attn.scale_mul_1H11: copying a param with shape torch.Size([1, 16, 1, 1]) from checkpoint, the shape in current model is torch.Size([1, 10, 1, 1]).
	size mismatch for blocks.11.attn.q_bias: copying a param with shape torch.Size([1024]) from checkpoint, the shape in current model is torch.Size([640]).
	size mismatch for blocks.11.attn.v_bias: copying a param with shape torch.Size([1024]) from checkpoint, the shape in current model is torch.Size([640]).
	size mismatch for blocks.11.attn.zero_k_bias: copying a param with shape torch.Size([1024]) from checkpoint, the shape in current model is torch.Size([640]).
	size mismatch for blocks.11.attn.mat_qkv.weight: copying a param with shape torch.Size([3072, 1024]) from checkpoint, the shape in current model is torch.Size([1920, 1024]).
	size mismatch for blocks.11.attn.proj.weight: copying a param with shape torch.Size([1024, 1024]) from checkpoint, the shape in current model is torch.Size([1024, 640]).
	size mismatch for blocks.11.ffn.fc1.weight: copying a param with shape torch.Size([4096, 1024]) from checkpoint, the shape in current model is torch.Size([2458, 1024]).
	size mismatch for blocks.11.ffn.fc1.bias: copying a param with shape torch.Size([4096]) from checkpoint, the shape in current model is torch.Size([2458]).
	size mismatch for blocks.11.ffn.fc2.weight: copying a param with shape torch.Size([1024, 4096]) from checkpoint, the shape in current model is torch.Size([1024, 2458]).
	size mismatch for blocks.12.attn.scale_mul_1H11: copying a param with shape torch.Size([1, 16, 1, 1]) from checkpoint, the shape in current model is torch.Size([1, 10, 1, 1]).
	size mismatch for blocks.12.attn.q_bias: copying a param with shape torch.Size([1024]) from checkpoint, the shape in current model is torch.Size([640]).
	size mismatch for blocks.12.attn.v_bias: copying a param with shape torch.Size([1024]) from checkpoint, the shape in current model is torch.Size([640]).
	size mismatch for blocks.12.attn.zero_k_bias: copying a param with shape torch.Size([1024]) from checkpoint, the shape in current model is torch.Size([640]).
	size mismatch for blocks.12.attn.mat_qkv.weight: copying a param with shape torch.Size([3072, 1024]) from checkpoint, the shape in current model is torch.Size([1920, 1024]).
	size mismatch for blocks.12.attn.proj.weight: copying a param with shape torch.Size([1024, 1024]) from checkpoint, the shape in current model is torch.Size([1024, 640]).
	size mismatch for blocks.12.ffn.fc1.weight: copying a param with shape torch.Size([4096, 1024]) from checkpoint, the shape in current model is torch.Size([2458, 1024]).
	size mismatch for blocks.12.ffn.fc1.bias: copying a param with shape torch.Size([4096]) from checkpoint, the shape in current model is torch.Size([2458]).
	size mismatch for blocks.12.ffn.fc2.weight: copying a param with shape torch.Size([1024, 4096]) from checkpoint, the shape in current model is torch.Size([1024, 2458]).
	size mismatch for blocks.13.attn.scale_mul_1H11: copying a param with shape torch.Size([1, 16, 1, 1]) from checkpoint, the shape in current model is torch.Size([1, 10, 1, 1]).
	size mismatch for blocks.13.attn.q_bias: copying a param with shape torch.Size([1024]) from checkpoint, the shape in current model is torch.Size([640]).
	size mismatch for blocks.13.attn.v_bias: copying a param with shape torch.Size([1024]) from checkpoint, the shape in current model is torch.Size([640]).
	size mismatch for blocks.13.attn.zero_k_bias: copying a param with shape torch.Size([1024]) from checkpoint, the shape in current model is torch.Size([640]).
	size mismatch for blocks.13.attn.mat_qkv.weight: copying a param with shape torch.Size([3072, 1024]) from checkpoint, the shape in current model is torch.Size([1920, 1024]).
	size mismatch for blocks.13.attn.proj.weight: copying a param with shape torch.Size([1024, 1024]) from checkpoint, the shape in current model is torch.Size([1024, 640]).
	size mismatch for blocks.13.ffn.fc1.weight: copying a param with shape torch.Size([4096, 1024]) from checkpoint, the shape in current model is torch.Size([2458, 1024]).
	size mismatch for blocks.13.ffn.fc1.bias: copying a param with shape torch.Size([4096]) from checkpoint, the shape in current model is torch.Size([2458]).
	size mismatch for blocks.13.ffn.fc2.weight: copying a param with shape torch.Size([1024, 4096]) from checkpoint, the shape in current model is torch.Size([1024, 2458]).
	size mismatch for blocks.14.attn.scale_mul_1H11: copying a param with shape torch.Size([1, 16, 1, 1]) from checkpoint, the shape in current model is torch.Size([1, 10, 1, 1]).
	size mismatch for blocks.14.attn.q_bias: copying a param with shape torch.Size([1024]) from checkpoint, the shape in current model is torch.Size([640]).
	size mismatch for blocks.14.attn.v_bias: copying a param with shape torch.Size([1024]) from checkpoint, the shape in current model is torch.Size([640]).
	size mismatch for blocks.14.attn.zero_k_bias: copying a param with shape torch.Size([1024]) from checkpoint, the shape in current model is torch.Size([640]).
	size mismatch for blocks.14.attn.mat_qkv.weight: copying a param with shape torch.Size([3072, 1024]) from checkpoint, the shape in current model is torch.Size([1920, 1024]).
	size mismatch for blocks.14.attn.proj.weight: copying a param with shape torch.Size([1024, 1024]) from checkpoint, the shape in current model is torch.Size([1024, 640]).
	size mismatch for blocks.14.ffn.fc1.weight: copying a param with shape torch.Size([4096, 1024]) from checkpoint, the shape in current model is torch.Size([2458, 1024]).
	size mismatch for blocks.14.ffn.fc1.bias: copying a param with shape torch.Size([4096]) from checkpoint, the shape in current model is torch.Size([2458]).
	size mismatch for blocks.14.ffn.fc2.weight: copying a param with shape torch.Size([1024, 4096]) from checkpoint, the shape in current model is torch.Size([1024, 2458]).
	size mismatch for blocks.15.attn.scale_mul_1H11: copying a param with shape torch.Size([1, 16, 1, 1]) from checkpoint, the shape in current model is torch.Size([1, 10, 1, 1]).
	size mismatch for blocks.15.attn.q_bias: copying a param with shape torch.Size([1024]) from checkpoint, the shape in current model is torch.Size([640]).
	size mismatch for blocks.15.attn.v_bias: copying a param with shape torch.Size([1024]) from checkpoint, the shape in current model is torch.Size([640]).
	size mismatch for blocks.15.attn.zero_k_bias: copying a param with shape torch.Size([1024]) from checkpoint, the shape in current model is torch.Size([640]).
	size mismatch for blocks.15.attn.mat_qkv.weight: copying a param with shape torch.Size([3072, 1024]) from checkpoint, the shape in current model is torch.Size([1920, 1024]).
	size mismatch for blocks.15.attn.proj.weight: copying a param with shape torch.Size([1024, 1024]) from checkpoint, the shape in current model is torch.Size([1024, 640]).
	size mismatch for blocks.15.ffn.fc1.weight: copying a param with shape torch.Size([4096, 1024]) from checkpoint, the shape in current model is torch.Size([2458, 1024]).
	size mismatch for blocks.15.ffn.fc1.bias: copying a param with shape torch.Size([4096]) from checkpoint, the shape in current model is torch.Size([2458]).
	size mismatch for blocks.15.ffn.fc2.weight: copying a param with shape torch.Size([1024, 4096]) from checkpoint, the shape in current model is torch.Size([1024, 2458]).
[11-02 14:06:01] (distill/train_distill.py, line 167)=> 将使用普通训练模式
[11-02 14:06:01] (distill/train_distill.py, line 170)=> ============================================================\n
[11-02 14:06:01] (rain/utils/lr_control.py, line  99)=> [get_param_groups] param_groups = 
{ 'D': { 'lr_sc': 1.0,
         'params': "('word_embed.weight, class_emb.weight, blocks.0.attn.mat_qkv.weight, blocks.0.attn.proj.weight, blocks.0.ffn.fc1.weight, blocks.0.ffn.fc2.weight, blocks.0.ada_lin.1.weight, '\n"
                   " 'blocks.1.attn.mat_qkv.weight, blocks.1.attn.proj.weight, blocks.1.ffn.fc1.weight, blocks.1.ffn.fc2.weight, blocks.1.ada_lin.1.weight, blocks.2.attn.mat_qkv.weight, blocks.2.attn.proj.weight, '\n"
                   " 'blocks.2.ffn.fc1.weight, blocks.2.ffn.fc2.weight, blocks.2.ada_lin.1.weight, blocks.3.attn.mat_qkv.weight, blocks.3.attn.proj.weight, blocks.3.ffn.fc1.weight, blocks.3.ffn.fc2.weight, '\n"
                   " 'blocks.3.ada_lin.1.weight, blocks.4.attn.mat_qkv.weight, blocks.4.attn.proj.weight, blocks.4.ffn.fc1.weight, blocks.4.ffn.fc2.weight, blocks.4.ada_lin.1.weight, blocks.5.attn.mat_qkv.weight, '\n"
                   " 'blocks.5.attn.proj.weight, blocks.5.ffn.fc1.weight, blocks.5.ffn.fc2.weight, blocks.5.ada_lin.1.weight, blocks.6.attn.mat_qkv.weight, blocks.6.attn.proj.weight, blocks.6.ffn.fc1.weight, '\n"
                   " 'blocks.6.ffn.fc2.weight, blocks.6.ada_lin.1.weight, blocks.7.attn.mat_qkv.weight, blocks.7.attn.proj.weight, blocks.7.ffn.fc1.weight, blocks.7.ffn.fc2.weight, blocks.7.ada_lin.1.weight, '\n"
                   " 'blocks.8.attn.mat_qkv.weight, blocks.8.attn.proj.weight, blocks.8.ffn.fc1.weight, blocks.8.ffn.fc2.weight, blocks.8.ada_lin.1.weight, blocks.9.attn.mat_qkv.weight, blocks.9.attn.proj.weight, '\n"
                   " 'blocks.9.ffn.fc1.weight, blocks.9.ffn.fc2.weight, blocks.9.ada_lin.1.weight, blocks.10.attn.mat_qkv.weight, blocks.10.attn.proj.weight, blocks.10.ffn.fc1.weight, blocks.10.ffn.fc2.weight, '\n"
                   " 'blocks.10.ada_lin.1.weight, blocks.11.attn.mat_qkv.weight, blocks.11.attn.proj.weight, blocks.11.ffn.fc1.weight, blocks.11.ffn.fc2.weight, blocks.11.ada_lin.1.weight, '\n"
                   " 'blocks.12.attn.mat_qkv.weight, blocks.12.attn.proj.weight, blocks.12.ffn.fc1.weight, blocks.12.ffn.fc2.weight, blocks.12.ada_lin.1.weight, blocks.13.attn.mat_qkv.weight, '\n"
                   " 'blocks.13.attn.proj.weight, blocks.13.ffn.fc1.weight, blocks.13.ffn.fc2.weight, blocks.13.ada_lin.1.weight, blocks.14.attn.mat_qkv.weight, blocks.14.attn.proj.weight, blocks.14.ffn.fc1.weight, '\n"
                   " 'blocks.14.ffn.fc2.weight, blocks.14.ada_lin.1.weight, blocks.15.attn.mat_qkv.weight, blocks.15.attn.proj.weight, blocks.15.ffn.fc1.weight, blocks.15.ffn.fc2.weight, blocks.15.ada_lin.1.weight, '\n"
                   " 'head_nm.ada_lin.1.weight, head.weight')",
         'wd_sc': 1.0},
  'ND': { 'lr_sc': 1.0,
          'params': "('pos_start, pos_1LC, word_embed.bias, lvl_embed.weight, blocks.0.attn.scale_mul_1H11, blocks.0.attn.q_bias, blocks.0.attn.v_bias, blocks.0.attn.proj.bias, blocks.0.ffn.fc1.bias, '\n"
                    " 'blocks.0.ffn.fc2.bias, blocks.0.ada_lin.1.bias, blocks.1.attn.scale_mul_1H11, blocks.1.attn.q_bias, blocks.1.attn.v_bias, blocks.1.attn.proj.bias, blocks.1.ffn.fc1.bias, blocks.1.ffn.fc2.bias, '\n"
                    " 'blocks.1.ada_lin.1.bias, blocks.2.attn.scale_mul_1H11, blocks.2.attn.q_bias, blocks.2.attn.v_bias, blocks.2.attn.proj.bias, blocks.2.ffn.fc1.bias, blocks.2.ffn.fc2.bias, blocks.2.ada_lin.1.bias, '\n"
                    " 'blocks.3.attn.scale_mul_1H11, blocks.3.attn.q_bias, blocks.3.attn.v_bias, blocks.3.attn.proj.bias, blocks.3.ffn.fc1.bias, blocks.3.ffn.fc2.bias, blocks.3.ada_lin.1.bias, '\n"
                    " 'blocks.4.attn.scale_mul_1H11, blocks.4.attn.q_bias, blocks.4.attn.v_bias, blocks.4.attn.proj.bias, blocks.4.ffn.fc1.bias, blocks.4.ffn.fc2.bias, blocks.4.ada_lin.1.bias, '\n"
                    " 'blocks.5.attn.scale_mul_1H11, blocks.5.attn.q_bias, blocks.5.attn.v_bias, blocks.5.attn.proj.bias, blocks.5.ffn.fc1.bias, blocks.5.ffn.fc2.bias, blocks.5.ada_lin.1.bias, '\n"
                    " 'blocks.6.attn.scale_mul_1H11, blocks.6.attn.q_bias, blocks.6.attn.v_bias, blocks.6.attn.proj.bias, blocks.6.ffn.fc1.bias, blocks.6.ffn.fc2.bias, blocks.6.ada_lin.1.bias, '\n"
                    " 'blocks.7.attn.scale_mul_1H11, blocks.7.attn.q_bias, blocks.7.attn.v_bias, blocks.7.attn.proj.bias, blocks.7.ffn.fc1.bias, blocks.7.ffn.fc2.bias, blocks.7.ada_lin.1.bias, '\n"
                    " 'blocks.8.attn.scale_mul_1H11, blocks.8.attn.q_bias, blocks.8.attn.v_bias, blocks.8.attn.proj.bias, blocks.8.ffn.fc1.bias, blocks.8.ffn.fc2.bias, blocks.8.ada_lin.1.bias, '\n"
                    " 'blocks.9.attn.scale_mul_1H11, blocks.9.attn.q_bias, blocks.9.attn.v_bias, blocks.9.attn.proj.bias, blocks.9.ffn.fc1.bias, blocks.9.ffn.fc2.bias, blocks.9.ada_lin.1.bias, '\n"
                    " 'blocks.10.attn.scale_mul_1H11, blocks.10.attn.q_bias, blocks.10.attn.v_bias, blocks.10.attn.proj.bias, blocks.10.ffn.fc1.bias, blocks.10.ffn.fc2.bias, blocks.10.ada_lin.1.bias, '\n"
                    " 'blocks.11.attn.scale_mul_1H11, blocks.11.attn.q_bias, blocks.11.attn.v_bias, blocks.11.attn.proj.bias, blocks.11.ffn.fc1.bias, blocks.11.ffn.fc2.bias, blocks.11.ada_lin.1.bias, '\n"
                    " 'blocks.12.attn.scale_mul_1H11, blocks.12.attn.q_bias, blocks.12.attn.v_bias, blocks.12.attn.proj.bias, blocks.12.ffn.fc1.bias, blocks.12.ffn.fc2.bias, blocks.12.ada_lin.1.bias, '\n"
                    " 'blocks.13.attn.scale_mul_1H11, blocks.13.attn.q_bias, blocks.13.attn.v_bias, blocks.13.attn.proj.bias, blocks.13.ffn.fc1.bias, blocks.13.ffn.fc2.bias, blocks.13.ada_lin.1.bias, '\n"
                    " 'blocks.14.attn.scale_mul_1H11, blocks.14.attn.q_bias, blocks.14.attn.v_bias, blocks.14.attn.proj.bias, blocks.14.ffn.fc1.bias, blocks.14.ffn.fc2.bias, blocks.14.ada_lin.1.bias, '\n"
                    " 'blocks.15.attn.scale_mul_1H11, blocks.15.attn.q_bias, blocks.15.attn.v_bias, blocks.15.attn.proj.bias, blocks.15.ffn.fc1.bias, blocks.15.ffn.fc2.bias, blocks.15.ada_lin.1.bias, '\n"
                    " 'head_nm.ada_lin.1.bias, head.bias')",
          'wd_sc': 0.0}}

[11-02 14:06:01] (rain/utils/lr_control.py, line 104)=> [get_param_groups][rank0] type(model).__name__='VAR' count=202, numel=231405120
[11-02 14:06:01] (rain/utils/lr_control.py, line 104)=> [get_param_groups][rank1] type(model).__name__='VAR' count=202, numel=231405120
[11-02 14:06:01] (rain/utils/lr_control.py, line 104)=> [get_param_groups][rank2] type(model).__name__='VAR' count=202, numel=231405120
[11-02 14:06:01] (rain/utils/lr_control.py, line 104)=> [get_param_groups][rank3] type(model).__name__='VAR' count=202, numel=231405120
[11-02 14:06:01] (rain/utils/lr_control.py, line 104)=> [get_param_groups][rank4] type(model).__name__='VAR' count=202, numel=231405120
[11-02 14:06:01] (rain/utils/lr_control.py, line 104)=> [get_param_groups][rank5] type(model).__name__='VAR' count=202, numel=231405120
[11-02 14:06:01] (rain/utils/lr_control.py, line 105)=> 
[11-02 14:06:01] (distill/train_distill.py, line 185)=> [INIT] optim=functools.partial(<class 'torch.optim.adamw.AdamW'>, betas=(0.9, 0.95), fused=True), opt_kw={'lr': 0.00012578125, 'weight_decay': 0}\n
/home/project/real_prune/VAR_train/utils/amp_sc.py:27: FutureWarning: `torch.cuda.amp.GradScaler(args...)` is deprecated. Please use `torch.amp.GradScaler('cuda', args...)` instead.
  self.scaler = torch.cuda.amp.GradScaler(init_scale=2. ** 11, growth_interval=1000) if self.using_fp16_rather_bf16 else None # only fp16 needs a scaler
/home/project/real_prune/VAR_train/utils/amp_sc.py:27: FutureWarning: `torch.cuda.amp.GradScaler(args...)` is deprecated. Please use `torch.amp.GradScaler('cuda', args...)` instead.
  self.scaler = torch.cuda.amp.GradScaler(init_scale=2. ** 11, growth_interval=1000) if self.using_fp16_rather_bf16 else None # only fp16 needs a scaler
/home/project/real_prune/VAR_train/utils/amp_sc.py:27: FutureWarning: `torch.cuda.amp.GradScaler(args...)` is deprecated. Please use `torch.amp.GradScaler('cuda', args...)` instead.
  self.scaler = torch.cuda.amp.GradScaler(init_scale=2. ** 11, growth_interval=1000) if self.using_fp16_rather_bf16 else None # only fp16 needs a scaler
/home/project/real_prune/VAR_train/utils/amp_sc.py:27: FutureWarning: `torch.cuda.amp.GradScaler(args...)` is deprecated. Please use `torch.amp.GradScaler('cuda', args...)` instead.
  self.scaler = torch.cuda.amp.GradScaler(init_scale=2. ** 11, growth_interval=1000) if self.using_fp16_rather_bf16 else None # only fp16 needs a scaler
/home/project/real_prune/VAR_train/utils/amp_sc.py:27: FutureWarning: `torch.cuda.amp.GradScaler(args...)` is deprecated. Please use `torch.amp.GradScaler('cuda', args...)` instead.
  self.scaler = torch.cuda.amp.GradScaler(init_scale=2. ** 11, growth_interval=1000) if self.using_fp16_rather_bf16 else None # only fp16 needs a scaler
[11-02 14:06:01] (distill/train_distill.py, line 210)=> [训练器] 使用普通训练器 (VARTrainer)
/home/project/real_prune/VAR_train/utils/amp_sc.py:27: FutureWarning: `torch.cuda.amp.GradScaler(args...)` is deprecated. Please use `torch.amp.GradScaler('cuda', args...)` instead.
  self.scaler = torch.cuda.amp.GradScaler(init_scale=2. ** 11, growth_interval=1000) if self.using_fp16_rather_bf16 else None # only fp16 needs a scaler
[11-02 14:06:01] (rain/utils/lr_control.py, line 104)=> [get_param_groups][rank6] type(model).__name__='VAR' count=202, numel=231405120
/home/project/real_prune/VAR_train/utils/amp_sc.py:27: FutureWarning: `torch.cuda.amp.GradScaler(args...)` is deprecated. Please use `torch.amp.GradScaler('cuda', args...)` instead.
  self.scaler = torch.cuda.amp.GradScaler(init_scale=2. ** 11, growth_interval=1000) if self.using_fp16_rather_bf16 else None # only fp16 needs a scaler
/home/project/real_prune/VAR_train/models/var.py:220: FutureWarning: `torch.cuda.amp.autocast(args...)` is deprecated. Please use `torch.amp.autocast('cuda', args...)` instead.
  with torch.cuda.amp.autocast(enabled=False):
/home/project/real_prune/VAR_train/models/var.py:220: FutureWarning: `torch.cuda.amp.autocast(args...)` is deprecated. Please use `torch.amp.autocast('cuda', args...)` instead.
  with torch.cuda.amp.autocast(enabled=False):
/home/project/real_prune/VAR_train/models/var.py:220: FutureWarning: `torch.cuda.amp.autocast(args...)` is deprecated. Please use `torch.amp.autocast('cuda', args...)` instead.
  with torch.cuda.amp.autocast(enabled=False):
/home/project/real_prune/VAR_train/models/var.py:220: FutureWarning: `torch.cuda.amp.autocast(args...)` is deprecated. Please use `torch.amp.autocast('cuda', args...)` instead.
  with torch.cuda.amp.autocast(enabled=False):
/home/project/real_prune/VAR_train/models/var.py:220: FutureWarning: `torch.cuda.amp.autocast(args...)` is deprecated. Please use `torch.amp.autocast('cuda', args...)` instead.
  with torch.cuda.amp.autocast(enabled=False):
/home/project/real_prune/VAR_train/models/var.py:220: FutureWarning: `torch.cuda.amp.autocast(args...)` is deprecated. Please use `torch.amp.autocast('cuda', args...)` instead.
  with torch.cuda.amp.autocast(enabled=False):
/home/project/real_prune/VAR_train/models/var.py:220: FutureWarning: `torch.cuda.amp.autocast(args...)` is deprecated. Please use `torch.amp.autocast('cuda', args...)` instead.
  with torch.cuda.amp.autocast(enabled=False):
[11-02 14:06:02] (/VAR_train/utils/misc.py, line 314)=> [Ep]: [   0/20]  [   0/3979]  eta: 1:21:41  tlr: 6.3e-07  tnm: 0.84  Lm: 8.276 (8.276)  Lt: -1.000 (-1.000)  Accm: 0.29 (0.29)  Acct: -1.00 (-1.00)  time: 1.2317  data: 0.3148
/root/miniconda3/envs/var/lib/python3.10/site-packages/torch/utils/data/_utils/pin_memory.py:57: DeprecationWarning: The argument 'device' of Tensor.pin_memory() is deprecated. Please do not pass this argument. (Triggered internally at /pytorch/aten/src/ATen/native/Memory.cpp:46.)
  return data.pin_memory(device)
/root/miniconda3/envs/var/lib/python3.10/site-packages/torch/utils/data/_utils/pin_memory.py:57: DeprecationWarning: The argument 'device' of Tensor.is_pinned() is deprecated. Please do not pass this argument. (Triggered internally at /pytorch/aten/src/ATen/native/Memory.cpp:31.)
  return data.pin_memory(device)
/root/miniconda3/envs/var/lib/python3.10/site-packages/torch/utils/data/_utils/pin_memory.py:57: DeprecationWarning: The argument 'device' of Tensor.pin_memory() is deprecated. Please do not pass this argument. (Triggered internally at /pytorch/aten/src/ATen/native/Memory.cpp:46.)
  return data.pin_memory(device)
/root/miniconda3/envs/var/lib/python3.10/site-packages/torch/utils/data/_utils/pin_memory.py:57: DeprecationWarning: The argument 'device' of Tensor.is_pinned() is deprecated. Please do not pass this argument. (Triggered internally at /pytorch/aten/src/ATen/native/Memory.cpp:31.)
  return data.pin_memory(device)
/root/miniconda3/envs/var/lib/python3.10/site-packages/torch/utils/data/_utils/pin_memory.py:57: DeprecationWarning: The argument 'device' of Tensor.pin_memory() is deprecated. Please do not pass this argument. (Triggered internally at /pytorch/aten/src/ATen/native/Memory.cpp:46.)
  return data.pin_memory(device)
/root/miniconda3/envs/var/lib/python3.10/site-packages/torch/utils/data/_utils/pin_memory.py:57: DeprecationWarning: The argument 'device' of Tensor.is_pinned() is deprecated. Please do not pass this argument. (Triggered internally at /pytorch/aten/src/ATen/native/Memory.cpp:31.)
  return data.pin_memory(device)
/root/miniconda3/envs/var/lib/python3.10/site-packages/torch/utils/data/_utils/pin_memory.py:57: DeprecationWarning: The argument 'device' of Tensor.pin_memory() is deprecated. Please do not pass this argument. (Triggered internally at /pytorch/aten/src/ATen/native/Memory.cpp:46.)
  return data.pin_memory(device)
/root/miniconda3/envs/var/lib/python3.10/site-packages/torch/utils/data/_utils/pin_memory.py:57: DeprecationWarning: The argument 'device' of Tensor.is_pinned() is deprecated. Please do not pass this argument. (Triggered internally at /pytorch/aten/src/ATen/native/Memory.cpp:31.)
  return data.pin_memory(device)
/root/miniconda3/envs/var/lib/python3.10/site-packages/torch/utils/data/_utils/pin_memory.py:57: DeprecationWarning: The argument 'device' of Tensor.pin_memory() is deprecated. Please do not pass this argument. (Triggered internally at /pytorch/aten/src/ATen/native/Memory.cpp:46.)
  return data.pin_memory(device)
/root/miniconda3/envs/var/lib/python3.10/site-packages/torch/utils/data/_utils/pin_memory.py:57: DeprecationWarning: The argument 'device' of Tensor.is_pinned() is deprecated. Please do not pass this argument. (Triggered internally at /pytorch/aten/src/ATen/native/Memory.cpp:31.)
  return data.pin_memory(device)
/root/miniconda3/envs/var/lib/python3.10/site-packages/torch/utils/data/_utils/pin_memory.py:57: DeprecationWarning: The argument 'device' of Tensor.pin_memory() is deprecated. Please do not pass this argument. (Triggered internally at /pytorch/aten/src/ATen/native/Memory.cpp:46.)
  return data.pin_memory(device)
/root/miniconda3/envs/var/lib/python3.10/site-packages/torch/utils/data/_utils/pin_memory.py:57: DeprecationWarning: The argument 'device' of Tensor.is_pinned() is deprecated. Please do not pass this argument. (Triggered internally at /pytorch/aten/src/ATen/native/Memory.cpp:31.)
  return data.pin_memory(device)
/root/miniconda3/envs/var/lib/python3.10/site-packages/torch/utils/data/_utils/pin_memory.py:57: DeprecationWarning: The argument 'device' of Tensor.pin_memory() is deprecated. Please do not pass this argument. (Triggered internally at /pytorch/aten/src/ATen/native/Memory.cpp:46.)
  return data.pin_memory(device)
/root/miniconda3/envs/var/lib/python3.10/site-packages/torch/utils/data/_utils/pin_memory.py:57: DeprecationWarning: The argument 'device' of Tensor.is_pinned() is deprecated. Please do not pass this argument. (Triggered internally at /pytorch/aten/src/ATen/native/Memory.cpp:31.)
  return data.pin_memory(device)
W1102 14:10:16.843000 2050376 site-packages/torch/distributed/elastic/multiprocessing/api.py:908] Sending process 2050469 closing signal SIGTERM
W1102 14:10:16.844000 2050376 site-packages/torch/distributed/elastic/multiprocessing/api.py:908] Sending process 2050470 closing signal SIGTERM
W1102 14:10:16.844000 2050376 site-packages/torch/distributed/elastic/multiprocessing/api.py:908] Sending process 2050471 closing signal SIGTERM
W1102 14:10:16.845000 2050376 site-packages/torch/distributed/elastic/multiprocessing/api.py:908] Sending process 2050472 closing signal SIGTERM
W1102 14:10:16.845000 2050376 site-packages/torch/distributed/elastic/multiprocessing/api.py:908] Sending process 2050474 closing signal SIGTERM
W1102 14:10:16.846000 2050376 site-packages/torch/distributed/elastic/multiprocessing/api.py:908] Sending process 2050475 closing signal SIGTERM
E1102 14:10:17.587000 2050376 site-packages/torch/distributed/elastic/multiprocessing/api.py:882] failed (exitcode: -9) local_rank: 4 (pid: 2050473) of binary: /root/miniconda3/envs/var/bin/python3.10
Traceback (most recent call last):
  File "/root/miniconda3/envs/var/bin/torchrun", line 7, in <module>
    sys.exit(main())
  File "/root/miniconda3/envs/var/lib/python3.10/site-packages/torch/distributed/elastic/multiprocessing/errors/__init__.py", line 357, in wrapper
    return f(*args, **kwargs)
  File "/root/miniconda3/envs/var/lib/python3.10/site-packages/torch/distributed/run.py", line 936, in main
    run(args)
  File "/root/miniconda3/envs/var/lib/python3.10/site-packages/torch/distributed/run.py", line 927, in run
    elastic_launch(
  File "/root/miniconda3/envs/var/lib/python3.10/site-packages/torch/distributed/launcher/api.py", line 156, in __call__
    return launch_agent(self._config, self._entrypoint, list(args))
  File "/root/miniconda3/envs/var/lib/python3.10/site-packages/torch/distributed/launcher/api.py", line 293, in launch_agent
    raise ChildFailedError(
torch.distributed.elastic.multiprocessing.errors.ChildFailedError: 
========================================================
distill/train_distill.py FAILED
--------------------------------------------------------
Failures:
  <NO_OTHER_FAILURES>
--------------------------------------------------------
Root Cause (first observed failure):
[0]:
  time      : 2025-11-02_14:10:16
  host      : waas
  rank      : 4 (local_rank: 4)
  exitcode  : -9 (pid: 2050473)
  error_file: <N/A>
  traceback : Signal 9 (SIGKILL) received by PID 2050473
========================================================
W1102 14:17:20.757000 2056582 site-packages/torch/distributed/run.py:803] 
W1102 14:17:20.757000 2056582 site-packages/torch/distributed/run.py:803] *****************************************
W1102 14:17:20.757000 2056582 site-packages/torch/distributed/run.py:803] Setting OMP_NUM_THREADS environment variable for each process to be 1 in default, to avoid your system being overloaded, please further tune the variable for optimal performance in your application as needed. 
W1102 14:17:20.757000 2056582 site-packages/torch/distributed/run.py:803] *****************************************
[dist initialize] mp method=spawn
[lrk=2, rk=2]
[dist initialize] mp method=spawn
[dist initialize] mp method=spawn
[lrk=6, rk=6]
[lrk=0, rk=0]
/root/miniconda3/envs/var/lib/python3.10/site-packages/torch/distributed/distributed_c10d.py:4876: UserWarning: barrier(): using the device under current context. You can specify `device_id` in `init_process_group` to mute this warning.
  warnings.warn(  # warn only once
[rank0]:[W1102 14:17:24.754975950 ProcessGroupNCCL.cpp:5068] Guessing device ID based on global rank. This can cause a hang if rank to GPU mapping is heterogeneous. You can specify device_id in init_process_group()
[dist initialize] mp method=spawn
[lrk=3, rk=3]
[dist initialize] mp method=spawn
[lrk=4, rk=4]
[dist initialize] mp method=spawn
[lrk=1, rk=1]
[dist initialize] mp method=spawn
[lrk=5, rk=5]
/root/miniconda3/envs/var/lib/python3.10/site-packages/torch/backends/__init__.py:46: UserWarning: Please use the new API settings to control TF32 behavior, such as torch.backends.cudnn.conv.fp32_precision = 'tf32' or torch.backends.cuda.matmul.fp32_precision = 'ieee'. Old settings, e.g, torch.backends.cuda.matmul.allow_tf32 = True, torch.backends.cudnn.allow_tf32 = True, allowTF32CuDNN() and allowTF32CuBLAS() will be deprecated after Pytorch 2.9. Please see https://pytorch.org/docs/main/notes/cuda.html#tensorfloat-32-tf32-on-ampere-and-later-devices (Triggered internally at /pytorch/aten/src/ATen/Context.cpp:80.)
  self.setter(val)
/root/miniconda3/envs/var/lib/python3.10/site-packages/torch/backends/__init__.py:46: UserWarning: Please use the new API settings to control TF32 behavior, such as torch.backends.cudnn.conv.fp32_precision = 'tf32' or torch.backends.cuda.matmul.fp32_precision = 'ieee'. Old settings, e.g, torch.backends.cuda.matmul.allow_tf32 = True, torch.backends.cudnn.allow_tf32 = True, allowTF32CuDNN() and allowTF32CuBLAS() will be deprecated after Pytorch 2.9. Please see https://pytorch.org/docs/main/notes/cuda.html#tensorfloat-32-tf32-on-ampere-and-later-devices (Triggered internally at /pytorch/aten/src/ATen/Context.cpp:80.)
  self.setter(val)
/root/miniconda3/envs/var/lib/python3.10/site-packages/torch/backends/__init__.py:46: UserWarning: Please use the new API settings to control TF32 behavior, such as torch.backends.cudnn.conv.fp32_precision = 'tf32' or torch.backends.cuda.matmul.fp32_precision = 'ieee'. Old settings, e.g, torch.backends.cuda.matmul.allow_tf32 = True, torch.backends.cudnn.allow_tf32 = True, allowTF32CuDNN() and allowTF32CuBLAS() will be deprecated after Pytorch 2.9. Please see https://pytorch.org/docs/main/notes/cuda.html#tensorfloat-32-tf32-on-ampere-and-later-devices (Triggered internally at /pytorch/aten/src/ATen/Context.cpp:80.)
  self.setter(val)
/root/miniconda3/envs/var/lib/python3.10/site-packages/torch/backends/__init__.py:46: UserWarning: Please use the new API settings to control TF32 behavior, such as torch.backends.cudnn.conv.fp32_precision = 'tf32' or torch.backends.cuda.matmul.fp32_precision = 'ieee'. Old settings, e.g, torch.backends.cuda.matmul.allow_tf32 = True, torch.backends.cudnn.allow_tf32 = True, allowTF32CuDNN() and allowTF32CuBLAS() will be deprecated after Pytorch 2.9. Please see https://pytorch.org/docs/main/notes/cuda.html#tensorfloat-32-tf32-on-ampere-and-later-devices (Triggered internally at /pytorch/aten/src/ATen/Context.cpp:80.)
  self.setter(val)
/root/miniconda3/envs/var/lib/python3.10/site-packages/torch/backends/__init__.py:46: UserWarning: Please use the new API settings to control TF32 behavior, such as torch.backends.cudnn.conv.fp32_precision = 'tf32' or torch.backends.cuda.matmul.fp32_precision = 'ieee'. Old settings, e.g, torch.backends.cuda.matmul.allow_tf32 = True, torch.backends.cudnn.allow_tf32 = True, allowTF32CuDNN() and allowTF32CuBLAS() will be deprecated after Pytorch 2.9. Please see https://pytorch.org/docs/main/notes/cuda.html#tensorfloat-32-tf32-on-ampere-and-later-devices (Triggered internally at /pytorch/aten/src/ATen/Context.cpp:80.)
  self.setter(val)
/root/miniconda3/envs/var/lib/python3.10/site-packages/torch/backends/__init__.py:46: UserWarning: Please use the new API settings to control TF32 behavior, such as torch.backends.cudnn.conv.fp32_precision = 'tf32' or torch.backends.cuda.matmul.fp32_precision = 'ieee'. Old settings, e.g, torch.backends.cuda.matmul.allow_tf32 = True, torch.backends.cudnn.allow_tf32 = True, allowTF32CuDNN() and allowTF32CuBLAS() will be deprecated after Pytorch 2.9. Please see https://pytorch.org/docs/main/notes/cuda.html#tensorfloat-32-tf32-on-ampere-and-later-devices (Triggered internally at /pytorch/aten/src/ATen/Context.cpp:80.)
  self.setter(val)
/root/miniconda3/envs/var/lib/python3.10/site-packages/torch/backends/__init__.py:46: UserWarning: Please use the new API settings to control TF32 behavior, such as torch.backends.cudnn.conv.fp32_precision = 'tf32' or torch.backends.cuda.matmul.fp32_precision = 'ieee'. Old settings, e.g, torch.backends.cuda.matmul.allow_tf32 = True, torch.backends.cudnn.allow_tf32 = True, allowTF32CuDNN() and allowTF32CuBLAS() will be deprecated after Pytorch 2.9. Please see https://pytorch.org/docs/main/notes/cuda.html#tensorfloat-32-tf32-on-ampere-and-later-devices (Triggered internally at /pytorch/aten/src/ATen/Context.cpp:80.)
  self.setter(val)
[11-02 14:17:24] (_train/utils/arg_util.py, line 241)=> [tf32] [precis] torch.get_float32_matmul_precision(): high
[11-02 14:17:24] (_train/utils/arg_util.py, line 242)=> [tf32] [ conv ] torch.backends.cudnn.allow_tf32: True
[11-02 14:17:24] (_train/utils/arg_util.py, line 243)=> [tf32] [matmul] torch.backends.cuda.matmul.allow_tf32: True
[11-02 14:17:24] (_train/utils/arg_util.py, line 190)=> [蒸馏参数验证] 通过 - 类型:normal, 权重:0.5/0.5
[11-02 14:17:24] (distill/train_distill.py, line 258)=> [参数验证] 蒸馏参数验证通过
[11-02 14:17:24] (distill/train_distill.py, line  63)=> global bs=322, local bs=46
[11-02 14:17:24] (distill/train_distill.py, line  64)=> initial args:\n{
  data_path           : /home/project/ImageNet-1K
  exp_name            : text
  vfast               : 0
  vae_path            : /home/project/daily/AR/model_zoo/vae_ch160v4096z32.pth
  var_path            : /home/project/real_prune/slimgpt_pub_prune/sparsity_model/prune_d16_0.4sparsity_150i_256eva_scale.pth
  tfast               : 0
  depth               : 16
  sparsity            : 0.4
  ini                 : -1
  hd                  : 0.02
  aln                 : 0.5
  alng                : 0.001
  fp16                : 1
  tblr                : 0.0001
  tlr                 : 0.00012578125
  twd                 : 0.05
  twde                : 0.05
  tclip               : 2.0
  ls                  : 0.0
  maxlayer            : 16
  bs                  : 322
  batch_size          : 46
  glb_batch_size      : 322
  ac                  : 1
  ep                  : 20
  wp                  : 0.4
  wp0                 : 0.005
  wpe                 : 0.1
  sche                : lin0
  opt                 : adamw
  afuse               : True
  saln                : False
  anorm               : True
  fuse                : True
  pn                  : 1_2_3_4_5_6_8_10_13_16
  patch_size          : 16
  patch_nums          : (1, 2, 3, 4, 5, 6, 8, 10, 13, 16)
  resos               : (16, 32, 48, 64, 80, 96, 128, 160, 208, 256)
  data_load_reso      : 256
  mid_reso            : 1.125
  hflip               : False
  workers             : 0
  pg                  : 0.0
  pg0                 : 4
  pgwp                : 0.06666666666666667
  ckpt_save_interval  : 3
  cmd                 : --enable_distillation=1 --teacher_model_path=/home/project/daily/AR/model_zoo/var_d16.pth --teacher_depth=16 --distill_type=normal --distill_alpha=0.5 --distill_beta=0.5 --depth=16 --bs=320 --ep=20 --fp16=1 --alng=1e-3 --wpe=0.1 --sparsity=0.4 --var_path=/home/project/real_prune/slimgpt_pub_prune/sparsity_model/prune_d16_0.4sparsity_150i_256eva_scale.pth --vae_path=/home/project/daily/AR/model_zoo/vae_ch160v4096z32.pth --data_path=/home/project/ImageNet-1K --local_out_dir_path=/home/project/real_prune/VAR_train/train_result/fix_distill_d16_normal_256
  branch              : main
  commit_id           : 1bf7cb2895b8461062f9dbaf1daffb729258724e
  commit_msg          : 25.9.25
  acc_mean            : None
  acc_tail            : None
  L_mean              : None
  L_tail              : None
  vacc_mean           : None
  vacc_tail           : None
  vL_mean             : None
  vL_tail             : None
  grad_norm           : None
  cur_lr              : None
  cur_wd              : None
  cur_it              : 
  cur_ep              : 
  remain_time         : 
  finish_time         : 
  local_out_dir_path  : /home/project/real_prune/VAR_train/train_result/fix_distill_d16_normal_256
  tb_log_dir_path     : /home/project/real_prune/VAR_train/train_result/fix_distill_d16_normal_256/tb-VARd16__pn1_2_3_4_5_6_8_10_13_16__b322ep20adamlr0.0001wd0.05
  log_txt_path        : /home/project/real_prune/VAR_train/train_result/fix_distill_d16_normal_256/log.txt
  last_ckpt_path      : /home/project/real_prune/VAR_train/train_result/fix_distill_d16_normal_256/ar-ckpt-last.pth
  tf32                : True
  seed                : None
  transfer            : False
  enable_distillation : True
  teacher_model_path  : /home/project/daily/AR/model_zoo/var_d16.pth
  teacher_depth       : 16
  distill_type        : normal
  distill_alpha       : 0.5
  distill_beta        : 0.5
  distill_temperature : 4.0
  scale_weights_str   : 2.0,1.8,1.6,1.4,1.2,1.0,0.8,0.6,0.4,0.2
  use_feature_distill : False
  feature_layers_str  : 4,8,12,15
  use_attention_distill: False
  distill_warmup_epochs: 5
  distill_schedule    : constant
  same_seed_for_all_ranks: 0
  local_debug         : False
  dbg_nan             : False
}

[11-02 14:17:24] (distill/train_distill.py, line  68)=> [build PT data] ...\n
[11-02 14:17:26] (/VAR_train/utils/data.py, line  34)=> [Dataset] len(train_set)=1281167, len(val_set)=50000, num_classes=1000
[11-02 14:17:26] (/VAR_train/utils/data.py, line  48)=> Transform [train] = 
[11-02 14:17:26] (/VAR_train/utils/data.py, line  51)=> Resize(size=288, interpolation=lanczos, max_size=None, antialias=True)
[11-02 14:17:26] (/VAR_train/utils/data.py, line  51)=> RandomCrop(size=(256, 256), padding=None)
[11-02 14:17:26] (/VAR_train/utils/data.py, line  51)=> ToTensor()
[11-02 14:17:26] (/VAR_train/utils/data.py, line  51)=> <function normalize_01_into_pm1 at 0x7fef1c985ab0>
[11-02 14:17:26] (/VAR_train/utils/data.py, line  54)=> ---------------------------

[11-02 14:17:26] (/VAR_train/utils/data.py, line  48)=> Transform [val] = 
[11-02 14:17:26] (/VAR_train/utils/data.py, line  51)=> Resize(size=288, interpolation=lanczos, max_size=None, antialias=True)
[11-02 14:17:26] (/VAR_train/utils/data.py, line  51)=> CenterCrop(size=(256, 256))
[11-02 14:17:26] (/VAR_train/utils/data.py, line  51)=> ToTensor()
[11-02 14:17:26] (/VAR_train/utils/data.py, line  51)=> <function normalize_01_into_pm1 at 0x7fef1c985ab0>
[11-02 14:17:26] (/VAR_train/utils/data.py, line  54)=> ---------------------------

[11-02 14:17:26] (distill/train_distill.py, line  91)=> [auto_resume] no ckpt found @ /home/project/real_prune/VAR_train/train_result/fix_distill_d16_normal_256/ar-ckpt*.pth
[11-02 14:17:26] (distill/train_distill.py, line  91)=> [auto_resume quit]
[11-02 14:17:26] (distill/train_distill.py, line  92)=> [dataloader multi processing] ...     [dataloader multi processing](*) finished! (0.00s)
[11-02 14:17:26] (distill/train_distill.py, line  98)=> [dataloader] gbs=322, lbs=46, iters_train=3979, types(tr, va)=('DatasetFolder', 'DatasetFolder')
[11-02 14:17:27] (/VAR_train/models/var.py, line 102)=> 
[constructor]  ==== flash_if_available=True (0/16), fused_if_available=True (fusing_add_ln=0/16, fusing_mlp=0/16) ==== 
    [VAR config ] embed_dim=1024, num_heads=16, depth=16, mlp_ratio=4.0
    [drop ratios ] drop_rate=0.0, attn_drop_rate=0.0, drop_path_rate=0.0666667 (tensor([0.0000, 0.0044, 0.0089, 0.0133, 0.0178, 0.0222, 0.0267, 0.0311, 0.0356,
        0.0400, 0.0444, 0.0489, 0.0533, 0.0578, 0.0622, 0.0667]))

[11-02 14:17:27] (/VAR_train/models/var.py, line 259)=> [init_weights] VAR with init_std=0.0180422
[11-02 14:17:27] (distill/train_distill.py, line 132)=> 加载学生模型权重...
[11-02 14:17:28] (distill/train_distill.py, line 146)=> [INIT] VAR model = VAR(
  drop_path_rate=0.0666667
  (word_embed): Linear(in_features=32, out_features=1024, bias=True)
  (class_emb): Embedding(1001, 1024)
  (lvl_embed): Embedding(10, 1024)
  (shared_ada_lin): Identity()
  (blocks): ModuleList(
    (0): AdaLNSelfAttn(
      shared_aln=False
      (drop_path): Identity()
      (attn): SelfAttention(
        using_flash=False, using_xform=False, attn_l2_norm=True
        (mat_qkv): Linear(in_features=1024, out_features=1920, bias=False)
        (proj): Linear(in_features=640, out_features=1024, bias=True)
        (proj_drop): Identity()
      )
      (ffn): FFN(
        fused_mlp_func=False
        (fc1): Linear(in_features=1024, out_features=2458, bias=True)
        (act): GELU(approximate='tanh')
        (fc2): Linear(in_features=2458, out_features=1024, bias=True)
        (drop): Identity()
      )
      (ln_wo_grad): LayerNorm((1024,), eps=1e-06, elementwise_affine=False)
      (ada_lin): Sequential(
        (0): SiLU()
        (1): Linear(in_features=1024, out_features=6144, bias=True)
      )
    )
    (1-15): 15 x AdaLNSelfAttn(
      shared_aln=False
      (drop_path): DropPath((drop_prob=...))
      (attn): SelfAttention(
        using_flash=False, using_xform=False, attn_l2_norm=True
        (mat_qkv): Linear(in_features=1024, out_features=1920, bias=False)
        (proj): Linear(in_features=640, out_features=1024, bias=True)
        (proj_drop): Identity()
      )
      (ffn): FFN(
        fused_mlp_func=False
        (fc1): Linear(in_features=1024, out_features=2458, bias=True)
        (act): GELU(approximate='tanh')
        (fc2): Linear(in_features=2458, out_features=1024, bias=True)
        (drop): Identity()
      )
      (ln_wo_grad): LayerNorm((1024,), eps=1e-06, elementwise_affine=False)
      (ada_lin): Sequential(
        (0): SiLU()
        (1): Linear(in_features=1024, out_features=6144, bias=True)
      )
    )
  )
  (head_nm): AdaLNBeforeHead(
    (ln_wo_grad): LayerNorm((1024,), eps=1e-06, elementwise_affine=False)
    (ada_lin): Sequential(
      (0): SiLU()
      (1): Linear(in_features=1024, out_features=2048, bias=True)
    )
  )
  (head): Linear(in_features=1024, out_features=4096, bias=True)
)\n\n
[11-02 14:17:28] (distill/train_distill.py, line 148)=> [INIT][#para] VAE=108.95, VAE.enc=44.11, VAE.dec=64.65, VAE.quant=0.17
[11-02 14:17:28] (distill/train_distill.py, line 149)=> [INIT][#para] VAR=231.41\n\n
[11-02 14:17:28] (distill/train_distill.py, line 154)=> \n============================================================
[11-02 14:17:28] (distill/train_distill.py, line 155)=> 开始加载教师模型...
[11-02 14:17:28] (distill/distill_utils.py, line  31)=> [加载教师模型] 路径: /home/project/daily/AR/model_zoo/var_d16.pth
[11-02 14:17:28] (distill/distill_utils.py, line  32)=> [加载教师模型] 深度: 16
[11-02 14:17:28] (distill/distill_utils.py, line  39)=> [加载教师模型] 构建模型架构...
[11-02 14:17:28] (distill/distill_utils.py, line  46)=> [加载教师模型] 临时设置 sparsity=0 (原值=0.4)
[11-02 14:17:28] (/VAR_train/models/var.py, line 102)=> 
[constructor]  ==== flash_if_available=True (0/16), fused_if_available=True (fusing_add_ln=0/16, fusing_mlp=0/16) ==== 
    [VAR config ] embed_dim=1024, num_heads=16, depth=16, mlp_ratio=4.0
    [drop ratios ] drop_rate=0.0, attn_drop_rate=0.0, drop_path_rate=0.0666667 (tensor([0.0000, 0.0044, 0.0089, 0.0133, 0.0178, 0.0222, 0.0267, 0.0311, 0.0356,
        0.0400, 0.0444, 0.0489, 0.0533, 0.0578, 0.0622, 0.0667]))

[11-02 14:17:28] (/VAR_train/models/var.py, line 259)=> [init_weights] VAR with init_std=0.0180422
[11-02 14:17:28] (distill/distill_utils.py, line  62)=> [加载教师模型] 恢复 sparsity=0.4
[11-02 14:17:28] (distill/distill_utils.py, line  65)=> [加载教师模型] 加载权重...
[11-02 14:17:28] (distill/distill_utils.py, line  79)=> [加载教师模型] 直接加载模型权重
[11-02 14:17:28] (distill/distill_utils.py, line  89)=> [加载教师模型] 成功加载，参数量: 310.28M
[11-02 14:17:28] (distill/distill_utils.py, line  90)=> [加载教师模型] 已冻结参数: 310.28M
[11-02 14:17:28] (distill/train_distill.py, line 158)=> 教师模型加载成功
[11-02 14:17:28] (distill/train_distill.py, line 163)=> ======== 蒸馏配置摘要 ========
蒸馏类型: normal
教师模型: var_d16.pth (深度=16)
损失权重: 任务=0.50, 蒸馏=0.50
蒸馏温度: 4.0
==============================
[11-02 14:17:28] (distill/train_distill.py, line 170)=> ============================================================\n
[11-02 14:17:28] (rain/utils/lr_control.py, line  99)=> [get_param_groups] param_groups = 
{ 'D': { 'lr_sc': 1.0,
         'params': "('word_embed.weight, class_emb.weight, blocks.0.attn.mat_qkv.weight, blocks.0.attn.proj.weight, blocks.0.ffn.fc1.weight, blocks.0.ffn.fc2.weight, blocks.0.ada_lin.1.weight, '\n"
                   " 'blocks.1.attn.mat_qkv.weight, blocks.1.attn.proj.weight, blocks.1.ffn.fc1.weight, blocks.1.ffn.fc2.weight, blocks.1.ada_lin.1.weight, blocks.2.attn.mat_qkv.weight, blocks.2.attn.proj.weight, '\n"
                   " 'blocks.2.ffn.fc1.weight, blocks.2.ffn.fc2.weight, blocks.2.ada_lin.1.weight, blocks.3.attn.mat_qkv.weight, blocks.3.attn.proj.weight, blocks.3.ffn.fc1.weight, blocks.3.ffn.fc2.weight, '\n"
                   " 'blocks.3.ada_lin.1.weight, blocks.4.attn.mat_qkv.weight, blocks.4.attn.proj.weight, blocks.4.ffn.fc1.weight, blocks.4.ffn.fc2.weight, blocks.4.ada_lin.1.weight, blocks.5.attn.mat_qkv.weight, '\n"
                   " 'blocks.5.attn.proj.weight, blocks.5.ffn.fc1.weight, blocks.5.ffn.fc2.weight, blocks.5.ada_lin.1.weight, blocks.6.attn.mat_qkv.weight, blocks.6.attn.proj.weight, blocks.6.ffn.fc1.weight, '\n"
                   " 'blocks.6.ffn.fc2.weight, blocks.6.ada_lin.1.weight, blocks.7.attn.mat_qkv.weight, blocks.7.attn.proj.weight, blocks.7.ffn.fc1.weight, blocks.7.ffn.fc2.weight, blocks.7.ada_lin.1.weight, '\n"
                   " 'blocks.8.attn.mat_qkv.weight, blocks.8.attn.proj.weight, blocks.8.ffn.fc1.weight, blocks.8.ffn.fc2.weight, blocks.8.ada_lin.1.weight, blocks.9.attn.mat_qkv.weight, blocks.9.attn.proj.weight, '\n"
                   " 'blocks.9.ffn.fc1.weight, blocks.9.ffn.fc2.weight, blocks.9.ada_lin.1.weight, blocks.10.attn.mat_qkv.weight, blocks.10.attn.proj.weight, blocks.10.ffn.fc1.weight, blocks.10.ffn.fc2.weight, '\n"
                   " 'blocks.10.ada_lin.1.weight, blocks.11.attn.mat_qkv.weight, blocks.11.attn.proj.weight, blocks.11.ffn.fc1.weight, blocks.11.ffn.fc2.weight, blocks.11.ada_lin.1.weight, '\n"
                   " 'blocks.12.attn.mat_qkv.weight, blocks.12.attn.proj.weight, blocks.12.ffn.fc1.weight, blocks.12.ffn.fc2.weight, blocks.12.ada_lin.1.weight, blocks.13.attn.mat_qkv.weight, '\n"
                   " 'blocks.13.attn.proj.weight, blocks.13.ffn.fc1.weight, blocks.13.ffn.fc2.weight, blocks.13.ada_lin.1.weight, blocks.14.attn.mat_qkv.weight, blocks.14.attn.proj.weight, blocks.14.ffn.fc1.weight, '\n"
                   " 'blocks.14.ffn.fc2.weight, blocks.14.ada_lin.1.weight, blocks.15.attn.mat_qkv.weight, blocks.15.attn.proj.weight, blocks.15.ffn.fc1.weight, blocks.15.ffn.fc2.weight, blocks.15.ada_lin.1.weight, '\n"
                   " 'head_nm.ada_lin.1.weight, head.weight')",
         'wd_sc': 1.0},
  'ND': { 'lr_sc': 1.0,
          'params': "('pos_start, pos_1LC, word_embed.bias, lvl_embed.weight, blocks.0.attn.scale_mul_1H11, blocks.0.attn.q_bias, blocks.0.attn.v_bias, blocks.0.attn.proj.bias, blocks.0.ffn.fc1.bias, '\n"
                    " 'blocks.0.ffn.fc2.bias, blocks.0.ada_lin.1.bias, blocks.1.attn.scale_mul_1H11, blocks.1.attn.q_bias, blocks.1.attn.v_bias, blocks.1.attn.proj.bias, blocks.1.ffn.fc1.bias, blocks.1.ffn.fc2.bias, '\n"
                    " 'blocks.1.ada_lin.1.bias, blocks.2.attn.scale_mul_1H11, blocks.2.attn.q_bias, blocks.2.attn.v_bias, blocks.2.attn.proj.bias, blocks.2.ffn.fc1.bias, blocks.2.ffn.fc2.bias, blocks.2.ada_lin.1.bias, '\n"
                    " 'blocks.3.attn.scale_mul_1H11, blocks.3.attn.q_bias, blocks.3.attn.v_bias, blocks.3.attn.proj.bias, blocks.3.ffn.fc1.bias, blocks.3.ffn.fc2.bias, blocks.3.ada_lin.1.bias, '\n"
                    " 'blocks.4.attn.scale_mul_1H11, blocks.4.attn.q_bias, blocks.4.attn.v_bias, blocks.4.attn.proj.bias, blocks.4.ffn.fc1.bias, blocks.4.ffn.fc2.bias, blocks.4.ada_lin.1.bias, '\n"
                    " 'blocks.5.attn.scale_mul_1H11, blocks.5.attn.q_bias, blocks.5.attn.v_bias, blocks.5.attn.proj.bias, blocks.5.ffn.fc1.bias, blocks.5.ffn.fc2.bias, blocks.5.ada_lin.1.bias, '\n"
                    " 'blocks.6.attn.scale_mul_1H11, blocks.6.attn.q_bias, blocks.6.attn.v_bias, blocks.6.attn.proj.bias, blocks.6.ffn.fc1.bias, blocks.6.ffn.fc2.bias, blocks.6.ada_lin.1.bias, '\n"
                    " 'blocks.7.attn.scale_mul_1H11, blocks.7.attn.q_bias, blocks.7.attn.v_bias, blocks.7.attn.proj.bias, blocks.7.ffn.fc1.bias, blocks.7.ffn.fc2.bias, blocks.7.ada_lin.1.bias, '\n"
                    " 'blocks.8.attn.scale_mul_1H11, blocks.8.attn.q_bias, blocks.8.attn.v_bias, blocks.8.attn.proj.bias, blocks.8.ffn.fc1.bias, blocks.8.ffn.fc2.bias, blocks.8.ada_lin.1.bias, '\n"
                    " 'blocks.9.attn.scale_mul_1H11, blocks.9.attn.q_bias, blocks.9.attn.v_bias, blocks.9.attn.proj.bias, blocks.9.ffn.fc1.bias, blocks.9.ffn.fc2.bias, blocks.9.ada_lin.1.bias, '\n"
                    " 'blocks.10.attn.scale_mul_1H11, blocks.10.attn.q_bias, blocks.10.attn.v_bias, blocks.10.attn.proj.bias, blocks.10.ffn.fc1.bias, blocks.10.ffn.fc2.bias, blocks.10.ada_lin.1.bias, '\n"
                    " 'blocks.11.attn.scale_mul_1H11, blocks.11.attn.q_bias, blocks.11.attn.v_bias, blocks.11.attn.proj.bias, blocks.11.ffn.fc1.bias, blocks.11.ffn.fc2.bias, blocks.11.ada_lin.1.bias, '\n"
                    " 'blocks.12.attn.scale_mul_1H11, blocks.12.attn.q_bias, blocks.12.attn.v_bias, blocks.12.attn.proj.bias, blocks.12.ffn.fc1.bias, blocks.12.ffn.fc2.bias, blocks.12.ada_lin.1.bias, '\n"
                    " 'blocks.13.attn.scale_mul_1H11, blocks.13.attn.q_bias, blocks.13.attn.v_bias, blocks.13.attn.proj.bias, blocks.13.ffn.fc1.bias, blocks.13.ffn.fc2.bias, blocks.13.ada_lin.1.bias, '\n"
                    " 'blocks.14.attn.scale_mul_1H11, blocks.14.attn.q_bias, blocks.14.attn.v_bias, blocks.14.attn.proj.bias, blocks.14.ffn.fc1.bias, blocks.14.ffn.fc2.bias, blocks.14.ada_lin.1.bias, '\n"
                    " 'blocks.15.attn.scale_mul_1H11, blocks.15.attn.q_bias, blocks.15.attn.v_bias, blocks.15.attn.proj.bias, blocks.15.ffn.fc1.bias, blocks.15.ffn.fc2.bias, blocks.15.ada_lin.1.bias, '\n"
                    " 'head_nm.ada_lin.1.bias, head.bias')",
          'wd_sc': 0.0}}

[11-02 14:17:29] (rain/utils/lr_control.py, line 104)=> [get_param_groups][rank0] type(model).__name__='VAR' count=202, numel=231405120
[11-02 14:17:29] (rain/utils/lr_control.py, line 104)=> [get_param_groups][rank1] type(model).__name__='VAR' count=202, numel=231405120
[11-02 14:17:29] (rain/utils/lr_control.py, line 104)=> [get_param_groups][rank2] type(model).__name__='VAR' count=202, numel=231405120
[11-02 14:17:29] (rain/utils/lr_control.py, line 104)=> [get_param_groups][rank3] type(model).__name__='VAR' count=202, numel=231405120
[11-02 14:17:29] (rain/utils/lr_control.py, line 104)=> [get_param_groups][rank4] type(model).__name__='VAR' count=202, numel=231405120
[11-02 14:17:29] (rain/utils/lr_control.py, line 104)=> [get_param_groups][rank5] type(model).__name__='VAR' count=202, numel=231405120
[11-02 14:17:29] (rain/utils/lr_control.py, line 105)=> 
[11-02 14:17:29] (distill/train_distill.py, line 185)=> [INIT] optim=functools.partial(<class 'torch.optim.adamw.AdamW'>, betas=(0.9, 0.95), fused=True), opt_kw={'lr': 0.00012578125, 'weight_decay': 0}\n
/home/project/real_prune/VAR_train/utils/amp_sc.py:27: FutureWarning: `torch.cuda.amp.GradScaler(args...)` is deprecated. Please use `torch.amp.GradScaler('cuda', args...)` instead.
  self.scaler = torch.cuda.amp.GradScaler(init_scale=2. ** 11, growth_interval=1000) if self.using_fp16_rather_bf16 else None # only fp16 needs a scaler
/home/project/real_prune/VAR_train/utils/amp_sc.py:27: FutureWarning: `torch.cuda.amp.GradScaler(args...)` is deprecated. Please use `torch.amp.GradScaler('cuda', args...)` instead.
  self.scaler = torch.cuda.amp.GradScaler(init_scale=2. ** 11, growth_interval=1000) if self.using_fp16_rather_bf16 else None # only fp16 needs a scaler
/home/project/real_prune/VAR_train/utils/amp_sc.py:27: FutureWarning: `torch.cuda.amp.GradScaler(args...)` is deprecated. Please use `torch.amp.GradScaler('cuda', args...)` instead.
  self.scaler = torch.cuda.amp.GradScaler(init_scale=2. ** 11, growth_interval=1000) if self.using_fp16_rather_bf16 else None # only fp16 needs a scaler
/home/project/real_prune/VAR_train/utils/amp_sc.py:27: FutureWarning: `torch.cuda.amp.GradScaler(args...)` is deprecated. Please use `torch.amp.GradScaler('cuda', args...)` instead.
  self.scaler = torch.cuda.amp.GradScaler(init_scale=2. ** 11, growth_interval=1000) if self.using_fp16_rather_bf16 else None # only fp16 needs a scaler
/home/project/real_prune/VAR_train/utils/amp_sc.py:27: FutureWarning: `torch.cuda.amp.GradScaler(args...)` is deprecated. Please use `torch.amp.GradScaler('cuda', args...)` instead.
  self.scaler = torch.cuda.amp.GradScaler(init_scale=2. ** 11, growth_interval=1000) if self.using_fp16_rather_bf16 else None # only fp16 needs a scaler
/home/project/real_prune/VAR_train/utils/amp_sc.py:27: FutureWarning: `torch.cuda.amp.GradScaler(args...)` is deprecated. Please use `torch.amp.GradScaler('cuda', args...)` instead.
  self.scaler = torch.cuda.amp.GradScaler(init_scale=2. ** 11, growth_interval=1000) if self.using_fp16_rather_bf16 else None # only fp16 needs a scaler
[11-02 14:17:29] (l/distillation_losses.py, line  45)=> [蒸馏损失] 类型=normal, 温度=4.0
[11-02 14:17:29] (l/distillation_losses.py, line  46)=> [尺度权重] [2.0, 1.8, 1.6, 1.4, 1.2, 1.0, 0.8, 0.6, 0.4, 0.2]
[11-02 14:17:29] (/distillation_trainer.py, line  65)=> [蒸馏训练器] 教师模型已冻结
[11-02 14:17:29] (/distillation_trainer.py, line  66)=> [蒸馏训练器] 教师参数: 310.28M (310.28M已冻结)
[11-02 14:17:29] (distill/distill_utils.py, line 166)=> [兼容性检查] 教师模型参数: 310.28M
[11-02 14:17:29] (distill/distill_utils.py, line 167)=> [兼容性检查] 学生模型参数: 231.41M
[11-02 14:17:29] (distill/distill_utils.py, line 168)=> [兼容性检查] 压缩比: 74.58%
[11-02 14:17:29] (distill/distill_utils.py, line 175)=> [兼容性检查] 词汇表大小: 4096
[11-02 14:17:29] (distill/distill_utils.py, line 180)=> [兼容性检查] 序列长度: 680
[11-02 14:17:29] (distill/distill_utils.py, line 185)=> [兼容性检查] patch配置: (1, 2, 3, 4, 5, 6, 8, 10, 13, 16)
[11-02 14:17:29] (distill/distill_utils.py, line 187)=> [兼容性检查] 通过
[11-02 14:17:29] (/distillation_trainer.py, line  73)=> [蒸馏训练器] 初始化完成
[11-02 14:17:29] (/distillation_trainer.py, line  74)=> [蒸馏训练器] 蒸馏类型: normal
[11-02 14:17:29] (/distillation_trainer.py, line  75)=> [蒸馏训练器] 损失权重: 任务=0.50, 蒸馏=0.50
[11-02 14:17:29] (distill/train_distill.py, line 202)=> [训练器] 使用蒸馏训练器 (DistillationVARTrainer)
[11-02 14:17:29] (distill/train_distill.py, line 203)=> [蒸馏模式] normal 蒸馏，权重 0.5/0.5
[11-02 14:17:29] (rain/utils/lr_control.py, line 104)=> [get_param_groups][rank6] type(model).__name__='VAR' count=202, numel=231405120
/home/project/real_prune/VAR_train/utils/amp_sc.py:27: FutureWarning: `torch.cuda.amp.GradScaler(args...)` is deprecated. Please use `torch.amp.GradScaler('cuda', args...)` instead.
  self.scaler = torch.cuda.amp.GradScaler(init_scale=2. ** 11, growth_interval=1000) if self.using_fp16_rather_bf16 else None # only fp16 needs a scaler
/home/project/real_prune/VAR_train/models/var.py:220: FutureWarning: `torch.cuda.amp.autocast(args...)` is deprecated. Please use `torch.amp.autocast('cuda', args...)` instead.
  with torch.cuda.amp.autocast(enabled=False):
/home/project/real_prune/VAR_train/models/var.py:220: FutureWarning: `torch.cuda.amp.autocast(args...)` is deprecated. Please use `torch.amp.autocast('cuda', args...)` instead.
  with torch.cuda.amp.autocast(enabled=False):
/home/project/real_prune/VAR_train/models/var.py:220: FutureWarning: `torch.cuda.amp.autocast(args...)` is deprecated. Please use `torch.amp.autocast('cuda', args...)` instead.
  with torch.cuda.amp.autocast(enabled=False):
/home/project/real_prune/VAR_train/models/var.py:220: FutureWarning: `torch.cuda.amp.autocast(args...)` is deprecated. Please use `torch.amp.autocast('cuda', args...)` instead.
  with torch.cuda.amp.autocast(enabled=False):
/home/project/real_prune/VAR_train/models/var.py:220: FutureWarning: `torch.cuda.amp.autocast(args...)` is deprecated. Please use `torch.amp.autocast('cuda', args...)` instead.
  with torch.cuda.amp.autocast(enabled=False):
/home/project/real_prune/VAR_train/models/var.py:220: FutureWarning: `torch.cuda.amp.autocast(args...)` is deprecated. Please use `torch.amp.autocast('cuda', args...)` instead.
  with torch.cuda.amp.autocast(enabled=False):
/home/project/real_prune/VAR_train/models/var.py:220: FutureWarning: `torch.cuda.amp.autocast(args...)` is deprecated. Please use `torch.amp.autocast('cuda', args...)` instead.
  with torch.cuda.amp.autocast(enabled=False):
[11-02 14:17:33] (/VAR_train/utils/misc.py, line 314)=> [Ep]: [   0/20]  [   0/3979]  eta: 4:33:53  tlr: 6.3e-07  tnm: 0.00  Lm: 9.332 (9.332)  Lt: 8.591 (8.591)  Accm: 0.05 (0.05)  Acct: 0.04 (0.04)  TaskL: 9.3324 (9.3324)  DistillL: 3472.5149 (3472.5149)  TotalL: 3481.8473 (3481.8473)  time: 4.1302  data: 0.3327
/root/miniconda3/envs/var/lib/python3.10/site-packages/torch/utils/data/_utils/pin_memory.py:57: DeprecationWarning: The argument 'device' of Tensor.pin_memory() is deprecated. Please do not pass this argument. (Triggered internally at /pytorch/aten/src/ATen/native/Memory.cpp:46.)
  return data.pin_memory(device)
/root/miniconda3/envs/var/lib/python3.10/site-packages/torch/utils/data/_utils/pin_memory.py:57: DeprecationWarning: The argument 'device' of Tensor.is_pinned() is deprecated. Please do not pass this argument. (Triggered internally at /pytorch/aten/src/ATen/native/Memory.cpp:31.)
  return data.pin_memory(device)
/root/miniconda3/envs/var/lib/python3.10/site-packages/torch/utils/data/_utils/pin_memory.py:57: DeprecationWarning: The argument 'device' of Tensor.pin_memory() is deprecated. Please do not pass this argument. (Triggered internally at /pytorch/aten/src/ATen/native/Memory.cpp:46.)
  return data.pin_memory(device)
/root/miniconda3/envs/var/lib/python3.10/site-packages/torch/utils/data/_utils/pin_memory.py:57: DeprecationWarning: The argument 'device' of Tensor.is_pinned() is deprecated. Please do not pass this argument. (Triggered internally at /pytorch/aten/src/ATen/native/Memory.cpp:31.)
  return data.pin_memory(device)
/root/miniconda3/envs/var/lib/python3.10/site-packages/torch/utils/data/_utils/pin_memory.py:57: DeprecationWarning: The argument 'device' of Tensor.pin_memory() is deprecated. Please do not pass this argument. (Triggered internally at /pytorch/aten/src/ATen/native/Memory.cpp:46.)
  return data.pin_memory(device)
/root/miniconda3/envs/var/lib/python3.10/site-packages/torch/utils/data/_utils/pin_memory.py:57: DeprecationWarning: The argument 'device' of Tensor.is_pinned() is deprecated. Please do not pass this argument. (Triggered internally at /pytorch/aten/src/ATen/native/Memory.cpp:31.)
  return data.pin_memory(device)
/root/miniconda3/envs/var/lib/python3.10/site-packages/torch/utils/data/_utils/pin_memory.py:57: DeprecationWarning: The argument 'device' of Tensor.pin_memory() is deprecated. Please do not pass this argument. (Triggered internally at /pytorch/aten/src/ATen/native/Memory.cpp:46.)
  return data.pin_memory(device)
/root/miniconda3/envs/var/lib/python3.10/site-packages/torch/utils/data/_utils/pin_memory.py:57: DeprecationWarning: The argument 'device' of Tensor.is_pinned() is deprecated. Please do not pass this argument. (Triggered internally at /pytorch/aten/src/ATen/native/Memory.cpp:31.)
  return data.pin_memory(device)
/root/miniconda3/envs/var/lib/python3.10/site-packages/torch/utils/data/_utils/pin_memory.py:57: DeprecationWarning: The argument 'device' of Tensor.pin_memory() is deprecated. Please do not pass this argument. (Triggered internally at /pytorch/aten/src/ATen/native/Memory.cpp:46.)
  return data.pin_memory(device)
/root/miniconda3/envs/var/lib/python3.10/site-packages/torch/utils/data/_utils/pin_memory.py:57: DeprecationWarning: The argument 'device' of Tensor.is_pinned() is deprecated. Please do not pass this argument. (Triggered internally at /pytorch/aten/src/ATen/native/Memory.cpp:31.)
  return data.pin_memory(device)
/root/miniconda3/envs/var/lib/python3.10/site-packages/torch/utils/data/_utils/pin_memory.py:57: DeprecationWarning: The argument 'device' of Tensor.pin_memory() is deprecated. Please do not pass this argument. (Triggered internally at /pytorch/aten/src/ATen/native/Memory.cpp:46.)
  return data.pin_memory(device)
/root/miniconda3/envs/var/lib/python3.10/site-packages/torch/utils/data/_utils/pin_memory.py:57: DeprecationWarning: The argument 'device' of Tensor.is_pinned() is deprecated. Please do not pass this argument. (Triggered internally at /pytorch/aten/src/ATen/native/Memory.cpp:31.)
  return data.pin_memory(device)
/root/miniconda3/envs/var/lib/python3.10/site-packages/torch/utils/data/_utils/pin_memory.py:57: DeprecationWarning: The argument 'device' of Tensor.pin_memory() is deprecated. Please do not pass this argument. (Triggered internally at /pytorch/aten/src/ATen/native/Memory.cpp:46.)
  return data.pin_memory(device)
/root/miniconda3/envs/var/lib/python3.10/site-packages/torch/utils/data/_utils/pin_memory.py:57: DeprecationWarning: The argument 'device' of Tensor.is_pinned() is deprecated. Please do not pass this argument. (Triggered internally at /pytorch/aten/src/ATen/native/Memory.cpp:31.)
  return data.pin_memory(device)
[rank0]: Traceback (most recent call last):
[rank0]:   File "/home/project/real_prune/VAR_train/distill/train_distill.py", line 470, in <module>
[rank0]:     main_distillation_training()
[rank0]:   File "/home/project/real_prune/VAR_train/distill/train_distill.py", line 287, in main_distillation_training
[rank0]:     stats, (sec, remain_time, finish_time) = train_one_ep(
[rank0]:   File "/home/project/real_prune/VAR_train/distill/train_distill.py", line 436, in train_one_ep
[rank0]:     grad_norm, scale_log2 = trainer.train_step(
[rank0]:   File "/home/project/real_prune/VAR_train/distill/distillation_trainer.py", line 134, in train_step
[rank0]:     distill_loss = self.distill_losses.compute_loss(
[rank0]:   File "/home/project/real_prune/VAR_train/distill/distillation_losses.py", line 70, in compute_loss
[rank0]:     return self._normal_distill_loss(student_logits, teacher_logits, prog_si)
[rank0]:   File "/home/project/real_prune/VAR_train/distill/distillation_losses.py", line 98, in _normal_distill_loss
[rank0]:     teacher_soft = F.softmax(teacher_logits / self.temperature, dim=-1)
[rank0]:   File "/root/miniconda3/envs/var/lib/python3.10/site-packages/torch/nn/functional.py", line 2133, in softmax
[rank0]:     ret = input.softmax(dim)
[rank0]: torch.OutOfMemoryError: CUDA out of memory. Tried to allocate 490.00 MiB. GPU 0 has a total capacity of 31.36 GiB of which 176.19 MiB is free. Including non-PyTorch memory, this process has 31.18 GiB memory in use. Of the allocated memory 29.10 GiB is allocated by PyTorch, and 1.28 GiB is reserved by PyTorch but unallocated. If reserved but unallocated memory is large try setting PYTORCH_CUDA_ALLOC_CONF=expandable_segments:True to avoid fragmentation.  See documentation for Memory Management  (https://pytorch.org/docs/stable/notes/cuda.html#environment-variables)
[rank5]: Traceback (most recent call last):
[rank5]:   File "/home/project/real_prune/VAR_train/distill/train_distill.py", line 470, in <module>
[rank5]:     main_distillation_training()
[rank5]:   File "/home/project/real_prune/VAR_train/distill/train_distill.py", line 287, in main_distillation_training
[rank5]:     stats, (sec, remain_time, finish_time) = train_one_ep(
[rank5]:   File "/home/project/real_prune/VAR_train/distill/train_distill.py", line 436, in train_one_ep
[rank5]:     grad_norm, scale_log2 = trainer.train_step(
[rank5]:   File "/home/project/real_prune/VAR_train/distill/distillation_trainer.py", line 134, in train_step
[rank5]:     distill_loss = self.distill_losses.compute_loss(
[rank5]:   File "/home/project/real_prune/VAR_train/distill/distillation_losses.py", line 70, in compute_loss
[rank5]:     return self._normal_distill_loss(student_logits, teacher_logits, prog_si)
[rank5]:   File "/home/project/real_prune/VAR_train/distill/distillation_losses.py", line 98, in _normal_distill_loss
[rank5]:     teacher_soft = F.softmax(teacher_logits / self.temperature, dim=-1)
[rank5]:   File "/root/miniconda3/envs/var/lib/python3.10/site-packages/torch/nn/functional.py", line 2133, in softmax
[rank5]:     ret = input.softmax(dim)
[rank5]: torch.OutOfMemoryError: CUDA out of memory. Tried to allocate 490.00 MiB. GPU 5 has a total capacity of 31.36 GiB of which 176.19 MiB is free. Including non-PyTorch memory, this process has 31.18 GiB memory in use. Of the allocated memory 29.10 GiB is allocated by PyTorch, and 1.28 GiB is reserved by PyTorch but unallocated. If reserved but unallocated memory is large try setting PYTORCH_CUDA_ALLOC_CONF=expandable_segments:True to avoid fragmentation.  See documentation for Memory Management  (https://pytorch.org/docs/stable/notes/cuda.html#environment-variables)
[rank4]: Traceback (most recent call last):
[rank4]:   File "/home/project/real_prune/VAR_train/distill/train_distill.py", line 470, in <module>
[rank4]:     main_distillation_training()
[rank4]:   File "/home/project/real_prune/VAR_train/distill/train_distill.py", line 287, in main_distillation_training
[rank4]:     stats, (sec, remain_time, finish_time) = train_one_ep(
[rank4]:   File "/home/project/real_prune/VAR_train/distill/train_distill.py", line 436, in train_one_ep
[rank4]:     grad_norm, scale_log2 = trainer.train_step(
[rank4]:   File "/home/project/real_prune/VAR_train/distill/distillation_trainer.py", line 134, in train_step
[rank4]:     distill_loss = self.distill_losses.compute_loss(
[rank4]:   File "/home/project/real_prune/VAR_train/distill/distillation_losses.py", line 70, in compute_loss
[rank4]:     return self._normal_distill_loss(student_logits, teacher_logits, prog_si)
[rank4]:   File "/home/project/real_prune/VAR_train/distill/distillation_losses.py", line 98, in _normal_distill_loss
[rank4]:     teacher_soft = F.softmax(teacher_logits / self.temperature, dim=-1)
[rank4]:   File "/root/miniconda3/envs/var/lib/python3.10/site-packages/torch/nn/functional.py", line 2133, in softmax
[rank4]:     ret = input.softmax(dim)
[rank4]: torch.OutOfMemoryError: CUDA out of memory. Tried to allocate 490.00 MiB. GPU 4 has a total capacity of 31.36 GiB of which 176.19 MiB is free. Including non-PyTorch memory, this process has 31.18 GiB memory in use. Of the allocated memory 29.10 GiB is allocated by PyTorch, and 1.28 GiB is reserved by PyTorch but unallocated. If reserved but unallocated memory is large try setting PYTORCH_CUDA_ALLOC_CONF=expandable_segments:True to avoid fragmentation.  See documentation for Memory Management  (https://pytorch.org/docs/stable/notes/cuda.html#environment-variables)
[rank3]: Traceback (most recent call last):
[rank3]:   File "/home/project/real_prune/VAR_train/distill/train_distill.py", line 470, in <module>
[rank3]:     main_distillation_training()
[rank3]:   File "/home/project/real_prune/VAR_train/distill/train_distill.py", line 287, in main_distillation_training
[rank3]:     stats, (sec, remain_time, finish_time) = train_one_ep(
[rank3]:   File "/home/project/real_prune/VAR_train/distill/train_distill.py", line 436, in train_one_ep
[rank3]:     grad_norm, scale_log2 = trainer.train_step(
[rank3]:   File "/home/project/real_prune/VAR_train/distill/distillation_trainer.py", line 134, in train_step
[rank3]:     distill_loss = self.distill_losses.compute_loss(
[rank3]:   File "/home/project/real_prune/VAR_train/distill/distillation_losses.py", line 70, in compute_loss
[rank3]:     return self._normal_distill_loss(student_logits, teacher_logits, prog_si)
[rank3]:   File "/home/project/real_prune/VAR_train/distill/distillation_losses.py", line 98, in _normal_distill_loss
[rank3]:     teacher_soft = F.softmax(teacher_logits / self.temperature, dim=-1)
[rank3]:   File "/root/miniconda3/envs/var/lib/python3.10/site-packages/torch/nn/functional.py", line 2133, in softmax
[rank3]:     ret = input.softmax(dim)
[rank3]: torch.OutOfMemoryError: CUDA out of memory. Tried to allocate 490.00 MiB. GPU 3 has a total capacity of 31.36 GiB of which 176.19 MiB is free. Including non-PyTorch memory, this process has 31.18 GiB memory in use. Of the allocated memory 29.10 GiB is allocated by PyTorch, and 1.28 GiB is reserved by PyTorch but unallocated. If reserved but unallocated memory is large try setting PYTORCH_CUDA_ALLOC_CONF=expandable_segments:True to avoid fragmentation.  See documentation for Memory Management  (https://pytorch.org/docs/stable/notes/cuda.html#environment-variables)
[rank1]: Traceback (most recent call last):
[rank1]:   File "/home/project/real_prune/VAR_train/distill/train_distill.py", line 470, in <module>
[rank1]:     main_distillation_training()
[rank1]:   File "/home/project/real_prune/VAR_train/distill/train_distill.py", line 287, in main_distillation_training
[rank1]:     stats, (sec, remain_time, finish_time) = train_one_ep(
[rank1]:   File "/home/project/real_prune/VAR_train/distill/train_distill.py", line 436, in train_one_ep
[rank1]:     grad_norm, scale_log2 = trainer.train_step(
[rank1]:   File "/home/project/real_prune/VAR_train/distill/distillation_trainer.py", line 134, in train_step
[rank1]:     distill_loss = self.distill_losses.compute_loss(
[rank1]:   File "/home/project/real_prune/VAR_train/distill/distillation_losses.py", line 70, in compute_loss
[rank1]:     return self._normal_distill_loss(student_logits, teacher_logits, prog_si)
[rank1]:   File "/home/project/real_prune/VAR_train/distill/distillation_losses.py", line 98, in _normal_distill_loss
[rank1]:     teacher_soft = F.softmax(teacher_logits / self.temperature, dim=-1)
[rank1]:   File "/root/miniconda3/envs/var/lib/python3.10/site-packages/torch/nn/functional.py", line 2133, in softmax
[rank1]:     ret = input.softmax(dim)
[rank1]: torch.OutOfMemoryError: CUDA out of memory. Tried to allocate 490.00 MiB. GPU 1 has a total capacity of 31.36 GiB of which 176.19 MiB is free. Including non-PyTorch memory, this process has 31.18 GiB memory in use. Of the allocated memory 29.10 GiB is allocated by PyTorch, and 1.28 GiB is reserved by PyTorch but unallocated. If reserved but unallocated memory is large try setting PYTORCH_CUDA_ALLOC_CONF=expandable_segments:True to avoid fragmentation.  See documentation for Memory Management  (https://pytorch.org/docs/stable/notes/cuda.html#environment-variables)
[rank6]: Traceback (most recent call last):
[rank6]:   File "/home/project/real_prune/VAR_train/distill/train_distill.py", line 470, in <module>
[rank6]:     main_distillation_training()
[rank6]:   File "/home/project/real_prune/VAR_train/distill/train_distill.py", line 287, in main_distillation_training
[rank6]:     stats, (sec, remain_time, finish_time) = train_one_ep(
[rank6]:   File "/home/project/real_prune/VAR_train/distill/train_distill.py", line 436, in train_one_ep
[rank6]:     grad_norm, scale_log2 = trainer.train_step(
[rank6]:   File "/home/project/real_prune/VAR_train/distill/distillation_trainer.py", line 134, in train_step
[rank6]:     distill_loss = self.distill_losses.compute_loss(
[rank6]:   File "/home/project/real_prune/VAR_train/distill/distillation_losses.py", line 70, in compute_loss
[rank6]:     return self._normal_distill_loss(student_logits, teacher_logits, prog_si)
[rank6]:   File "/home/project/real_prune/VAR_train/distill/distillation_losses.py", line 98, in _normal_distill_loss
[rank6]:     teacher_soft = F.softmax(teacher_logits / self.temperature, dim=-1)
[rank6]:   File "/root/miniconda3/envs/var/lib/python3.10/site-packages/torch/nn/functional.py", line 2133, in softmax
[rank6]:     ret = input.softmax(dim)
[rank6]: torch.OutOfMemoryError: CUDA out of memory. Tried to allocate 490.00 MiB. GPU 6 has a total capacity of 31.36 GiB of which 176.19 MiB is free. Including non-PyTorch memory, this process has 31.18 GiB memory in use. Of the allocated memory 29.10 GiB is allocated by PyTorch, and 1.28 GiB is reserved by PyTorch but unallocated. If reserved but unallocated memory is large try setting PYTORCH_CUDA_ALLOC_CONF=expandable_segments:True to avoid fragmentation.  See documentation for Memory Management  (https://pytorch.org/docs/stable/notes/cuda.html#environment-variables)
[rank2]: Traceback (most recent call last):
[rank2]:   File "/home/project/real_prune/VAR_train/distill/train_distill.py", line 470, in <module>
[rank2]:     main_distillation_training()
[rank2]:   File "/home/project/real_prune/VAR_train/distill/train_distill.py", line 287, in main_distillation_training
[rank2]:     stats, (sec, remain_time, finish_time) = train_one_ep(
[rank2]:   File "/home/project/real_prune/VAR_train/distill/train_distill.py", line 436, in train_one_ep
[rank2]:     grad_norm, scale_log2 = trainer.train_step(
[rank2]:   File "/home/project/real_prune/VAR_train/distill/distillation_trainer.py", line 134, in train_step
[rank2]:     distill_loss = self.distill_losses.compute_loss(
[rank2]:   File "/home/project/real_prune/VAR_train/distill/distillation_losses.py", line 70, in compute_loss
[rank2]:     return self._normal_distill_loss(student_logits, teacher_logits, prog_si)
[rank2]:   File "/home/project/real_prune/VAR_train/distill/distillation_losses.py", line 98, in _normal_distill_loss
[rank2]:     teacher_soft = F.softmax(teacher_logits / self.temperature, dim=-1)
[rank2]:   File "/root/miniconda3/envs/var/lib/python3.10/site-packages/torch/nn/functional.py", line 2133, in softmax
[rank2]:     ret = input.softmax(dim)
[rank2]: torch.OutOfMemoryError: CUDA out of memory. Tried to allocate 490.00 MiB. GPU 2 has a total capacity of 31.36 GiB of which 176.19 MiB is free. Including non-PyTorch memory, this process has 31.18 GiB memory in use. Of the allocated memory 29.10 GiB is allocated by PyTorch, and 1.28 GiB is reserved by PyTorch but unallocated. If reserved but unallocated memory is large try setting PYTORCH_CUDA_ALLOC_CONF=expandable_segments:True to avoid fragmentation.  See documentation for Memory Management  (https://pytorch.org/docs/stable/notes/cuda.html#environment-variables)
W1102 14:17:35.326000 2056582 site-packages/torch/distributed/elastic/multiprocessing/api.py:908] Sending process 2056671 closing signal SIGTERM
W1102 14:17:35.327000 2056582 site-packages/torch/distributed/elastic/multiprocessing/api.py:908] Sending process 2056673 closing signal SIGTERM
W1102 14:17:35.327000 2056582 site-packages/torch/distributed/elastic/multiprocessing/api.py:908] Sending process 2056674 closing signal SIGTERM
W1102 14:17:35.327000 2056582 site-packages/torch/distributed/elastic/multiprocessing/api.py:908] Sending process 2056675 closing signal SIGTERM
W1102 14:17:35.327000 2056582 site-packages/torch/distributed/elastic/multiprocessing/api.py:908] Sending process 2056676 closing signal SIGTERM
E1102 14:17:35.905000 2056582 site-packages/torch/distributed/elastic/multiprocessing/api.py:882] failed (exitcode: 1) local_rank: 0 (pid: 2056670) of binary: /root/miniconda3/envs/var/bin/python3.10
Traceback (most recent call last):
  File "/root/miniconda3/envs/var/bin/torchrun", line 7, in <module>
    sys.exit(main())
  File "/root/miniconda3/envs/var/lib/python3.10/site-packages/torch/distributed/elastic/multiprocessing/errors/__init__.py", line 357, in wrapper
    return f(*args, **kwargs)
  File "/root/miniconda3/envs/var/lib/python3.10/site-packages/torch/distributed/run.py", line 936, in main
    run(args)
  File "/root/miniconda3/envs/var/lib/python3.10/site-packages/torch/distributed/run.py", line 927, in run
    elastic_launch(
  File "/root/miniconda3/envs/var/lib/python3.10/site-packages/torch/distributed/launcher/api.py", line 156, in __call__
    return launch_agent(self._config, self._entrypoint, list(args))
  File "/root/miniconda3/envs/var/lib/python3.10/site-packages/torch/distributed/launcher/api.py", line 293, in launch_agent
    raise ChildFailedError(
torch.distributed.elastic.multiprocessing.errors.ChildFailedError: 
============================================================
distill/train_distill.py FAILED
------------------------------------------------------------
Failures:
[1]:
  time      : 2025-11-02_14:17:35
  host      : waas
  rank      : 2 (local_rank: 2)
  exitcode  : 1 (pid: 2056672)
  error_file: <N/A>
  traceback : To enable traceback see: https://pytorch.org/docs/stable/elastic/errors.html
------------------------------------------------------------
Root Cause (first observed failure):
[0]:
  time      : 2025-11-02_14:17:35
  host      : waas
  rank      : 0 (local_rank: 0)
  exitcode  : 1 (pid: 2056670)
  error_file: <N/A>
  traceback : To enable traceback see: https://pytorch.org/docs/stable/elastic/errors.html
============================================================
W1102 14:20:27.284000 2058918 site-packages/torch/distributed/run.py:803] 
W1102 14:20:27.284000 2058918 site-packages/torch/distributed/run.py:803] *****************************************
W1102 14:20:27.284000 2058918 site-packages/torch/distributed/run.py:803] Setting OMP_NUM_THREADS environment variable for each process to be 1 in default, to avoid your system being overloaded, please further tune the variable for optimal performance in your application as needed. 
W1102 14:20:27.284000 2058918 site-packages/torch/distributed/run.py:803] *****************************************
[dist initialize] mp method=spawn
[lrk=1, rk=1]
[dist initialize] mp method=spawn
[lrk=2, rk=2]
[dist initialize] mp method=spawn
[lrk=4, rk=4]
[dist initialize] mp method=spawn
[lrk=3, rk=3]
[dist initialize] mp method=spawn
[dist initialize] mp method=spawn
[lrk=5, rk=5][lrk=6, rk=6]

[dist initialize] mp method=spawn
[lrk=0, rk=0]
/root/miniconda3/envs/var/lib/python3.10/site-packages/torch/distributed/distributed_c10d.py:4876: UserWarning: barrier(): using the device under current context. You can specify `device_id` in `init_process_group` to mute this warning.
  warnings.warn(  # warn only once
[rank0]:[W1102 14:20:33.409721550 ProcessGroupNCCL.cpp:5068] Guessing device ID based on global rank. This can cause a hang if rank to GPU mapping is heterogeneous. You can specify device_id in init_process_group()
/root/miniconda3/envs/var/lib/python3.10/site-packages/torch/backends/__init__.py:46: UserWarning: Please use the new API settings to control TF32 behavior, such as torch.backends.cudnn.conv.fp32_precision = 'tf32' or torch.backends.cuda.matmul.fp32_precision = 'ieee'. Old settings, e.g, torch.backends.cuda.matmul.allow_tf32 = True, torch.backends.cudnn.allow_tf32 = True, allowTF32CuDNN() and allowTF32CuBLAS() will be deprecated after Pytorch 2.9. Please see https://pytorch.org/docs/main/notes/cuda.html#tensorfloat-32-tf32-on-ampere-and-later-devices (Triggered internally at /pytorch/aten/src/ATen/Context.cpp:80.)
  self.setter(val)
/root/miniconda3/envs/var/lib/python3.10/site-packages/torch/backends/__init__.py:46: UserWarning: Please use the new API settings to control TF32 behavior, such as torch.backends.cudnn.conv.fp32_precision = 'tf32' or torch.backends.cuda.matmul.fp32_precision = 'ieee'. Old settings, e.g, torch.backends.cuda.matmul.allow_tf32 = True, torch.backends.cudnn.allow_tf32 = True, allowTF32CuDNN() and allowTF32CuBLAS() will be deprecated after Pytorch 2.9. Please see https://pytorch.org/docs/main/notes/cuda.html#tensorfloat-32-tf32-on-ampere-and-later-devices (Triggered internally at /pytorch/aten/src/ATen/Context.cpp:80.)
  self.setter(val)
/root/miniconda3/envs/var/lib/python3.10/site-packages/torch/backends/__init__.py:46: UserWarning: Please use the new API settings to control TF32 behavior, such as torch.backends.cudnn.conv.fp32_precision = 'tf32' or torch.backends.cuda.matmul.fp32_precision = 'ieee'. Old settings, e.g, torch.backends.cuda.matmul.allow_tf32 = True, torch.backends.cudnn.allow_tf32 = True, allowTF32CuDNN() and allowTF32CuBLAS() will be deprecated after Pytorch 2.9. Please see https://pytorch.org/docs/main/notes/cuda.html#tensorfloat-32-tf32-on-ampere-and-later-devices (Triggered internally at /pytorch/aten/src/ATen/Context.cpp:80.)
  self.setter(val)
/root/miniconda3/envs/var/lib/python3.10/site-packages/torch/backends/__init__.py:46: UserWarning: Please use the new API settings to control TF32 behavior, such as torch.backends.cudnn.conv.fp32_precision = 'tf32' or torch.backends.cuda.matmul.fp32_precision = 'ieee'. Old settings, e.g, torch.backends.cuda.matmul.allow_tf32 = True, torch.backends.cudnn.allow_tf32 = True, allowTF32CuDNN() and allowTF32CuBLAS() will be deprecated after Pytorch 2.9. Please see https://pytorch.org/docs/main/notes/cuda.html#tensorfloat-32-tf32-on-ampere-and-later-devices (Triggered internally at /pytorch/aten/src/ATen/Context.cpp:80.)
  self.setter(val)
/root/miniconda3/envs/var/lib/python3.10/site-packages/torch/backends/__init__.py:46: UserWarning: Please use the new API settings to control TF32 behavior, such as torch.backends.cudnn.conv.fp32_precision = 'tf32' or torch.backends.cuda.matmul.fp32_precision = 'ieee'. Old settings, e.g, torch.backends.cuda.matmul.allow_tf32 = True, torch.backends.cudnn.allow_tf32 = True, allowTF32CuDNN() and allowTF32CuBLAS() will be deprecated after Pytorch 2.9. Please see https://pytorch.org/docs/main/notes/cuda.html#tensorfloat-32-tf32-on-ampere-and-later-devices (Triggered internally at /pytorch/aten/src/ATen/Context.cpp:80.)
  self.setter(val)
/root/miniconda3/envs/var/lib/python3.10/site-packages/torch/backends/__init__.py:46: UserWarning: Please use the new API settings to control TF32 behavior, such as torch.backends.cudnn.conv.fp32_precision = 'tf32' or torch.backends.cuda.matmul.fp32_precision = 'ieee'. Old settings, e.g, torch.backends.cuda.matmul.allow_tf32 = True, torch.backends.cudnn.allow_tf32 = True, allowTF32CuDNN() and allowTF32CuBLAS() will be deprecated after Pytorch 2.9. Please see https://pytorch.org/docs/main/notes/cuda.html#tensorfloat-32-tf32-on-ampere-and-later-devices (Triggered internally at /pytorch/aten/src/ATen/Context.cpp:80.)
  self.setter(val)
/root/miniconda3/envs/var/lib/python3.10/site-packages/torch/backends/__init__.py:46: UserWarning: Please use the new API settings to control TF32 behavior, such as torch.backends.cudnn.conv.fp32_precision = 'tf32' or torch.backends.cuda.matmul.fp32_precision = 'ieee'. Old settings, e.g, torch.backends.cuda.matmul.allow_tf32 = True, torch.backends.cudnn.allow_tf32 = True, allowTF32CuDNN() and allowTF32CuBLAS() will be deprecated after Pytorch 2.9. Please see https://pytorch.org/docs/main/notes/cuda.html#tensorfloat-32-tf32-on-ampere-and-later-devices (Triggered internally at /pytorch/aten/src/ATen/Context.cpp:80.)
  self.setter(val)
[11-02 14:20:34] (_train/utils/arg_util.py, line 241)=> [tf32] [precis] torch.get_float32_matmul_precision(): high
[11-02 14:20:34] (_train/utils/arg_util.py, line 242)=> [tf32] [ conv ] torch.backends.cudnn.allow_tf32: True
[11-02 14:20:34] (_train/utils/arg_util.py, line 243)=> [tf32] [matmul] torch.backends.cuda.matmul.allow_tf32: True
[11-02 14:20:34] (_train/utils/arg_util.py, line 190)=> [蒸馏参数验证] 通过 - 类型:normal, 权重:0.5/0.5
[11-02 14:20:34] (distill/train_distill.py, line 258)=> [参数验证] 蒸馏参数验证通过
[11-02 14:20:34] (distill/train_distill.py, line  63)=> global bs=259, local bs=37
[11-02 14:20:34] (distill/train_distill.py, line  64)=> initial args:\n{
  data_path           : /home/project/ImageNet-1K
  exp_name            : text
  vfast               : 0
  vae_path            : /home/project/daily/AR/model_zoo/vae_ch160v4096z32.pth
  var_path            : /home/project/real_prune/slimgpt_pub_prune/sparsity_model/prune_d16_0.4sparsity_150i_256eva_scale.pth
  tfast               : 0
  depth               : 16
  sparsity            : 0.4
  ini                 : -1
  hd                  : 0.02
  aln                 : 0.5
  alng                : 0.001
  fp16                : 1
  tblr                : 0.0001
  tlr                 : 0.00010117187500000001
  twd                 : 0.05
  twde                : 0.05
  tclip               : 2.0
  ls                  : 0.0
  maxlayer            : 16
  bs                  : 259
  batch_size          : 37
  glb_batch_size      : 259
  ac                  : 1
  ep                  : 20
  wp                  : 0.4
  wp0                 : 0.005
  wpe                 : 0.1
  sche                : lin0
  opt                 : adamw
  afuse               : True
  saln                : False
  anorm               : True
  fuse                : True
  pn                  : 1_2_3_4_5_6_8_10_13_16
  patch_size          : 16
  patch_nums          : (1, 2, 3, 4, 5, 6, 8, 10, 13, 16)
  resos               : (16, 32, 48, 64, 80, 96, 128, 160, 208, 256)
  data_load_reso      : 256
  mid_reso            : 1.125
  hflip               : False
  workers             : 0
  pg                  : 0.0
  pg0                 : 4
  pgwp                : 0.06666666666666667
  ckpt_save_interval  : 3
  cmd                 : --enable_distillation=1 --teacher_model_path=/home/project/daily/AR/model_zoo/var_d16.pth --teacher_depth=16 --distill_type=normal --distill_alpha=0.5 --distill_beta=0.5 --depth=16 --bs=256 --ep=20 --fp16=1 --alng=1e-3 --wpe=0.1 --sparsity=0.4 --var_path=/home/project/real_prune/slimgpt_pub_prune/sparsity_model/prune_d16_0.4sparsity_150i_256eva_scale.pth --vae_path=/home/project/daily/AR/model_zoo/vae_ch160v4096z32.pth --data_path=/home/project/ImageNet-1K --local_out_dir_path=/home/project/real_prune/VAR_train/train_result/fix_distill_d16_normal_256
  branch              : main
  commit_id           : 1bf7cb2895b8461062f9dbaf1daffb729258724e
  commit_msg          : 25.9.25
  acc_mean            : None
  acc_tail            : None
  L_mean              : None
  L_tail              : None
  vacc_mean           : None
  vacc_tail           : None
  vL_mean             : None
  vL_tail             : None
  grad_norm           : None
  cur_lr              : None
  cur_wd              : None
  cur_it              : 
  cur_ep              : 
  remain_time         : 
  finish_time         : 
  local_out_dir_path  : /home/project/real_prune/VAR_train/train_result/fix_distill_d16_normal_256
  tb_log_dir_path     : /home/project/real_prune/VAR_train/train_result/fix_distill_d16_normal_256/tb-VARd16__pn1_2_3_4_5_6_8_10_13_16__b259ep20adamlr0.0001wd0.05
  log_txt_path        : /home/project/real_prune/VAR_train/train_result/fix_distill_d16_normal_256/log.txt
  last_ckpt_path      : /home/project/real_prune/VAR_train/train_result/fix_distill_d16_normal_256/ar-ckpt-last.pth
  tf32                : True
  seed                : None
  transfer            : False
  enable_distillation : True
  teacher_model_path  : /home/project/daily/AR/model_zoo/var_d16.pth
  teacher_depth       : 16
  distill_type        : normal
  distill_alpha       : 0.5
  distill_beta        : 0.5
  distill_temperature : 4.0
  scale_weights_str   : 2.0,1.8,1.6,1.4,1.2,1.0,0.8,0.6,0.4,0.2
  use_feature_distill : False
  feature_layers_str  : 4,8,12,15
  use_attention_distill: False
  distill_warmup_epochs: 5
  distill_schedule    : constant
  same_seed_for_all_ranks: 0
  local_debug         : False
  dbg_nan             : False
}

[11-02 14:20:34] (distill/train_distill.py, line  68)=> [build PT data] ...\n
[11-02 14:20:36] (/VAR_train/utils/data.py, line  34)=> [Dataset] len(train_set)=1281167, len(val_set)=50000, num_classes=1000
[11-02 14:20:36] (/VAR_train/utils/data.py, line  48)=> Transform [train] = 
[11-02 14:20:36] (/VAR_train/utils/data.py, line  51)=> Resize(size=288, interpolation=lanczos, max_size=None, antialias=True)
[11-02 14:20:36] (/VAR_train/utils/data.py, line  51)=> RandomCrop(size=(256, 256), padding=None)
[11-02 14:20:36] (/VAR_train/utils/data.py, line  51)=> ToTensor()
[11-02 14:20:36] (/VAR_train/utils/data.py, line  51)=> <function normalize_01_into_pm1 at 0x7fb4b2179ab0>
[11-02 14:20:36] (/VAR_train/utils/data.py, line  54)=> ---------------------------

[11-02 14:20:36] (/VAR_train/utils/data.py, line  48)=> Transform [val] = 
[11-02 14:20:36] (/VAR_train/utils/data.py, line  51)=> Resize(size=288, interpolation=lanczos, max_size=None, antialias=True)
[11-02 14:20:36] (/VAR_train/utils/data.py, line  51)=> CenterCrop(size=(256, 256))
[11-02 14:20:36] (/VAR_train/utils/data.py, line  51)=> ToTensor()
[11-02 14:20:36] (/VAR_train/utils/data.py, line  51)=> <function normalize_01_into_pm1 at 0x7fb4b2179ab0>
[11-02 14:20:36] (/VAR_train/utils/data.py, line  54)=> ---------------------------

[11-02 14:20:36] (distill/train_distill.py, line  91)=> [auto_resume] no ckpt found @ /home/project/real_prune/VAR_train/train_result/fix_distill_d16_normal_256/ar-ckpt*.pth
[11-02 14:20:36] (distill/train_distill.py, line  91)=> [auto_resume quit]
[11-02 14:20:36] (distill/train_distill.py, line  92)=> [dataloader multi processing] ...     [dataloader multi processing](*) finished! (0.00s)
[11-02 14:20:36] (distill/train_distill.py, line  98)=> [dataloader] gbs=259, lbs=37, iters_train=4947, types(tr, va)=('DatasetFolder', 'DatasetFolder')
[11-02 14:20:36] (/VAR_train/models/var.py, line 102)=> 
[constructor]  ==== flash_if_available=True (0/16), fused_if_available=True (fusing_add_ln=0/16, fusing_mlp=0/16) ==== 
    [VAR config ] embed_dim=1024, num_heads=16, depth=16, mlp_ratio=4.0
    [drop ratios ] drop_rate=0.0, attn_drop_rate=0.0, drop_path_rate=0.0666667 (tensor([0.0000, 0.0044, 0.0089, 0.0133, 0.0178, 0.0222, 0.0267, 0.0311, 0.0356,
        0.0400, 0.0444, 0.0489, 0.0533, 0.0578, 0.0622, 0.0667]))

[11-02 14:20:36] (/VAR_train/models/var.py, line 259)=> [init_weights] VAR with init_std=0.0180422
[11-02 14:20:37] (distill/train_distill.py, line 132)=> 加载学生模型权重...
[11-02 14:20:37] (distill/train_distill.py, line 146)=> [INIT] VAR model = VAR(
  drop_path_rate=0.0666667
  (word_embed): Linear(in_features=32, out_features=1024, bias=True)
  (class_emb): Embedding(1001, 1024)
  (lvl_embed): Embedding(10, 1024)
  (shared_ada_lin): Identity()
  (blocks): ModuleList(
    (0): AdaLNSelfAttn(
      shared_aln=False
      (drop_path): Identity()
      (attn): SelfAttention(
        using_flash=False, using_xform=False, attn_l2_norm=True
        (mat_qkv): Linear(in_features=1024, out_features=1920, bias=False)
        (proj): Linear(in_features=640, out_features=1024, bias=True)
        (proj_drop): Identity()
      )
      (ffn): FFN(
        fused_mlp_func=False
        (fc1): Linear(in_features=1024, out_features=2458, bias=True)
        (act): GELU(approximate='tanh')
        (fc2): Linear(in_features=2458, out_features=1024, bias=True)
        (drop): Identity()
      )
      (ln_wo_grad): LayerNorm((1024,), eps=1e-06, elementwise_affine=False)
      (ada_lin): Sequential(
        (0): SiLU()
        (1): Linear(in_features=1024, out_features=6144, bias=True)
      )
    )
    (1-15): 15 x AdaLNSelfAttn(
      shared_aln=False
      (drop_path): DropPath((drop_prob=...))
      (attn): SelfAttention(
        using_flash=False, using_xform=False, attn_l2_norm=True
        (mat_qkv): Linear(in_features=1024, out_features=1920, bias=False)
        (proj): Linear(in_features=640, out_features=1024, bias=True)
        (proj_drop): Identity()
      )
      (ffn): FFN(
        fused_mlp_func=False
        (fc1): Linear(in_features=1024, out_features=2458, bias=True)
        (act): GELU(approximate='tanh')
        (fc2): Linear(in_features=2458, out_features=1024, bias=True)
        (drop): Identity()
      )
      (ln_wo_grad): LayerNorm((1024,), eps=1e-06, elementwise_affine=False)
      (ada_lin): Sequential(
        (0): SiLU()
        (1): Linear(in_features=1024, out_features=6144, bias=True)
      )
    )
  )
  (head_nm): AdaLNBeforeHead(
    (ln_wo_grad): LayerNorm((1024,), eps=1e-06, elementwise_affine=False)
    (ada_lin): Sequential(
      (0): SiLU()
      (1): Linear(in_features=1024, out_features=2048, bias=True)
    )
  )
  (head): Linear(in_features=1024, out_features=4096, bias=True)
)\n\n
[11-02 14:20:37] (distill/train_distill.py, line 148)=> [INIT][#para] VAE=108.95, VAE.enc=44.11, VAE.dec=64.65, VAE.quant=0.17
[11-02 14:20:37] (distill/train_distill.py, line 149)=> [INIT][#para] VAR=231.41\n\n
[11-02 14:20:37] (distill/train_distill.py, line 154)=> \n============================================================
[11-02 14:20:37] (distill/train_distill.py, line 155)=> 开始加载教师模型...
[11-02 14:20:37] (distill/distill_utils.py, line  31)=> [加载教师模型] 路径: /home/project/daily/AR/model_zoo/var_d16.pth
[11-02 14:20:37] (distill/distill_utils.py, line  32)=> [加载教师模型] 深度: 16
[11-02 14:20:37] (distill/distill_utils.py, line  39)=> [加载教师模型] 构建模型架构...
[11-02 14:20:37] (distill/distill_utils.py, line  46)=> [加载教师模型] 临时设置 sparsity=0 (原值=0.4)
[11-02 14:20:37] (/VAR_train/models/var.py, line 102)=> 
[constructor]  ==== flash_if_available=True (0/16), fused_if_available=True (fusing_add_ln=0/16, fusing_mlp=0/16) ==== 
    [VAR config ] embed_dim=1024, num_heads=16, depth=16, mlp_ratio=4.0
    [drop ratios ] drop_rate=0.0, attn_drop_rate=0.0, drop_path_rate=0.0666667 (tensor([0.0000, 0.0044, 0.0089, 0.0133, 0.0178, 0.0222, 0.0267, 0.0311, 0.0356,
        0.0400, 0.0444, 0.0489, 0.0533, 0.0578, 0.0622, 0.0667]))

[11-02 14:20:37] (/VAR_train/models/var.py, line 259)=> [init_weights] VAR with init_std=0.0180422
[11-02 14:20:37] (distill/distill_utils.py, line  62)=> [加载教师模型] 恢复 sparsity=0.4
[11-02 14:20:37] (distill/distill_utils.py, line  65)=> [加载教师模型] 加载权重...
[11-02 14:20:38] (distill/distill_utils.py, line  79)=> [加载教师模型] 直接加载模型权重
[11-02 14:20:38] (distill/distill_utils.py, line  89)=> [加载教师模型] 成功加载，参数量: 310.28M
[11-02 14:20:38] (distill/distill_utils.py, line  90)=> [加载教师模型] 已冻结参数: 310.28M
[11-02 14:20:38] (distill/train_distill.py, line 158)=> 教师模型加载成功
[11-02 14:20:38] (distill/train_distill.py, line 163)=> ======== 蒸馏配置摘要 ========
蒸馏类型: normal
教师模型: var_d16.pth (深度=16)
损失权重: 任务=0.50, 蒸馏=0.50
蒸馏温度: 4.0
==============================
[11-02 14:20:38] (distill/train_distill.py, line 170)=> ============================================================\n
[11-02 14:20:38] (rain/utils/lr_control.py, line  99)=> [get_param_groups] param_groups = 
{ 'D': { 'lr_sc': 1.0,
         'params': "('word_embed.weight, class_emb.weight, blocks.0.attn.mat_qkv.weight, blocks.0.attn.proj.weight, blocks.0.ffn.fc1.weight, blocks.0.ffn.fc2.weight, blocks.0.ada_lin.1.weight, '\n"
                   " 'blocks.1.attn.mat_qkv.weight, blocks.1.attn.proj.weight, blocks.1.ffn.fc1.weight, blocks.1.ffn.fc2.weight, blocks.1.ada_lin.1.weight, blocks.2.attn.mat_qkv.weight, blocks.2.attn.proj.weight, '\n"
                   " 'blocks.2.ffn.fc1.weight, blocks.2.ffn.fc2.weight, blocks.2.ada_lin.1.weight, blocks.3.attn.mat_qkv.weight, blocks.3.attn.proj.weight, blocks.3.ffn.fc1.weight, blocks.3.ffn.fc2.weight, '\n"
                   " 'blocks.3.ada_lin.1.weight, blocks.4.attn.mat_qkv.weight, blocks.4.attn.proj.weight, blocks.4.ffn.fc1.weight, blocks.4.ffn.fc2.weight, blocks.4.ada_lin.1.weight, blocks.5.attn.mat_qkv.weight, '\n"
                   " 'blocks.5.attn.proj.weight, blocks.5.ffn.fc1.weight, blocks.5.ffn.fc2.weight, blocks.5.ada_lin.1.weight, blocks.6.attn.mat_qkv.weight, blocks.6.attn.proj.weight, blocks.6.ffn.fc1.weight, '\n"
                   " 'blocks.6.ffn.fc2.weight, blocks.6.ada_lin.1.weight, blocks.7.attn.mat_qkv.weight, blocks.7.attn.proj.weight, blocks.7.ffn.fc1.weight, blocks.7.ffn.fc2.weight, blocks.7.ada_lin.1.weight, '\n"
                   " 'blocks.8.attn.mat_qkv.weight, blocks.8.attn.proj.weight, blocks.8.ffn.fc1.weight, blocks.8.ffn.fc2.weight, blocks.8.ada_lin.1.weight, blocks.9.attn.mat_qkv.weight, blocks.9.attn.proj.weight, '\n"
                   " 'blocks.9.ffn.fc1.weight, blocks.9.ffn.fc2.weight, blocks.9.ada_lin.1.weight, blocks.10.attn.mat_qkv.weight, blocks.10.attn.proj.weight, blocks.10.ffn.fc1.weight, blocks.10.ffn.fc2.weight, '\n"
                   " 'blocks.10.ada_lin.1.weight, blocks.11.attn.mat_qkv.weight, blocks.11.attn.proj.weight, blocks.11.ffn.fc1.weight, blocks.11.ffn.fc2.weight, blocks.11.ada_lin.1.weight, '\n"
                   " 'blocks.12.attn.mat_qkv.weight, blocks.12.attn.proj.weight, blocks.12.ffn.fc1.weight, blocks.12.ffn.fc2.weight, blocks.12.ada_lin.1.weight, blocks.13.attn.mat_qkv.weight, '\n"
                   " 'blocks.13.attn.proj.weight, blocks.13.ffn.fc1.weight, blocks.13.ffn.fc2.weight, blocks.13.ada_lin.1.weight, blocks.14.attn.mat_qkv.weight, blocks.14.attn.proj.weight, blocks.14.ffn.fc1.weight, '\n"
                   " 'blocks.14.ffn.fc2.weight, blocks.14.ada_lin.1.weight, blocks.15.attn.mat_qkv.weight, blocks.15.attn.proj.weight, blocks.15.ffn.fc1.weight, blocks.15.ffn.fc2.weight, blocks.15.ada_lin.1.weight, '\n"
                   " 'head_nm.ada_lin.1.weight, head.weight')",
         'wd_sc': 1.0},
  'ND': { 'lr_sc': 1.0,
          'params': "('pos_start, pos_1LC, word_embed.bias, lvl_embed.weight, blocks.0.attn.scale_mul_1H11, blocks.0.attn.q_bias, blocks.0.attn.v_bias, blocks.0.attn.proj.bias, blocks.0.ffn.fc1.bias, '\n"
                    " 'blocks.0.ffn.fc2.bias, blocks.0.ada_lin.1.bias, blocks.1.attn.scale_mul_1H11, blocks.1.attn.q_bias, blocks.1.attn.v_bias, blocks.1.attn.proj.bias, blocks.1.ffn.fc1.bias, blocks.1.ffn.fc2.bias, '\n"
                    " 'blocks.1.ada_lin.1.bias, blocks.2.attn.scale_mul_1H11, blocks.2.attn.q_bias, blocks.2.attn.v_bias, blocks.2.attn.proj.bias, blocks.2.ffn.fc1.bias, blocks.2.ffn.fc2.bias, blocks.2.ada_lin.1.bias, '\n"
                    " 'blocks.3.attn.scale_mul_1H11, blocks.3.attn.q_bias, blocks.3.attn.v_bias, blocks.3.attn.proj.bias, blocks.3.ffn.fc1.bias, blocks.3.ffn.fc2.bias, blocks.3.ada_lin.1.bias, '\n"
                    " 'blocks.4.attn.scale_mul_1H11, blocks.4.attn.q_bias, blocks.4.attn.v_bias, blocks.4.attn.proj.bias, blocks.4.ffn.fc1.bias, blocks.4.ffn.fc2.bias, blocks.4.ada_lin.1.bias, '\n"
                    " 'blocks.5.attn.scale_mul_1H11, blocks.5.attn.q_bias, blocks.5.attn.v_bias, blocks.5.attn.proj.bias, blocks.5.ffn.fc1.bias, blocks.5.ffn.fc2.bias, blocks.5.ada_lin.1.bias, '\n"
                    " 'blocks.6.attn.scale_mul_1H11, blocks.6.attn.q_bias, blocks.6.attn.v_bias, blocks.6.attn.proj.bias, blocks.6.ffn.fc1.bias, blocks.6.ffn.fc2.bias, blocks.6.ada_lin.1.bias, '\n"
                    " 'blocks.7.attn.scale_mul_1H11, blocks.7.attn.q_bias, blocks.7.attn.v_bias, blocks.7.attn.proj.bias, blocks.7.ffn.fc1.bias, blocks.7.ffn.fc2.bias, blocks.7.ada_lin.1.bias, '\n"
                    " 'blocks.8.attn.scale_mul_1H11, blocks.8.attn.q_bias, blocks.8.attn.v_bias, blocks.8.attn.proj.bias, blocks.8.ffn.fc1.bias, blocks.8.ffn.fc2.bias, blocks.8.ada_lin.1.bias, '\n"
                    " 'blocks.9.attn.scale_mul_1H11, blocks.9.attn.q_bias, blocks.9.attn.v_bias, blocks.9.attn.proj.bias, blocks.9.ffn.fc1.bias, blocks.9.ffn.fc2.bias, blocks.9.ada_lin.1.bias, '\n"
                    " 'blocks.10.attn.scale_mul_1H11, blocks.10.attn.q_bias, blocks.10.attn.v_bias, blocks.10.attn.proj.bias, blocks.10.ffn.fc1.bias, blocks.10.ffn.fc2.bias, blocks.10.ada_lin.1.bias, '\n"
                    " 'blocks.11.attn.scale_mul_1H11, blocks.11.attn.q_bias, blocks.11.attn.v_bias, blocks.11.attn.proj.bias, blocks.11.ffn.fc1.bias, blocks.11.ffn.fc2.bias, blocks.11.ada_lin.1.bias, '\n"
                    " 'blocks.12.attn.scale_mul_1H11, blocks.12.attn.q_bias, blocks.12.attn.v_bias, blocks.12.attn.proj.bias, blocks.12.ffn.fc1.bias, blocks.12.ffn.fc2.bias, blocks.12.ada_lin.1.bias, '\n"
                    " 'blocks.13.attn.scale_mul_1H11, blocks.13.attn.q_bias, blocks.13.attn.v_bias, blocks.13.attn.proj.bias, blocks.13.ffn.fc1.bias, blocks.13.ffn.fc2.bias, blocks.13.ada_lin.1.bias, '\n"
                    " 'blocks.14.attn.scale_mul_1H11, blocks.14.attn.q_bias, blocks.14.attn.v_bias, blocks.14.attn.proj.bias, blocks.14.ffn.fc1.bias, blocks.14.ffn.fc2.bias, blocks.14.ada_lin.1.bias, '\n"
                    " 'blocks.15.attn.scale_mul_1H11, blocks.15.attn.q_bias, blocks.15.attn.v_bias, blocks.15.attn.proj.bias, blocks.15.ffn.fc1.bias, blocks.15.ffn.fc2.bias, blocks.15.ada_lin.1.bias, '\n"
                    " 'head_nm.ada_lin.1.bias, head.bias')",
          'wd_sc': 0.0}}

[11-02 14:20:38] (rain/utils/lr_control.py, line 104)=> [get_param_groups][rank0] type(model).__name__='VAR' count=202, numel=231405120
[11-02 14:20:38] (rain/utils/lr_control.py, line 104)=> [get_param_groups][rank1] type(model).__name__='VAR' count=202, numel=231405120
[11-02 14:20:38] (rain/utils/lr_control.py, line 104)=> [get_param_groups][rank2] type(model).__name__='VAR' count=202, numel=231405120
[11-02 14:20:38] (rain/utils/lr_control.py, line 104)=> [get_param_groups][rank3] type(model).__name__='VAR' count=202, numel=231405120
[11-02 14:20:38] (rain/utils/lr_control.py, line 104)=> [get_param_groups][rank4] type(model).__name__='VAR' count=202, numel=231405120
[11-02 14:20:38] (rain/utils/lr_control.py, line 104)=> [get_param_groups][rank5] type(model).__name__='VAR' count=202, numel=231405120
[11-02 14:20:38] (rain/utils/lr_control.py, line 105)=> 
[11-02 14:20:38] (distill/train_distill.py, line 185)=> [INIT] optim=functools.partial(<class 'torch.optim.adamw.AdamW'>, betas=(0.9, 0.95), fused=True), opt_kw={'lr': 0.00010117187500000001, 'weight_decay': 0}\n
/home/project/real_prune/VAR_train/utils/amp_sc.py:27: FutureWarning: `torch.cuda.amp.GradScaler(args...)` is deprecated. Please use `torch.amp.GradScaler('cuda', args...)` instead.
  self.scaler = torch.cuda.amp.GradScaler(init_scale=2. ** 11, growth_interval=1000) if self.using_fp16_rather_bf16 else None # only fp16 needs a scaler
/home/project/real_prune/VAR_train/utils/amp_sc.py:27: FutureWarning: `torch.cuda.amp.GradScaler(args...)` is deprecated. Please use `torch.amp.GradScaler('cuda', args...)` instead.
  self.scaler = torch.cuda.amp.GradScaler(init_scale=2. ** 11, growth_interval=1000) if self.using_fp16_rather_bf16 else None # only fp16 needs a scaler
/home/project/real_prune/VAR_train/utils/amp_sc.py:27: FutureWarning: `torch.cuda.amp.GradScaler(args...)` is deprecated. Please use `torch.amp.GradScaler('cuda', args...)` instead.
  self.scaler = torch.cuda.amp.GradScaler(init_scale=2. ** 11, growth_interval=1000) if self.using_fp16_rather_bf16 else None # only fp16 needs a scaler
/home/project/real_prune/VAR_train/utils/amp_sc.py:27: FutureWarning: `torch.cuda.amp.GradScaler(args...)` is deprecated. Please use `torch.amp.GradScaler('cuda', args...)` instead.
  self.scaler = torch.cuda.amp.GradScaler(init_scale=2. ** 11, growth_interval=1000) if self.using_fp16_rather_bf16 else None # only fp16 needs a scaler
/home/project/real_prune/VAR_train/utils/amp_sc.py:27: FutureWarning: `torch.cuda.amp.GradScaler(args...)` is deprecated. Please use `torch.amp.GradScaler('cuda', args...)` instead.
  self.scaler = torch.cuda.amp.GradScaler(init_scale=2. ** 11, growth_interval=1000) if self.using_fp16_rather_bf16 else None # only fp16 needs a scaler
/home/project/real_prune/VAR_train/utils/amp_sc.py:27: FutureWarning: `torch.cuda.amp.GradScaler(args...)` is deprecated. Please use `torch.amp.GradScaler('cuda', args...)` instead.
  self.scaler = torch.cuda.amp.GradScaler(init_scale=2. ** 11, growth_interval=1000) if self.using_fp16_rather_bf16 else None # only fp16 needs a scaler
[11-02 14:20:38] (l/distillation_losses.py, line  45)=> [蒸馏损失] 类型=normal, 温度=4.0
[11-02 14:20:38] (l/distillation_losses.py, line  46)=> [尺度权重] [2.0, 1.8, 1.6, 1.4, 1.2, 1.0, 0.8, 0.6, 0.4, 0.2]
[11-02 14:20:38] (/distillation_trainer.py, line  65)=> [蒸馏训练器] 教师模型已冻结
[11-02 14:20:38] (/distillation_trainer.py, line  66)=> [蒸馏训练器] 教师参数: 310.28M (310.28M已冻结)
[11-02 14:20:38] (distill/distill_utils.py, line 166)=> [兼容性检查] 教师模型参数: 310.28M
[11-02 14:20:38] (distill/distill_utils.py, line 167)=> [兼容性检查] 学生模型参数: 231.41M
[11-02 14:20:38] (distill/distill_utils.py, line 168)=> [兼容性检查] 压缩比: 74.58%
[11-02 14:20:38] (distill/distill_utils.py, line 175)=> [兼容性检查] 词汇表大小: 4096
[11-02 14:20:38] (distill/distill_utils.py, line 180)=> [兼容性检查] 序列长度: 680
[11-02 14:20:38] (distill/distill_utils.py, line 185)=> [兼容性检查] patch配置: (1, 2, 3, 4, 5, 6, 8, 10, 13, 16)
[11-02 14:20:38] (distill/distill_utils.py, line 187)=> [兼容性检查] 通过
[11-02 14:20:38] (/distillation_trainer.py, line  73)=> [蒸馏训练器] 初始化完成
[11-02 14:20:38] (/distillation_trainer.py, line  74)=> [蒸馏训练器] 蒸馏类型: normal
[11-02 14:20:38] (/distillation_trainer.py, line  75)=> [蒸馏训练器] 损失权重: 任务=0.50, 蒸馏=0.50
[11-02 14:20:38] (distill/train_distill.py, line 202)=> [训练器] 使用蒸馏训练器 (DistillationVARTrainer)
[11-02 14:20:38] (distill/train_distill.py, line 203)=> [蒸馏模式] normal 蒸馏，权重 0.5/0.5
[11-02 14:20:38] (rain/utils/lr_control.py, line 104)=> [get_param_groups][rank6] type(model).__name__='VAR' count=202, numel=231405120
/home/project/real_prune/VAR_train/utils/amp_sc.py:27: FutureWarning: `torch.cuda.amp.GradScaler(args...)` is deprecated. Please use `torch.amp.GradScaler('cuda', args...)` instead.
  self.scaler = torch.cuda.amp.GradScaler(init_scale=2. ** 11, growth_interval=1000) if self.using_fp16_rather_bf16 else None # only fp16 needs a scaler
/home/project/real_prune/VAR_train/models/var.py:220: FutureWarning: `torch.cuda.amp.autocast(args...)` is deprecated. Please use `torch.amp.autocast('cuda', args...)` instead.
  with torch.cuda.amp.autocast(enabled=False):
/home/project/real_prune/VAR_train/models/var.py:220: FutureWarning: `torch.cuda.amp.autocast(args...)` is deprecated. Please use `torch.amp.autocast('cuda', args...)` instead.
  with torch.cuda.amp.autocast(enabled=False):
/home/project/real_prune/VAR_train/models/var.py:220: FutureWarning: `torch.cuda.amp.autocast(args...)` is deprecated. Please use `torch.amp.autocast('cuda', args...)` instead.
  with torch.cuda.amp.autocast(enabled=False):
/home/project/real_prune/VAR_train/models/var.py:220: FutureWarning: `torch.cuda.amp.autocast(args...)` is deprecated. Please use `torch.amp.autocast('cuda', args...)` instead.
  with torch.cuda.amp.autocast(enabled=False):
/home/project/real_prune/VAR_train/models/var.py:220: FutureWarning: `torch.cuda.amp.autocast(args...)` is deprecated. Please use `torch.amp.autocast('cuda', args...)` instead.
  with torch.cuda.amp.autocast(enabled=False):
/home/project/real_prune/VAR_train/models/var.py:220: FutureWarning: `torch.cuda.amp.autocast(args...)` is deprecated. Please use `torch.amp.autocast('cuda', args...)` instead.
  with torch.cuda.amp.autocast(enabled=False):
/home/project/real_prune/VAR_train/models/var.py:220: FutureWarning: `torch.cuda.amp.autocast(args...)` is deprecated. Please use `torch.amp.autocast('cuda', args...)` instead.
  with torch.cuda.amp.autocast(enabled=False):
[11-02 14:20:42] (/VAR_train/utils/misc.py, line 314)=> [Ep]: [   0/20]  [   0/4947]  eta: 4:53:04  tlr: 5.1e-07  tnm: 0.00  Lm: 9.257 (9.257)  Lt: 8.543 (8.543)  Accm: 0.04 (0.04)  Acct: 0.03 (0.03)  TaskL: 9.2574 (9.2574)  DistillL: 3561.1516 (3561.1516)  TotalL: 3570.4091 (3570.4091)  time: 3.5546  data: 0.2781
/root/miniconda3/envs/var/lib/python3.10/site-packages/torch/utils/data/_utils/pin_memory.py:57: DeprecationWarning: The argument 'device' of Tensor.pin_memory() is deprecated. Please do not pass this argument. (Triggered internally at /pytorch/aten/src/ATen/native/Memory.cpp:46.)
  return data.pin_memory(device)
/root/miniconda3/envs/var/lib/python3.10/site-packages/torch/utils/data/_utils/pin_memory.py:57: DeprecationWarning: The argument 'device' of Tensor.is_pinned() is deprecated. Please do not pass this argument. (Triggered internally at /pytorch/aten/src/ATen/native/Memory.cpp:31.)
  return data.pin_memory(device)
/root/miniconda3/envs/var/lib/python3.10/site-packages/torch/utils/data/_utils/pin_memory.py:57: DeprecationWarning: The argument 'device' of Tensor.pin_memory() is deprecated. Please do not pass this argument. (Triggered internally at /pytorch/aten/src/ATen/native/Memory.cpp:46.)
  return data.pin_memory(device)
/root/miniconda3/envs/var/lib/python3.10/site-packages/torch/utils/data/_utils/pin_memory.py:57: DeprecationWarning: The argument 'device' of Tensor.is_pinned() is deprecated. Please do not pass this argument. (Triggered internally at /pytorch/aten/src/ATen/native/Memory.cpp:31.)
  return data.pin_memory(device)
/root/miniconda3/envs/var/lib/python3.10/site-packages/torch/utils/data/_utils/pin_memory.py:57: DeprecationWarning: The argument 'device' of Tensor.pin_memory() is deprecated. Please do not pass this argument. (Triggered internally at /pytorch/aten/src/ATen/native/Memory.cpp:46.)
  return data.pin_memory(device)
/root/miniconda3/envs/var/lib/python3.10/site-packages/torch/utils/data/_utils/pin_memory.py:57: DeprecationWarning: The argument 'device' of Tensor.is_pinned() is deprecated. Please do not pass this argument. (Triggered internally at /pytorch/aten/src/ATen/native/Memory.cpp:31.)
  return data.pin_memory(device)
/root/miniconda3/envs/var/lib/python3.10/site-packages/torch/utils/data/_utils/pin_memory.py:57: DeprecationWarning: The argument 'device' of Tensor.pin_memory() is deprecated. Please do not pass this argument. (Triggered internally at /pytorch/aten/src/ATen/native/Memory.cpp:46.)
  return data.pin_memory(device)
/root/miniconda3/envs/var/lib/python3.10/site-packages/torch/utils/data/_utils/pin_memory.py:57: DeprecationWarning: The argument 'device' of Tensor.is_pinned() is deprecated. Please do not pass this argument. (Triggered internally at /pytorch/aten/src/ATen/native/Memory.cpp:31.)
  return data.pin_memory(device)
/root/miniconda3/envs/var/lib/python3.10/site-packages/torch/utils/data/_utils/pin_memory.py:57: DeprecationWarning: The argument 'device' of Tensor.pin_memory() is deprecated. Please do not pass this argument. (Triggered internally at /pytorch/aten/src/ATen/native/Memory.cpp:46.)
  return data.pin_memory(device)
/root/miniconda3/envs/var/lib/python3.10/site-packages/torch/utils/data/_utils/pin_memory.py:57: DeprecationWarning: The argument 'device' of Tensor.is_pinned() is deprecated. Please do not pass this argument. (Triggered internally at /pytorch/aten/src/ATen/native/Memory.cpp:31.)
  return data.pin_memory(device)
/root/miniconda3/envs/var/lib/python3.10/site-packages/torch/utils/data/_utils/pin_memory.py:57: DeprecationWarning: The argument 'device' of Tensor.pin_memory() is deprecated. Please do not pass this argument. (Triggered internally at /pytorch/aten/src/ATen/native/Memory.cpp:46.)
  return data.pin_memory(device)
/root/miniconda3/envs/var/lib/python3.10/site-packages/torch/utils/data/_utils/pin_memory.py:57: DeprecationWarning: The argument 'device' of Tensor.is_pinned() is deprecated. Please do not pass this argument. (Triggered internally at /pytorch/aten/src/ATen/native/Memory.cpp:31.)
  return data.pin_memory(device)
/root/miniconda3/envs/var/lib/python3.10/site-packages/torch/utils/data/_utils/pin_memory.py:57: DeprecationWarning: The argument 'device' of Tensor.pin_memory() is deprecated. Please do not pass this argument. (Triggered internally at /pytorch/aten/src/ATen/native/Memory.cpp:46.)
  return data.pin_memory(device)
/root/miniconda3/envs/var/lib/python3.10/site-packages/torch/utils/data/_utils/pin_memory.py:57: DeprecationWarning: The argument 'device' of Tensor.is_pinned() is deprecated. Please do not pass this argument. (Triggered internally at /pytorch/aten/src/ATen/native/Memory.cpp:31.)
  return data.pin_memory(device)
[11-02 14:38:24] (/VAR_train/utils/misc.py, line 314)=> [Ep]: [   0/20]  [1236/4947]  eta: 0:53:18  tlr: 6.3e-05  tnm: 0.00  Lm: 8.312 (8.312)  Lt: 7.890 (7.890)  Accm: 0.59 (0.59)  Acct: 0.61 (0.61)  TaskL: 8.3116 (8.3116)  DistillL: 2396.0468 (2396.0468)  TotalL: 2404.3584 (2404.3584)  time: 0.8496  data: 0.2632
[11-02 14:56:16] (/VAR_train/utils/misc.py, line 314)=> [Ep]: [   0/20]  [2473/4947]  eta: 0:35:37  tlr: 0.0001  tnm: 0.00  Lm: 7.366 (7.822)  Lt: 7.237 (7.430)  Accm: 1.15 (1.24)  Acct: 1.19 (1.49)  TaskL: 7.3657 (7.8220)  DistillL: 1230.9420 (1853.7209)  TotalL: 1238.3077 (1861.5429)  time: 0.9088  data: 0.2669
[11-02 15:14:25] (/VAR_train/utils/misc.py, line 314)=> [Ep]: [   0/20]  [3709/4947]  eta: 0:17:56  tlr: 0.0001  tnm: 0.00  Lm: 7.124 (7.587)  Lt: 6.874 (7.150)  Accm: 1.65 (1.47)  Acct: 2.21 (1.93)  TaskL: 7.1242 (7.5872)  DistillL: 1000.0056 (1513.8588)  TotalL: 1007.1099 (1521.4460)  time: 0.8562  data: 0.2490
[11-02 15:32:04] (/VAR_train/utils/misc.py, line 314)=> [Ep]: [   0/20]  [4946/4947]  eta: 0:00:00  tlr: 0.0001  tnm: 0.00  Lm: 6.883 (7.409)  Lt: 6.512 (6.958)  Accm: 2.14 (1.69)  Acct: 3.23 (2.27)  TaskL: 6.8827 (7.4094)  DistillL: 769.0692 (1297.3018)  TotalL: 775.9120 (1304.7112)  time: 0.8618  data: 0.2498
[11-02 15:32:04] (/VAR_train/utils/misc.py, line 336)=> [Ep]: [   0/20]   Total time:      1:11:26   (0.866 s / it)
/root/miniconda3/envs/var/lib/python3.10/site-packages/torch/distributed/distributed_c10d.py:4876: UserWarning: barrier(): using the device under current context. You can specify `device_id` in `init_process_group` to mute this warning.
  warnings.warn(  # warn only once
[11-02 15:32:04] (distill/train_distill.py, line 347)=>      [ep0]  (training )  Lm: 7.382 (7.382), Lt: 6.914 (6.914),  Acc m&t: 1.80 2.50,  Remain: 22:18:57,  Finish: 2025-11-03 13:51
[11-02 15:32:05] (/VAR_train/utils/misc.py, line 314)=> [Ep]: [   1/20]  [   0/4947]  eta: 1:09:18  tlr: 0.0001  tnm: 0.00  Lm: 6.614 (6.614)  Lt: 5.987 (5.987)  Accm: 3.22 (3.22)  Acct: 4.96 (4.96)  TaskL: 6.6144 (6.6144)  DistillL: 459.1690 (459.1690)  TotalL: 465.7834 (465.7834)  time: 0.8406  data: 0.2470
[11-02 15:49:47] (/VAR_train/utils/misc.py, line 314)=> [Ep]: [   1/20]  [1236/4947]  eta: 0:53:08  tlr: 0.0001  tnm: 0.00  Lm: 6.618 (6.618)  Lt: 6.022 (6.022)  Accm: 3.18 (3.18)  Acct: 4.89 (4.89)  TaskL: 6.6184 (6.6184)  DistillL: 429.7619 (429.7619)  TotalL: 436.3803 (436.3803)  time: 0.8638  data: 0.2387
[11-02 16:07:31] (/VAR_train/utils/misc.py, line 314)=> [Ep]: [   1/20]  [2473/4947]  eta: 0:35:26  tlr: 0.0001  tnm: 0.00  Lm: 6.614 (6.595)  Lt: 5.987 (5.995)  Accm: 3.14 (3.14)  Acct: 4.82 (4.84)  TaskL: 6.6144 (6.5951)  DistillL: 400.3548 (408.9116)  TotalL: 406.9772 (415.5067)  time: 0.8494  data: 0.2421
[11-02 16:25:09] (/VAR_train/utils/misc.py, line 314)=> [Ep]: [   1/20]  [3709/4947]  eta: 0:17:42  tlr: 9.9e-05  tnm: 0.00  Lm: 6.581 (6.572)  Lt: 5.964 (5.976)  Accm: 3.18 (3.20)  Acct: 4.89 (4.93)  TaskL: 6.5815 (6.5722)  DistillL: 383.7829 (387.2525)  TotalL: 390.3684 (393.8247)  time: 0.8446  data: 0.2492
[11-02 16:42:51] (/VAR_train/utils/misc.py, line 314)=> [Ep]: [   1/20]  [4946/4947]  eta: 0:00:00  tlr: 9.8e-05  tnm: 0.00  Lm: 6.549 (6.568)  Lt: 5.944 (5.970)  Accm: 3.21 (3.20)  Acct: 4.96 (4.98)  TaskL: 6.5492 (6.5676)  DistillL: 367.2109 (374.7133)  TotalL: 373.7595 (381.2809)  time: 0.8591  data: 0.2477
[11-02 16:42:51] (/VAR_train/utils/misc.py, line 336)=> [Ep]: [   1/20]   Total time:      1:10:46   (0.858 s / it)
[11-02 16:42:51] (distill/train_distill.py, line 347)=>      [ep1]  (training )  Lm: 6.576 (6.576), Lt: 5.955 (5.955),  Acc m&t: 3.19 4.96,  Remain: 20:56:26,  Finish: 2025-11-03 13:39
[11-02 16:42:51] (/VAR_train/utils/misc.py, line 314)=> [Ep]: [   2/20]  [   0/4947]  eta: 1:09:57  tlr: 9.8e-05  tnm: 0.00  Lm: 6.522 (6.522)  Lt: 5.834 (5.834)  Accm: 3.40 (3.40)  Acct: 5.46 (5.46)  TaskL: 6.5216 (6.5216)  DistillL: 317.9564 (317.9564)  TotalL: 324.4780 (324.4780)  time: 0.8485  data: 0.2497
[11-02 17:00:35] (/VAR_train/utils/misc.py, line 314)=> [Ep]: [   2/20]  [1236/4947]  eta: 0:53:13  tlr: 9.7e-05  tnm: 0.00  Lm: 6.547 (6.547)  Lt: 5.910 (5.910)  Accm: 3.25 (3.25)  Acct: 5.01 (5.01)  TaskL: 6.5471 (6.5471)  DistillL: 293.6954 (293.6954)  TotalL: 300.2425 (300.2425)  time: 0.8649  data: 0.2557
[11-02 17:18:17] (/VAR_train/utils/misc.py, line 314)=> [Ep]: [   2/20]  [2473/4947]  eta: 0:35:26  tlr: 9.6e-05  tnm: 0.00  Lm: 6.522 (6.535)  Lt: 5.855 (5.891)  Accm: 3.40 (3.33)  Acct: 5.42 (5.14)  TaskL: 6.5216 (6.5347)  DistillL: 286.1459 (291.1789)  TotalL: 292.6557 (297.7135)  time: 0.8508  data: 0.2548
[11-02 17:35:56] (/VAR_train/utils/misc.py, line 314)=> [Ep]: [   2/20]  [3709/4947]  eta: 0:17:42  tlr: 9.4e-05  tnm: 0.00  Lm: 6.516 (6.505)  Lt: 5.844 (5.870)  Accm: 3.44 (3.45)  Acct: 5.44 (5.26)  TaskL: 6.5157 (6.5052)  DistillL: 293.3584 (293.5269)  TotalL: 299.8217 (300.0321)  time: 0.8603  data: 0.2371
[11-02 17:53:36] (/VAR_train/utils/misc.py, line 314)=> [Ep]: [   2/20]  [4946/4947]  eta: 0:00:00  tlr: 9.3e-05  tnm: 0.00  Lm: 6.522 (6.515)  Lt: 5.855 (5.886)  Accm: 3.40 (3.38)  Acct: 5.42 (5.15)  TaskL: 6.5216 (6.5150)  DistillL: 286.1459 (287.9315)  TotalL: 292.6557 (294.4464)  time: 0.8691  data: 0.2465
[11-02 17:53:36] (/VAR_train/utils/misc.py, line 336)=> [Ep]: [   2/20]   Total time:      1:10:45   (0.858 s / it)
[rank1]: Traceback (most recent call last):
[rank1]:   File "/home/project/real_prune/VAR_train/distill/train_distill.py", line 470, in <module>
[rank1]:     main_distillation_training()
[rank1]:   File "/home/project/real_prune/VAR_train/distill/train_distill.py", line 312, in main_distillation_training
[rank1]:     val_loss_mean, val_loss_tail, val_acc_mean, val_acc_tail, tot, cost = trainer.eval_ep(ld_val)
[rank1]:   File "/home/project/real_prune/VAR_train/distill/distillation_trainer.py", line 296, in eval_ep
[rank1]:     student_logits_BLV = self.var_wo_ddp(label_B, x_BLCv_wo_first_l)
[rank1]:   File "/root/miniconda3/envs/var/lib/python3.10/site-packages/torch/nn/modules/module.py", line 1775, in _wrapped_call_impl
[rank1]:     return self._call_impl(*args, **kwargs)
[rank1]:   File "/root/miniconda3/envs/var/lib/python3.10/site-packages/torch/nn/modules/module.py", line 1786, in _call_impl
[rank1]:     return forward_call(*args, **kwargs)
[rank1]:   File "/home/project/real_prune/VAR_train/models/var.py", line 242, in forward
[rank1]:     x_BLC = b(x=x_BLC, cond_BD=cond_BD_or_gss, attn_bias=attn_bias)
[rank1]:   File "/root/miniconda3/envs/var/lib/python3.10/site-packages/torch/nn/modules/module.py", line 1775, in _wrapped_call_impl
[rank1]:     return self._call_impl(*args, **kwargs)
[rank1]:   File "/root/miniconda3/envs/var/lib/python3.10/site-packages/torch/nn/modules/module.py", line 1786, in _call_impl
[rank1]:     return forward_call(*args, **kwargs)
[rank1]:   File "/home/project/real_prune/VAR_train/models/basic_var.py", line 178, in forward
[rank1]:     x = x + self.drop_path(self.ffn( self.ln_wo_grad(x).mul(scale2.add(1)).add_(shift2) ).mul(gamma2)) # this mul(gamma2) cannot be in-placed when FusedMLP is used
[rank1]:   File "/root/miniconda3/envs/var/lib/python3.10/site-packages/torch/nn/modules/module.py", line 1775, in _wrapped_call_impl
[rank1]:     return self._call_impl(*args, **kwargs)
[rank1]:   File "/root/miniconda3/envs/var/lib/python3.10/site-packages/torch/nn/modules/module.py", line 1786, in _call_impl
[rank1]:     return forward_call(*args, **kwargs)
[rank1]:   File "/home/project/real_prune/VAR_train/models/basic_var.py", line 54, in forward
[rank1]:     return self.drop(self.fc2( self.act(self.fc1(x)) ))
[rank1]:   File "/root/miniconda3/envs/var/lib/python3.10/site-packages/torch/nn/modules/module.py", line 1775, in _wrapped_call_impl
[rank1]:     return self._call_impl(*args, **kwargs)
[rank1]:   File "/root/miniconda3/envs/var/lib/python3.10/site-packages/torch/nn/modules/module.py", line 1786, in _call_impl
[rank1]:     return forward_call(*args, **kwargs)
[rank1]:   File "/root/miniconda3/envs/var/lib/python3.10/site-packages/torch/nn/modules/linear.py", line 134, in forward
[rank1]:     return F.linear(input, self.weight, self.bias)
[rank1]: torch.OutOfMemoryError: CUDA out of memory. Tried to allocate 358.00 MiB. GPU 1 has a total capacity of 31.36 GiB of which 240.19 MiB is free. Including non-PyTorch memory, this process has 31.11 GiB memory in use. Of the allocated memory 29.74 GiB is allocated by PyTorch, and 580.73 MiB is reserved by PyTorch but unallocated. If reserved but unallocated memory is large try setting PYTORCH_CUDA_ALLOC_CONF=expandable_segments:True to avoid fragmentation.  See documentation for Memory Management  (https://pytorch.org/docs/stable/notes/cuda.html#environment-variables)
[rank5]: Traceback (most recent call last):
[rank5]:   File "/home/project/real_prune/VAR_train/distill/train_distill.py", line 470, in <module>
[rank5]:     main_distillation_training()
[rank5]:   File "/home/project/real_prune/VAR_train/distill/train_distill.py", line 312, in main_distillation_training
[rank5]:     val_loss_mean, val_loss_tail, val_acc_mean, val_acc_tail, tot, cost = trainer.eval_ep(ld_val)
[rank5]:   File "/home/project/real_prune/VAR_train/distill/distillation_trainer.py", line 296, in eval_ep
[rank5]:     student_logits_BLV = self.var_wo_ddp(label_B, x_BLCv_wo_first_l)
[rank5]:   File "/root/miniconda3/envs/var/lib/python3.10/site-packages/torch/nn/modules/module.py", line 1775, in _wrapped_call_impl
[rank5]:     return self._call_impl(*args, **kwargs)
[rank5]:   File "/root/miniconda3/envs/var/lib/python3.10/site-packages/torch/nn/modules/module.py", line 1786, in _call_impl
[rank5]:     return forward_call(*args, **kwargs)
[rank5]:   File "/home/project/real_prune/VAR_train/models/var.py", line 242, in forward
[rank5]:     x_BLC = b(x=x_BLC, cond_BD=cond_BD_or_gss, attn_bias=attn_bias)
[rank5]:   File "/root/miniconda3/envs/var/lib/python3.10/site-packages/torch/nn/modules/module.py", line 1775, in _wrapped_call_impl
[rank5]:     return self._call_impl(*args, **kwargs)
[rank5]:   File "/root/miniconda3/envs/var/lib/python3.10/site-packages/torch/nn/modules/module.py", line 1786, in _call_impl
[rank5]:     return forward_call(*args, **kwargs)
[rank5]:   File "/home/project/real_prune/VAR_train/models/basic_var.py", line 178, in forward
[rank5]:     x = x + self.drop_path(self.ffn( self.ln_wo_grad(x).mul(scale2.add(1)).add_(shift2) ).mul(gamma2)) # this mul(gamma2) cannot be in-placed when FusedMLP is used
[rank5]:   File "/root/miniconda3/envs/var/lib/python3.10/site-packages/torch/nn/modules/module.py", line 1775, in _wrapped_call_impl
[rank5]:     return self._call_impl(*args, **kwargs)
[rank5]:   File "/root/miniconda3/envs/var/lib/python3.10/site-packages/torch/nn/modules/module.py", line 1786, in _call_impl
[rank5]:     return forward_call(*args, **kwargs)
[rank5]:   File "/home/project/real_prune/VAR_train/models/basic_var.py", line 54, in forward
[rank5]:     return self.drop(self.fc2( self.act(self.fc1(x)) ))
[rank5]:   File "/root/miniconda3/envs/var/lib/python3.10/site-packages/torch/nn/modules/module.py", line 1775, in _wrapped_call_impl
[rank5]:     return self._call_impl(*args, **kwargs)
[rank5]:   File "/root/miniconda3/envs/var/lib/python3.10/site-packages/torch/nn/modules/module.py", line 1786, in _call_impl
[rank5]:     return forward_call(*args, **kwargs)
[rank5]:   File "/root/miniconda3/envs/var/lib/python3.10/site-packages/torch/nn/modules/linear.py", line 134, in forward
[rank5]:     return F.linear(input, self.weight, self.bias)
[rank5]: torch.OutOfMemoryError: CUDA out of memory. Tried to allocate 358.00 MiB. GPU 5 has a total capacity of 31.36 GiB of which 240.19 MiB is free. Including non-PyTorch memory, this process has 31.11 GiB memory in use. Of the allocated memory 29.74 GiB is allocated by PyTorch, and 580.73 MiB is reserved by PyTorch but unallocated. If reserved but unallocated memory is large try setting PYTORCH_CUDA_ALLOC_CONF=expandable_segments:True to avoid fragmentation.  See documentation for Memory Management  (https://pytorch.org/docs/stable/notes/cuda.html#environment-variables)
[rank6]: Traceback (most recent call last):
[rank6]:   File "/home/project/real_prune/VAR_train/distill/train_distill.py", line 470, in <module>
[rank6]:     main_distillation_training()
[rank6]:   File "/home/project/real_prune/VAR_train/distill/train_distill.py", line 312, in main_distillation_training
[rank6]:     val_loss_mean, val_loss_tail, val_acc_mean, val_acc_tail, tot, cost = trainer.eval_ep(ld_val)
[rank6]:   File "/home/project/real_prune/VAR_train/distill/distillation_trainer.py", line 296, in eval_ep
[rank6]:     student_logits_BLV = self.var_wo_ddp(label_B, x_BLCv_wo_first_l)
[rank6]:   File "/root/miniconda3/envs/var/lib/python3.10/site-packages/torch/nn/modules/module.py", line 1775, in _wrapped_call_impl
[rank6]:     return self._call_impl(*args, **kwargs)
[rank6]:   File "/root/miniconda3/envs/var/lib/python3.10/site-packages/torch/nn/modules/module.py", line 1786, in _call_impl
[rank6]:     return forward_call(*args, **kwargs)
[rank6]:   File "/home/project/real_prune/VAR_train/models/var.py", line 242, in forward
[rank6]:     x_BLC = b(x=x_BLC, cond_BD=cond_BD_or_gss, attn_bias=attn_bias)
[rank6]:   File "/root/miniconda3/envs/var/lib/python3.10/site-packages/torch/nn/modules/module.py", line 1775, in _wrapped_call_impl
[rank6]:     return self._call_impl(*args, **kwargs)
[rank6]:   File "/root/miniconda3/envs/var/lib/python3.10/site-packages/torch/nn/modules/module.py", line 1786, in _call_impl
[rank6]:     return forward_call(*args, **kwargs)
[rank6]:   File "/home/project/real_prune/VAR_train/models/basic_var.py", line 178, in forward
[rank6]:     x = x + self.drop_path(self.ffn( self.ln_wo_grad(x).mul(scale2.add(1)).add_(shift2) ).mul(gamma2)) # this mul(gamma2) cannot be in-placed when FusedMLP is used
[rank6]:   File "/root/miniconda3/envs/var/lib/python3.10/site-packages/torch/nn/modules/module.py", line 1775, in _wrapped_call_impl
[rank6]:     return self._call_impl(*args, **kwargs)
[rank6]:   File "/root/miniconda3/envs/var/lib/python3.10/site-packages/torch/nn/modules/module.py", line 1786, in _call_impl
[rank6]:     return forward_call(*args, **kwargs)
[rank6]:   File "/home/project/real_prune/VAR_train/models/basic_var.py", line 54, in forward
[rank6]:     return self.drop(self.fc2( self.act(self.fc1(x)) ))
[rank6]:   File "/root/miniconda3/envs/var/lib/python3.10/site-packages/torch/nn/modules/module.py", line 1775, in _wrapped_call_impl
[rank6]:     return self._call_impl(*args, **kwargs)
[rank6]:   File "/root/miniconda3/envs/var/lib/python3.10/site-packages/torch/nn/modules/module.py", line 1786, in _call_impl
[rank6]:     return forward_call(*args, **kwargs)
[rank6]:   File "/root/miniconda3/envs/var/lib/python3.10/site-packages/torch/nn/modules/linear.py", line 134, in forward
[rank6]:     return F.linear(input, self.weight, self.bias)
[rank6]: torch.OutOfMemoryError: CUDA out of memory. Tried to allocate 358.00 MiB. GPU 6 has a total capacity of 31.36 GiB of which 240.19 MiB is free. Including non-PyTorch memory, this process has 31.11 GiB memory in use. Of the allocated memory 29.74 GiB is allocated by PyTorch, and 580.73 MiB is reserved by PyTorch but unallocated. If reserved but unallocated memory is large try setting PYTORCH_CUDA_ALLOC_CONF=expandable_segments:True to avoid fragmentation.  See documentation for Memory Management  (https://pytorch.org/docs/stable/notes/cuda.html#environment-variables)
[rank3]: Traceback (most recent call last):
[rank3]:   File "/home/project/real_prune/VAR_train/distill/train_distill.py", line 470, in <module>
[rank3]:     main_distillation_training()
[rank3]:   File "/home/project/real_prune/VAR_train/distill/train_distill.py", line 312, in main_distillation_training
[rank3]:     val_loss_mean, val_loss_tail, val_acc_mean, val_acc_tail, tot, cost = trainer.eval_ep(ld_val)
[rank3]:   File "/home/project/real_prune/VAR_train/distill/distillation_trainer.py", line 296, in eval_ep
[rank3]:     student_logits_BLV = self.var_wo_ddp(label_B, x_BLCv_wo_first_l)
[rank3]:   File "/root/miniconda3/envs/var/lib/python3.10/site-packages/torch/nn/modules/module.py", line 1775, in _wrapped_call_impl
[rank3]:     return self._call_impl(*args, **kwargs)
[rank3]:   File "/root/miniconda3/envs/var/lib/python3.10/site-packages/torch/nn/modules/module.py", line 1786, in _call_impl
[rank3]:     return forward_call(*args, **kwargs)
[rank3]:   File "/home/project/real_prune/VAR_train/models/var.py", line 242, in forward
[rank3]:     x_BLC = b(x=x_BLC, cond_BD=cond_BD_or_gss, attn_bias=attn_bias)
[rank3]:   File "/root/miniconda3/envs/var/lib/python3.10/site-packages/torch/nn/modules/module.py", line 1775, in _wrapped_call_impl
[rank3]:     return self._call_impl(*args, **kwargs)
[rank3]:   File "/root/miniconda3/envs/var/lib/python3.10/site-packages/torch/nn/modules/module.py", line 1786, in _call_impl
[rank3]:     return forward_call(*args, **kwargs)
[rank3]:   File "/home/project/real_prune/VAR_train/models/basic_var.py", line 178, in forward
[rank3]:     x = x + self.drop_path(self.ffn( self.ln_wo_grad(x).mul(scale2.add(1)).add_(shift2) ).mul(gamma2)) # this mul(gamma2) cannot be in-placed when FusedMLP is used
[rank3]:   File "/root/miniconda3/envs/var/lib/python3.10/site-packages/torch/nn/modules/module.py", line 1775, in _wrapped_call_impl
[rank3]:     return self._call_impl(*args, **kwargs)
[rank3]:   File "/root/miniconda3/envs/var/lib/python3.10/site-packages/torch/nn/modules/module.py", line 1786, in _call_impl
[rank3]:     return forward_call(*args, **kwargs)
[rank3]:   File "/home/project/real_prune/VAR_train/models/basic_var.py", line 54, in forward
[rank3]:     return self.drop(self.fc2( self.act(self.fc1(x)) ))
[rank3]:   File "/root/miniconda3/envs/var/lib/python3.10/site-packages/torch/nn/modules/module.py", line 1775, in _wrapped_call_impl
[rank3]:     return self._call_impl(*args, **kwargs)
[rank3]:   File "/root/miniconda3/envs/var/lib/python3.10/site-packages/torch/nn/modules/module.py", line 1786, in _call_impl
[rank3]:     return forward_call(*args, **kwargs)
[rank3]:   File "/root/miniconda3/envs/var/lib/python3.10/site-packages/torch/nn/modules/linear.py", line 134, in forward
[rank3]:     return F.linear(input, self.weight, self.bias)
[rank3]: torch.OutOfMemoryError: CUDA out of memory. Tried to allocate 358.00 MiB. GPU 3 has a total capacity of 31.36 GiB of which 240.19 MiB is free. Including non-PyTorch memory, this process has 31.11 GiB memory in use. Of the allocated memory 29.74 GiB is allocated by PyTorch, and 580.73 MiB is reserved by PyTorch but unallocated. If reserved but unallocated memory is large try setting PYTORCH_CUDA_ALLOC_CONF=expandable_segments:True to avoid fragmentation.  See documentation for Memory Management  (https://pytorch.org/docs/stable/notes/cuda.html#environment-variables)
[rank2]: Traceback (most recent call last):
[rank2]:   File "/home/project/real_prune/VAR_train/distill/train_distill.py", line 470, in <module>
[rank2]:     main_distillation_training()
[rank2]:   File "/home/project/real_prune/VAR_train/distill/train_distill.py", line 312, in main_distillation_training
[rank2]:     val_loss_mean, val_loss_tail, val_acc_mean, val_acc_tail, tot, cost = trainer.eval_ep(ld_val)
[rank2]:   File "/home/project/real_prune/VAR_train/distill/distillation_trainer.py", line 296, in eval_ep
[rank2]:     student_logits_BLV = self.var_wo_ddp(label_B, x_BLCv_wo_first_l)
[rank2]:   File "/root/miniconda3/envs/var/lib/python3.10/site-packages/torch/nn/modules/module.py", line 1775, in _wrapped_call_impl
[rank2]:     return self._call_impl(*args, **kwargs)
[rank2]:   File "/root/miniconda3/envs/var/lib/python3.10/site-packages/torch/nn/modules/module.py", line 1786, in _call_impl
[rank2]:     return forward_call(*args, **kwargs)
[rank2]:   File "/home/project/real_prune/VAR_train/models/var.py", line 242, in forward
[rank2]:     x_BLC = b(x=x_BLC, cond_BD=cond_BD_or_gss, attn_bias=attn_bias)
[rank2]:   File "/root/miniconda3/envs/var/lib/python3.10/site-packages/torch/nn/modules/module.py", line 1775, in _wrapped_call_impl
[rank2]:     return self._call_impl(*args, **kwargs)
[rank2]:   File "/root/miniconda3/envs/var/lib/python3.10/site-packages/torch/nn/modules/module.py", line 1786, in _call_impl
[rank2]:     return forward_call(*args, **kwargs)
[rank2]:   File "/home/project/real_prune/VAR_train/models/basic_var.py", line 178, in forward
[rank2]:     x = x + self.drop_path(self.ffn( self.ln_wo_grad(x).mul(scale2.add(1)).add_(shift2) ).mul(gamma2)) # this mul(gamma2) cannot be in-placed when FusedMLP is used
[rank2]:   File "/root/miniconda3/envs/var/lib/python3.10/site-packages/torch/nn/modules/module.py", line 1775, in _wrapped_call_impl
[rank2]:     return self._call_impl(*args, **kwargs)
[rank2]:   File "/root/miniconda3/envs/var/lib/python3.10/site-packages/torch/nn/modules/module.py", line 1786, in _call_impl
[rank2]:     return forward_call(*args, **kwargs)
[rank2]:   File "/home/project/real_prune/VAR_train/models/basic_var.py", line 54, in forward
[rank2]:     return self.drop(self.fc2( self.act(self.fc1(x)) ))
[rank2]:   File "/root/miniconda3/envs/var/lib/python3.10/site-packages/torch/nn/modules/module.py", line 1775, in _wrapped_call_impl
[rank2]:     return self._call_impl(*args, **kwargs)
[rank2]:   File "/root/miniconda3/envs/var/lib/python3.10/site-packages/torch/nn/modules/module.py", line 1786, in _call_impl
[rank2]:     return forward_call(*args, **kwargs)
[rank2]:   File "/root/miniconda3/envs/var/lib/python3.10/site-packages/torch/nn/modules/linear.py", line 134, in forward
[rank2]:     return F.linear(input, self.weight, self.bias)
[rank2]: torch.OutOfMemoryError: CUDA out of memory. Tried to allocate 358.00 MiB. GPU 2 has a total capacity of 31.36 GiB of which 240.19 MiB is free. Including non-PyTorch memory, this process has 31.11 GiB memory in use. Of the allocated memory 29.74 GiB is allocated by PyTorch, and 580.73 MiB is reserved by PyTorch but unallocated. If reserved but unallocated memory is large try setting PYTORCH_CUDA_ALLOC_CONF=expandable_segments:True to avoid fragmentation.  See documentation for Memory Management  (https://pytorch.org/docs/stable/notes/cuda.html#environment-variables)
[rank0]: Traceback (most recent call last):
[rank0]:   File "/home/project/real_prune/VAR_train/distill/train_distill.py", line 470, in <module>
[rank0]:     main_distillation_training()
[rank0]:   File "/home/project/real_prune/VAR_train/distill/train_distill.py", line 312, in main_distillation_training
[rank0]:     val_loss_mean, val_loss_tail, val_acc_mean, val_acc_tail, tot, cost = trainer.eval_ep(ld_val)
[rank0]:   File "/home/project/real_prune/VAR_train/distill/distillation_trainer.py", line 296, in eval_ep
[rank0]:     student_logits_BLV = self.var_wo_ddp(label_B, x_BLCv_wo_first_l)
[rank0]:   File "/root/miniconda3/envs/var/lib/python3.10/site-packages/torch/nn/modules/module.py", line 1775, in _wrapped_call_impl
[rank0]:     return self._call_impl(*args, **kwargs)
[rank0]:   File "/root/miniconda3/envs/var/lib/python3.10/site-packages/torch/nn/modules/module.py", line 1786, in _call_impl
[rank0]:     return forward_call(*args, **kwargs)
[rank0]:   File "/home/project/real_prune/VAR_train/models/var.py", line 242, in forward
[rank0]:     x_BLC = b(x=x_BLC, cond_BD=cond_BD_or_gss, attn_bias=attn_bias)
[rank0]:   File "/root/miniconda3/envs/var/lib/python3.10/site-packages/torch/nn/modules/module.py", line 1775, in _wrapped_call_impl
[rank0]:     return self._call_impl(*args, **kwargs)
[rank0]:   File "/root/miniconda3/envs/var/lib/python3.10/site-packages/torch/nn/modules/module.py", line 1786, in _call_impl
[rank0]:     return forward_call(*args, **kwargs)
[rank0]:   File "/home/project/real_prune/VAR_train/models/basic_var.py", line 178, in forward
[rank0]:     x = x + self.drop_path(self.ffn( self.ln_wo_grad(x).mul(scale2.add(1)).add_(shift2) ).mul(gamma2)) # this mul(gamma2) cannot be in-placed when FusedMLP is used
[rank0]:   File "/root/miniconda3/envs/var/lib/python3.10/site-packages/torch/nn/modules/module.py", line 1775, in _wrapped_call_impl
[rank0]:     return self._call_impl(*args, **kwargs)
[rank0]:   File "/root/miniconda3/envs/var/lib/python3.10/site-packages/torch/nn/modules/module.py", line 1786, in _call_impl
[rank0]:     return forward_call(*args, **kwargs)
[rank0]:   File "/home/project/real_prune/VAR_train/models/basic_var.py", line 54, in forward
[rank0]:     return self.drop(self.fc2( self.act(self.fc1(x)) ))
[rank0]:   File "/root/miniconda3/envs/var/lib/python3.10/site-packages/torch/nn/modules/module.py", line 1775, in _wrapped_call_impl
[rank0]:     return self._call_impl(*args, **kwargs)
[rank0]:   File "/root/miniconda3/envs/var/lib/python3.10/site-packages/torch/nn/modules/module.py", line 1786, in _call_impl
[rank0]:     return forward_call(*args, **kwargs)
[rank0]:   File "/root/miniconda3/envs/var/lib/python3.10/site-packages/torch/nn/modules/linear.py", line 134, in forward
[rank0]:     return F.linear(input, self.weight, self.bias)
[rank0]: torch.OutOfMemoryError: CUDA out of memory. Tried to allocate 358.00 MiB. GPU 0 has a total capacity of 31.36 GiB of which 240.19 MiB is free. Including non-PyTorch memory, this process has 31.11 GiB memory in use. Of the allocated memory 29.74 GiB is allocated by PyTorch, and 580.73 MiB is reserved by PyTorch but unallocated. If reserved but unallocated memory is large try setting PYTORCH_CUDA_ALLOC_CONF=expandable_segments:True to avoid fragmentation.  See documentation for Memory Management  (https://pytorch.org/docs/stable/notes/cuda.html#environment-variables)
[rank4]: Traceback (most recent call last):
[rank4]:   File "/home/project/real_prune/VAR_train/distill/train_distill.py", line 470, in <module>
[rank4]:     main_distillation_training()
[rank4]:   File "/home/project/real_prune/VAR_train/distill/train_distill.py", line 312, in main_distillation_training
[rank4]:     val_loss_mean, val_loss_tail, val_acc_mean, val_acc_tail, tot, cost = trainer.eval_ep(ld_val)
[rank4]:   File "/home/project/real_prune/VAR_train/distill/distillation_trainer.py", line 296, in eval_ep
[rank4]:     student_logits_BLV = self.var_wo_ddp(label_B, x_BLCv_wo_first_l)
[rank4]:   File "/root/miniconda3/envs/var/lib/python3.10/site-packages/torch/nn/modules/module.py", line 1775, in _wrapped_call_impl
[rank4]:     return self._call_impl(*args, **kwargs)
[rank4]:   File "/root/miniconda3/envs/var/lib/python3.10/site-packages/torch/nn/modules/module.py", line 1786, in _call_impl
[rank4]:     return forward_call(*args, **kwargs)
[rank4]:   File "/home/project/real_prune/VAR_train/models/var.py", line 242, in forward
[rank4]:     x_BLC = b(x=x_BLC, cond_BD=cond_BD_or_gss, attn_bias=attn_bias)
[rank4]:   File "/root/miniconda3/envs/var/lib/python3.10/site-packages/torch/nn/modules/module.py", line 1775, in _wrapped_call_impl
[rank4]:     return self._call_impl(*args, **kwargs)
[rank4]:   File "/root/miniconda3/envs/var/lib/python3.10/site-packages/torch/nn/modules/module.py", line 1786, in _call_impl
[rank4]:     return forward_call(*args, **kwargs)
[rank4]:   File "/home/project/real_prune/VAR_train/models/basic_var.py", line 178, in forward
[rank4]:     x = x + self.drop_path(self.ffn( self.ln_wo_grad(x).mul(scale2.add(1)).add_(shift2) ).mul(gamma2)) # this mul(gamma2) cannot be in-placed when FusedMLP is used
[rank4]:   File "/root/miniconda3/envs/var/lib/python3.10/site-packages/torch/nn/modules/module.py", line 1775, in _wrapped_call_impl
[rank4]:     return self._call_impl(*args, **kwargs)
[rank4]:   File "/root/miniconda3/envs/var/lib/python3.10/site-packages/torch/nn/modules/module.py", line 1786, in _call_impl
[rank4]:     return forward_call(*args, **kwargs)
[rank4]:   File "/home/project/real_prune/VAR_train/models/basic_var.py", line 54, in forward
[rank4]:     return self.drop(self.fc2( self.act(self.fc1(x)) ))
[rank4]:   File "/root/miniconda3/envs/var/lib/python3.10/site-packages/torch/nn/modules/module.py", line 1775, in _wrapped_call_impl
[rank4]:     return self._call_impl(*args, **kwargs)
[rank4]:   File "/root/miniconda3/envs/var/lib/python3.10/site-packages/torch/nn/modules/module.py", line 1786, in _call_impl
[rank4]:     return forward_call(*args, **kwargs)
[rank4]:   File "/root/miniconda3/envs/var/lib/python3.10/site-packages/torch/nn/modules/linear.py", line 134, in forward
[rank4]:     return F.linear(input, self.weight, self.bias)
[rank4]: torch.OutOfMemoryError: CUDA out of memory. Tried to allocate 358.00 MiB. GPU 4 has a total capacity of 31.36 GiB of which 240.19 MiB is free. Including non-PyTorch memory, this process has 31.11 GiB memory in use. Of the allocated memory 29.74 GiB is allocated by PyTorch, and 580.73 MiB is reserved by PyTorch but unallocated. If reserved but unallocated memory is large try setting PYTORCH_CUDA_ALLOC_CONF=expandable_segments:True to avoid fragmentation.  See documentation for Memory Management  (https://pytorch.org/docs/stable/notes/cuda.html#environment-variables)
W1102 17:53:41.010000 2058918 site-packages/torch/distributed/elastic/multiprocessing/api.py:908] Sending process 2059013 closing signal SIGTERM
W1102 17:53:41.012000 2058918 site-packages/torch/distributed/elastic/multiprocessing/api.py:908] Sending process 2059015 closing signal SIGTERM
W1102 17:53:41.012000 2058918 site-packages/torch/distributed/elastic/multiprocessing/api.py:908] Sending process 2059016 closing signal SIGTERM
W1102 17:53:41.013000 2058918 site-packages/torch/distributed/elastic/multiprocessing/api.py:908] Sending process 2059017 closing signal SIGTERM
W1102 17:53:41.013000 2058918 site-packages/torch/distributed/elastic/multiprocessing/api.py:908] Sending process 2059018 closing signal SIGTERM
W1102 17:53:41.013000 2058918 site-packages/torch/distributed/elastic/multiprocessing/api.py:908] Sending process 2059019 closing signal SIGTERM
E1102 17:53:41.741000 2058918 site-packages/torch/distributed/elastic/multiprocessing/api.py:882] failed (exitcode: 1) local_rank: 1 (pid: 2059014) of binary: /root/miniconda3/envs/var/bin/python3.10
Traceback (most recent call last):
  File "/root/miniconda3/envs/var/bin/torchrun", line 7, in <module>
    sys.exit(main())
  File "/root/miniconda3/envs/var/lib/python3.10/site-packages/torch/distributed/elastic/multiprocessing/errors/__init__.py", line 357, in wrapper
    return f(*args, **kwargs)
  File "/root/miniconda3/envs/var/lib/python3.10/site-packages/torch/distributed/run.py", line 936, in main
    run(args)
  File "/root/miniconda3/envs/var/lib/python3.10/site-packages/torch/distributed/run.py", line 927, in run
    elastic_launch(
  File "/root/miniconda3/envs/var/lib/python3.10/site-packages/torch/distributed/launcher/api.py", line 156, in __call__
    return launch_agent(self._config, self._entrypoint, list(args))
  File "/root/miniconda3/envs/var/lib/python3.10/site-packages/torch/distributed/launcher/api.py", line 293, in launch_agent
    raise ChildFailedError(
torch.distributed.elastic.multiprocessing.errors.ChildFailedError: 
============================================================
distill/train_distill.py FAILED
------------------------------------------------------------
Failures:
  <NO_OTHER_FAILURES>
------------------------------------------------------------
Root Cause (first observed failure):
[0]:
  time      : 2025-11-02_17:53:41
  host      : waas
  rank      : 1 (local_rank: 1)
  exitcode  : 1 (pid: 2059014)
  error_file: <N/A>
  traceback : To enable traceback see: https://pytorch.org/docs/stable/elastic/errors.html
============================================================
W1102 18:39:18.153000 2126048 site-packages/torch/distributed/run.py:803] 
W1102 18:39:18.153000 2126048 site-packages/torch/distributed/run.py:803] *****************************************
W1102 18:39:18.153000 2126048 site-packages/torch/distributed/run.py:803] Setting OMP_NUM_THREADS environment variable for each process to be 1 in default, to avoid your system being overloaded, please further tune the variable for optimal performance in your application as needed. 
W1102 18:39:18.153000 2126048 site-packages/torch/distributed/run.py:803] *****************************************
[dist initialize] mp method=spawn
[lrk=3, rk=3]
[dist initialize] mp method=spawn
[dist initialize] mp method=spawn
[lrk=1, rk=1]
[lrk=4, rk=4]
[dist initialize] mp method=spawn
[lrk=2, rk=2]
[dist initialize] mp method=spawn
[dist initialize] mp method=spawn
[lrk=5, rk=5]
[dist initialize] mp method=spawn
[lrk=6, rk=6]
[lrk=0, rk=0]
/root/miniconda3/envs/var/lib/python3.10/site-packages/torch/distributed/distributed_c10d.py:4876: UserWarning: barrier(): using the device under current context. You can specify `device_id` in `init_process_group` to mute this warning.
  warnings.warn(  # warn only once
[rank0]:[W1102 18:39:24.502154859 ProcessGroupNCCL.cpp:5068] Guessing device ID based on global rank. This can cause a hang if rank to GPU mapping is heterogeneous. You can specify device_id in init_process_group()
/root/miniconda3/envs/var/lib/python3.10/site-packages/torch/backends/__init__.py:46: UserWarning: Please use the new API settings to control TF32 behavior, such as torch.backends.cudnn.conv.fp32_precision = 'tf32' or torch.backends.cuda.matmul.fp32_precision = 'ieee'. Old settings, e.g, torch.backends.cuda.matmul.allow_tf32 = True, torch.backends.cudnn.allow_tf32 = True, allowTF32CuDNN() and allowTF32CuBLAS() will be deprecated after Pytorch 2.9. Please see https://pytorch.org/docs/main/notes/cuda.html#tensorfloat-32-tf32-on-ampere-and-later-devices (Triggered internally at /pytorch/aten/src/ATen/Context.cpp:80.)
  self.setter(val)
/root/miniconda3/envs/var/lib/python3.10/site-packages/torch/backends/__init__.py:46: UserWarning: Please use the new API settings to control TF32 behavior, such as torch.backends.cudnn.conv.fp32_precision = 'tf32' or torch.backends.cuda.matmul.fp32_precision = 'ieee'. Old settings, e.g, torch.backends.cuda.matmul.allow_tf32 = True, torch.backends.cudnn.allow_tf32 = True, allowTF32CuDNN() and allowTF32CuBLAS() will be deprecated after Pytorch 2.9. Please see https://pytorch.org/docs/main/notes/cuda.html#tensorfloat-32-tf32-on-ampere-and-later-devices (Triggered internally at /pytorch/aten/src/ATen/Context.cpp:80.)
  self.setter(val)
/root/miniconda3/envs/var/lib/python3.10/site-packages/torch/backends/__init__.py:46: UserWarning: Please use the new API settings to control TF32 behavior, such as torch.backends.cudnn.conv.fp32_precision = 'tf32' or torch.backends.cuda.matmul.fp32_precision = 'ieee'. Old settings, e.g, torch.backends.cuda.matmul.allow_tf32 = True, torch.backends.cudnn.allow_tf32 = True, allowTF32CuDNN() and allowTF32CuBLAS() will be deprecated after Pytorch 2.9. Please see https://pytorch.org/docs/main/notes/cuda.html#tensorfloat-32-tf32-on-ampere-and-later-devices (Triggered internally at /pytorch/aten/src/ATen/Context.cpp:80.)
  self.setter(val)
/root/miniconda3/envs/var/lib/python3.10/site-packages/torch/backends/__init__.py:46: UserWarning: Please use the new API settings to control TF32 behavior, such as torch.backends.cudnn.conv.fp32_precision = 'tf32' or torch.backends.cuda.matmul.fp32_precision = 'ieee'. Old settings, e.g, torch.backends.cuda.matmul.allow_tf32 = True, torch.backends.cudnn.allow_tf32 = True, allowTF32CuDNN() and allowTF32CuBLAS() will be deprecated after Pytorch 2.9. Please see https://pytorch.org/docs/main/notes/cuda.html#tensorfloat-32-tf32-on-ampere-and-later-devices (Triggered internally at /pytorch/aten/src/ATen/Context.cpp:80.)
  self.setter(val)
/root/miniconda3/envs/var/lib/python3.10/site-packages/torch/backends/__init__.py:46: UserWarning: Please use the new API settings to control TF32 behavior, such as torch.backends.cudnn.conv.fp32_precision = 'tf32' or torch.backends.cuda.matmul.fp32_precision = 'ieee'. Old settings, e.g, torch.backends.cuda.matmul.allow_tf32 = True, torch.backends.cudnn.allow_tf32 = True, allowTF32CuDNN() and allowTF32CuBLAS() will be deprecated after Pytorch 2.9. Please see https://pytorch.org/docs/main/notes/cuda.html#tensorfloat-32-tf32-on-ampere-and-later-devices (Triggered internally at /pytorch/aten/src/ATen/Context.cpp:80.)
  self.setter(val)
/root/miniconda3/envs/var/lib/python3.10/site-packages/torch/backends/__init__.py:46: UserWarning: Please use the new API settings to control TF32 behavior, such as torch.backends.cudnn.conv.fp32_precision = 'tf32' or torch.backends.cuda.matmul.fp32_precision = 'ieee'. Old settings, e.g, torch.backends.cuda.matmul.allow_tf32 = True, torch.backends.cudnn.allow_tf32 = True, allowTF32CuDNN() and allowTF32CuBLAS() will be deprecated after Pytorch 2.9. Please see https://pytorch.org/docs/main/notes/cuda.html#tensorfloat-32-tf32-on-ampere-and-later-devices (Triggered internally at /pytorch/aten/src/ATen/Context.cpp:80.)
  self.setter(val)
/root/miniconda3/envs/var/lib/python3.10/site-packages/torch/backends/__init__.py:46: UserWarning: Please use the new API settings to control TF32 behavior, such as torch.backends.cudnn.conv.fp32_precision = 'tf32' or torch.backends.cuda.matmul.fp32_precision = 'ieee'. Old settings, e.g, torch.backends.cuda.matmul.allow_tf32 = True, torch.backends.cudnn.allow_tf32 = True, allowTF32CuDNN() and allowTF32CuBLAS() will be deprecated after Pytorch 2.9. Please see https://pytorch.org/docs/main/notes/cuda.html#tensorfloat-32-tf32-on-ampere-and-later-devices (Triggered internally at /pytorch/aten/src/ATen/Context.cpp:80.)
  self.setter(val)
[11-02 18:39:24] (_train/utils/arg_util.py, line 241)=> [tf32] [precis] torch.get_float32_matmul_precision(): high
[11-02 18:39:24] (_train/utils/arg_util.py, line 242)=> [tf32] [ conv ] torch.backends.cudnn.allow_tf32: True
[11-02 18:39:24] (_train/utils/arg_util.py, line 243)=> [tf32] [matmul] torch.backends.cuda.matmul.allow_tf32: True
[11-02 18:39:24] (_train/utils/arg_util.py, line 190)=> [蒸馏参数验证] 通过 - 类型:normal, 权重:0.5/0.5
[11-02 18:39:24] (distill/train_distill.py, line 258)=> [参数验证] 蒸馏参数验证通过
[11-02 18:39:24] (distill/train_distill.py, line  63)=> global bs=259, local bs=37
[11-02 18:39:24] (distill/train_distill.py, line  64)=> initial args:\n{
  data_path           : /home/project/ImageNet-1K
  exp_name            : text
  vfast               : 0
  vae_path            : /home/project/daily/AR/model_zoo/vae_ch160v4096z32.pth
  var_path            : /home/project/real_prune/slimgpt_pub_prune/sparsity_model/prune_d16_0.4sparsity_150i_256eva_scale.pth
  tfast               : 0
  depth               : 16
  sparsity            : 0.4
  ini                 : -1
  hd                  : 0.02
  aln                 : 0.5
  alng                : 0.001
  fp16                : 1
  tblr                : 0.0001
  tlr                 : 0.00010117187500000001
  twd                 : 0.05
  twde                : 0.05
  tclip               : 2.0
  ls                  : 0.0
  maxlayer            : 16
  bs                  : 259
  batch_size          : 37
  glb_batch_size      : 259
  ac                  : 1
  ep                  : 20
  wp                  : 0.4
  wp0                 : 0.005
  wpe                 : 0.1
  sche                : lin0
  opt                 : adamw
  afuse               : True
  saln                : False
  anorm               : True
  fuse                : True
  pn                  : 1_2_3_4_5_6_8_10_13_16
  patch_size          : 16
  patch_nums          : (1, 2, 3, 4, 5, 6, 8, 10, 13, 16)
  resos               : (16, 32, 48, 64, 80, 96, 128, 160, 208, 256)
  data_load_reso      : 256
  mid_reso            : 1.125
  hflip               : False
  workers             : 0
  pg                  : 0.0
  pg0                 : 4
  pgwp                : 0.06666666666666667
  ckpt_save_interval  : 3
  cmd                 : --enable_distillation=1 --teacher_model_path=/home/project/daily/AR/model_zoo/var_d16.pth --teacher_depth=16 --distill_type=normal --distill_alpha=0.5 --distill_beta=0.5 --depth=16 --bs=256 --ep=20 --fp16=1 --alng=1e-3 --wpe=0.1 --sparsity=0.4 --var_path=/home/project/real_prune/slimgpt_pub_prune/sparsity_model/prune_d16_0.4sparsity_150i_256eva_scale.pth --vae_path=/home/project/daily/AR/model_zoo/vae_ch160v4096z32.pth --data_path=/home/project/ImageNet-1K --local_out_dir_path=/home/project/real_prune/VAR_train/train_result/fix_distill_d16_normal_256
  branch              : main
  commit_id           : 1bf7cb2895b8461062f9dbaf1daffb729258724e
  commit_msg          : 25.9.25
  acc_mean            : None
  acc_tail            : None
  L_mean              : None
  L_tail              : None
  vacc_mean           : None
  vacc_tail           : None
  vL_mean             : None
  vL_tail             : None
  grad_norm           : None
  cur_lr              : None
  cur_wd              : None
  cur_it              : 
  cur_ep              : 
  remain_time         : 
  finish_time         : 
  local_out_dir_path  : /home/project/real_prune/VAR_train/train_result/fix_distill_d16_normal_256
  tb_log_dir_path     : /home/project/real_prune/VAR_train/train_result/fix_distill_d16_normal_256/tb-VARd16__pn1_2_3_4_5_6_8_10_13_16__b259ep20adamlr0.0001wd0.05
  log_txt_path        : /home/project/real_prune/VAR_train/train_result/fix_distill_d16_normal_256/log.txt
  last_ckpt_path      : /home/project/real_prune/VAR_train/train_result/fix_distill_d16_normal_256/ar-ckpt-last.pth
  tf32                : True
  seed                : None
  transfer            : False
  enable_distillation : True
  teacher_model_path  : /home/project/daily/AR/model_zoo/var_d16.pth
  teacher_depth       : 16
  distill_type        : normal
  distill_alpha       : 0.5
  distill_beta        : 0.5
  distill_temperature : 4.0
  scale_weights_str   : 2.0,1.8,1.6,1.4,1.2,1.0,0.8,0.6,0.4,0.2
  use_feature_distill : False
  feature_layers_str  : 4,8,12,15
  use_attention_distill: False
  distill_warmup_epochs: 5
  distill_schedule    : constant
  same_seed_for_all_ranks: 0
  local_debug         : False
  dbg_nan             : False
}

[11-02 18:39:24] (distill/train_distill.py, line  68)=> [build PT data] ...\n
[11-02 18:39:26] (/VAR_train/utils/data.py, line  34)=> [Dataset] len(train_set)=1281167, len(val_set)=50000, num_classes=1000
[11-02 18:39:26] (/VAR_train/utils/data.py, line  48)=> Transform [train] = 
[11-02 18:39:26] (/VAR_train/utils/data.py, line  51)=> Resize(size=288, interpolation=lanczos, max_size=None, antialias=True)
[11-02 18:39:26] (/VAR_train/utils/data.py, line  51)=> RandomCrop(size=(256, 256), padding=None)
[11-02 18:39:26] (/VAR_train/utils/data.py, line  51)=> ToTensor()
[11-02 18:39:26] (/VAR_train/utils/data.py, line  51)=> <function normalize_01_into_pm1 at 0x7f1053975ab0>
[11-02 18:39:26] (/VAR_train/utils/data.py, line  54)=> ---------------------------

[11-02 18:39:26] (/VAR_train/utils/data.py, line  48)=> Transform [val] = 
[11-02 18:39:26] (/VAR_train/utils/data.py, line  51)=> Resize(size=288, interpolation=lanczos, max_size=None, antialias=True)
[11-02 18:39:26] (/VAR_train/utils/data.py, line  51)=> CenterCrop(size=(256, 256))
[11-02 18:39:26] (/VAR_train/utils/data.py, line  51)=> ToTensor()
[11-02 18:39:26] (/VAR_train/utils/data.py, line  51)=> <function normalize_01_into_pm1 at 0x7f1053975ab0>
[11-02 18:39:26] (/VAR_train/utils/data.py, line  54)=> ---------------------------

[11-02 18:39:26] (distill/train_distill.py, line  91)=> [auto_resume] no ckpt found @ /home/project/real_prune/VAR_train/train_result/fix_distill_d16_normal_256/ar-ckpt*.pth
[11-02 18:39:26] (distill/train_distill.py, line  91)=> [auto_resume quit]
[11-02 18:39:26] (distill/train_distill.py, line  92)=> [dataloader multi processing] ...     [dataloader multi processing](*) finished! (0.00s)
[11-02 18:39:26] (distill/train_distill.py, line  98)=> [dataloader] gbs=259, lbs=37, iters_train=4947, types(tr, va)=('DatasetFolder', 'DatasetFolder')
[11-02 18:39:26] (/VAR_train/models/var.py, line 102)=> 
[constructor]  ==== flash_if_available=True (0/16), fused_if_available=True (fusing_add_ln=0/16, fusing_mlp=0/16) ==== 
    [VAR config ] embed_dim=1024, num_heads=16, depth=16, mlp_ratio=4.0
    [drop ratios ] drop_rate=0.0, attn_drop_rate=0.0, drop_path_rate=0.0666667 (tensor([0.0000, 0.0044, 0.0089, 0.0133, 0.0178, 0.0222, 0.0267, 0.0311, 0.0356,
        0.0400, 0.0444, 0.0489, 0.0533, 0.0578, 0.0622, 0.0667]))

[11-02 18:39:26] (/VAR_train/models/var.py, line 259)=> [init_weights] VAR with init_std=0.0180422
[11-02 18:39:27] (distill/train_distill.py, line 132)=> 加载学生模型权重...
[11-02 18:39:27] (distill/train_distill.py, line 146)=> [INIT] VAR model = VAR(
  drop_path_rate=0.0666667
  (word_embed): Linear(in_features=32, out_features=1024, bias=True)
  (class_emb): Embedding(1001, 1024)
  (lvl_embed): Embedding(10, 1024)
  (shared_ada_lin): Identity()
  (blocks): ModuleList(
    (0): AdaLNSelfAttn(
      shared_aln=False
      (drop_path): Identity()
      (attn): SelfAttention(
        using_flash=False, using_xform=False, attn_l2_norm=True
        (mat_qkv): Linear(in_features=1024, out_features=1920, bias=False)
        (proj): Linear(in_features=640, out_features=1024, bias=True)
        (proj_drop): Identity()
      )
      (ffn): FFN(
        fused_mlp_func=False
        (fc1): Linear(in_features=1024, out_features=2458, bias=True)
        (act): GELU(approximate='tanh')
        (fc2): Linear(in_features=2458, out_features=1024, bias=True)
        (drop): Identity()
      )
      (ln_wo_grad): LayerNorm((1024,), eps=1e-06, elementwise_affine=False)
      (ada_lin): Sequential(
        (0): SiLU()
        (1): Linear(in_features=1024, out_features=6144, bias=True)
      )
    )
    (1-15): 15 x AdaLNSelfAttn(
      shared_aln=False
      (drop_path): DropPath((drop_prob=...))
      (attn): SelfAttention(
        using_flash=False, using_xform=False, attn_l2_norm=True
        (mat_qkv): Linear(in_features=1024, out_features=1920, bias=False)
        (proj): Linear(in_features=640, out_features=1024, bias=True)
        (proj_drop): Identity()
      )
      (ffn): FFN(
        fused_mlp_func=False
        (fc1): Linear(in_features=1024, out_features=2458, bias=True)
        (act): GELU(approximate='tanh')
        (fc2): Linear(in_features=2458, out_features=1024, bias=True)
        (drop): Identity()
      )
      (ln_wo_grad): LayerNorm((1024,), eps=1e-06, elementwise_affine=False)
      (ada_lin): Sequential(
        (0): SiLU()
        (1): Linear(in_features=1024, out_features=6144, bias=True)
      )
    )
  )
  (head_nm): AdaLNBeforeHead(
    (ln_wo_grad): LayerNorm((1024,), eps=1e-06, elementwise_affine=False)
    (ada_lin): Sequential(
      (0): SiLU()
      (1): Linear(in_features=1024, out_features=2048, bias=True)
    )
  )
  (head): Linear(in_features=1024, out_features=4096, bias=True)
)\n\n
[11-02 18:39:27] (distill/train_distill.py, line 148)=> [INIT][#para] VAE=108.95, VAE.enc=44.11, VAE.dec=64.65, VAE.quant=0.17
[11-02 18:39:27] (distill/train_distill.py, line 149)=> [INIT][#para] VAR=231.41\n\n
[11-02 18:39:27] (distill/train_distill.py, line 154)=> \n============================================================
[11-02 18:39:27] (distill/train_distill.py, line 155)=> 开始加载教师模型...
[11-02 18:39:27] (distill/distill_utils.py, line  31)=> [加载教师模型] 路径: /home/project/daily/AR/model_zoo/var_d16.pth
[11-02 18:39:27] (distill/distill_utils.py, line  32)=> [加载教师模型] 深度: 16
[11-02 18:39:27] (distill/distill_utils.py, line  39)=> [加载教师模型] 构建模型架构...
[11-02 18:39:27] (distill/distill_utils.py, line  46)=> [加载教师模型] 临时设置 sparsity=0 (原值=0.4)
[11-02 18:39:27] (/VAR_train/models/var.py, line 102)=> 
[constructor]  ==== flash_if_available=True (0/16), fused_if_available=True (fusing_add_ln=0/16, fusing_mlp=0/16) ==== 
    [VAR config ] embed_dim=1024, num_heads=16, depth=16, mlp_ratio=4.0
    [drop ratios ] drop_rate=0.0, attn_drop_rate=0.0, drop_path_rate=0.0666667 (tensor([0.0000, 0.0044, 0.0089, 0.0133, 0.0178, 0.0222, 0.0267, 0.0311, 0.0356,
        0.0400, 0.0444, 0.0489, 0.0533, 0.0578, 0.0622, 0.0667]))

[11-02 18:39:27] (/VAR_train/models/var.py, line 259)=> [init_weights] VAR with init_std=0.0180422
[11-02 18:39:27] (distill/distill_utils.py, line  62)=> [加载教师模型] 恢复 sparsity=0.4
[11-02 18:39:27] (distill/distill_utils.py, line  65)=> [加载教师模型] 加载权重...
[11-02 18:39:28] (distill/distill_utils.py, line  79)=> [加载教师模型] 直接加载模型权重
[11-02 18:39:28] (distill/distill_utils.py, line  89)=> [加载教师模型] 成功加载，参数量: 310.28M
[11-02 18:39:28] (distill/distill_utils.py, line  90)=> [加载教师模型] 已冻结参数: 310.28M
[11-02 18:39:28] (distill/train_distill.py, line 158)=> 教师模型加载成功
[11-02 18:39:28] (distill/train_distill.py, line 163)=> ======== 蒸馏配置摘要 ========
蒸馏类型: normal
教师模型: var_d16.pth (深度=16)
损失权重: 任务=0.50, 蒸馏=0.50
蒸馏温度: 4.0
==============================
[11-02 18:39:28] (distill/train_distill.py, line 170)=> ============================================================\n
[11-02 18:39:28] (rain/utils/lr_control.py, line  99)=> [get_param_groups] param_groups = 
{ 'D': { 'lr_sc': 1.0,
         'params': "('word_embed.weight, class_emb.weight, blocks.0.attn.mat_qkv.weight, blocks.0.attn.proj.weight, blocks.0.ffn.fc1.weight, blocks.0.ffn.fc2.weight, blocks.0.ada_lin.1.weight, '\n"
                   " 'blocks.1.attn.mat_qkv.weight, blocks.1.attn.proj.weight, blocks.1.ffn.fc1.weight, blocks.1.ffn.fc2.weight, blocks.1.ada_lin.1.weight, blocks.2.attn.mat_qkv.weight, blocks.2.attn.proj.weight, '\n"
                   " 'blocks.2.ffn.fc1.weight, blocks.2.ffn.fc2.weight, blocks.2.ada_lin.1.weight, blocks.3.attn.mat_qkv.weight, blocks.3.attn.proj.weight, blocks.3.ffn.fc1.weight, blocks.3.ffn.fc2.weight, '\n"
                   " 'blocks.3.ada_lin.1.weight, blocks.4.attn.mat_qkv.weight, blocks.4.attn.proj.weight, blocks.4.ffn.fc1.weight, blocks.4.ffn.fc2.weight, blocks.4.ada_lin.1.weight, blocks.5.attn.mat_qkv.weight, '\n"
                   " 'blocks.5.attn.proj.weight, blocks.5.ffn.fc1.weight, blocks.5.ffn.fc2.weight, blocks.5.ada_lin.1.weight, blocks.6.attn.mat_qkv.weight, blocks.6.attn.proj.weight, blocks.6.ffn.fc1.weight, '\n"
                   " 'blocks.6.ffn.fc2.weight, blocks.6.ada_lin.1.weight, blocks.7.attn.mat_qkv.weight, blocks.7.attn.proj.weight, blocks.7.ffn.fc1.weight, blocks.7.ffn.fc2.weight, blocks.7.ada_lin.1.weight, '\n"
                   " 'blocks.8.attn.mat_qkv.weight, blocks.8.attn.proj.weight, blocks.8.ffn.fc1.weight, blocks.8.ffn.fc2.weight, blocks.8.ada_lin.1.weight, blocks.9.attn.mat_qkv.weight, blocks.9.attn.proj.weight, '\n"
                   " 'blocks.9.ffn.fc1.weight, blocks.9.ffn.fc2.weight, blocks.9.ada_lin.1.weight, blocks.10.attn.mat_qkv.weight, blocks.10.attn.proj.weight, blocks.10.ffn.fc1.weight, blocks.10.ffn.fc2.weight, '\n"
                   " 'blocks.10.ada_lin.1.weight, blocks.11.attn.mat_qkv.weight, blocks.11.attn.proj.weight, blocks.11.ffn.fc1.weight, blocks.11.ffn.fc2.weight, blocks.11.ada_lin.1.weight, '\n"
                   " 'blocks.12.attn.mat_qkv.weight, blocks.12.attn.proj.weight, blocks.12.ffn.fc1.weight, blocks.12.ffn.fc2.weight, blocks.12.ada_lin.1.weight, blocks.13.attn.mat_qkv.weight, '\n"
                   " 'blocks.13.attn.proj.weight, blocks.13.ffn.fc1.weight, blocks.13.ffn.fc2.weight, blocks.13.ada_lin.1.weight, blocks.14.attn.mat_qkv.weight, blocks.14.attn.proj.weight, blocks.14.ffn.fc1.weight, '\n"
                   " 'blocks.14.ffn.fc2.weight, blocks.14.ada_lin.1.weight, blocks.15.attn.mat_qkv.weight, blocks.15.attn.proj.weight, blocks.15.ffn.fc1.weight, blocks.15.ffn.fc2.weight, blocks.15.ada_lin.1.weight, '\n"
                   " 'head_nm.ada_lin.1.weight, head.weight')",
         'wd_sc': 1.0},
  'ND': { 'lr_sc': 1.0,
          'params': "('pos_start, pos_1LC, word_embed.bias, lvl_embed.weight, blocks.0.attn.scale_mul_1H11, blocks.0.attn.q_bias, blocks.0.attn.v_bias, blocks.0.attn.proj.bias, blocks.0.ffn.fc1.bias, '\n"
                    " 'blocks.0.ffn.fc2.bias, blocks.0.ada_lin.1.bias, blocks.1.attn.scale_mul_1H11, blocks.1.attn.q_bias, blocks.1.attn.v_bias, blocks.1.attn.proj.bias, blocks.1.ffn.fc1.bias, blocks.1.ffn.fc2.bias, '\n"
                    " 'blocks.1.ada_lin.1.bias, blocks.2.attn.scale_mul_1H11, blocks.2.attn.q_bias, blocks.2.attn.v_bias, blocks.2.attn.proj.bias, blocks.2.ffn.fc1.bias, blocks.2.ffn.fc2.bias, blocks.2.ada_lin.1.bias, '\n"
                    " 'blocks.3.attn.scale_mul_1H11, blocks.3.attn.q_bias, blocks.3.attn.v_bias, blocks.3.attn.proj.bias, blocks.3.ffn.fc1.bias, blocks.3.ffn.fc2.bias, blocks.3.ada_lin.1.bias, '\n"
                    " 'blocks.4.attn.scale_mul_1H11, blocks.4.attn.q_bias, blocks.4.attn.v_bias, blocks.4.attn.proj.bias, blocks.4.ffn.fc1.bias, blocks.4.ffn.fc2.bias, blocks.4.ada_lin.1.bias, '\n"
                    " 'blocks.5.attn.scale_mul_1H11, blocks.5.attn.q_bias, blocks.5.attn.v_bias, blocks.5.attn.proj.bias, blocks.5.ffn.fc1.bias, blocks.5.ffn.fc2.bias, blocks.5.ada_lin.1.bias, '\n"
                    " 'blocks.6.attn.scale_mul_1H11, blocks.6.attn.q_bias, blocks.6.attn.v_bias, blocks.6.attn.proj.bias, blocks.6.ffn.fc1.bias, blocks.6.ffn.fc2.bias, blocks.6.ada_lin.1.bias, '\n"
                    " 'blocks.7.attn.scale_mul_1H11, blocks.7.attn.q_bias, blocks.7.attn.v_bias, blocks.7.attn.proj.bias, blocks.7.ffn.fc1.bias, blocks.7.ffn.fc2.bias, blocks.7.ada_lin.1.bias, '\n"
                    " 'blocks.8.attn.scale_mul_1H11, blocks.8.attn.q_bias, blocks.8.attn.v_bias, blocks.8.attn.proj.bias, blocks.8.ffn.fc1.bias, blocks.8.ffn.fc2.bias, blocks.8.ada_lin.1.bias, '\n"
                    " 'blocks.9.attn.scale_mul_1H11, blocks.9.attn.q_bias, blocks.9.attn.v_bias, blocks.9.attn.proj.bias, blocks.9.ffn.fc1.bias, blocks.9.ffn.fc2.bias, blocks.9.ada_lin.1.bias, '\n"
                    " 'blocks.10.attn.scale_mul_1H11, blocks.10.attn.q_bias, blocks.10.attn.v_bias, blocks.10.attn.proj.bias, blocks.10.ffn.fc1.bias, blocks.10.ffn.fc2.bias, blocks.10.ada_lin.1.bias, '\n"
                    " 'blocks.11.attn.scale_mul_1H11, blocks.11.attn.q_bias, blocks.11.attn.v_bias, blocks.11.attn.proj.bias, blocks.11.ffn.fc1.bias, blocks.11.ffn.fc2.bias, blocks.11.ada_lin.1.bias, '\n"
                    " 'blocks.12.attn.scale_mul_1H11, blocks.12.attn.q_bias, blocks.12.attn.v_bias, blocks.12.attn.proj.bias, blocks.12.ffn.fc1.bias, blocks.12.ffn.fc2.bias, blocks.12.ada_lin.1.bias, '\n"
                    " 'blocks.13.attn.scale_mul_1H11, blocks.13.attn.q_bias, blocks.13.attn.v_bias, blocks.13.attn.proj.bias, blocks.13.ffn.fc1.bias, blocks.13.ffn.fc2.bias, blocks.13.ada_lin.1.bias, '\n"
                    " 'blocks.14.attn.scale_mul_1H11, blocks.14.attn.q_bias, blocks.14.attn.v_bias, blocks.14.attn.proj.bias, blocks.14.ffn.fc1.bias, blocks.14.ffn.fc2.bias, blocks.14.ada_lin.1.bias, '\n"
                    " 'blocks.15.attn.scale_mul_1H11, blocks.15.attn.q_bias, blocks.15.attn.v_bias, blocks.15.attn.proj.bias, blocks.15.ffn.fc1.bias, blocks.15.ffn.fc2.bias, blocks.15.ada_lin.1.bias, '\n"
                    " 'head_nm.ada_lin.1.bias, head.bias')",
          'wd_sc': 0.0}}

[11-02 18:39:28] (rain/utils/lr_control.py, line 104)=> [get_param_groups][rank0] type(model).__name__='VAR' count=202, numel=231405120
[11-02 18:39:28] (rain/utils/lr_control.py, line 104)=> [get_param_groups][rank1] type(model).__name__='VAR' count=202, numel=231405120
[11-02 18:39:28] (rain/utils/lr_control.py, line 104)=> [get_param_groups][rank2] type(model).__name__='VAR' count=202, numel=231405120
[11-02 18:39:28] (rain/utils/lr_control.py, line 104)=> [get_param_groups][rank3] type(model).__name__='VAR' count=202, numel=231405120
[11-02 18:39:28] (rain/utils/lr_control.py, line 104)=> [get_param_groups][rank4] type(model).__name__='VAR' count=202, numel=231405120
[11-02 18:39:28] (rain/utils/lr_control.py, line 104)=> [get_param_groups][rank5] type(model).__name__='VAR' count=202, numel=231405120
[11-02 18:39:28] (rain/utils/lr_control.py, line 105)=> 
[11-02 18:39:28] (distill/train_distill.py, line 185)=> [INIT] optim=functools.partial(<class 'torch.optim.adamw.AdamW'>, betas=(0.9, 0.95), fused=True), opt_kw={'lr': 0.00010117187500000001, 'weight_decay': 0}\n
/home/project/real_prune/VAR_train/utils/amp_sc.py:27: FutureWarning: `torch.cuda.amp.GradScaler(args...)` is deprecated. Please use `torch.amp.GradScaler('cuda', args...)` instead.
  self.scaler = torch.cuda.amp.GradScaler(init_scale=2. ** 11, growth_interval=1000) if self.using_fp16_rather_bf16 else None # only fp16 needs a scaler
/home/project/real_prune/VAR_train/utils/amp_sc.py:27: FutureWarning: `torch.cuda.amp.GradScaler(args...)` is deprecated. Please use `torch.amp.GradScaler('cuda', args...)` instead.
  self.scaler = torch.cuda.amp.GradScaler(init_scale=2. ** 11, growth_interval=1000) if self.using_fp16_rather_bf16 else None # only fp16 needs a scaler
/home/project/real_prune/VAR_train/utils/amp_sc.py:27: FutureWarning: `torch.cuda.amp.GradScaler(args...)` is deprecated. Please use `torch.amp.GradScaler('cuda', args...)` instead.
  self.scaler = torch.cuda.amp.GradScaler(init_scale=2. ** 11, growth_interval=1000) if self.using_fp16_rather_bf16 else None # only fp16 needs a scaler
/home/project/real_prune/VAR_train/utils/amp_sc.py:27: FutureWarning: `torch.cuda.amp.GradScaler(args...)` is deprecated. Please use `torch.amp.GradScaler('cuda', args...)` instead.
  self.scaler = torch.cuda.amp.GradScaler(init_scale=2. ** 11, growth_interval=1000) if self.using_fp16_rather_bf16 else None # only fp16 needs a scaler
/home/project/real_prune/VAR_train/utils/amp_sc.py:27: FutureWarning: `torch.cuda.amp.GradScaler(args...)` is deprecated. Please use `torch.amp.GradScaler('cuda', args...)` instead.
  self.scaler = torch.cuda.amp.GradScaler(init_scale=2. ** 11, growth_interval=1000) if self.using_fp16_rather_bf16 else None # only fp16 needs a scaler
/home/project/real_prune/VAR_train/utils/amp_sc.py:27: FutureWarning: `torch.cuda.amp.GradScaler(args...)` is deprecated. Please use `torch.amp.GradScaler('cuda', args...)` instead.
  self.scaler = torch.cuda.amp.GradScaler(init_scale=2. ** 11, growth_interval=1000) if self.using_fp16_rather_bf16 else None # only fp16 needs a scaler
[11-02 18:39:28] (l/distillation_losses.py, line  45)=> [蒸馏损失] 类型=normal, 温度=4.0
[11-02 18:39:28] (l/distillation_losses.py, line  46)=> [尺度权重] [2.0, 1.8, 1.6, 1.4, 1.2, 1.0, 0.8, 0.6, 0.4, 0.2]
[11-02 18:39:28] (/distillation_trainer.py, line  65)=> [蒸馏训练器] 教师模型已冻结
[11-02 18:39:28] (/distillation_trainer.py, line  66)=> [蒸馏训练器] 教师参数: 310.28M (310.28M已冻结)
[11-02 18:39:28] (distill/distill_utils.py, line 166)=> [兼容性检查] 教师模型参数: 310.28M
[11-02 18:39:28] (distill/distill_utils.py, line 167)=> [兼容性检查] 学生模型参数: 231.41M
[11-02 18:39:28] (distill/distill_utils.py, line 168)=> [兼容性检查] 压缩比: 74.58%
[11-02 18:39:28] (distill/distill_utils.py, line 175)=> [兼容性检查] 词汇表大小: 4096
[11-02 18:39:28] (distill/distill_utils.py, line 180)=> [兼容性检查] 序列长度: 680
[11-02 18:39:28] (distill/distill_utils.py, line 185)=> [兼容性检查] patch配置: (1, 2, 3, 4, 5, 6, 8, 10, 13, 16)
[11-02 18:39:28] (distill/distill_utils.py, line 187)=> [兼容性检查] 通过
[11-02 18:39:28] (/distillation_trainer.py, line  73)=> [蒸馏训练器] 初始化完成
[11-02 18:39:28] (/distillation_trainer.py, line  74)=> [蒸馏训练器] 蒸馏类型: normal
[11-02 18:39:28] (/distillation_trainer.py, line  75)=> [蒸馏训练器] 损失权重: 任务=0.50, 蒸馏=0.50
[11-02 18:39:28] (distill/train_distill.py, line 202)=> [训练器] 使用蒸馏训练器 (DistillationVARTrainer)
[11-02 18:39:28] (distill/train_distill.py, line 203)=> [蒸馏模式] normal 蒸馏，权重 0.5/0.5
[11-02 18:39:28] (rain/utils/lr_control.py, line 104)=> [get_param_groups][rank6] type(model).__name__='VAR' count=202, numel=231405120
/home/project/real_prune/VAR_train/utils/amp_sc.py:27: FutureWarning: `torch.cuda.amp.GradScaler(args...)` is deprecated. Please use `torch.amp.GradScaler('cuda', args...)` instead.
  self.scaler = torch.cuda.amp.GradScaler(init_scale=2. ** 11, growth_interval=1000) if self.using_fp16_rather_bf16 else None # only fp16 needs a scaler
/home/project/real_prune/VAR_train/models/var.py:220: FutureWarning: `torch.cuda.amp.autocast(args...)` is deprecated. Please use `torch.amp.autocast('cuda', args...)` instead.
  with torch.cuda.amp.autocast(enabled=False):
/home/project/real_prune/VAR_train/models/var.py:220: FutureWarning: `torch.cuda.amp.autocast(args...)` is deprecated. Please use `torch.amp.autocast('cuda', args...)` instead.
  with torch.cuda.amp.autocast(enabled=False):
/home/project/real_prune/VAR_train/models/var.py:220: FutureWarning: `torch.cuda.amp.autocast(args...)` is deprecated. Please use `torch.amp.autocast('cuda', args...)` instead.
  with torch.cuda.amp.autocast(enabled=False):
/home/project/real_prune/VAR_train/models/var.py:220: FutureWarning: `torch.cuda.amp.autocast(args...)` is deprecated. Please use `torch.amp.autocast('cuda', args...)` instead.
  with torch.cuda.amp.autocast(enabled=False):
/home/project/real_prune/VAR_train/models/var.py:220: FutureWarning: `torch.cuda.amp.autocast(args...)` is deprecated. Please use `torch.amp.autocast('cuda', args...)` instead.
  with torch.cuda.amp.autocast(enabled=False):
/home/project/real_prune/VAR_train/models/var.py:220: FutureWarning: `torch.cuda.amp.autocast(args...)` is deprecated. Please use `torch.amp.autocast('cuda', args...)` instead.
  with torch.cuda.amp.autocast(enabled=False):
/home/project/real_prune/VAR_train/models/var.py:220: FutureWarning: `torch.cuda.amp.autocast(args...)` is deprecated. Please use `torch.amp.autocast('cuda', args...)` instead.
  with torch.cuda.amp.autocast(enabled=False):
[11-02 18:39:32] (/VAR_train/utils/misc.py, line 314)=> [Ep]: [   0/20]  [   0/4947]  eta: 4:51:44  tlr: 5.1e-07  tnm: 0.00  Lm: 9.328 (9.328)  Lt: 8.608 (8.608)  Accm: 0.05 (0.05)  Acct: 0.06 (0.06)  TaskL: 9.3279 (9.3279)  DistillL: 3591.0466 (3591.0466)  TotalL: 3600.3745 (3600.3745)  time: 3.5385  data: 0.2717
/root/miniconda3/envs/var/lib/python3.10/site-packages/torch/utils/data/_utils/pin_memory.py:57: DeprecationWarning: The argument 'device' of Tensor.pin_memory() is deprecated. Please do not pass this argument. (Triggered internally at /pytorch/aten/src/ATen/native/Memory.cpp:46.)
  return data.pin_memory(device)
/root/miniconda3/envs/var/lib/python3.10/site-packages/torch/utils/data/_utils/pin_memory.py:57: DeprecationWarning: The argument 'device' of Tensor.is_pinned() is deprecated. Please do not pass this argument. (Triggered internally at /pytorch/aten/src/ATen/native/Memory.cpp:31.)
  return data.pin_memory(device)
/root/miniconda3/envs/var/lib/python3.10/site-packages/torch/utils/data/_utils/pin_memory.py:57: DeprecationWarning: The argument 'device' of Tensor.pin_memory() is deprecated. Please do not pass this argument. (Triggered internally at /pytorch/aten/src/ATen/native/Memory.cpp:46.)
  return data.pin_memory(device)
/root/miniconda3/envs/var/lib/python3.10/site-packages/torch/utils/data/_utils/pin_memory.py:57: DeprecationWarning: The argument 'device' of Tensor.is_pinned() is deprecated. Please do not pass this argument. (Triggered internally at /pytorch/aten/src/ATen/native/Memory.cpp:31.)
  return data.pin_memory(device)
/root/miniconda3/envs/var/lib/python3.10/site-packages/torch/utils/data/_utils/pin_memory.py:57: DeprecationWarning: The argument 'device' of Tensor.pin_memory() is deprecated. Please do not pass this argument. (Triggered internally at /pytorch/aten/src/ATen/native/Memory.cpp:46.)
  return data.pin_memory(device)
/root/miniconda3/envs/var/lib/python3.10/site-packages/torch/utils/data/_utils/pin_memory.py:57: DeprecationWarning: The argument 'device' of Tensor.is_pinned() is deprecated. Please do not pass this argument. (Triggered internally at /pytorch/aten/src/ATen/native/Memory.cpp:31.)
  return data.pin_memory(device)
/root/miniconda3/envs/var/lib/python3.10/site-packages/torch/utils/data/_utils/pin_memory.py:57: DeprecationWarning: The argument 'device' of Tensor.pin_memory() is deprecated. Please do not pass this argument. (Triggered internally at /pytorch/aten/src/ATen/native/Memory.cpp:46.)
  return data.pin_memory(device)
/root/miniconda3/envs/var/lib/python3.10/site-packages/torch/utils/data/_utils/pin_memory.py:57: DeprecationWarning: The argument 'device' of Tensor.is_pinned() is deprecated. Please do not pass this argument. (Triggered internally at /pytorch/aten/src/ATen/native/Memory.cpp:31.)
  return data.pin_memory(device)
/root/miniconda3/envs/var/lib/python3.10/site-packages/torch/utils/data/_utils/pin_memory.py:57: DeprecationWarning: The argument 'device' of Tensor.pin_memory() is deprecated. Please do not pass this argument. (Triggered internally at /pytorch/aten/src/ATen/native/Memory.cpp:46.)
  return data.pin_memory(device)
/root/miniconda3/envs/var/lib/python3.10/site-packages/torch/utils/data/_utils/pin_memory.py:57: DeprecationWarning: The argument 'device' of Tensor.is_pinned() is deprecated. Please do not pass this argument. (Triggered internally at /pytorch/aten/src/ATen/native/Memory.cpp:31.)
  return data.pin_memory(device)
/root/miniconda3/envs/var/lib/python3.10/site-packages/torch/utils/data/_utils/pin_memory.py:57: DeprecationWarning: The argument 'device' of Tensor.pin_memory() is deprecated. Please do not pass this argument. (Triggered internally at /pytorch/aten/src/ATen/native/Memory.cpp:46.)
  return data.pin_memory(device)
/root/miniconda3/envs/var/lib/python3.10/site-packages/torch/utils/data/_utils/pin_memory.py:57: DeprecationWarning: The argument 'device' of Tensor.is_pinned() is deprecated. Please do not pass this argument. (Triggered internally at /pytorch/aten/src/ATen/native/Memory.cpp:31.)
  return data.pin_memory(device)
/root/miniconda3/envs/var/lib/python3.10/site-packages/torch/utils/data/_utils/pin_memory.py:57: DeprecationWarning: The argument 'device' of Tensor.pin_memory() is deprecated. Please do not pass this argument. (Triggered internally at /pytorch/aten/src/ATen/native/Memory.cpp:46.)
  return data.pin_memory(device)
/root/miniconda3/envs/var/lib/python3.10/site-packages/torch/utils/data/_utils/pin_memory.py:57: DeprecationWarning: The argument 'device' of Tensor.is_pinned() is deprecated. Please do not pass this argument. (Triggered internally at /pytorch/aten/src/ATen/native/Memory.cpp:31.)
  return data.pin_memory(device)
W1102 18:40:07.694000 2126048 site-packages/torch/distributed/elastic/multiprocessing/api.py:908] Sending process 2126138 closing signal SIGTERM
W1102 18:40:07.695000 2126048 site-packages/torch/distributed/elastic/multiprocessing/api.py:908] Sending process 2126139 closing signal SIGTERM
W1102 18:40:07.695000 2126048 site-packages/torch/distributed/elastic/multiprocessing/api.py:908] Sending process 2126140 closing signal SIGTERM
W1102 18:40:07.696000 2126048 site-packages/torch/distributed/elastic/multiprocessing/api.py:908] Sending process 2126141 closing signal SIGTERM
W1102 18:40:07.696000 2126048 site-packages/torch/distributed/elastic/multiprocessing/api.py:908] Sending process 2126142 closing signal SIGTERM
W1102 18:40:07.697000 2126048 site-packages/torch/distributed/elastic/multiprocessing/api.py:908] Sending process 2126144 closing signal SIGTERM
E1102 18:40:08.625000 2126048 site-packages/torch/distributed/elastic/multiprocessing/api.py:882] failed (exitcode: -9) local_rank: 5 (pid: 2126143) of binary: /root/miniconda3/envs/var/bin/python3.10
Traceback (most recent call last):
  File "/root/miniconda3/envs/var/bin/torchrun", line 7, in <module>
    sys.exit(main())
  File "/root/miniconda3/envs/var/lib/python3.10/site-packages/torch/distributed/elastic/multiprocessing/errors/__init__.py", line 357, in wrapper
    return f(*args, **kwargs)
  File "/root/miniconda3/envs/var/lib/python3.10/site-packages/torch/distributed/run.py", line 936, in main
    run(args)
  File "/root/miniconda3/envs/var/lib/python3.10/site-packages/torch/distributed/run.py", line 927, in run
    elastic_launch(
  File "/root/miniconda3/envs/var/lib/python3.10/site-packages/torch/distributed/launcher/api.py", line 156, in __call__
    return launch_agent(self._config, self._entrypoint, list(args))
  File "/root/miniconda3/envs/var/lib/python3.10/site-packages/torch/distributed/launcher/api.py", line 293, in launch_agent
    raise ChildFailedError(
torch.distributed.elastic.multiprocessing.errors.ChildFailedError: 
========================================================
distill/train_distill.py FAILED
--------------------------------------------------------
Failures:
  <NO_OTHER_FAILURES>
--------------------------------------------------------
Root Cause (first observed failure):
[0]:
  time      : 2025-11-02_18:40:07
  host      : waas
  rank      : 5 (local_rank: 5)
  exitcode  : -9 (pid: 2126143)
  error_file: <N/A>
  traceback : Signal 9 (SIGKILL) received by PID 2126143
========================================================
W1102 19:28:02.266000 2149143 site-packages/torch/distributed/run.py:803] 
W1102 19:28:02.266000 2149143 site-packages/torch/distributed/run.py:803] *****************************************
W1102 19:28:02.266000 2149143 site-packages/torch/distributed/run.py:803] Setting OMP_NUM_THREADS environment variable for each process to be 1 in default, to avoid your system being overloaded, please further tune the variable for optimal performance in your application as needed. 
W1102 19:28:02.266000 2149143 site-packages/torch/distributed/run.py:803] *****************************************
[dist initialize] mp method=spawn
[lrk=1, rk=1]
[dist initialize] mp method=spawn
[lrk=6, rk=6]
[dist initialize] mp method=spawn
[lrk=2, rk=2]
[dist initialize] mp method=spawn
[dist initialize] mp method=spawn
[lrk=3, rk=3]
[lrk=0, rk=0]
/root/miniconda3/envs/var/lib/python3.10/site-packages/torch/distributed/distributed_c10d.py:4876: UserWarning: barrier(): using the device under current context. You can specify `device_id` in `init_process_group` to mute this warning.
  warnings.warn(  # warn only once
[rank0]:[W1102 19:28:06.551921384 ProcessGroupNCCL.cpp:5068] Guessing device ID based on global rank. This can cause a hang if rank to GPU mapping is heterogeneous. You can specify device_id in init_process_group()
[dist initialize] mp method=spawn
[lrk=4, rk=4]
[dist initialize] mp method=spawn
[lrk=5, rk=5]
/root/miniconda3/envs/var/lib/python3.10/site-packages/torch/backends/__init__.py:46: UserWarning: Please use the new API settings to control TF32 behavior, such as torch.backends.cudnn.conv.fp32_precision = 'tf32' or torch.backends.cuda.matmul.fp32_precision = 'ieee'. Old settings, e.g, torch.backends.cuda.matmul.allow_tf32 = True, torch.backends.cudnn.allow_tf32 = True, allowTF32CuDNN() and allowTF32CuBLAS() will be deprecated after Pytorch 2.9. Please see https://pytorch.org/docs/main/notes/cuda.html#tensorfloat-32-tf32-on-ampere-and-later-devices (Triggered internally at /pytorch/aten/src/ATen/Context.cpp:80.)
  self.setter(val)
/root/miniconda3/envs/var/lib/python3.10/site-packages/torch/backends/__init__.py:46: UserWarning: Please use the new API settings to control TF32 behavior, such as torch.backends.cudnn.conv.fp32_precision = 'tf32' or torch.backends.cuda.matmul.fp32_precision = 'ieee'. Old settings, e.g, torch.backends.cuda.matmul.allow_tf32 = True, torch.backends.cudnn.allow_tf32 = True, allowTF32CuDNN() and allowTF32CuBLAS() will be deprecated after Pytorch 2.9. Please see https://pytorch.org/docs/main/notes/cuda.html#tensorfloat-32-tf32-on-ampere-and-later-devices (Triggered internally at /pytorch/aten/src/ATen/Context.cpp:80.)
  self.setter(val)
/root/miniconda3/envs/var/lib/python3.10/site-packages/torch/backends/__init__.py:46: UserWarning: Please use the new API settings to control TF32 behavior, such as torch.backends.cudnn.conv.fp32_precision = 'tf32' or torch.backends.cuda.matmul.fp32_precision = 'ieee'. Old settings, e.g, torch.backends.cuda.matmul.allow_tf32 = True, torch.backends.cudnn.allow_tf32 = True, allowTF32CuDNN() and allowTF32CuBLAS() will be deprecated after Pytorch 2.9. Please see https://pytorch.org/docs/main/notes/cuda.html#tensorfloat-32-tf32-on-ampere-and-later-devices (Triggered internally at /pytorch/aten/src/ATen/Context.cpp:80.)
  self.setter(val)
/root/miniconda3/envs/var/lib/python3.10/site-packages/torch/backends/__init__.py:46: UserWarning: Please use the new API settings to control TF32 behavior, such as torch.backends.cudnn.conv.fp32_precision = 'tf32' or torch.backends.cuda.matmul.fp32_precision = 'ieee'. Old settings, e.g, torch.backends.cuda.matmul.allow_tf32 = True, torch.backends.cudnn.allow_tf32 = True, allowTF32CuDNN() and allowTF32CuBLAS() will be deprecated after Pytorch 2.9. Please see https://pytorch.org/docs/main/notes/cuda.html#tensorfloat-32-tf32-on-ampere-and-later-devices (Triggered internally at /pytorch/aten/src/ATen/Context.cpp:80.)
  self.setter(val)
/root/miniconda3/envs/var/lib/python3.10/site-packages/torch/backends/__init__.py:46: UserWarning: Please use the new API settings to control TF32 behavior, such as torch.backends.cudnn.conv.fp32_precision = 'tf32' or torch.backends.cuda.matmul.fp32_precision = 'ieee'. Old settings, e.g, torch.backends.cuda.matmul.allow_tf32 = True, torch.backends.cudnn.allow_tf32 = True, allowTF32CuDNN() and allowTF32CuBLAS() will be deprecated after Pytorch 2.9. Please see https://pytorch.org/docs/main/notes/cuda.html#tensorfloat-32-tf32-on-ampere-and-later-devices (Triggered internally at /pytorch/aten/src/ATen/Context.cpp:80.)
  self.setter(val)
/root/miniconda3/envs/var/lib/python3.10/site-packages/torch/backends/__init__.py:46: UserWarning: Please use the new API settings to control TF32 behavior, such as torch.backends.cudnn.conv.fp32_precision = 'tf32' or torch.backends.cuda.matmul.fp32_precision = 'ieee'. Old settings, e.g, torch.backends.cuda.matmul.allow_tf32 = True, torch.backends.cudnn.allow_tf32 = True, allowTF32CuDNN() and allowTF32CuBLAS() will be deprecated after Pytorch 2.9. Please see https://pytorch.org/docs/main/notes/cuda.html#tensorfloat-32-tf32-on-ampere-and-later-devices (Triggered internally at /pytorch/aten/src/ATen/Context.cpp:80.)
  self.setter(val)
/root/miniconda3/envs/var/lib/python3.10/site-packages/torch/backends/__init__.py:46: UserWarning: Please use the new API settings to control TF32 behavior, such as torch.backends.cudnn.conv.fp32_precision = 'tf32' or torch.backends.cuda.matmul.fp32_precision = 'ieee'. Old settings, e.g, torch.backends.cuda.matmul.allow_tf32 = True, torch.backends.cudnn.allow_tf32 = True, allowTF32CuDNN() and allowTF32CuBLAS() will be deprecated after Pytorch 2.9. Please see https://pytorch.org/docs/main/notes/cuda.html#tensorfloat-32-tf32-on-ampere-and-later-devices (Triggered internally at /pytorch/aten/src/ATen/Context.cpp:80.)
  self.setter(val)
[11-02 19:28:06] (_train/utils/arg_util.py, line 241)=> [tf32] [precis] torch.get_float32_matmul_precision(): high
[11-02 19:28:06] (_train/utils/arg_util.py, line 242)=> [tf32] [ conv ] torch.backends.cudnn.allow_tf32: True
[11-02 19:28:06] (_train/utils/arg_util.py, line 243)=> [tf32] [matmul] torch.backends.cuda.matmul.allow_tf32: True
[11-02 19:28:06] (_train/utils/arg_util.py, line 190)=> [蒸馏参数验证] 通过 - 类型:normal, 权重:0.5/0.5
[11-02 19:28:06] (distill/train_distill.py, line 269)=> [参数验证] 蒸馏参数验证通过
[11-02 19:28:06] (distill/train_distill.py, line  63)=> global bs=259, local bs=37
[11-02 19:28:06] (distill/train_distill.py, line  64)=> initial args:\n{
  data_path           : /home/project/ImageNet-1K
  exp_name            : text
  vfast               : 0
  vae_path            : /home/project/daily/AR/model_zoo/vae_ch160v4096z32.pth
  var_path            : /home/project/real_prune/slimgpt_pub_prune/sparsity_model/prune_d16_0.4sparsity_150i_256eva_scale.pth
  tfast               : 0
  depth               : 16
  sparsity            : 0.4
  ini                 : -1
  hd                  : 0.02
  aln                 : 0.5
  alng                : 0.001
  fp16                : 1
  tblr                : 0.0001
  tlr                 : 0.00010117187500000001
  twd                 : 0.05
  twde                : 0.05
  tclip               : 2.0
  ls                  : 0.0
  maxlayer            : 16
  bs                  : 259
  batch_size          : 37
  glb_batch_size      : 259
  ac                  : 1
  ep                  : 20
  wp                  : 0.4
  wp0                 : 0.005
  wpe                 : 0.1
  sche                : lin0
  opt                 : adamw
  afuse               : True
  saln                : False
  anorm               : True
  fuse                : True
  pn                  : 1_2_3_4_5_6_8_10_13_16
  patch_size          : 16
  patch_nums          : (1, 2, 3, 4, 5, 6, 8, 10, 13, 16)
  resos               : (16, 32, 48, 64, 80, 96, 128, 160, 208, 256)
  data_load_reso      : 256
  mid_reso            : 1.125
  hflip               : False
  workers             : 0
  pg                  : 0.0
  pg0                 : 4
  pgwp                : 0.06666666666666667
  ckpt_save_interval  : 3
  cmd                 : --enable_distillation=1 --teacher_model_path=/home/project/daily/AR/model_zoo/var_d16.pth --teacher_depth=16 --distill_type=normal --distill_alpha=0.5 --distill_beta=0.5 --depth=16 --bs=256 --ep=20 --fp16=1 --alng=1e-3 --wpe=0.1 --sparsity=0.4 --var_path=/home/project/real_prune/slimgpt_pub_prune/sparsity_model/prune_d16_0.4sparsity_150i_256eva_scale.pth --vae_path=/home/project/daily/AR/model_zoo/vae_ch160v4096z32.pth --data_path=/home/project/ImageNet-1K --local_out_dir_path=/home/project/real_prune/VAR_train/train_result/fix_distill_d16_normal_256
  branch              : main
  commit_id           : 1bf7cb2895b8461062f9dbaf1daffb729258724e
  commit_msg          : 25.9.25
  acc_mean            : None
  acc_tail            : None
  L_mean              : None
  L_tail              : None
  vacc_mean           : None
  vacc_tail           : None
  vL_mean             : None
  vL_tail             : None
  grad_norm           : None
  cur_lr              : None
  cur_wd              : None
  cur_it              : 
  cur_ep              : 
  remain_time         : 
  finish_time         : 
  local_out_dir_path  : /home/project/real_prune/VAR_train/train_result/fix_distill_d16_normal_256
  tb_log_dir_path     : /home/project/real_prune/VAR_train/train_result/fix_distill_d16_normal_256/tb-VARd16__pn1_2_3_4_5_6_8_10_13_16__b259ep20adamlr0.0001wd0.05
  log_txt_path        : /home/project/real_prune/VAR_train/train_result/fix_distill_d16_normal_256/log.txt
  last_ckpt_path      : /home/project/real_prune/VAR_train/train_result/fix_distill_d16_normal_256/ar-ckpt-last.pth
  tf32                : True
  seed                : None
  transfer            : False
  enable_distillation : True
  teacher_model_path  : /home/project/daily/AR/model_zoo/var_d16.pth
  teacher_depth       : 16
  distill_type        : normal
  distill_alpha       : 0.5
  distill_beta        : 0.5
  distill_temperature : 4.0
  scale_weights_str   : 2.0,1.8,1.6,1.4,1.2,1.0,0.8,0.6,0.4,0.2
  use_feature_distill : False
  feature_layers_str  : 4,8,12,15
  use_attention_distill: False
  distill_warmup_epochs: 5
  distill_schedule    : constant
  same_seed_for_all_ranks: 0
  local_debug         : False
  dbg_nan             : False
}

[11-02 19:28:06] (distill/train_distill.py, line  68)=> [build PT data] ...\n
[11-02 19:28:08] (/VAR_train/utils/data.py, line  34)=> [Dataset] len(train_set)=1281167, len(val_set)=50000, num_classes=1000
[11-02 19:28:08] (/VAR_train/utils/data.py, line  48)=> Transform [train] = 
[11-02 19:28:08] (/VAR_train/utils/data.py, line  51)=> Resize(size=288, interpolation=lanczos, max_size=None, antialias=True)
[11-02 19:28:08] (/VAR_train/utils/data.py, line  51)=> RandomCrop(size=(256, 256), padding=None)
[11-02 19:28:08] (/VAR_train/utils/data.py, line  51)=> ToTensor()
[11-02 19:28:08] (/VAR_train/utils/data.py, line  51)=> <function normalize_01_into_pm1 at 0x7fce0fd79bd0>
[11-02 19:28:08] (/VAR_train/utils/data.py, line  54)=> ---------------------------

[11-02 19:28:08] (/VAR_train/utils/data.py, line  48)=> Transform [val] = 
[11-02 19:28:08] (/VAR_train/utils/data.py, line  51)=> Resize(size=288, interpolation=lanczos, max_size=None, antialias=True)
[11-02 19:28:08] (/VAR_train/utils/data.py, line  51)=> CenterCrop(size=(256, 256))
[11-02 19:28:08] (/VAR_train/utils/data.py, line  51)=> ToTensor()
[11-02 19:28:08] (/VAR_train/utils/data.py, line  51)=> <function normalize_01_into_pm1 at 0x7fce0fd79bd0>
[11-02 19:28:08] (/VAR_train/utils/data.py, line  54)=> ---------------------------

[11-02 19:28:08] (distill/train_distill.py, line  91)=> [auto_resume] no ckpt found @ /home/project/real_prune/VAR_train/train_result/fix_distill_d16_normal_256/ar-ckpt-best*.pth
[11-02 19:28:08] (distill/train_distill.py, line  91)=> [auto_resume quit]
[11-02 19:28:08] (distill/train_distill.py, line  92)=> [dataloader multi processing] ...     [dataloader multi processing](*) finished! (0.00s)
[11-02 19:28:08] (distill/train_distill.py, line  98)=> [dataloader] gbs=259, lbs=37, iters_train=4947, types(tr, va)=('DatasetFolder', 'DatasetFolder')
[11-02 19:28:08] (/VAR_train/models/var.py, line 102)=> 
[constructor]  ==== flash_if_available=True (0/16), fused_if_available=True (fusing_add_ln=0/16, fusing_mlp=0/16) ==== 
    [VAR config ] embed_dim=1024, num_heads=16, depth=16, mlp_ratio=4.0
    [drop ratios ] drop_rate=0.0, attn_drop_rate=0.0, drop_path_rate=0.0666667 (tensor([0.0000, 0.0044, 0.0089, 0.0133, 0.0178, 0.0222, 0.0267, 0.0311, 0.0356,
        0.0400, 0.0444, 0.0489, 0.0533, 0.0578, 0.0622, 0.0667]))

[11-02 19:28:08] (/VAR_train/models/var.py, line 259)=> [init_weights] VAR with init_std=0.0180422
[11-02 19:28:08] (distill/train_distill.py, line 123)=> [学生模型] 首次训练，加载初始权重: /home/project/real_prune/slimgpt_pub_prune/sparsity_model/prune_d16_0.4sparsity_150i_256eva_scale.pth
[11-02 19:28:09] (distill/train_distill.py, line 135)=> [学生模型] 加载原始模型权重...
[11-02 19:28:09] (distill/train_distill.py, line 153)=> [INIT] VAR model = VAR(
  drop_path_rate=0.0666667
  (word_embed): Linear(in_features=32, out_features=1024, bias=True)
  (class_emb): Embedding(1001, 1024)
  (lvl_embed): Embedding(10, 1024)
  (shared_ada_lin): Identity()
  (blocks): ModuleList(
    (0): AdaLNSelfAttn(
      shared_aln=False
      (drop_path): Identity()
      (attn): SelfAttention(
        using_flash=False, using_xform=False, attn_l2_norm=True
        (mat_qkv): Linear(in_features=1024, out_features=1920, bias=False)
        (proj): Linear(in_features=640, out_features=1024, bias=True)
        (proj_drop): Identity()
      )
      (ffn): FFN(
        fused_mlp_func=False
        (fc1): Linear(in_features=1024, out_features=2458, bias=True)
        (act): GELU(approximate='tanh')
        (fc2): Linear(in_features=2458, out_features=1024, bias=True)
        (drop): Identity()
      )
      (ln_wo_grad): LayerNorm((1024,), eps=1e-06, elementwise_affine=False)
      (ada_lin): Sequential(
        (0): SiLU()
        (1): Linear(in_features=1024, out_features=6144, bias=True)
      )
    )
    (1-15): 15 x AdaLNSelfAttn(
      shared_aln=False
      (drop_path): DropPath((drop_prob=...))
      (attn): SelfAttention(
        using_flash=False, using_xform=False, attn_l2_norm=True
        (mat_qkv): Linear(in_features=1024, out_features=1920, bias=False)
        (proj): Linear(in_features=640, out_features=1024, bias=True)
        (proj_drop): Identity()
      )
      (ffn): FFN(
        fused_mlp_func=False
        (fc1): Linear(in_features=1024, out_features=2458, bias=True)
        (act): GELU(approximate='tanh')
        (fc2): Linear(in_features=2458, out_features=1024, bias=True)
        (drop): Identity()
      )
      (ln_wo_grad): LayerNorm((1024,), eps=1e-06, elementwise_affine=False)
      (ada_lin): Sequential(
        (0): SiLU()
        (1): Linear(in_features=1024, out_features=6144, bias=True)
      )
    )
  )
  (head_nm): AdaLNBeforeHead(
    (ln_wo_grad): LayerNorm((1024,), eps=1e-06, elementwise_affine=False)
    (ada_lin): Sequential(
      (0): SiLU()
      (1): Linear(in_features=1024, out_features=2048, bias=True)
    )
  )
  (head): Linear(in_features=1024, out_features=4096, bias=True)
)\n\n
[11-02 19:28:09] (distill/train_distill.py, line 155)=> [INIT][#para] VAE=108.95, VAE.enc=44.11, VAE.dec=64.65, VAE.quant=0.17
[11-02 19:28:09] (distill/train_distill.py, line 156)=> [INIT][#para] VAR=231.41\n\n
[11-02 19:28:09] (distill/train_distill.py, line 161)=> \n============================================================
[11-02 19:28:09] (distill/train_distill.py, line 162)=> 开始加载教师模型...
[11-02 19:28:09] (distill/distill_utils.py, line  31)=> [加载教师模型] 路径: /home/project/daily/AR/model_zoo/var_d16.pth
[11-02 19:28:09] (distill/distill_utils.py, line  32)=> [加载教师模型] 深度: 16
[11-02 19:28:09] (distill/distill_utils.py, line  39)=> [加载教师模型] 构建模型架构...
[11-02 19:28:09] (distill/distill_utils.py, line  46)=> [加载教师模型] 临时设置 sparsity=0 (原值=0.4)
[11-02 19:28:09] (/VAR_train/models/var.py, line 102)=> 
[constructor]  ==== flash_if_available=True (0/16), fused_if_available=True (fusing_add_ln=0/16, fusing_mlp=0/16) ==== 
    [VAR config ] embed_dim=1024, num_heads=16, depth=16, mlp_ratio=4.0
    [drop ratios ] drop_rate=0.0, attn_drop_rate=0.0, drop_path_rate=0.0666667 (tensor([0.0000, 0.0044, 0.0089, 0.0133, 0.0178, 0.0222, 0.0267, 0.0311, 0.0356,
        0.0400, 0.0444, 0.0489, 0.0533, 0.0578, 0.0622, 0.0667]))

[11-02 19:28:10] (/VAR_train/models/var.py, line 259)=> [init_weights] VAR with init_std=0.0180422
[11-02 19:28:10] (distill/distill_utils.py, line  62)=> [加载教师模型] 恢复 sparsity=0.4
[11-02 19:28:10] (distill/distill_utils.py, line  65)=> [加载教师模型] 加载权重...
[11-02 19:28:10] (distill/distill_utils.py, line  79)=> [加载教师模型] 直接加载模型权重
[11-02 19:28:10] (distill/distill_utils.py, line  89)=> [加载教师模型] 成功加载，参数量: 310.28M
[11-02 19:28:10] (distill/distill_utils.py, line  90)=> [加载教师模型] 已冻结参数: 310.28M
[11-02 19:28:10] (distill/train_distill.py, line 165)=> 教师模型加载成功
[11-02 19:28:10] (distill/train_distill.py, line 170)=> ======== 蒸馏配置摘要 ========
蒸馏类型: normal
教师模型: var_d16.pth (深度=16)
损失权重: 任务=0.50, 蒸馏=0.50
蒸馏温度: 4.0
==============================
[11-02 19:28:10] (distill/train_distill.py, line 177)=> ============================================================\n
[11-02 19:28:10] (rain/utils/lr_control.py, line  99)=> [get_param_groups] param_groups = 
{ 'D': { 'lr_sc': 1.0,
         'params': "('word_embed.weight, class_emb.weight, blocks.0.attn.mat_qkv.weight, blocks.0.attn.proj.weight, blocks.0.ffn.fc1.weight, blocks.0.ffn.fc2.weight, blocks.0.ada_lin.1.weight, '\n"
                   " 'blocks.1.attn.mat_qkv.weight, blocks.1.attn.proj.weight, blocks.1.ffn.fc1.weight, blocks.1.ffn.fc2.weight, blocks.1.ada_lin.1.weight, blocks.2.attn.mat_qkv.weight, blocks.2.attn.proj.weight, '\n"
                   " 'blocks.2.ffn.fc1.weight, blocks.2.ffn.fc2.weight, blocks.2.ada_lin.1.weight, blocks.3.attn.mat_qkv.weight, blocks.3.attn.proj.weight, blocks.3.ffn.fc1.weight, blocks.3.ffn.fc2.weight, '\n"
                   " 'blocks.3.ada_lin.1.weight, blocks.4.attn.mat_qkv.weight, blocks.4.attn.proj.weight, blocks.4.ffn.fc1.weight, blocks.4.ffn.fc2.weight, blocks.4.ada_lin.1.weight, blocks.5.attn.mat_qkv.weight, '\n"
                   " 'blocks.5.attn.proj.weight, blocks.5.ffn.fc1.weight, blocks.5.ffn.fc2.weight, blocks.5.ada_lin.1.weight, blocks.6.attn.mat_qkv.weight, blocks.6.attn.proj.weight, blocks.6.ffn.fc1.weight, '\n"
                   " 'blocks.6.ffn.fc2.weight, blocks.6.ada_lin.1.weight, blocks.7.attn.mat_qkv.weight, blocks.7.attn.proj.weight, blocks.7.ffn.fc1.weight, blocks.7.ffn.fc2.weight, blocks.7.ada_lin.1.weight, '\n"
                   " 'blocks.8.attn.mat_qkv.weight, blocks.8.attn.proj.weight, blocks.8.ffn.fc1.weight, blocks.8.ffn.fc2.weight, blocks.8.ada_lin.1.weight, blocks.9.attn.mat_qkv.weight, blocks.9.attn.proj.weight, '\n"
                   " 'blocks.9.ffn.fc1.weight, blocks.9.ffn.fc2.weight, blocks.9.ada_lin.1.weight, blocks.10.attn.mat_qkv.weight, blocks.10.attn.proj.weight, blocks.10.ffn.fc1.weight, blocks.10.ffn.fc2.weight, '\n"
                   " 'blocks.10.ada_lin.1.weight, blocks.11.attn.mat_qkv.weight, blocks.11.attn.proj.weight, blocks.11.ffn.fc1.weight, blocks.11.ffn.fc2.weight, blocks.11.ada_lin.1.weight, '\n"
                   " 'blocks.12.attn.mat_qkv.weight, blocks.12.attn.proj.weight, blocks.12.ffn.fc1.weight, blocks.12.ffn.fc2.weight, blocks.12.ada_lin.1.weight, blocks.13.attn.mat_qkv.weight, '\n"
                   " 'blocks.13.attn.proj.weight, blocks.13.ffn.fc1.weight, blocks.13.ffn.fc2.weight, blocks.13.ada_lin.1.weight, blocks.14.attn.mat_qkv.weight, blocks.14.attn.proj.weight, blocks.14.ffn.fc1.weight, '\n"
                   " 'blocks.14.ffn.fc2.weight, blocks.14.ada_lin.1.weight, blocks.15.attn.mat_qkv.weight, blocks.15.attn.proj.weight, blocks.15.ffn.fc1.weight, blocks.15.ffn.fc2.weight, blocks.15.ada_lin.1.weight, '\n"
                   " 'head_nm.ada_lin.1.weight, head.weight')",
         'wd_sc': 1.0},
  'ND': { 'lr_sc': 1.0,
          'params': "('pos_start, pos_1LC, word_embed.bias, lvl_embed.weight, blocks.0.attn.scale_mul_1H11, blocks.0.attn.q_bias, blocks.0.attn.v_bias, blocks.0.attn.proj.bias, blocks.0.ffn.fc1.bias, '\n"
                    " 'blocks.0.ffn.fc2.bias, blocks.0.ada_lin.1.bias, blocks.1.attn.scale_mul_1H11, blocks.1.attn.q_bias, blocks.1.attn.v_bias, blocks.1.attn.proj.bias, blocks.1.ffn.fc1.bias, blocks.1.ffn.fc2.bias, '\n"
                    " 'blocks.1.ada_lin.1.bias, blocks.2.attn.scale_mul_1H11, blocks.2.attn.q_bias, blocks.2.attn.v_bias, blocks.2.attn.proj.bias, blocks.2.ffn.fc1.bias, blocks.2.ffn.fc2.bias, blocks.2.ada_lin.1.bias, '\n"
                    " 'blocks.3.attn.scale_mul_1H11, blocks.3.attn.q_bias, blocks.3.attn.v_bias, blocks.3.attn.proj.bias, blocks.3.ffn.fc1.bias, blocks.3.ffn.fc2.bias, blocks.3.ada_lin.1.bias, '\n"
                    " 'blocks.4.attn.scale_mul_1H11, blocks.4.attn.q_bias, blocks.4.attn.v_bias, blocks.4.attn.proj.bias, blocks.4.ffn.fc1.bias, blocks.4.ffn.fc2.bias, blocks.4.ada_lin.1.bias, '\n"
                    " 'blocks.5.attn.scale_mul_1H11, blocks.5.attn.q_bias, blocks.5.attn.v_bias, blocks.5.attn.proj.bias, blocks.5.ffn.fc1.bias, blocks.5.ffn.fc2.bias, blocks.5.ada_lin.1.bias, '\n"
                    " 'blocks.6.attn.scale_mul_1H11, blocks.6.attn.q_bias, blocks.6.attn.v_bias, blocks.6.attn.proj.bias, blocks.6.ffn.fc1.bias, blocks.6.ffn.fc2.bias, blocks.6.ada_lin.1.bias, '\n"
                    " 'blocks.7.attn.scale_mul_1H11, blocks.7.attn.q_bias, blocks.7.attn.v_bias, blocks.7.attn.proj.bias, blocks.7.ffn.fc1.bias, blocks.7.ffn.fc2.bias, blocks.7.ada_lin.1.bias, '\n"
                    " 'blocks.8.attn.scale_mul_1H11, blocks.8.attn.q_bias, blocks.8.attn.v_bias, blocks.8.attn.proj.bias, blocks.8.ffn.fc1.bias, blocks.8.ffn.fc2.bias, blocks.8.ada_lin.1.bias, '\n"
                    " 'blocks.9.attn.scale_mul_1H11, blocks.9.attn.q_bias, blocks.9.attn.v_bias, blocks.9.attn.proj.bias, blocks.9.ffn.fc1.bias, blocks.9.ffn.fc2.bias, blocks.9.ada_lin.1.bias, '\n"
                    " 'blocks.10.attn.scale_mul_1H11, blocks.10.attn.q_bias, blocks.10.attn.v_bias, blocks.10.attn.proj.bias, blocks.10.ffn.fc1.bias, blocks.10.ffn.fc2.bias, blocks.10.ada_lin.1.bias, '\n"
                    " 'blocks.11.attn.scale_mul_1H11, blocks.11.attn.q_bias, blocks.11.attn.v_bias, blocks.11.attn.proj.bias, blocks.11.ffn.fc1.bias, blocks.11.ffn.fc2.bias, blocks.11.ada_lin.1.bias, '\n"
                    " 'blocks.12.attn.scale_mul_1H11, blocks.12.attn.q_bias, blocks.12.attn.v_bias, blocks.12.attn.proj.bias, blocks.12.ffn.fc1.bias, blocks.12.ffn.fc2.bias, blocks.12.ada_lin.1.bias, '\n"
                    " 'blocks.13.attn.scale_mul_1H11, blocks.13.attn.q_bias, blocks.13.attn.v_bias, blocks.13.attn.proj.bias, blocks.13.ffn.fc1.bias, blocks.13.ffn.fc2.bias, blocks.13.ada_lin.1.bias, '\n"
                    " 'blocks.14.attn.scale_mul_1H11, blocks.14.attn.q_bias, blocks.14.attn.v_bias, blocks.14.attn.proj.bias, blocks.14.ffn.fc1.bias, blocks.14.ffn.fc2.bias, blocks.14.ada_lin.1.bias, '\n"
                    " 'blocks.15.attn.scale_mul_1H11, blocks.15.attn.q_bias, blocks.15.attn.v_bias, blocks.15.attn.proj.bias, blocks.15.ffn.fc1.bias, blocks.15.ffn.fc2.bias, blocks.15.ada_lin.1.bias, '\n"
                    " 'head_nm.ada_lin.1.bias, head.bias')",
          'wd_sc': 0.0}}

[11-02 19:28:10] (rain/utils/lr_control.py, line 104)=> [get_param_groups][rank0] type(model).__name__='VAR' count=202, numel=231405120
[11-02 19:28:10] (rain/utils/lr_control.py, line 104)=> [get_param_groups][rank1] type(model).__name__='VAR' count=202, numel=231405120
[11-02 19:28:10] (rain/utils/lr_control.py, line 104)=> [get_param_groups][rank2] type(model).__name__='VAR' count=202, numel=231405120
[11-02 19:28:10] (rain/utils/lr_control.py, line 104)=> [get_param_groups][rank3] type(model).__name__='VAR' count=202, numel=231405120
[11-02 19:28:10] (rain/utils/lr_control.py, line 104)=> [get_param_groups][rank4] type(model).__name__='VAR' count=202, numel=231405120
[11-02 19:28:10] (rain/utils/lr_control.py, line 104)=> [get_param_groups][rank5] type(model).__name__='VAR' count=202, numel=231405120
[11-02 19:28:10] (rain/utils/lr_control.py, line 105)=> 
[11-02 19:28:10] (distill/train_distill.py, line 192)=> [INIT] optim=functools.partial(<class 'torch.optim.adamw.AdamW'>, betas=(0.9, 0.95), fused=True), opt_kw={'lr': 0.00010117187500000001, 'weight_decay': 0}\n
/home/project/real_prune/VAR_train/utils/amp_sc.py:27: FutureWarning: `torch.cuda.amp.GradScaler(args...)` is deprecated. Please use `torch.amp.GradScaler('cuda', args...)` instead.
  self.scaler = torch.cuda.amp.GradScaler(init_scale=2. ** 11, growth_interval=1000) if self.using_fp16_rather_bf16 else None # only fp16 needs a scaler
/home/project/real_prune/VAR_train/utils/amp_sc.py:27: FutureWarning: `torch.cuda.amp.GradScaler(args...)` is deprecated. Please use `torch.amp.GradScaler('cuda', args...)` instead.
  self.scaler = torch.cuda.amp.GradScaler(init_scale=2. ** 11, growth_interval=1000) if self.using_fp16_rather_bf16 else None # only fp16 needs a scaler
/home/project/real_prune/VAR_train/utils/amp_sc.py:27: FutureWarning: `torch.cuda.amp.GradScaler(args...)` is deprecated. Please use `torch.amp.GradScaler('cuda', args...)` instead.
  self.scaler = torch.cuda.amp.GradScaler(init_scale=2. ** 11, growth_interval=1000) if self.using_fp16_rather_bf16 else None # only fp16 needs a scaler
/home/project/real_prune/VAR_train/utils/amp_sc.py:27: FutureWarning: `torch.cuda.amp.GradScaler(args...)` is deprecated. Please use `torch.amp.GradScaler('cuda', args...)` instead.
  self.scaler = torch.cuda.amp.GradScaler(init_scale=2. ** 11, growth_interval=1000) if self.using_fp16_rather_bf16 else None # only fp16 needs a scaler
/home/project/real_prune/VAR_train/utils/amp_sc.py:27: FutureWarning: `torch.cuda.amp.GradScaler(args...)` is deprecated. Please use `torch.amp.GradScaler('cuda', args...)` instead.
  self.scaler = torch.cuda.amp.GradScaler(init_scale=2. ** 11, growth_interval=1000) if self.using_fp16_rather_bf16 else None # only fp16 needs a scaler
/home/project/real_prune/VAR_train/utils/amp_sc.py:27: FutureWarning: `torch.cuda.amp.GradScaler(args...)` is deprecated. Please use `torch.amp.GradScaler('cuda', args...)` instead.
  self.scaler = torch.cuda.amp.GradScaler(init_scale=2. ** 11, growth_interval=1000) if self.using_fp16_rather_bf16 else None # only fp16 needs a scaler
[11-02 19:28:10] (l/distillation_losses.py, line  45)=> [蒸馏损失] 类型=normal, 温度=4.0
[11-02 19:28:10] (l/distillation_losses.py, line  46)=> [尺度权重] [2.0, 1.8, 1.6, 1.4, 1.2, 1.0, 0.8, 0.6, 0.4, 0.2]
[11-02 19:28:10] (/distillation_trainer.py, line  65)=> [蒸馏训练器] 教师模型已冻结
[11-02 19:28:10] (/distillation_trainer.py, line  66)=> [蒸馏训练器] 教师参数: 310.28M (310.28M已冻结)
[11-02 19:28:10] (distill/distill_utils.py, line 166)=> [兼容性检查] 教师模型参数: 310.28M
[11-02 19:28:10] (distill/distill_utils.py, line 167)=> [兼容性检查] 学生模型参数: 231.41M
[11-02 19:28:10] (distill/distill_utils.py, line 168)=> [兼容性检查] 压缩比: 74.58%
[11-02 19:28:10] (distill/distill_utils.py, line 175)=> [兼容性检查] 词汇表大小: 4096
[11-02 19:28:10] (distill/distill_utils.py, line 180)=> [兼容性检查] 序列长度: 680
[11-02 19:28:10] (distill/distill_utils.py, line 185)=> [兼容性检查] patch配置: (1, 2, 3, 4, 5, 6, 8, 10, 13, 16)
[11-02 19:28:10] (distill/distill_utils.py, line 187)=> [兼容性检查] 通过
[11-02 19:28:10] (/distillation_trainer.py, line  73)=> [蒸馏训练器] 初始化完成
[11-02 19:28:10] (/distillation_trainer.py, line  74)=> [蒸馏训练器] 蒸馏类型: normal
[11-02 19:28:10] (/distillation_trainer.py, line  75)=> [蒸馏训练器] 损失权重: 任务=0.50, 蒸馏=0.50
[11-02 19:28:10] (distill/train_distill.py, line 209)=> [训练器] 使用蒸馏训练器 (DistillationVARTrainer)
[11-02 19:28:10] (distill/train_distill.py, line 210)=> [蒸馏模式] normal 蒸馏，权重 0.5/0.5
[11-02 19:28:10] (distill/train_distill.py, line 224)=> [训练器] 使用初始状态，从 epoch 0 开始
[11-02 19:28:10] (rain/utils/lr_control.py, line 104)=> [get_param_groups][rank6] type(model).__name__='VAR' count=202, numel=231405120
/home/project/real_prune/VAR_train/utils/amp_sc.py:27: FutureWarning: `torch.cuda.amp.GradScaler(args...)` is deprecated. Please use `torch.amp.GradScaler('cuda', args...)` instead.
  self.scaler = torch.cuda.amp.GradScaler(init_scale=2. ** 11, growth_interval=1000) if self.using_fp16_rather_bf16 else None # only fp16 needs a scaler
/home/project/real_prune/VAR_train/models/var.py:220: FutureWarning: `torch.cuda.amp.autocast(args...)` is deprecated. Please use `torch.amp.autocast('cuda', args...)` instead.
  with torch.cuda.amp.autocast(enabled=False):
/home/project/real_prune/VAR_train/models/var.py:220: FutureWarning: `torch.cuda.amp.autocast(args...)` is deprecated. Please use `torch.amp.autocast('cuda', args...)` instead.
  with torch.cuda.amp.autocast(enabled=False):
/home/project/real_prune/VAR_train/models/var.py:220: FutureWarning: `torch.cuda.amp.autocast(args...)` is deprecated. Please use `torch.amp.autocast('cuda', args...)` instead.
  with torch.cuda.amp.autocast(enabled=False):
/home/project/real_prune/VAR_train/models/var.py:220: FutureWarning: `torch.cuda.amp.autocast(args...)` is deprecated. Please use `torch.amp.autocast('cuda', args...)` instead.
  with torch.cuda.amp.autocast(enabled=False):
/home/project/real_prune/VAR_train/models/var.py:220: FutureWarning: `torch.cuda.amp.autocast(args...)` is deprecated. Please use `torch.amp.autocast('cuda', args...)` instead.
  with torch.cuda.amp.autocast(enabled=False):
/home/project/real_prune/VAR_train/models/var.py:220: FutureWarning: `torch.cuda.amp.autocast(args...)` is deprecated. Please use `torch.amp.autocast('cuda', args...)` instead.
  with torch.cuda.amp.autocast(enabled=False):
/home/project/real_prune/VAR_train/models/var.py:220: FutureWarning: `torch.cuda.amp.autocast(args...)` is deprecated. Please use `torch.amp.autocast('cuda', args...)` instead.
  with torch.cuda.amp.autocast(enabled=False):
[11-02 19:28:14] (/VAR_train/utils/misc.py, line 314)=> [Ep]: [   0/20]  [   0/4947]  eta: 4:51:10  tlr: 5.1e-07  tnm: 0.00  Lm: 9.391 (9.391)  Lt: 8.621 (8.621)  Accm: 0.06 (0.06)  Acct: 0.02 (0.02)  TaskL: 9.3906 (9.3906)  DistillL: 3634.2036 (3634.2036)  TotalL: 3643.5942 (3643.5942)  time: 3.5315  data: 0.2724
/root/miniconda3/envs/var/lib/python3.10/site-packages/torch/utils/data/_utils/pin_memory.py:57: DeprecationWarning: The argument 'device' of Tensor.pin_memory() is deprecated. Please do not pass this argument. (Triggered internally at /pytorch/aten/src/ATen/native/Memory.cpp:46.)
  return data.pin_memory(device)
/root/miniconda3/envs/var/lib/python3.10/site-packages/torch/utils/data/_utils/pin_memory.py:57: DeprecationWarning: The argument 'device' of Tensor.is_pinned() is deprecated. Please do not pass this argument. (Triggered internally at /pytorch/aten/src/ATen/native/Memory.cpp:31.)
  return data.pin_memory(device)
/root/miniconda3/envs/var/lib/python3.10/site-packages/torch/utils/data/_utils/pin_memory.py:57: DeprecationWarning: The argument 'device' of Tensor.pin_memory() is deprecated. Please do not pass this argument. (Triggered internally at /pytorch/aten/src/ATen/native/Memory.cpp:46.)
  return data.pin_memory(device)
/root/miniconda3/envs/var/lib/python3.10/site-packages/torch/utils/data/_utils/pin_memory.py:57: DeprecationWarning: The argument 'device' of Tensor.is_pinned() is deprecated. Please do not pass this argument. (Triggered internally at /pytorch/aten/src/ATen/native/Memory.cpp:31.)
  return data.pin_memory(device)
/root/miniconda3/envs/var/lib/python3.10/site-packages/torch/utils/data/_utils/pin_memory.py:57: DeprecationWarning: The argument 'device' of Tensor.pin_memory() is deprecated. Please do not pass this argument. (Triggered internally at /pytorch/aten/src/ATen/native/Memory.cpp:46.)
  return data.pin_memory(device)
/root/miniconda3/envs/var/lib/python3.10/site-packages/torch/utils/data/_utils/pin_memory.py:57: DeprecationWarning: The argument 'device' of Tensor.is_pinned() is deprecated. Please do not pass this argument. (Triggered internally at /pytorch/aten/src/ATen/native/Memory.cpp:31.)
  return data.pin_memory(device)
/root/miniconda3/envs/var/lib/python3.10/site-packages/torch/utils/data/_utils/pin_memory.py:57: DeprecationWarning: The argument 'device' of Tensor.pin_memory() is deprecated. Please do not pass this argument. (Triggered internally at /pytorch/aten/src/ATen/native/Memory.cpp:46.)
  return data.pin_memory(device)
/root/miniconda3/envs/var/lib/python3.10/site-packages/torch/utils/data/_utils/pin_memory.py:57: DeprecationWarning: The argument 'device' of Tensor.is_pinned() is deprecated. Please do not pass this argument. (Triggered internally at /pytorch/aten/src/ATen/native/Memory.cpp:31.)
  return data.pin_memory(device)
/root/miniconda3/envs/var/lib/python3.10/site-packages/torch/utils/data/_utils/pin_memory.py:57: DeprecationWarning: The argument 'device' of Tensor.pin_memory() is deprecated. Please do not pass this argument. (Triggered internally at /pytorch/aten/src/ATen/native/Memory.cpp:46.)
  return data.pin_memory(device)
/root/miniconda3/envs/var/lib/python3.10/site-packages/torch/utils/data/_utils/pin_memory.py:57: DeprecationWarning: The argument 'device' of Tensor.is_pinned() is deprecated. Please do not pass this argument. (Triggered internally at /pytorch/aten/src/ATen/native/Memory.cpp:31.)
  return data.pin_memory(device)
/root/miniconda3/envs/var/lib/python3.10/site-packages/torch/utils/data/_utils/pin_memory.py:57: DeprecationWarning: The argument 'device' of Tensor.pin_memory() is deprecated. Please do not pass this argument. (Triggered internally at /pytorch/aten/src/ATen/native/Memory.cpp:46.)
  return data.pin_memory(device)
/root/miniconda3/envs/var/lib/python3.10/site-packages/torch/utils/data/_utils/pin_memory.py:57: DeprecationWarning: The argument 'device' of Tensor.is_pinned() is deprecated. Please do not pass this argument. (Triggered internally at /pytorch/aten/src/ATen/native/Memory.cpp:31.)
  return data.pin_memory(device)
/root/miniconda3/envs/var/lib/python3.10/site-packages/torch/utils/data/_utils/pin_memory.py:57: DeprecationWarning: The argument 'device' of Tensor.pin_memory() is deprecated. Please do not pass this argument. (Triggered internally at /pytorch/aten/src/ATen/native/Memory.cpp:46.)
  return data.pin_memory(device)
/root/miniconda3/envs/var/lib/python3.10/site-packages/torch/utils/data/_utils/pin_memory.py:57: DeprecationWarning: The argument 'device' of Tensor.is_pinned() is deprecated. Please do not pass this argument. (Triggered internally at /pytorch/aten/src/ATen/native/Memory.cpp:31.)
  return data.pin_memory(device)
[11-02 19:46:27] (/VAR_train/utils/misc.py, line 314)=> [Ep]: [   0/20]  [1236/4947]  eta: 0:54:49  tlr: 6.3e-05  tnm: 0.00  Lm: 8.373 (8.373)  Lt: 7.923 (7.923)  Accm: 0.63 (0.63)  Acct: 0.56 (0.56)  TaskL: 8.3734 (8.3734)  DistillL: 2439.0920 (2439.0920)  TotalL: 2447.4654 (2447.4654)  time: 0.8814  data: 0.2857
[11-02 20:04:12] (/VAR_train/utils/misc.py, line 314)=> [Ep]: [   0/20]  [2473/4947]  eta: 0:36:01  tlr: 0.0001  tnm: 0.00  Lm: 7.356 (7.871)  Lt: 7.225 (7.465)  Accm: 1.20 (1.25)  Acct: 1.11 (1.47)  TaskL: 7.3561 (7.8714)  DistillL: 1243.9805 (1888.4210)  TotalL: 1251.3366 (1896.2924)  time: 0.8804  data: 0.2500
[11-02 20:21:55] (/VAR_train/utils/misc.py, line 314)=> [Ep]: [   0/20]  [3709/4947]  eta: 0:17:55  tlr: 0.0001  tnm: 0.00  Lm: 7.130 (7.630)  Lt: 6.887 (7.187)  Accm: 1.67 (1.47)  Acct: 2.20 (2.00)  TaskL: 7.1302 (7.6296)  DistillL: 1015.5297 (1541.2832)  TotalL: 1022.6414 (1548.9128)  time: 0.8574  data: 0.2558
[11-02 20:39:37] (/VAR_train/utils/misc.py, line 314)=> [Ep]: [   0/20]  [4946/4947]  eta: 0:00:00  tlr: 0.0001  tnm: 0.00  Lm: 6.904 (7.445)  Lt: 6.549 (6.977)  Accm: 2.13 (1.75)  Acct: 3.28 (2.50)  TaskL: 6.9042 (7.4453)  DistillL: 787.0789 (1314.7114)  TotalL: 793.9463 (1322.1567)  time: 0.8641  data: 0.2557
[11-02 20:39:37] (/VAR_train/utils/misc.py, line 336)=> [Ep]: [   0/20]   Total time:      1:11:26   (0.866 s / it)
/root/miniconda3/envs/var/lib/python3.10/site-packages/torch/distributed/distributed_c10d.py:4876: UserWarning: barrier(): using the device under current context. You can specify `device_id` in `init_process_group` to mute this warning.
  warnings.warn(  # warn only once
[11-02 20:39:37] (distill/train_distill.py, line 361)=>      [ep0]  (training )  Lm: 7.386 (7.386), Lt: 6.914 (6.914),  Acc m&t: 1.80 2.54,  Remain: 22:14:49,  Finish: 2025-11-03 18:54
[11-02 20:39:38] (/VAR_train/utils/misc.py, line 314)=> [Ep]: [   1/20]  [   0/4947]  eta: 1:09:30  tlr: 0.0001  tnm: 0.00  Lm: 6.631 (6.631)  Lt: 6.041 (6.041)  Accm: 3.22 (3.22)  Acct: 4.85 (4.85)  TaskL: 6.6312 (6.6312)  DistillL: 452.2152 (452.2152)  TotalL: 458.8463 (458.8463)  time: 0.8430  data: 0.2526
[11-02 20:57:21] (/VAR_train/utils/misc.py, line 314)=> [Ep]: [   1/20]  [1236/4947]  eta: 0:53:13  tlr: 0.0001  tnm: 0.00  Lm: 6.620 (6.620)  Lt: 6.026 (6.026)  Accm: 3.17 (3.17)  Acct: 4.68 (4.68)  TaskL: 6.6201 (6.6201)  DistillL: 428.8725 (428.8725)  TotalL: 435.4926 (435.4926)  time: 0.8652  data: 0.2417
[11-02 21:15:05] (/VAR_train/utils/misc.py, line 314)=> [Ep]: [   1/20]  [2473/4947]  eta: 0:35:28  tlr: 0.0001  tnm: 0.00  Lm: 6.609 (6.597)  Lt: 6.012 (5.992)  Accm: 3.11 (3.12)  Acct: 4.77 (4.71)  TaskL: 6.6091 (6.5970)  DistillL: 405.5297 (403.5292)  TotalL: 412.1389 (410.1262)  time: 0.8510  data: 0.2438
[11-02 21:32:43] (/VAR_train/utils/misc.py, line 314)=> [Ep]: [   1/20]  [3709/4947]  eta: 0:17:43  tlr: 9.9e-05  tnm: 0.00  Lm: 6.580 (6.564)  Lt: 5.968 (5.964)  Accm: 3.17 (3.23)  Acct: 4.81 (4.90)  TaskL: 6.5799 (6.5637)  DistillL: 379.1862 (387.9258)  TotalL: 385.7661 (394.4895)  time: 0.8446  data: 0.2508
[11-02 21:50:23] (/VAR_train/utils/misc.py, line 314)=> [Ep]: [   1/20]  [4946/4947]  eta: 0:00:00  tlr: 9.8e-05  tnm: 0.00  Lm: 6.551 (6.558)  Lt: 5.924 (5.954)  Accm: 3.22 (3.26)  Acct: 4.85 (4.93)  TaskL: 6.5506 (6.5580)  DistillL: 352.8427 (376.0297)  TotalL: 359.3934 (382.5877)  time: 0.8597  data: 0.2498
[11-02 21:50:23] (/VAR_train/utils/misc.py, line 336)=> [Ep]: [   1/20]   Total time:      1:10:46   (0.858 s / it)
[11-02 21:50:23] (distill/train_distill.py, line 361)=>      [ep1]  (training )  Lm: 6.571 (6.571), Lt: 5.942 (5.942),  Acc m&t: 3.24 5.00,  Remain: 20:57:41,  Finish: 2025-11-03 18:48
[11-02 21:50:24] (/VAR_train/utils/misc.py, line 314)=> [Ep]: [   2/20]  [   0/4947]  eta: 1:10:14  tlr: 9.8e-05  tnm: 0.00  Lm: 6.495 (6.495)  Lt: 5.783 (5.783)  Accm: 3.48 (3.48)  Acct: 5.49 (5.49)  TaskL: 6.4951 (6.4951)  DistillL: 308.7675 (308.7675)  TotalL: 315.2626 (315.2626)  time: 0.8520  data: 0.2513
[11-02 22:08:08] (/VAR_train/utils/misc.py, line 314)=> [Ep]: [   2/20]  [1236/4947]  eta: 0:53:12  tlr: 9.7e-05  tnm: 0.00  Lm: 6.533 (6.533)  Lt: 5.897 (5.897)  Accm: 3.31 (3.31)  Acct: 5.14 (5.14)  TaskL: 6.5325 (6.5325)  DistillL: 295.5358 (295.5358)  TotalL: 302.0683 (302.0683)  time: 0.8645  data: 0.2593
[11-02 22:25:49] (/VAR_train/utils/misc.py, line 314)=> [Ep]: [   2/20]  [2473/4947]  eta: 0:35:25  tlr: 9.6e-05  tnm: 0.00  Lm: 6.495 (6.517)  Lt: 5.835 (5.877)  Accm: 3.48 (3.47)  Acct: 5.49 (5.39)  TaskL: 6.4951 (6.5169)  DistillL: 282.3040 (290.4201)  TotalL: 288.8741 (296.9370)  time: 0.8501  data: 0.2548
[11-02 22:43:27] (/VAR_train/utils/misc.py, line 314)=> [Ep]: [   2/20]  [3709/4947]  eta: 0:17:42  tlr: 9.4e-05  tnm: 0.00  Lm: 6.490 (6.487)  Lt: 5.830 (5.864)  Accm: 3.64 (3.58)  Acct: 5.57 (5.46)  TaskL: 6.4903 (6.4873)  DistillL: 295.5358 (297.3254)  TotalL: 302.0683 (303.8127)  time: 0.8605  data: 0.2384
[11-02 23:01:08] (/VAR_train/utils/misc.py, line 314)=> [Ep]: [   2/20]  [4946/4947]  eta: 0:00:00  tlr: 9.3e-05  tnm: 0.00  Lm: 6.495 (6.497)  Lt: 5.835 (5.875)  Accm: 3.48 (3.54)  Acct: 5.49 (5.41)  TaskL: 6.4951 (6.4968)  DistillL: 282.3040 (293.8112)  TotalL: 288.8741 (300.3081)  time: 0.8700  data: 0.2499
[11-02 23:01:08] (/VAR_train/utils/misc.py, line 336)=> [Ep]: [   2/20]   Total time:      1:10:44   (0.858 s / it)
[11-02 23:03:38] (/distillation_trainer.py, line 334)=> [验证蒸馏] 蒸馏损失: 214.6108, Logits相似度: 0.1955
[11-02 23:03:38] (distill/train_distill.py, line 332)=>  [*] [ep2]  (val 50000)  Lm: 6.5117, Lt: 5.8420, Acc m&t: 3.39 5.34,  Val cost: 150.02s
[11-02 23:03:38] (distill/train_distill.py, line 340)=> [saving ckpt] ep3 ...     [saving ckpt](*) finished!  @ /home/project/real_prune/VAR_train/train_result/fix_distill_d16_normal_256/ar-ckpt-ep003.pth (best)
[11-02 23:03:43] (distill/train_distill.py, line 361)=>      [ep2]  (training )  Lm: 6.512 (6.512), Lt: 5.842 (5.842),  Acc m&t: 3.39 5.34,  Remain: 19:49:25,  Finish: 2025-11-03 18:50
[11-02 23:03:44] (/VAR_train/utils/misc.py, line 314)=> [Ep]: [   3/20]  [   0/4947]  eta: 1:14:04  tlr: 9.3e-05  tnm: 0.00  Lm: 6.532 (6.532)  Lt: 5.863 (5.863)  Accm: 3.11 (3.11)  Acct: 5.25 (5.25)  TaskL: 6.5324 (6.5324)  DistillL: 256.7407 (256.7407)  TotalL: 263.2730 (263.2730)  time: 0.8985  data: 0.2587
[11-02 23:21:28] (/VAR_train/utils/misc.py, line 314)=> [Ep]: [   3/20]  [1236/4947]  eta: 0:53:12  tlr: 9.2e-05  tnm: 0.00  Lm: 6.481 (6.481)  Lt: 5.850 (5.850)  Accm: 3.48 (3.48)  Acct: 5.38 (5.38)  TaskL: 6.4805 (6.4805)  DistillL: 281.9327 (281.9327)  TotalL: 288.4133 (288.4133)  time: 0.8793  data: 0.2439
[11-02 23:39:06] (/VAR_train/utils/misc.py, line 314)=> [Ep]: [   3/20]  [2473/4947]  eta: 0:35:22  tlr: 9.1e-05  tnm: 0.00  Lm: 6.500 (6.487)  Lt: 5.837 (5.825)  Accm: 3.55 (3.50)  Acct: 5.51 (5.59)  TaskL: 6.4996 (6.4869)  DistillL: 266.2198 (276.6951)  TotalL: 272.7194 (283.1820)  time: 0.8660  data: 0.2494
[11-02 23:56:47] (/VAR_train/utils/misc.py, line 314)=> [Ep]: [   3/20]  [3709/4947]  eta: 0:17:42  tlr: 9e-05  tnm: 0.00  Lm: 6.516 (6.507)  Lt: 5.846 (5.832)  Accm: 3.33 (3.40)  Acct: 5.40 (5.51)  TaskL: 6.5160 (6.5072)  DistillL: 261.4802 (267.3980)  TotalL: 267.9962 (273.9052)  time: 0.8729  data: 0.2592
[11-03 00:14:29] (/VAR_train/utils/misc.py, line 314)=> [Ep]: [   3/20]  [4946/4947]  eta: 0:00:00  tlr: 8.8e-05  tnm: 0.00  Lm: 6.506 (6.507)  Lt: 5.837 (5.819)  Accm: 3.43 (3.41)  Acct: 5.51 (5.56)  TaskL: 6.5062 (6.5070)  DistillL: 257.8505 (265.4885)  TotalL: 264.3567 (271.9955)  time: 0.8630  data: 0.2574
[11-03 00:14:29] (/VAR_train/utils/misc.py, line 336)=> [Ep]: [   3/20]   Total time:      1:10:45   (0.858 s / it)
[11-03 00:14:29] (distill/train_distill.py, line 361)=>      [ep3]  (training )  Lm: 6.495 (6.495), Lt: 5.823 (5.823),  Acc m&t: 3.44 5.41,  Remain: 18:36:01,  Finish: 2025-11-03 18:50
[11-03 00:14:30] (/VAR_train/utils/misc.py, line 314)=> [Ep]: [   4/20]  [   0/4947]  eta: 1:14:13  tlr: 8.8e-05  tnm: 0.00  Lm: 6.455 (6.455)  Lt: 5.788 (5.788)  Accm: 3.46 (3.46)  Acct: 5.65 (5.65)  TaskL: 6.4548 (6.4548)  DistillL: 247.8365 (247.8365)  TotalL: 254.2914 (254.2914)  time: 0.9003  data: 0.3421
[11-03 00:32:09] (/VAR_train/utils/misc.py, line 314)=> [Ep]: [   4/20]  [1236/4947]  eta: 0:52:59  tlr: 8.7e-05  tnm: 0.00  Lm: 6.459 (6.459)  Lt: 5.746 (5.746)  Accm: 3.52 (3.52)  Acct: 5.71 (5.71)  TaskL: 6.4593 (6.4593)  DistillL: 256.3512 (256.3512)  TotalL: 262.8105 (262.8105)  time: 0.8643  data: 0.2507
[11-03 00:49:47] (/VAR_train/utils/misc.py, line 314)=> [Ep]: [   4/20]  [2473/4947]  eta: 0:35:17  tlr: 8.6e-05  tnm: 0.00  Lm: 6.455 (6.439)  Lt: 5.740 (5.744)  Accm: 3.59 (3.65)  Acct: 5.76 (5.79)  TaskL: 6.4548 (6.4387)  DistillL: 247.8365 (252.2832)  TotalL: 254.2914 (258.7219)  time: 0.8560  data: 0.2392
[11-03 01:07:25] (/VAR_train/utils/misc.py, line 314)=> [Ep]: [   4/20]  [3709/4947]  eta: 0:17:39  tlr: 8.5e-05  tnm: 0.00  Lm: 6.459 (6.456)  Lt: 5.752 (5.749)  Accm: 3.52 (3.60)  Acct: 5.71 (5.74)  TaskL: 6.4593 (6.4557)  DistillL: 245.9918 (249.8917)  TotalL: 252.4180 (256.3474)  time: 0.8735  data: 0.2490
[11-03 01:25:05] (/VAR_train/utils/misc.py, line 314)=> [Ep]: [   4/20]  [4946/4947]  eta: 0:00:00  tlr: 8.3e-05  tnm: 0.00  Lm: 6.464 (6.469)  Lt: 5.764 (5.767)  Accm: 3.46 (3.56)  Acct: 5.65 (5.67)  TaskL: 6.4638 (6.4690)  DistillL: 244.1471 (245.5098)  TotalL: 250.5446 (251.9789)  time: 0.8583  data: 0.2464
[11-03 01:25:05] (/VAR_train/utils/misc.py, line 336)=> [Ep]: [   4/20]   Total time:      1:10:36   (0.856 s / it)
[11-03 01:25:05] (distill/train_distill.py, line 361)=>      [ep4]  (training )  Lm: 6.462 (6.462), Lt: 5.774 (5.774),  Acc m&t: 3.58 5.68,  Remain: 17:36:32,  Finish: 2025-11-03 19:01
[11-03 01:25:06] (/VAR_train/utils/misc.py, line 314)=> [Ep]: [   5/20]  [   0/4947]  eta: 1:15:49  tlr: 8.3e-05  tnm: 0.00  Lm: 6.507 (6.507)  Lt: 5.841 (5.841)  Accm: 3.06 (3.06)  Acct: 4.89 (4.89)  TaskL: 6.5074 (6.5074)  DistillL: 233.4824 (233.4824)  TotalL: 239.9898 (239.9898)  time: 0.9196  data: 0.3640
[11-03 01:42:46] (/VAR_train/utils/misc.py, line 314)=> [Ep]: [   5/20]  [1236/4947]  eta: 0:53:03  tlr: 8.2e-05  tnm: 0.00  Lm: 6.497 (6.497)  Lt: 5.813 (5.813)  Accm: 3.27 (3.27)  Acct: 5.30 (5.30)  TaskL: 6.4969 (6.4969)  DistillL: 233.7436 (233.7436)  TotalL: 240.2404 (240.2404)  time: 0.8552  data: 0.2416
[11-03 02:00:25] (/VAR_train/utils/misc.py, line 314)=> [Ep]: [   5/20]  [2473/4947]  eta: 0:35:20  tlr: 8.1e-05  tnm: 0.00  Lm: 6.507 (6.506)  Lt: 5.785 (5.789)  Accm: 3.13 (3.23)  Acct: 5.42 (5.34)  TaskL: 6.5074 (6.5059)  DistillL: 233.4824 (225.5345)  TotalL: 239.9898 (232.0403)  time: 0.8512  data: 0.2392
[11-03 02:18:04] (/VAR_train/utils/misc.py, line 314)=> [Ep]: [   5/20]  [3709/4947]  eta: 0:17:40  tlr: 8e-05  tnm: 0.00  Lm: 6.497 (6.486)  Lt: 5.763 (5.772)  Accm: 3.31 (3.30)  Acct: 5.46 (5.38)  TaskL: 6.4969 (6.4862)  DistillL: 230.2925 (225.9265)  TotalL: 236.7599 (232.4127)  time: 0.8566  data: 0.2454
[11-03 02:35:42] (/VAR_train/utils/misc.py, line 314)=> [Ep]: [   5/20]  [4946/4947]  eta: 0:00:00  tlr: 7.9e-05  tnm: 0.00  Lm: 6.486 (6.469)  Lt: 5.741 (5.751)  Accm: 3.49 (3.43)  Acct: 5.51 (5.61)  TaskL: 6.4863 (6.4686)  DistillL: 227.1026 (225.7350)  TotalL: 233.5299 (232.2036)  time: 0.8621  data: 0.2466
[11-03 02:35:42] (/VAR_train/utils/misc.py, line 336)=> [Ep]: [   5/20]   Total time:      1:10:37   (0.857 s / it)
[11-03 02:38:08] (/distillation_trainer.py, line 334)=> [验证蒸馏] 蒸馏损失: 180.4120, Logits相似度: 0.1957
[11-03 02:38:08] (distill/train_distill.py, line 332)=>  [*] [ep5]  (val 50000)  Lm: 6.4745, Lt: 5.7742, Acc m&t: 3.49 5.58,  Val cost: 145.29s
[11-03 02:38:08] (distill/train_distill.py, line 340)=> [saving ckpt] ep6 ...     [saving ckpt](*) finished!  @ /home/project/real_prune/VAR_train/train_result/fix_distill_d16_normal_256/ar-ckpt-ep006.pth (best)
[11-03 02:38:15] (distill/train_distill.py, line 361)=>      [ep5]  (training )  Lm: 6.462 (6.475), Lt: 5.774 (5.774),  Acc m&t: 3.58 5.68,  Remain: 16:33:24,  Finish: 2025-11-03 19:09
[11-03 02:38:16] (/VAR_train/utils/misc.py, line 314)=> [Ep]: [   6/20]  [   0/4947]  eta: 1:08:38  tlr: 7.9e-05  tnm: 0.00  Lm: 6.449 (6.449)  Lt: 5.760 (5.760)  Accm: 3.84 (3.84)  Acct: 5.89 (5.89)  TaskL: 6.4492 (6.4492)  DistillL: 252.7564 (252.7564)  TotalL: 259.2057 (259.2057)  time: 0.8326  data: 0.2487
[11-03 02:55:54] (/VAR_train/utils/misc.py, line 314)=> [Ep]: [   6/20]  [1236/4947]  eta: 0:52:56  tlr: 7.7e-05  tnm: 0.00  Lm: 6.479 (6.479)  Lt: 5.798 (5.798)  Accm: 3.60 (3.60)  Acct: 5.72 (5.72)  TaskL: 6.4793 (6.4793)  DistillL: 228.5746 (228.5746)  TotalL: 235.0539 (235.0539)  time: 0.8548  data: 0.2509
[11-03 03:13:36] (/VAR_train/utils/misc.py, line 314)=> [Ep]: [   6/20]  [2473/4947]  eta: 0:35:20  tlr: 7.6e-05  tnm: 0.00  Lm: 6.509 (6.490)  Lt: 5.785 (5.794)  Accm: 3.36 (3.51)  Acct: 5.66 (5.70)  TaskL: 6.5094 (6.4896)  DistillL: 227.3181 (228.1558)  TotalL: 233.8283 (234.6454)  time: 0.8739  data: 0.2539
[11-03 03:31:15] (/VAR_train/utils/misc.py, line 314)=> [Ep]: [   6/20]  [3709/4947]  eta: 0:17:41  tlr: 7.5e-05  tnm: 0.00  Lm: 6.504 (6.492)  Lt: 5.773 (5.782)  Accm: 3.43 (3.51)  Acct: 5.69 (5.70)  TaskL: 6.5041 (6.4919)  DistillL: 219.3827 (223.9787)  TotalL: 225.8872 (230.4706)  time: 0.8497  data: 0.2422
[11-03 03:48:57] (/VAR_train/utils/misc.py, line 314)=> [Ep]: [   6/20]  [4946/4947]  eta: 0:00:00  tlr: 7.4e-05  tnm: 0.00  Lm: 6.500 (6.494)  Lt: 5.781 (5.782)  Accm: 3.41 (3.49)  Acct: 5.69 (5.70)  TaskL: 6.5001 (6.4935)  DistillL: 211.4474 (219.9143)  TotalL: 217.9461 (226.4078)  time: 0.8607  data: 0.2432
[11-03 03:48:57] (/VAR_train/utils/misc.py, line 336)=> [Ep]: [   6/20]   Total time:      1:10:41   (0.857 s / it)
[11-03 03:48:57] (distill/train_distill.py, line 361)=>      [ep6]  (training )  Lm: 6.461 (6.461), Lt: 5.763 (5.763),  Acc m&t: 3.58 5.72,  Remain: 15:22:21,  Finish: 2025-11-03 19:11
[11-03 03:48:58] (/VAR_train/utils/misc.py, line 314)=> [Ep]: [   7/20]  [   0/4947]  eta: 1:08:18  tlr: 7.4e-05  tnm: 0.00  Lm: 6.502 (6.502)  Lt: 5.887 (5.887)  Accm: 3.35 (3.35)  Acct: 4.69 (4.69)  TaskL: 6.5024 (6.5024)  DistillL: 198.6389 (198.6389)  TotalL: 205.1414 (205.1414)  time: 0.8286  data: 0.2502
[11-03 04:06:37] (/VAR_train/utils/misc.py, line 314)=> [Ep]: [   7/20]  [1236/4947]  eta: 0:52:58  tlr: 7.2e-05  tnm: 0.00  Lm: 6.515 (6.515)  Lt: 5.839 (5.839)  Accm: 3.42 (3.42)  Acct: 5.17 (5.17)  TaskL: 6.5146 (6.5146)  DistillL: 206.0976 (206.0976)  TotalL: 212.6122 (212.6122)  time: 0.8490  data: 0.2426
[11-03 04:24:16] (/VAR_train/utils/misc.py, line 314)=> [Ep]: [   7/20]  [2473/4947]  eta: 0:35:18  tlr: 7.1e-05  tnm: 0.00  Lm: 6.502 (6.488)  Lt: 5.791 (5.782)  Accm: 3.48 (3.47)  Acct: 5.65 (5.43)  TaskL: 6.5024 (6.4879)  DistillL: 213.5562 (211.5428)  TotalL: 220.0831 (218.0308)  time: 0.8557  data: 0.2477
[11-03 04:41:57] (/VAR_train/utils/misc.py, line 314)=> [Ep]: [   7/20]  [3709/4947]  eta: 0:17:41  tlr: 7e-05  tnm: 0.00  Lm: 6.488 (6.484)  Lt: 5.802 (5.790)  Accm: 3.43 (3.45)  Acct: 5.54 (5.43)  TaskL: 6.4880 (6.4843)  DistillL: 209.6153 (210.0757)  TotalL: 216.1155 (216.5601)  time: 0.8373  data: 0.2470
[11-03 04:59:34] (/VAR_train/utils/misc.py, line 314)=> [Ep]: [   7/20]  [4946/4947]  eta: 0:00:00  tlr: 6.9e-05  tnm: 0.00  Lm: 6.474 (6.449)  Lt: 5.791 (5.770)  Accm: 3.48 (3.65)  Acct: 5.65 (5.59)  TaskL: 6.4735 (6.4488)  DistillL: 213.5562 (211.0709)  TotalL: 220.0831 (217.5197)  time: 0.8467  data: 0.2492
[11-03 04:59:34] (/VAR_train/utils/misc.py, line 336)=> [Ep]: [   7/20]   Total time:      1:10:37   (0.857 s / it)
[11-03 04:59:34] (distill/train_distill.py, line 361)=>      [ep7]  (training )  Lm: 6.438 (6.438), Lt: 5.750 (5.750),  Acc m&t: 3.65 5.72,  Remain: 14:00:31,  Finish: 2025-11-03 19:00
[11-03 04:59:35] (/VAR_train/utils/misc.py, line 314)=> [Ep]: [   8/20]  [   0/4947]  eta: 1:14:53  tlr: 6.9e-05  tnm: 0.00  Lm: 6.426 (6.426)  Lt: 5.728 (5.728)  Accm: 3.53 (3.53)  Acct: 5.56 (5.56)  TaskL: 6.4257 (6.4257)  DistillL: 249.4401 (249.4401)  TotalL: 255.8658 (255.8658)  time: 0.9083  data: 0.2503
[11-03 05:17:16] (/VAR_train/utils/misc.py, line 314)=> [Ep]: [   8/20]  [1236/4947]  eta: 0:53:04  tlr: 6.8e-05  tnm: 0.00  Lm: 6.423 (6.423)  Lt: 5.721 (5.721)  Accm: 3.69 (3.69)  Acct: 5.77 (5.77)  TaskL: 6.4234 (6.4234)  DistillL: 236.3851 (236.3851)  TotalL: 242.8085 (242.8085)  time: 0.8600  data: 0.2465
[11-03 05:34:56] (/VAR_train/utils/misc.py, line 314)=> [Ep]: [   8/20]  [2473/4947]  eta: 0:35:21  tlr: 6.6e-05  tnm: 0.00  Lm: 6.421 (6.414)  Lt: 5.728 (5.728)  Accm: 3.76 (3.71)  Acct: 5.79 (5.78)  TaskL: 6.4211 (6.4145)  DistillL: 237.7570 (236.8424)  TotalL: 244.1536 (243.2569)  time: 0.8716  data: 0.2502
[11-03 05:52:35] (/VAR_train/utils/misc.py, line 314)=> [Ep]: [   8/20]  [3709/4947]  eta: 0:17:41  tlr: 6.5e-05  tnm: 0.00  Lm: 6.423 (6.425)  Lt: 5.721 (5.725)  Accm: 3.64 (3.66)  Acct: 5.86 (5.82)  TaskL: 6.4234 (6.4245)  DistillL: 230.5436 (228.3525)  TotalL: 236.9524 (234.7770)  time: 0.8617  data: 0.2531
[11-03 06:10:15] (/VAR_train/utils/misc.py, line 314)=> [Ep]: [   8/20]  [4946/4947]  eta: 0:00:00  tlr: 6.4e-05  tnm: 0.00  Lm: 6.425 (6.425)  Lt: 5.728 (5.735)  Accm: 3.74 (3.68)  Acct: 5.90 (5.83)  TaskL: 6.4248 (6.4246)  DistillL: 223.3301 (223.8981)  TotalL: 229.7511 (230.3227)  time: 0.8445  data: 0.2438
[11-03 06:10:15] (/VAR_train/utils/misc.py, line 336)=> [Ep]: [   8/20]   Total time:      1:10:40   (0.857 s / it)
[11-03 06:12:40] (/distillation_trainer.py, line 334)=> [验证蒸馏] 蒸馏损失: 166.3371, Logits相似度: 0.1956
[11-03 06:12:40] (distill/train_distill.py, line 332)=>  [*] [ep8]  (val 50000)  Lm: 6.4419, Lt: 5.7556, Acc m&t: 3.67 5.73,  Val cost: 144.85s
[11-03 06:12:40] (distill/train_distill.py, line 340)=> [saving ckpt] ep9 ...     [saving ckpt](*) finished!  @ /home/project/real_prune/VAR_train/train_result/fix_distill_d16_normal_256/ar-ckpt-ep009.pth (best)
[11-03 06:12:47] (distill/train_distill.py, line 361)=>      [ep8]  (training )  Lm: 6.438 (6.442), Lt: 5.750 (5.756),  Acc m&t: 3.67 5.73,  Remain: 12:38:14,  Finish: 2025-11-03 18:48
[11-03 06:12:48] (/VAR_train/utils/misc.py, line 314)=> [Ep]: [   9/20]  [   0/4947]  eta: 1:18:05  tlr: 6.4e-05  tnm: 0.00  Lm: 6.430 (6.430)  Lt: 5.739 (5.739)  Accm: 3.53 (3.53)  Acct: 5.50 (5.50)  TaskL: 6.4296 (6.4296)  DistillL: 231.9090 (231.9090)  TotalL: 238.3385 (238.3385)  time: 0.9472  data: 0.2565
[11-03 06:30:26] (/VAR_train/utils/misc.py, line 314)=> [Ep]: [   9/20]  [1236/4947]  eta: 0:52:55  tlr: 6.3e-05  tnm: 0.00  Lm: 6.469 (6.469)  Lt: 5.801 (5.801)  Accm: 3.43 (3.43)  Acct: 5.24 (5.24)  TaskL: 6.4689 (6.4689)  DistillL: 221.3236 (221.3236)  TotalL: 227.7925 (227.7925)  time: 0.8583  data: 0.2397
[11-03 06:48:04] (/VAR_train/utils/misc.py, line 314)=> [Ep]: [   9/20]  [2473/4947]  eta: 0:35:16  tlr: 6.1e-05  tnm: 0.00  Lm: 6.430 (6.452)  Lt: 5.814 (5.805)  Accm: 3.53 (3.49)  Acct: 5.50 (5.34)  TaskL: 6.4296 (6.4519)  DistillL: 210.7383 (214.8258)  TotalL: 217.2465 (221.2777)  time: 0.8395  data: 0.2477
[11-03 07:05:45] (/VAR_train/utils/misc.py, line 314)=> [Ep]: [   9/20]  [3709/4947]  eta: 0:17:40  tlr: 6e-05  tnm: 0.00  Lm: 6.438 (6.451)  Lt: 5.793 (5.797)  Accm: 3.57 (3.59)  Acct: 5.53 (5.46)  TaskL: 6.4380 (6.4505)  DistillL: 216.9552 (216.9124)  TotalL: 223.4325 (223.3629)  time: 0.8595  data: 0.2439
[11-03 07:23:24] (/VAR_train/utils/misc.py, line 314)=> [Ep]: [   9/20]  [4946/4947]  eta: 0:00:00  tlr: 5.9e-05  tnm: 0.00  Lm: 6.446 (6.458)  Lt: 5.778 (5.793)  Accm: 3.56 (3.58)  Acct: 5.55 (5.49)  TaskL: 6.4464 (6.4585)  DistillL: 210.7383 (214.2368)  TotalL: 217.2465 (220.6953)  time: 0.8532  data: 0.2469
[11-03 07:23:24] (/VAR_train/utils/misc.py, line 336)=> [Ep]: [   9/20]   Total time:      1:10:36   (0.856 s / it)
[11-03 07:23:24] (distill/train_distill.py, line 361)=>      [ep9]  (training )  Lm: 6.438 (6.442), Lt: 5.743 (5.743),  Acc m&t: 3.68 5.87,  Remain: 11:35:02,  Finish: 2025-11-03 18:58
[11-03 07:23:25] (/VAR_train/utils/misc.py, line 314)=> [Ep]: [  10/20]  [   0/4947]  eta: 1:28:17  tlr: 5.9e-05  tnm: 0.00  Lm: 6.353 (6.353)  Lt: 5.683 (5.683)  Accm: 3.95 (3.95)  Acct: 5.90 (5.90)  TaskL: 6.3528 (6.3528)  DistillL: 202.3443 (202.3443)  TotalL: 208.6971 (208.6971)  time: 1.0709  data: 0.5157
[11-03 07:41:00] (/VAR_train/utils/misc.py, line 314)=> [Ep]: [  10/20]  [1236/4947]  eta: 0:52:48  tlr: 5.8e-05  tnm: 0.00  Lm: 6.326 (6.326)  Lt: 5.669 (5.669)  Accm: 4.29 (4.29)  Acct: 6.30 (6.30)  TaskL: 6.3259 (6.3259)  DistillL: 218.1882 (218.1882)  TotalL: 224.5142 (224.5142)  time: 0.8681  data: 0.2437
[11-03 07:58:39] (/VAR_train/utils/misc.py, line 314)=> [Ep]: [  10/20]  [2473/4947]  eta: 0:35:15  tlr: 5.7e-05  tnm: 0.00  Lm: 6.353 (6.386)  Lt: 5.683 (5.700)  Accm: 3.95 (3.98)  Acct: 5.90 (6.15)  TaskL: 6.3528 (6.3864)  DistillL: 234.0322 (229.3974)  TotalL: 240.3313 (235.7838)  time: 0.8502  data: 0.2352
[11-03 08:16:18] (/VAR_train/utils/misc.py, line 314)=> [Ep]: [  10/20]  [3709/4947]  eta: 0:17:39  tlr: 5.5e-05  tnm: 0.00  Lm: 6.386 (6.394)  Lt: 5.721 (5.714)  Accm: 3.88 (3.93)  Acct: 5.94 (6.11)  TaskL: 6.3856 (6.3944)  DistillL: 224.3277 (225.7038)  TotalL: 230.6864 (232.0982)  time: 0.8389  data: 0.2447
[11-03 08:34:01] (/VAR_train/utils/misc.py, line 314)=> [Ep]: [  10/20]  [4946/4947]  eta: 0:00:00  tlr: 5.4e-05  tnm: 0.00  Lm: 6.418 (6.404)  Lt: 5.683 (5.704)  Accm: 3.80 (3.86)  Acct: 5.93 (6.07)  TaskL: 6.4183 (6.4038)  DistillL: 214.6233 (222.0270)  TotalL: 221.0415 (228.4309)  time: 0.8577  data: 0.2388
[11-03 08:34:01] (/VAR_train/utils/misc.py, line 336)=> [Ep]: [  10/20]   Total time:      1:10:36   (0.856 s / it)
[11-03 08:34:01] (distill/train_distill.py, line 361)=>      [ep10]  (training )  Lm: 6.438 (6.452), Lt: 5.743 (5.757),  Acc m&t: 3.68 5.87,  Remain: 10:36:55,  Finish: 2025-11-03 19:10
[11-03 08:34:01] (/VAR_train/utils/misc.py, line 314)=> [Ep]: [  11/20]  [   0/4947]  eta: 1:09:00  tlr: 5.4e-05  tnm: 0.00  Lm: 6.553 (6.553)  Lt: 5.833 (5.833)  Accm: 2.96 (2.96)  Acct: 5.35 (5.35)  TaskL: 6.5533 (6.5533)  DistillL: 179.8928 (179.8928)  TotalL: 186.4461 (186.4461)  time: 0.8371  data: 0.2810
[11-03 08:51:42] (/VAR_train/utils/misc.py, line 314)=> [Ep]: [  11/20]  [1236/4947]  eta: 0:53:03  tlr: 5.3e-05  tnm: 0.00  Lm: 6.462 (6.462)  Lt: 5.778 (5.778)  Accm: 3.52 (3.52)  Acct: 5.77 (5.77)  TaskL: 6.4618 (6.4618)  DistillL: 191.8812 (191.8812)  TotalL: 198.3430 (198.3430)  time: 0.8540  data: 0.2510
[11-03 09:09:18] (/VAR_train/utils/misc.py, line 314)=> [Ep]: [  11/20]  [2473/4947]  eta: 0:35:17  tlr: 5.2e-05  tnm: 0.00  Lm: 6.373 (6.432)  Lt: 5.722 (5.720)  Accm: 3.70 (3.58)  Acct: 6.20 (5.96)  TaskL: 6.3731 (6.4322)  DistillL: 203.8697 (198.6996)  TotalL: 210.2399 (205.1318)  time: 0.8476  data: 0.2443
[11-03 09:26:58] (/VAR_train/utils/misc.py, line 314)=> [Ep]: [  11/20]  [3709/4947]  eta: 0:17:40  tlr: 5e-05  tnm: 0.00  Lm: 6.444 (6.453)  Lt: 5.745 (5.732)  Accm: 3.64 (3.58)  Acct: 5.83 (5.84)  TaskL: 6.4438 (6.4528)  DistillL: 196.8379 (196.4762)  TotalL: 203.2804 (202.9290)  time: 0.8637  data: 0.2616
[11-03 09:44:37] (/VAR_train/utils/misc.py, line 314)=> [Ep]: [  11/20]  [4946/4947]  eta: 0:00:00  tlr: 4.9e-05  tnm: 0.00  Lm: 6.412 (6.445)  Lt: 5.755 (5.737)  Accm: 3.70 (3.62)  Acct: 5.93 (5.86)  TaskL: 6.4117 (6.4446)  DistillL: 190.5364 (195.2883)  TotalL: 196.9481 (201.7329)  time: 0.8551  data: 0.2364
[11-03 09:44:37] (/VAR_train/utils/misc.py, line 336)=> [Ep]: [  11/20]   Total time:      1:10:36   (0.856 s / it)
[11-03 09:47:02] (/distillation_trainer.py, line 334)=> [验证蒸馏] 蒸馏损失: 157.8367, Logits相似度: 0.1954
[11-03 09:47:02] (distill/train_distill.py, line 332)=>  [*] [ep11]  (val 50000)  Lm: 6.4228, Lt: 5.7210, Acc m&t: 3.74 5.95,  Val cost: 145.06s
[11-03 09:47:02] (distill/train_distill.py, line 340)=> [saving ckpt] ep12 ...     [saving ckpt](*) finished!  @ /home/project/real_prune/VAR_train/train_result/fix_distill_d16_normal_256/ar-ckpt-ep012.pth (best)
[11-03 09:47:09] (distill/train_distill.py, line 361)=>      [ep11]  (training )  Lm: 6.423 (6.423), Lt: 5.721 (5.721),  Acc m&t: 3.74 5.95,  Remain: 9:10:02,  Finish: 2025-11-03 18:54
[11-03 09:47:10] (/VAR_train/utils/misc.py, line 314)=> [Ep]: [  12/20]  [   0/4947]  eta: 1:08:08  tlr: 4.9e-05  tnm: 0.00  Lm: 6.382 (6.382)  Lt: 5.663 (5.663)  Accm: 4.28 (4.28)  Acct: 6.63 (6.63)  TaskL: 6.3817 (6.3817)  DistillL: 192.2237 (192.2237)  TotalL: 198.6054 (198.6054)  time: 0.8265  data: 0.2436
[11-03 10:04:48] (/VAR_train/utils/misc.py, line 314)=> [Ep]: [  12/20]  [1236/4947]  eta: 0:52:57  tlr: 4.8e-05  tnm: 0.00  Lm: 6.414 (6.414)  Lt: 5.683 (5.683)  Accm: 3.93 (3.93)  Acct: 6.29 (6.29)  TaskL: 6.4139 (6.4139)  DistillL: 192.5284 (192.5284)  TotalL: 198.9423 (198.9423)  time: 0.8534  data: 0.2443
[11-03 10:22:28] (/VAR_train/utils/misc.py, line 314)=> [Ep]: [  12/20]  [2473/4947]  eta: 0:35:18  tlr: 4.7e-05  tnm: 0.00  Lm: 6.446 (6.434)  Lt: 5.670 (5.678)  Accm: 3.58 (3.81)  Acct: 6.23 (6.27)  TaskL: 6.4460 (6.4344)  DistillL: 192.8331 (193.4786)  TotalL: 199.2791 (199.9130)  time: 0.8570  data: 0.2540
[11-03 10:40:05] (/VAR_train/utils/misc.py, line 314)=> [Ep]: [  12/20]  [3709/4947]  eta: 0:17:39  tlr: 4.6e-05  tnm: 0.00  Lm: 6.415 (6.422)  Lt: 5.686 (5.703)  Accm: 3.62 (3.77)  Acct: 6.09 (6.08)  TaskL: 6.4149 (6.4217)  DistillL: 194.1061 (196.0904)  TotalL: 200.5668 (202.5121)  time: 0.8491  data: 0.2472
[11-03 10:57:46] (/VAR_train/utils/misc.py, line 314)=> [Ep]: [  12/20]  [4946/4947]  eta: 0:00:00  tlr: 4.4e-05  tnm: 0.00  Lm: 6.446 (6.430)  Lt: 5.703 (5.712)  Accm: 3.67 (3.75)  Acct: 5.94 (6.02)  TaskL: 6.4460 (6.4297)  DistillL: 195.3791 (198.9756)  TotalL: 201.8545 (205.4052)  time: 0.8534  data: 0.2472
[11-03 10:57:46] (/VAR_train/utils/misc.py, line 336)=> [Ep]: [  12/20]   Total time:      1:10:37   (0.856 s / it)
[11-03 10:57:46] (distill/train_distill.py, line 361)=>      [ep12]  (training )  Lm: 6.423 (6.440), Lt: 5.721 (5.735),  Acc m&t: 3.74 5.95,  Remain: 8:14:17,  Finish: 2025-11-03 19:12
[11-03 10:57:47] (/VAR_train/utils/misc.py, line 314)=> [Ep]: [  13/20]  [   0/4947]  eta: 1:15:20  tlr: 4.4e-05  tnm: 0.00  Lm: 6.411 (6.411)  Lt: 5.699 (5.699)  Accm: 3.72 (3.72)  Acct: 5.98 (5.98)  TaskL: 6.4106 (6.4106)  DistillL: 195.3645 (195.3645)  TotalL: 201.7752 (201.7752)  time: 0.9139  data: 0.3584
[11-03 11:15:27] (/VAR_train/utils/misc.py, line 314)=> [Ep]: [  13/20]  [1236/4947]  eta: 0:53:00  tlr: 4.3e-05  tnm: 0.00  Lm: 6.401 (6.401)  Lt: 5.647 (5.647)  Accm: 3.85 (3.85)  Acct: 6.17 (6.17)  TaskL: 6.4011 (6.4011)  DistillL: 200.8921 (200.8921)  TotalL: 207.2933 (207.2933)  time: 0.8527  data: 0.2464
[11-03 11:33:05] (/VAR_train/utils/misc.py, line 314)=> [Ep]: [  13/20]  [2473/4947]  eta: 0:35:18  tlr: 4.2e-05  tnm: 0.00  Lm: 6.392 (6.385)  Lt: 5.699 (5.676)  Accm: 3.97 (3.94)  Acct: 5.98 (5.98)  TaskL: 6.3916 (6.3851)  DistillL: 206.4198 (204.0608)  TotalL: 212.8113 (210.4460)  time: 0.8479  data: 0.2399
[11-03 11:50:45] (/VAR_train/utils/misc.py, line 314)=> [Ep]: [  13/20]  [3709/4947]  eta: 0:17:40  tlr: 4.1e-05  tnm: 0.00  Lm: 6.401 (6.421)  Lt: 5.716 (5.724)  Accm: 3.85 (3.74)  Acct: 5.78 (5.74)  TaskL: 6.4011 (6.4205)  DistillL: 200.8921 (198.1125)  TotalL: 207.2933 (204.5330)  time: 0.8538  data: 0.2489
[11-03 12:08:27] (/VAR_train/utils/misc.py, line 314)=> [Ep]: [  13/20]  [4946/4947]  eta: 0:00:00  tlr: 3.9e-05  tnm: 0.00  Lm: 6.411 (6.439)  Lt: 5.733 (5.729)  Accm: 3.72 (3.66)  Acct: 5.70 (5.73)  TaskL: 6.4106 (6.4387)  DistillL: 195.3645 (195.5029)  TotalL: 201.7752 (201.9416)  time: 0.8665  data: 0.2462
[11-03 12:08:27] (/VAR_train/utils/misc.py, line 336)=> [Ep]: [  13/20]   Total time:      1:10:40   (0.857 s / it)
[11-03 12:08:27] (distill/train_distill.py, line 361)=>      [ep13]  (training )  Lm: 6.423 (6.437), Lt: 5.721 (5.731),  Acc m&t: 3.74 5.95,  Remain: 7:02:32,  Finish: 2025-11-03 19:10
[11-03 12:08:27] (/VAR_train/utils/misc.py, line 314)=> [Ep]: [  14/20]  [   0/4947]  eta: 1:07:49  tlr: 3.9e-05  tnm: 0.00  Lm: 6.512 (6.512)  Lt: 5.812 (5.812)  Accm: 3.24 (3.24)  Acct: 5.17 (5.17)  TaskL: 6.5119 (6.5119)  DistillL: 177.6335 (177.6335)  TotalL: 184.1454 (184.1454)  time: 0.8225  data: 0.2448
[11-03 12:26:04] (/VAR_train/utils/misc.py, line 314)=> [Ep]: [  14/20]  [1236/4947]  eta: 0:52:53  tlr: 3.8e-05  tnm: 0.00  Lm: 6.511 (6.511)  Lt: 5.790 (5.790)  Accm: 3.20 (3.20)  Acct: 5.24 (5.24)  TaskL: 6.5113 (6.5113)  DistillL: 177.7964 (177.7964)  TotalL: 184.3077 (184.3077)  time: 0.8545  data: 0.2497
[11-03 12:43:45] (/VAR_train/utils/misc.py, line 314)=> [Ep]: [  14/20]  [2473/4947]  eta: 0:35:18  tlr: 3.7e-05  tnm: 0.00  Lm: 6.512 (6.512)  Lt: 5.812 (5.801)  Accm: 3.24 (3.25)  Acct: 5.30 (5.31)  TaskL: 6.5119 (6.5122)  DistillL: 177.9594 (179.7081)  TotalL: 184.4701 (186.2204)  time: 0.8511  data: 0.2456
[11-03 13:01:26] (/VAR_train/utils/misc.py, line 314)=> [Ep]: [  14/20]  [3709/4947]  eta: 0:17:40  tlr: 3.6e-05  tnm: 0.00  Lm: 6.511 (6.499)  Lt: 5.790 (5.784)  Accm: 3.29 (3.32)  Acct: 5.38 (5.44)  TaskL: 6.5113 (6.4992)  DistillL: 180.7454 (183.9639)  TotalL: 187.2578 (190.4632)  time: 0.8667  data: 0.2479
[11-03 13:19:04] (/VAR_train/utils/misc.py, line 314)=> [Ep]: [  14/20]  [4946/4947]  eta: 0:00:00  tlr: 3.5e-05  tnm: 0.00  Lm: 6.511 (6.484)  Lt: 5.769 (5.773)  Accm: 3.35 (3.35)  Acct: 5.46 (5.49)  TaskL: 6.5107 (6.4840)  DistillL: 183.5315 (187.2645)  TotalL: 190.0456 (193.7485)  time: 0.8475  data: 0.2493
[11-03 13:19:04] (/VAR_train/utils/misc.py, line 336)=> [Ep]: [  14/20]   Total time:      1:10:37   (0.857 s / it)
[11-03 13:21:30] (/distillation_trainer.py, line 334)=> [验证蒸馏] 蒸馏损失: 150.4858, Logits相似度: 0.1955
[11-03 13:21:30] (distill/train_distill.py, line 332)=>  [*] [ep14]  (val 50000)  Lm: 6.4616, Lt: 5.7697, Acc m&t: 3.56 5.65,  Val cost: 144.98s
[11-03 13:21:30] (distill/train_distill.py, line 340)=> [saving ckpt] ep15 ...     [saving ckpt](*) finished!  @ /home/project/real_prune/VAR_train/train_result/fix_distill_d16_normal_256/ar-ckpt-ep015.pth (best)
[11-03 13:21:37] (distill/train_distill.py, line 361)=>      [ep14]  (training )  Lm: 6.423 (6.462), Lt: 5.721 (5.770),  Acc m&t: 3.74 5.95,  Remain: 5:46:15,  Finish: 2025-11-03 19:05
[11-03 13:21:38] (/VAR_train/utils/misc.py, line 314)=> [Ep]: [  15/20]  [   0/4947]  eta: 1:14:38  tlr: 3.5e-05  tnm: 0.00  Lm: 6.369 (6.369)  Lt: 5.701 (5.701)  Accm: 3.78 (3.78)  Acct: 5.76 (5.76)  TaskL: 6.3688 (6.3688)  DistillL: 220.5612 (220.5612)  TotalL: 226.9300 (226.9300)  time: 0.9053  data: 0.2472
[11-03 13:39:15] (/VAR_train/utils/misc.py, line 314)=> [Ep]: [  15/20]  [1236/4947]  eta: 0:52:53  tlr: 3.3e-05  tnm: 0.00  Lm: 6.339 (6.339)  Lt: 5.633 (5.633)  Accm: 3.98 (3.98)  Acct: 6.18 (6.18)  TaskL: 6.3391 (6.3391)  DistillL: 217.7419 (217.7419)  TotalL: 224.0810 (224.0810)  time: 0.8577  data: 0.2625
[11-03 13:56:54] (/VAR_train/utils/misc.py, line 314)=> [Ep]: [  15/20]  [2473/4947]  eta: 0:35:17  tlr: 3.2e-05  tnm: 0.00  Lm: 6.369 (6.361)  Lt: 5.696 (5.654)  Accm: 4.06 (4.01)  Acct: 6.21 (6.19)  TaskL: 6.3688 (6.3610)  DistillL: 214.9226 (208.0727)  TotalL: 221.2320 (214.4337)  time: 0.8600  data: 0.2473
[11-03 14:14:35] (/VAR_train/utils/misc.py, line 314)=> [Ep]: [  15/20]  [3709/4947]  eta: 0:17:40  tlr: 3.1e-05  tnm: 0.00  Lm: 6.387 (6.378)  Lt: 5.699 (5.670)  Accm: 3.92 (3.93)  Acct: 6.07 (6.12)  TaskL: 6.3868 (6.3777)  DistillL: 209.9752 (207.3115)  TotalL: 216.3438 (213.6892)  time: 0.8639  data: 0.2447
[11-03 14:32:14] (/VAR_train/utils/misc.py, line 314)=> [Ep]: [  15/20]  [4946/4947]  eta: 0:00:00  tlr: 3e-05  tnm: 0.00  Lm: 6.405 (6.393)  Lt: 5.696 (5.667)  Accm: 3.78 (3.87)  Acct: 6.19 (6.14)  TaskL: 6.4048 (6.3927)  DistillL: 205.0279 (205.2680)  TotalL: 211.4557 (211.6608)  time: 0.8847  data: 0.2434
[11-03 14:32:14] (/VAR_train/utils/misc.py, line 336)=> [Ep]: [  15/20]   Total time:      1:10:36   (0.856 s / it)
[11-03 14:32:14] (distill/train_distill.py, line 361)=>      [ep15]  (training )  Lm: 6.420 (6.420), Lt: 5.719 (5.719),  Acc m&t: 3.74 5.96,  Remain: 4:50:50,  Finish: 2025-11-03 19:23
[11-03 14:32:14] (/VAR_train/utils/misc.py, line 314)=> [Ep]: [  16/20]  [   0/4947]  eta: 1:09:37  tlr: 3e-05  tnm: 0.00  Lm: 6.368 (6.368)  Lt: 5.727 (5.727)  Accm: 4.02 (4.02)  Acct: 5.69 (5.69)  TaskL: 6.3677 (6.3677)  DistillL: 202.0425 (202.0425)  TotalL: 208.4102 (208.4102)  time: 0.8445  data: 0.2614
[11-03 14:49:52] (/VAR_train/utils/misc.py, line 314)=> [Ep]: [  16/20]  [1236/4947]  eta: 0:52:55  tlr: 2.8e-05  tnm: 0.00  Lm: 6.396 (6.396)  Lt: 5.752 (5.752)  Accm: 4.02 (4.02)  Acct: 5.75 (5.75)  TaskL: 6.3956 (6.3956)  DistillL: 203.1382 (203.1382)  TotalL: 209.5338 (209.5338)  time: 0.8610  data: 0.2575
[11-03 15:07:35] (/VAR_train/utils/misc.py, line 314)=> [Ep]: [  16/20]  [2473/4947]  eta: 0:35:21  tlr: 2.7e-05  tnm: 0.00  Lm: 6.424 (6.423)  Lt: 5.751 (5.751)  Accm: 4.01 (3.91)  Acct: 5.81 (5.88)  TaskL: 6.4235 (6.4227)  DistillL: 202.0425 (197.4849)  TotalL: 208.4102 (203.9076)  time: 0.8691  data: 0.2554
[11-03 15:25:12] (/VAR_train/utils/misc.py, line 314)=> [Ep]: [  16/20]  [3709/4947]  eta: 0:17:40  tlr: 2.6e-05  tnm: 0.00  Lm: 6.442 (6.432)  Lt: 5.764 (5.759)  Accm: 3.86 (3.84)  Acct: 5.75 (5.83)  TaskL: 6.4421 (6.4322)  DistillL: 194.1103 (192.3941)  TotalL: 200.5326 (198.8263)  time: 0.8519  data: 0.2495
[11-03 15:42:53] (/VAR_train/utils/misc.py, line 314)=> [Ep]: [  16/20]  [4946/4947]  eta: 0:00:00  tlr: 2.5e-05  tnm: 0.00  Lm: 6.424 (6.430)  Lt: 5.751 (5.734)  Accm: 3.81 (3.84)  Acct: 5.81 (5.90)  TaskL: 6.4235 (6.4297)  DistillL: 187.3293 (191.3811)  TotalL: 193.7490 (197.8108)  time: 0.8547  data: 0.2452
[11-03 15:42:53] (/VAR_train/utils/misc.py, line 336)=> [Ep]: [  16/20]   Total time:      1:10:39   (0.857 s / it)
[11-03 15:42:53] (distill/train_distill.py, line 361)=>      [ep16]  (training )  Lm: 6.420 (6.425), Lt: 5.719 (5.722),  Acc m&t: 3.74 5.96,  Remain: 3:32:02,  Finish: 2025-11-03 19:14
[11-03 15:42:54] (/VAR_train/utils/misc.py, line 314)=> [Ep]: [  17/20]  [   0/4947]  eta: 1:09:52  tlr: 2.5e-05  tnm: 0.00  Lm: 6.484 (6.484)  Lt: 5.815 (5.815)  Accm: 3.57 (3.57)  Acct: 5.85 (5.85)  TaskL: 6.4839 (6.4839)  DistillL: 198.4275 (198.4275)  TotalL: 204.9113 (204.9113)  time: 0.8475  data: 0.2638
[11-03 16:00:35] (/VAR_train/utils/misc.py, line 314)=> [Ep]: [  17/20]  [1236/4947]  eta: 0:53:05  tlr: 2.4e-05  tnm: 0.00  Lm: 6.436 (6.436)  Lt: 5.743 (5.743)  Accm: 3.71 (3.71)  Acct: 5.89 (5.89)  TaskL: 6.4362 (6.4362)  DistillL: 190.7354 (190.7354)  TotalL: 197.1716 (197.1716)  time: 0.8656  data: 0.2579
[11-03 16:18:13] (/VAR_train/utils/misc.py, line 314)=> [Ep]: [  17/20]  [2473/4947]  eta: 0:35:19  tlr: 2.2e-05  tnm: 0.00  Lm: 6.457 (6.443)  Lt: 5.733 (5.740)  Accm: 3.62 (3.68)  Acct: 5.93 (5.97)  TaskL: 6.4568 (6.4431)  DistillL: 198.4275 (195.2969)  TotalL: 204.9113 (201.7400)  time: 0.8400  data: 0.2510
[11-03 16:35:52] (/VAR_train/utils/misc.py, line 314)=> [Ep]: [  17/20]  [3709/4947]  eta: 0:17:40  tlr: 2.1e-05  tnm: 0.00  Lm: 6.470 (6.457)  Lt: 5.748 (5.746)  Accm: 3.59 (3.63)  Acct: 5.92 (5.96)  TaskL: 6.4704 (6.4572)  DistillL: 190.7354 (187.3117)  TotalL: 197.1716 (193.7689)  time: 0.8641  data: 0.2649
[11-03 16:53:29] (/VAR_train/utils/misc.py, line 314)=> [Ep]: [  17/20]  [4946/4947]  eta: 0:00:00  tlr: 2e-05  tnm: 0.00  Lm: 6.457 (6.451)  Lt: 5.733 (5.743)  Accm: 3.62 (3.67)  Acct: 5.93 (6.01)  TaskL: 6.4568 (6.4512)  DistillL: 189.2079 (187.6909)  TotalL: 195.6347 (194.1421)  time: 0.8371  data: 0.2362
[11-03 16:53:29] (/VAR_train/utils/misc.py, line 336)=> [Ep]: [  17/20]   Total time:      1:10:36   (0.856 s / it)
[11-03 16:55:55] (/distillation_trainer.py, line 334)=> [验证蒸馏] 蒸馏损失: 144.7954, Logits相似度: 0.1957
[11-03 16:55:55] (distill/train_distill.py, line 332)=>  [*] [ep17]  (val 50000)  Lm: 6.4028, Lt: 5.7054, Acc m&t: 3.80 5.92,  Val cost: 145.35s
[11-03 16:55:55] (distill/train_distill.py, line 340)=> [saving ckpt] ep18 ...     [saving ckpt](*) finished!  @ /home/project/real_prune/VAR_train/train_result/fix_distill_d16_normal_256/ar-ckpt-ep018.pth (best)
[11-03 16:56:02] (distill/train_distill.py, line 361)=>      [ep17]  (training )  Lm: 6.403 (6.403), Lt: 5.705 (5.705),  Acc m&t: 3.80 5.96,  Remain: 2:16:53,  Finish: 2025-11-03 19:10
[11-03 16:56:03] (/VAR_train/utils/misc.py, line 314)=> [Ep]: [  18/20]  [   0/4947]  eta: 1:16:03  tlr: 2e-05  tnm: 0.00  Lm: 6.458 (6.458)  Lt: 5.780 (5.780)  Accm: 3.56 (3.56)  Acct: 5.91 (5.91)  TaskL: 6.4576 (6.4576)  DistillL: 173.3356 (173.3356)  TotalL: 179.7932 (179.7932)  time: 0.9226  data: 0.2533
[11-03 17:13:41] (/VAR_train/utils/misc.py, line 314)=> [Ep]: [  18/20]  [1236/4947]  eta: 0:52:57  tlr: 1.9e-05  tnm: 0.00  Lm: 6.451 (6.451)  Lt: 5.754 (5.754)  Accm: 3.61 (3.61)  Acct: 5.91 (5.91)  TaskL: 6.4512 (6.4512)  DistillL: 176.2732 (176.2732)  TotalL: 182.7244 (182.7244)  time: 0.8568  data: 0.2460
[11-03 17:31:20] (/VAR_train/utils/misc.py, line 314)=> [Ep]: [  18/20]  [2473/4947]  eta: 0:35:18  tlr: 1.7e-05  tnm: 0.00  Lm: 6.458 (6.453)  Lt: 5.744 (5.750)  Accm: 3.56 (3.56)  Acct: 5.90 (5.76)  TaskL: 6.4576 (6.4534)  DistillL: 179.2108 (182.0891)  TotalL: 185.6556 (188.5425)  time: 0.8513  data: 0.2481
[11-03 17:48:59] (/VAR_train/utils/misc.py, line 314)=> [Ep]: [  18/20]  [3709/4947]  eta: 0:17:40  tlr: 1.6e-05  tnm: 0.00  Lm: 6.458 (6.456)  Lt: 5.737 (5.745)  Accm: 3.51 (3.51)  Acct: 5.80 (5.75)  TaskL: 6.4578 (6.4561)  DistillL: 180.9946 (182.2614)  TotalL: 187.4490 (188.7175)  time: 0.8421  data: 0.2483
[11-03 18:06:40] (/VAR_train/utils/misc.py, line 314)=> [Ep]: [  18/20]  [4946/4947]  eta: 0:00:00  tlr: 1.5e-05  tnm: 0.00  Lm: 6.458 (6.466)  Lt: 5.744 (5.757)  Accm: 3.45 (3.49)  Acct: 5.70 (5.74)  TaskL: 6.4580 (6.4660)  DistillL: 179.2108 (179.8932)  TotalL: 185.6556 (186.3593)  time: 0.8604  data: 0.2459
[11-03 18:06:40] (/VAR_train/utils/misc.py, line 336)=> [Ep]: [  18/20]   Total time:      1:10:38   (0.857 s / it)
[11-03 18:06:40] (distill/train_distill.py, line 361)=>      [ep18]  (training )  Lm: 6.403 (6.411), Lt: 5.705 (5.712),  Acc m&t: 3.80 5.98,  Remain: 1:10:46,  Finish: 2025-11-03 19:17
[11-03 18:06:41] (/VAR_train/utils/misc.py, line 314)=> [Ep]: [  19/20]  [   0/4947]  eta: 1:15:05  tlr: 1.5e-05  tnm: 0.00  Lm: 6.463 (6.463)  Lt: 5.745 (5.745)  Accm: 3.29 (3.29)  Acct: 5.35 (5.35)  TaskL: 6.4629 (6.4629)  DistillL: 197.9295 (197.9295)  TotalL: 204.3924 (204.3924)  time: 0.9108  data: 0.2394
[11-03 18:24:18] (/VAR_train/utils/misc.py, line 314)=> [Ep]: [  19/20]  [1236/4947]  eta: 0:52:53  tlr: 1.4e-05  tnm: 0.00  Lm: 6.378 (6.378)  Lt: 5.690 (5.690)  Accm: 3.85 (3.85)  Acct: 5.95 (5.95)  TaskL: 6.3783 (6.3783)  DistillL: 207.8119 (207.8119)  TotalL: 214.1902 (214.1902)  time: 0.8564  data: 0.2413
[11-03 18:41:59] (/VAR_train/utils/misc.py, line 314)=> [Ep]: [  19/20]  [2473/4947]  eta: 0:35:19  tlr: 1.3e-05  tnm: 0.00  Lm: 6.451 (6.403)  Lt: 5.684 (5.688)  Accm: 3.57 (3.75)  Acct: 6.04 (5.98)  TaskL: 6.4515 (6.4027)  DistillL: 197.9295 (198.9873)  TotalL: 204.3924 (205.3900)  time: 0.8440  data: 0.2487
[11-03 18:59:40] (/VAR_train/utils/misc.py, line 314)=> [Ep]: [  19/20]  [3709/4947]  eta: 0:17:40  tlr: 1.1e-05  tnm: 0.00  Lm: 6.410 (6.394)  Lt: 5.660 (5.669)  Accm: 3.81 (3.83)  Acct: 6.30 (6.13)  TaskL: 6.4097 (6.3940)  DistillL: 198.9492 (199.2327)  TotalL: 205.3646 (205.6267)  time: 0.8522  data: 0.2423
[11-03 19:17:18] (/VAR_train/utils/misc.py, line 314)=> [Ep]: [  19/20]  [4946/4947]  eta: 0:00:00  tlr: 1e-05  tnm: 0.00  Lm: 6.368 (6.384)  Lt: 5.636 (5.654)  Accm: 3.86 (3.83)  Acct: 6.31 (6.17)  TaskL: 6.3679 (6.3839)  DistillL: 197.9295 (195.5083)  TotalL: 204.3924 (201.8922)  time: 0.8584  data: 0.2476
[11-03 19:17:18] (/VAR_train/utils/misc.py, line 336)=> [Ep]: [  19/20]   Total time:      1:10:38   (0.857 s / it)
[11-03 19:19:44] (/distillation_trainer.py, line 334)=> [验证蒸馏] 蒸馏损失: 140.9252, Logits相似度: 0.1958
[11-03 19:19:44] (distill/train_distill.py, line 332)=>  [*] [ep19]  (val 50000)  Lm: 6.4057, Lt: 5.7065, Acc m&t: 3.79 6.01,  Val cost: 145.09s
[11-03 19:19:44] (distill/train_distill.py, line 340)=> [saving ckpt] ep20 ...     [saving ckpt](*) finished!  @ /home/project/real_prune/VAR_train/train_result/fix_distill_d16_normal_256/ar-ckpt-ep020.pth (best)
[11-03 19:19:51] (distill/train_distill.py, line 361)=>      [ep19]  (training )  Lm: 6.403 (6.406), Lt: 5.705 (5.707),  Acc m&t: 3.80 6.01,  Remain: 0:00:13,  Finish: 2025-11-03 19:17
[11-03 19:19:51] (distill/train_distill.py, line 367)=> \n\n
[11-03 19:19:51] (distill/train_distill.py, line 368)=>   [*] [蒸馏训练完成]  总耗时: 23.9h,   Lm: 6.403 (6.405708258492606),   Lt: 5.705 (5.706524767194476)
[11-03 19:19:51] (distill/train_distill.py, line 379)=>   [*] [蒸馏统计]  总步数: 98940
[11-03 19:19:51] (distill/train_distill.py, line 380)=>                    平均任务损失: 6.4146
[11-03 19:19:51] (distill/train_distill.py, line 381)=>                    平均蒸馏损失: 186.1497
[11-03 19:19:51] (distill/train_distill.py, line 382)=>                    平均相似度: 0.9524
[11-03 19:19:51] (distill/train_distill.py, line 384)=> \n\n
[11-03 19:19:57] (distill/train_distill.py, line 391)=> final args:

{
  data_path           : /home/project/ImageNet-1K
  exp_name            : text
  vfast               : 0
  vae_path            : /home/project/daily/AR/model_zoo/vae_ch160v4096z32.pth
  var_path            : /home/project/real_prune/slimgpt_pub_prune/sparsity_model/prune_d16_0.4sparsity_150i_256eva_scale.pth
  tfast               : 0
  depth               : 16
  sparsity            : 0.4
  ini                 : -1
  hd                  : 0.02
  aln                 : 0.5
  alng                : 0.001
  fp16                : 1
  tblr                : 0.0001
  tlr                 : 0.00010117187500000001
  twd                 : 0.05
  twde                : 0.05
  tclip               : 2.0
  ls                  : 0.0
  maxlayer            : 16
  bs                  : 259
  batch_size          : 37
  glb_batch_size      : 259
  ac                  : 1
  ep                  : 20
  wp                  : 0.4
  wp0                 : 0.005
  wpe                 : 0.1
  sche                : lin0
  opt                 : adamw
  afuse               : True
  saln                : False
  anorm               : True
  fuse                : True
  pn                  : 1_2_3_4_5_6_8_10_13_16
  patch_size          : 16
  patch_nums          : (1, 2, 3, 4, 5, 6, 8, 10, 13, 16)
  resos               : (16, 32, 48, 64, 80, 96, 128, 160, 208, 256)
  data_load_reso      : 256
  mid_reso            : 1.125
  hflip               : False
  workers             : 0
  pg                  : 0.0
  pg0                 : 4
  pgwp                : 0.06666666666666667
  ckpt_save_interval  : 3
  cmd                 : --enable_distillation=1 --teacher_model_path=/home/project/daily/AR/model_zoo/var_d16.pth --teacher_depth=16 --distill_type=normal --distill_alpha=0.5 --distill_beta=0.5 --depth=16 --bs=256 --ep=20 --fp16=1 --alng=1e-3 --wpe=0.1 --sparsity=0.4 --var_path=/home/project/real_prune/slimgpt_pub_prune/sparsity_model/prune_d16_0.4sparsity_150i_256eva_scale.pth --vae_path=/home/project/daily/AR/model_zoo/vae_ch160v4096z32.pth --data_path=/home/project/ImageNet-1K --local_out_dir_path=/home/project/real_prune/VAR_train/train_result/fix_distill_d16_normal_256
  branch              : main
  commit_id           : 1bf7cb2895b8461062f9dbaf1daffb729258724e
  commit_msg          : 25.9.25
  acc_mean            : 3.7856006835188185
  acc_tail            : 6.012608749525888
  L_mean              : 6.405708258492606
  L_tail              : 5.706524767194476
  vacc_mean           : 3.8300883769989014
  vacc_tail           : 6.224358558654785
  vL_mean             : 6.383810043334961
  vL_tail             : 5.640880584716797
  grad_norm           : 0.0
  cur_lr              : 1.0117187500000001e-05
  cur_wd              : 0.05
  cur_it              : 4947/4947
  cur_ep              : 20/20
  remain_time         : -
  finish_time         : 2025-11-03 19:18
  local_out_dir_path  : /home/project/real_prune/VAR_train/train_result/fix_distill_d16_normal_256
  tb_log_dir_path     : /home/project/real_prune/VAR_train/train_result/fix_distill_d16_normal_256/tb-VARd16__pn1_2_3_4_5_6_8_10_13_16__b259ep20adamlr0.0001wd0.05
  log_txt_path        : /home/project/real_prune/VAR_train/train_result/fix_distill_d16_normal_256/log.txt
  last_ckpt_path      : /home/project/real_prune/VAR_train/train_result/fix_distill_d16_normal_256/ar-ckpt-last.pth
  tf32                : True
  seed                : None
  transfer            : False
  enable_distillation : True
  teacher_model_path  : /home/project/daily/AR/model_zoo/var_d16.pth
  teacher_depth       : 16
  distill_type        : normal
  distill_alpha       : 0.5
  distill_beta        : 0.5
  distill_temperature : 4.0
  scale_weights_str   : 2.0,1.8,1.6,1.4,1.2,1.0,0.8,0.6,0.4,0.2
  use_feature_distill : False
  feature_layers_str  : 4,8,12,15
  use_attention_distill: False
  distill_warmup_epochs: 5
  distill_schedule    : constant
  same_seed_for_all_ranks: 0
  local_debug         : False
  dbg_nan             : False
}

W1104 01:06:31.419000 2672550 site-packages/torch/distributed/run.py:803] 
W1104 01:06:31.419000 2672550 site-packages/torch/distributed/run.py:803] *****************************************
W1104 01:06:31.419000 2672550 site-packages/torch/distributed/run.py:803] Setting OMP_NUM_THREADS environment variable for each process to be 1 in default, to avoid your system being overloaded, please further tune the variable for optimal performance in your application as needed. 
W1104 01:06:31.419000 2672550 site-packages/torch/distributed/run.py:803] *****************************************
[dist initialize] mp method=spawn
[lrk=2, rk=2]
[dist initialize] mp method=spawn
[lrk=4, rk=4]
[dist initialize] mp method=spawn
[lrk=0, rk=0]
/root/miniconda3/envs/var/lib/python3.10/site-packages/torch/distributed/distributed_c10d.py:4876: UserWarning: barrier(): using the device under current context. You can specify `device_id` in `init_process_group` to mute this warning.
  warnings.warn(  # warn only once
[rank0]:[W1104 01:06:37.839627739 ProcessGroupNCCL.cpp:5068] Guessing device ID based on global rank. This can cause a hang if rank to GPU mapping is heterogeneous. You can specify device_id in init_process_group()
[dist initialize] mp method=spawn
[dist initialize] mp method=spawn
[lrk=3, rk=3]
[lrk=5, rk=5]
[dist initialize] mp method=spawn
[lrk=6, rk=6]
[dist initialize] mp method=spawn
[lrk=1, rk=1]
/root/miniconda3/envs/var/lib/python3.10/site-packages/torch/backends/__init__.py:46: UserWarning: Please use the new API settings to control TF32 behavior, such as torch.backends.cudnn.conv.fp32_precision = 'tf32' or torch.backends.cuda.matmul.fp32_precision = 'ieee'. Old settings, e.g, torch.backends.cuda.matmul.allow_tf32 = True, torch.backends.cudnn.allow_tf32 = True, allowTF32CuDNN() and allowTF32CuBLAS() will be deprecated after Pytorch 2.9. Please see https://pytorch.org/docs/main/notes/cuda.html#tensorfloat-32-tf32-on-ampere-and-later-devices (Triggered internally at /pytorch/aten/src/ATen/Context.cpp:80.)
  self.setter(val)
/root/miniconda3/envs/var/lib/python3.10/site-packages/torch/backends/__init__.py:46: UserWarning: Please use the new API settings to control TF32 behavior, such as torch.backends.cudnn.conv.fp32_precision = 'tf32' or torch.backends.cuda.matmul.fp32_precision = 'ieee'. Old settings, e.g, torch.backends.cuda.matmul.allow_tf32 = True, torch.backends.cudnn.allow_tf32 = True, allowTF32CuDNN() and allowTF32CuBLAS() will be deprecated after Pytorch 2.9. Please see https://pytorch.org/docs/main/notes/cuda.html#tensorfloat-32-tf32-on-ampere-and-later-devices (Triggered internally at /pytorch/aten/src/ATen/Context.cpp:80.)
  self.setter(val)
/root/miniconda3/envs/var/lib/python3.10/site-packages/torch/backends/__init__.py:46: UserWarning: Please use the new API settings to control TF32 behavior, such as torch.backends.cudnn.conv.fp32_precision = 'tf32' or torch.backends.cuda.matmul.fp32_precision = 'ieee'. Old settings, e.g, torch.backends.cuda.matmul.allow_tf32 = True, torch.backends.cudnn.allow_tf32 = True, allowTF32CuDNN() and allowTF32CuBLAS() will be deprecated after Pytorch 2.9. Please see https://pytorch.org/docs/main/notes/cuda.html#tensorfloat-32-tf32-on-ampere-and-later-devices (Triggered internally at /pytorch/aten/src/ATen/Context.cpp:80.)
  self.setter(val)
/root/miniconda3/envs/var/lib/python3.10/site-packages/torch/backends/__init__.py:46: UserWarning: Please use the new API settings to control TF32 behavior, such as torch.backends.cudnn.conv.fp32_precision = 'tf32' or torch.backends.cuda.matmul.fp32_precision = 'ieee'. Old settings, e.g, torch.backends.cuda.matmul.allow_tf32 = True, torch.backends.cudnn.allow_tf32 = True, allowTF32CuDNN() and allowTF32CuBLAS() will be deprecated after Pytorch 2.9. Please see https://pytorch.org/docs/main/notes/cuda.html#tensorfloat-32-tf32-on-ampere-and-later-devices (Triggered internally at /pytorch/aten/src/ATen/Context.cpp:80.)
  self.setter(val)
/root/miniconda3/envs/var/lib/python3.10/site-packages/torch/backends/__init__.py:46: UserWarning: Please use the new API settings to control TF32 behavior, such as torch.backends.cudnn.conv.fp32_precision = 'tf32' or torch.backends.cuda.matmul.fp32_precision = 'ieee'. Old settings, e.g, torch.backends.cuda.matmul.allow_tf32 = True, torch.backends.cudnn.allow_tf32 = True, allowTF32CuDNN() and allowTF32CuBLAS() will be deprecated after Pytorch 2.9. Please see https://pytorch.org/docs/main/notes/cuda.html#tensorfloat-32-tf32-on-ampere-and-later-devices (Triggered internally at /pytorch/aten/src/ATen/Context.cpp:80.)
  self.setter(val)
/root/miniconda3/envs/var/lib/python3.10/site-packages/torch/backends/__init__.py:46: UserWarning: Please use the new API settings to control TF32 behavior, such as torch.backends.cudnn.conv.fp32_precision = 'tf32' or torch.backends.cuda.matmul.fp32_precision = 'ieee'. Old settings, e.g, torch.backends.cuda.matmul.allow_tf32 = True, torch.backends.cudnn.allow_tf32 = True, allowTF32CuDNN() and allowTF32CuBLAS() will be deprecated after Pytorch 2.9. Please see https://pytorch.org/docs/main/notes/cuda.html#tensorfloat-32-tf32-on-ampere-and-later-devices (Triggered internally at /pytorch/aten/src/ATen/Context.cpp:80.)
  self.setter(val)
/root/miniconda3/envs/var/lib/python3.10/site-packages/torch/backends/__init__.py:46: UserWarning: Please use the new API settings to control TF32 behavior, such as torch.backends.cudnn.conv.fp32_precision = 'tf32' or torch.backends.cuda.matmul.fp32_precision = 'ieee'. Old settings, e.g, torch.backends.cuda.matmul.allow_tf32 = True, torch.backends.cudnn.allow_tf32 = True, allowTF32CuDNN() and allowTF32CuBLAS() will be deprecated after Pytorch 2.9. Please see https://pytorch.org/docs/main/notes/cuda.html#tensorfloat-32-tf32-on-ampere-and-later-devices (Triggered internally at /pytorch/aten/src/ATen/Context.cpp:80.)
  self.setter(val)
[11-04 01:06:37] (_train/utils/arg_util.py, line 241)=> [tf32] [precis] torch.get_float32_matmul_precision(): high
[11-04 01:06:37] (_train/utils/arg_util.py, line 242)=> [tf32] [ conv ] torch.backends.cudnn.allow_tf32: True
[11-04 01:06:37] (_train/utils/arg_util.py, line 243)=> [tf32] [matmul] torch.backends.cuda.matmul.allow_tf32: True
[11-04 01:06:37] (_train/utils/arg_util.py, line 190)=> [蒸馏参数验证] 通过 - 类型:scale_aware, 权重:0.7/0.3
[11-04 01:06:37] (distill/train_distill.py, line 269)=> [参数验证] 蒸馏参数验证通过
[11-04 01:06:37] (distill/train_distill.py, line  63)=> global bs=259, local bs=37
[11-04 01:06:37] (distill/train_distill.py, line  64)=> initial args:\n{
  data_path           : /home/project/ImageNet-1K
  exp_name            : text
  vfast               : 0
  vae_path            : /home/project/daily/AR/model_zoo/vae_ch160v4096z32.pth
  var_path            : /home/project/real_prune/VAR_train/train_result/distill_d16_normal_256/ar-ckpt-best.pth
  tfast               : 0
  depth               : 16
  sparsity            : 0.4
  ini                 : -1
  hd                  : 0.02
  aln                 : 0.5
  alng                : 0.001
  fp16                : 1
  tblr                : 0.0001
  tlr                 : 0.00010117187500000001
  twd                 : 0.05
  twde                : 0.05
  tclip               : 2.0
  ls                  : 0.0
  maxlayer            : 16
  bs                  : 259
  batch_size          : 37
  glb_batch_size      : 259
  ac                  : 1
  ep                  : 20
  wp                  : 0.4
  wp0                 : 0.005
  wpe                 : 0.1
  sche                : lin0.6
  opt                 : adamw
  afuse               : True
  saln                : False
  anorm               : True
  fuse                : True
  pn                  : 1_2_3_4_5_6_8_10_13_16
  patch_size          : 16
  patch_nums          : (1, 2, 3, 4, 5, 6, 8, 10, 13, 16)
  resos               : (16, 32, 48, 64, 80, 96, 128, 160, 208, 256)
  data_load_reso      : 256
  mid_reso            : 1.125
  hflip               : False
  workers             : 0
  pg                  : 0.6
  pg0                 : 3
  pgwp                : 0.06666666666666667
  ckpt_save_interval  : 1
  cmd                 : --enable_distillation=1 --teacher_model_path=/home/project/daily/AR/model_zoo/var_d16.pth --teacher_depth=16 --distill_type=scale_aware --scale_weights_str=2.0,1.8,1.6,1.4,1.2,1.0,0.8,0.6,0.4,0.2 --distill_alpha=0.7 --distill_beta=0.3 --depth=16 --bs=256 --ep=20 --fp16=1 --alng=1e-3 --wpe=0.1 --sparsity=0.4 --var_path=/home/project/real_prune/VAR_train/train_result/distill_d16_normal_256/ar-ckpt-best.pth --vae_path=/home/project/daily/AR/model_zoo/vae_ch160v4096z32.pth --data_path=/home/project/ImageNet-1K --local_out_dir_path=/home/project/real_prune/VAR_train/distill_d16_scale_aware_256_0.6_3_fromft20 --pg=0.6 --pg0=3
  branch              : main
  commit_id           : 1bf7cb2895b8461062f9dbaf1daffb729258724e
  commit_msg          : 25.9.25
  acc_mean            : None
  acc_tail            : None
  L_mean              : None
  L_tail              : None
  vacc_mean           : None
  vacc_tail           : None
  vL_mean             : None
  vL_tail             : None
  grad_norm           : None
  cur_lr              : None
  cur_wd              : None
  cur_it              : 
  cur_ep              : 
  remain_time         : 
  finish_time         : 
  local_out_dir_path  : /home/project/real_prune/VAR_train/distill_d16_scale_aware_256_0.6_3_fromft20
  tb_log_dir_path     : /home/project/real_prune/VAR_train/distill_d16_scale_aware_256_0.6_3_fromft20/tb-VARd16__pn1_2_3_4_5_6_8_10_13_16__b259ep20adamlr0.0001wd0.05
  log_txt_path        : /home/project/real_prune/VAR_train/distill_d16_scale_aware_256_0.6_3_fromft20/log.txt
  last_ckpt_path      : /home/project/real_prune/VAR_train/distill_d16_scale_aware_256_0.6_3_fromft20/ar-ckpt-last.pth
  tf32                : True
  seed                : None
  transfer            : False
  enable_distillation : True
  teacher_model_path  : /home/project/daily/AR/model_zoo/var_d16.pth
  teacher_depth       : 16
  distill_type        : scale_aware
  distill_alpha       : 0.7
  distill_beta        : 0.3
  distill_temperature : 4.0
  scale_weights_str   : 2.0,1.8,1.6,1.4,1.2,1.0,0.8,0.6,0.4,0.2
  use_feature_distill : False
  feature_layers_str  : 4,8,12,15
  use_attention_distill: False
  distill_warmup_epochs: 5
  distill_schedule    : constant
  same_seed_for_all_ranks: 0
  local_debug         : False
  dbg_nan             : False
}

[11-04 01:06:37] (distill/train_distill.py, line  68)=> [build PT data] ...\n
[11-04 01:06:40] (/VAR_train/utils/data.py, line  34)=> [Dataset] len(train_set)=1281167, len(val_set)=50000, num_classes=1000
[11-04 01:06:40] (/VAR_train/utils/data.py, line  48)=> Transform [train] = 
[11-04 01:06:40] (/VAR_train/utils/data.py, line  51)=> Resize(size=288, interpolation=lanczos, max_size=None, antialias=True)
[11-04 01:06:40] (/VAR_train/utils/data.py, line  51)=> RandomCrop(size=(256, 256), padding=None)
[11-04 01:06:40] (/VAR_train/utils/data.py, line  51)=> ToTensor()
[11-04 01:06:40] (/VAR_train/utils/data.py, line  51)=> <function normalize_01_into_pm1 at 0x7f3a9fb81a20>
[11-04 01:06:40] (/VAR_train/utils/data.py, line  54)=> ---------------------------

[11-04 01:06:40] (/VAR_train/utils/data.py, line  48)=> Transform [val] = 
[11-04 01:06:40] (/VAR_train/utils/data.py, line  51)=> Resize(size=288, interpolation=lanczos, max_size=None, antialias=True)
[11-04 01:06:40] (/VAR_train/utils/data.py, line  51)=> CenterCrop(size=(256, 256))
[11-04 01:06:40] (/VAR_train/utils/data.py, line  51)=> ToTensor()
[11-04 01:06:40] (/VAR_train/utils/data.py, line  51)=> <function normalize_01_into_pm1 at 0x7f3a9fb81a20>
[11-04 01:06:40] (/VAR_train/utils/data.py, line  54)=> ---------------------------

[11-04 01:06:40] (distill/train_distill.py, line  91)=> [auto_resume] no ckpt found @ /home/project/real_prune/VAR_train/distill_d16_scale_aware_256_0.6_3_fromft20/ar-ckpt-best*.pth
[11-04 01:06:40] (distill/train_distill.py, line  91)=> [auto_resume quit]
[11-04 01:06:40] (distill/train_distill.py, line  92)=> [dataloader multi processing] ...     [dataloader multi processing](*) finished! (0.00s)
[11-04 01:06:40] (distill/train_distill.py, line  98)=> [dataloader] gbs=259, lbs=37, iters_train=4947, types(tr, va)=('DatasetFolder', 'DatasetFolder')
[11-04 01:06:40] (/VAR_train/models/var.py, line 102)=> 
[constructor]  ==== flash_if_available=True (0/16), fused_if_available=True (fusing_add_ln=0/16, fusing_mlp=0/16) ==== 
    [VAR config ] embed_dim=1024, num_heads=16, depth=16, mlp_ratio=4.0
    [drop ratios ] drop_rate=0.0, attn_drop_rate=0.0, drop_path_rate=0.0666667 (tensor([0.0000, 0.0044, 0.0089, 0.0133, 0.0178, 0.0222, 0.0267, 0.0311, 0.0356,
        0.0400, 0.0444, 0.0489, 0.0533, 0.0578, 0.0622, 0.0667]))

[11-04 01:06:40] (/VAR_train/models/var.py, line 259)=> [init_weights] VAR with init_std=0.0180422
[11-04 01:06:40] (distill/train_distill.py, line 123)=> [学生模型] 首次训练，加载初始权重: /home/project/real_prune/VAR_train/train_result/distill_d16_normal_256/ar-ckpt-best.pth
[11-04 01:06:41] (distill/train_distill.py, line 126)=> [学生模型] 检测到训练checkpoint格式，提取模型权重...
[11-04 01:06:41] (distill/train_distill.py, line 130)=> [学生模型] 成功加载初始权重
[11-04 01:06:41] (distill/train_distill.py, line 153)=> [INIT] VAR model = VAR(
  drop_path_rate=0.0666667
  (word_embed): Linear(in_features=32, out_features=1024, bias=True)
  (class_emb): Embedding(1001, 1024)
  (lvl_embed): Embedding(10, 1024)
  (shared_ada_lin): Identity()
  (blocks): ModuleList(
    (0): AdaLNSelfAttn(
      shared_aln=False
      (drop_path): Identity()
      (attn): SelfAttention(
        using_flash=False, using_xform=False, attn_l2_norm=True
        (mat_qkv): Linear(in_features=1024, out_features=1920, bias=False)
        (proj): Linear(in_features=640, out_features=1024, bias=True)
        (proj_drop): Identity()
      )
      (ffn): FFN(
        fused_mlp_func=False
        (fc1): Linear(in_features=1024, out_features=2458, bias=True)
        (act): GELU(approximate='tanh')
        (fc2): Linear(in_features=2458, out_features=1024, bias=True)
        (drop): Identity()
      )
      (ln_wo_grad): LayerNorm((1024,), eps=1e-06, elementwise_affine=False)
      (ada_lin): Sequential(
        (0): SiLU()
        (1): Linear(in_features=1024, out_features=6144, bias=True)
      )
    )
    (1-15): 15 x AdaLNSelfAttn(
      shared_aln=False
      (drop_path): DropPath((drop_prob=...))
      (attn): SelfAttention(
        using_flash=False, using_xform=False, attn_l2_norm=True
        (mat_qkv): Linear(in_features=1024, out_features=1920, bias=False)
        (proj): Linear(in_features=640, out_features=1024, bias=True)
        (proj_drop): Identity()
      )
      (ffn): FFN(
        fused_mlp_func=False
        (fc1): Linear(in_features=1024, out_features=2458, bias=True)
        (act): GELU(approximate='tanh')
        (fc2): Linear(in_features=2458, out_features=1024, bias=True)
        (drop): Identity()
      )
      (ln_wo_grad): LayerNorm((1024,), eps=1e-06, elementwise_affine=False)
      (ada_lin): Sequential(
        (0): SiLU()
        (1): Linear(in_features=1024, out_features=6144, bias=True)
      )
    )
  )
  (head_nm): AdaLNBeforeHead(
    (ln_wo_grad): LayerNorm((1024,), eps=1e-06, elementwise_affine=False)
    (ada_lin): Sequential(
      (0): SiLU()
      (1): Linear(in_features=1024, out_features=2048, bias=True)
    )
  )
  (head): Linear(in_features=1024, out_features=4096, bias=True)
)\n\n
[11-04 01:06:41] (distill/train_distill.py, line 155)=> [INIT][#para] VAE=108.95, VAE.enc=44.11, VAE.dec=64.65, VAE.quant=0.17
[11-04 01:06:41] (distill/train_distill.py, line 156)=> [INIT][#para] VAR=231.41\n\n
[11-04 01:06:41] (distill/train_distill.py, line 161)=> \n============================================================
[11-04 01:06:41] (distill/train_distill.py, line 162)=> 开始加载教师模型...
[11-04 01:06:41] (distill/distill_utils.py, line  31)=> [加载教师模型] 路径: /home/project/daily/AR/model_zoo/var_d16.pth
[11-04 01:06:41] (distill/distill_utils.py, line  32)=> [加载教师模型] 深度: 16
[11-04 01:06:41] (distill/distill_utils.py, line  39)=> [加载教师模型] 构建模型架构...
[11-04 01:06:41] (distill/distill_utils.py, line  46)=> [加载教师模型] 临时设置 sparsity=0 (原值=0.4)
[11-04 01:06:42] (/VAR_train/models/var.py, line 102)=> 
[constructor]  ==== flash_if_available=True (0/16), fused_if_available=True (fusing_add_ln=0/16, fusing_mlp=0/16) ==== 
    [VAR config ] embed_dim=1024, num_heads=16, depth=16, mlp_ratio=4.0
    [drop ratios ] drop_rate=0.0, attn_drop_rate=0.0, drop_path_rate=0.0666667 (tensor([0.0000, 0.0044, 0.0089, 0.0133, 0.0178, 0.0222, 0.0267, 0.0311, 0.0356,
        0.0400, 0.0444, 0.0489, 0.0533, 0.0578, 0.0622, 0.0667]))

[11-04 01:06:42] (/VAR_train/models/var.py, line 259)=> [init_weights] VAR with init_std=0.0180422
[11-04 01:06:42] (distill/distill_utils.py, line  62)=> [加载教师模型] 恢复 sparsity=0.4
[11-04 01:06:42] (distill/distill_utils.py, line  65)=> [加载教师模型] 加载权重...
[11-04 01:06:42] (distill/distill_utils.py, line  79)=> [加载教师模型] 直接加载模型权重
[11-04 01:06:42] (distill/distill_utils.py, line  89)=> [加载教师模型] 成功加载，参数量: 310.28M
[11-04 01:06:42] (distill/distill_utils.py, line  90)=> [加载教师模型] 已冻结参数: 310.28M
[11-04 01:06:42] (distill/train_distill.py, line 165)=> 教师模型加载成功
[11-04 01:06:42] (distill/train_distill.py, line 170)=> ======== 蒸馏配置摘要 ========
蒸馏类型: scale_aware
教师模型: var_d16.pth (深度=16)
损失权重: 任务=0.70, 蒸馏=0.30
蒸馏温度: 4.0
尺度权重: [2.0, 1.8, ..., 0.2]
==============================
[11-04 01:06:42] (distill/train_distill.py, line 177)=> ============================================================\n
[11-04 01:06:42] (rain/utils/lr_control.py, line  99)=> [get_param_groups] param_groups = 
{ 'D': { 'lr_sc': 1.0,
         'params': "('word_embed.weight, class_emb.weight, blocks.0.attn.mat_qkv.weight, blocks.0.attn.proj.weight, blocks.0.ffn.fc1.weight, blocks.0.ffn.fc2.weight, blocks.0.ada_lin.1.weight, '\n"
                   " 'blocks.1.attn.mat_qkv.weight, blocks.1.attn.proj.weight, blocks.1.ffn.fc1.weight, blocks.1.ffn.fc2.weight, blocks.1.ada_lin.1.weight, blocks.2.attn.mat_qkv.weight, blocks.2.attn.proj.weight, '\n"
                   " 'blocks.2.ffn.fc1.weight, blocks.2.ffn.fc2.weight, blocks.2.ada_lin.1.weight, blocks.3.attn.mat_qkv.weight, blocks.3.attn.proj.weight, blocks.3.ffn.fc1.weight, blocks.3.ffn.fc2.weight, '\n"
                   " 'blocks.3.ada_lin.1.weight, blocks.4.attn.mat_qkv.weight, blocks.4.attn.proj.weight, blocks.4.ffn.fc1.weight, blocks.4.ffn.fc2.weight, blocks.4.ada_lin.1.weight, blocks.5.attn.mat_qkv.weight, '\n"
                   " 'blocks.5.attn.proj.weight, blocks.5.ffn.fc1.weight, blocks.5.ffn.fc2.weight, blocks.5.ada_lin.1.weight, blocks.6.attn.mat_qkv.weight, blocks.6.attn.proj.weight, blocks.6.ffn.fc1.weight, '\n"
                   " 'blocks.6.ffn.fc2.weight, blocks.6.ada_lin.1.weight, blocks.7.attn.mat_qkv.weight, blocks.7.attn.proj.weight, blocks.7.ffn.fc1.weight, blocks.7.ffn.fc2.weight, blocks.7.ada_lin.1.weight, '\n"
                   " 'blocks.8.attn.mat_qkv.weight, blocks.8.attn.proj.weight, blocks.8.ffn.fc1.weight, blocks.8.ffn.fc2.weight, blocks.8.ada_lin.1.weight, blocks.9.attn.mat_qkv.weight, blocks.9.attn.proj.weight, '\n"
                   " 'blocks.9.ffn.fc1.weight, blocks.9.ffn.fc2.weight, blocks.9.ada_lin.1.weight, blocks.10.attn.mat_qkv.weight, blocks.10.attn.proj.weight, blocks.10.ffn.fc1.weight, blocks.10.ffn.fc2.weight, '\n"
                   " 'blocks.10.ada_lin.1.weight, blocks.11.attn.mat_qkv.weight, blocks.11.attn.proj.weight, blocks.11.ffn.fc1.weight, blocks.11.ffn.fc2.weight, blocks.11.ada_lin.1.weight, '\n"
                   " 'blocks.12.attn.mat_qkv.weight, blocks.12.attn.proj.weight, blocks.12.ffn.fc1.weight, blocks.12.ffn.fc2.weight, blocks.12.ada_lin.1.weight, blocks.13.attn.mat_qkv.weight, '\n"
                   " 'blocks.13.attn.proj.weight, blocks.13.ffn.fc1.weight, blocks.13.ffn.fc2.weight, blocks.13.ada_lin.1.weight, blocks.14.attn.mat_qkv.weight, blocks.14.attn.proj.weight, blocks.14.ffn.fc1.weight, '\n"
                   " 'blocks.14.ffn.fc2.weight, blocks.14.ada_lin.1.weight, blocks.15.attn.mat_qkv.weight, blocks.15.attn.proj.weight, blocks.15.ffn.fc1.weight, blocks.15.ffn.fc2.weight, blocks.15.ada_lin.1.weight, '\n"
                   " 'head_nm.ada_lin.1.weight, head.weight')",
         'wd_sc': 1.0},
  'ND': { 'lr_sc': 1.0,
          'params': "('pos_start, pos_1LC, word_embed.bias, lvl_embed.weight, blocks.0.attn.scale_mul_1H11, blocks.0.attn.q_bias, blocks.0.attn.v_bias, blocks.0.attn.proj.bias, blocks.0.ffn.fc1.bias, '\n"
                    " 'blocks.0.ffn.fc2.bias, blocks.0.ada_lin.1.bias, blocks.1.attn.scale_mul_1H11, blocks.1.attn.q_bias, blocks.1.attn.v_bias, blocks.1.attn.proj.bias, blocks.1.ffn.fc1.bias, blocks.1.ffn.fc2.bias, '\n"
                    " 'blocks.1.ada_lin.1.bias, blocks.2.attn.scale_mul_1H11, blocks.2.attn.q_bias, blocks.2.attn.v_bias, blocks.2.attn.proj.bias, blocks.2.ffn.fc1.bias, blocks.2.ffn.fc2.bias, blocks.2.ada_lin.1.bias, '\n"
                    " 'blocks.3.attn.scale_mul_1H11, blocks.3.attn.q_bias, blocks.3.attn.v_bias, blocks.3.attn.proj.bias, blocks.3.ffn.fc1.bias, blocks.3.ffn.fc2.bias, blocks.3.ada_lin.1.bias, '\n"
                    " 'blocks.4.attn.scale_mul_1H11, blocks.4.attn.q_bias, blocks.4.attn.v_bias, blocks.4.attn.proj.bias, blocks.4.ffn.fc1.bias, blocks.4.ffn.fc2.bias, blocks.4.ada_lin.1.bias, '\n"
                    " 'blocks.5.attn.scale_mul_1H11, blocks.5.attn.q_bias, blocks.5.attn.v_bias, blocks.5.attn.proj.bias, blocks.5.ffn.fc1.bias, blocks.5.ffn.fc2.bias, blocks.5.ada_lin.1.bias, '\n"
                    " 'blocks.6.attn.scale_mul_1H11, blocks.6.attn.q_bias, blocks.6.attn.v_bias, blocks.6.attn.proj.bias, blocks.6.ffn.fc1.bias, blocks.6.ffn.fc2.bias, blocks.6.ada_lin.1.bias, '\n"
                    " 'blocks.7.attn.scale_mul_1H11, blocks.7.attn.q_bias, blocks.7.attn.v_bias, blocks.7.attn.proj.bias, blocks.7.ffn.fc1.bias, blocks.7.ffn.fc2.bias, blocks.7.ada_lin.1.bias, '\n"
                    " 'blocks.8.attn.scale_mul_1H11, blocks.8.attn.q_bias, blocks.8.attn.v_bias, blocks.8.attn.proj.bias, blocks.8.ffn.fc1.bias, blocks.8.ffn.fc2.bias, blocks.8.ada_lin.1.bias, '\n"
                    " 'blocks.9.attn.scale_mul_1H11, blocks.9.attn.q_bias, blocks.9.attn.v_bias, blocks.9.attn.proj.bias, blocks.9.ffn.fc1.bias, blocks.9.ffn.fc2.bias, blocks.9.ada_lin.1.bias, '\n"
                    " 'blocks.10.attn.scale_mul_1H11, blocks.10.attn.q_bias, blocks.10.attn.v_bias, blocks.10.attn.proj.bias, blocks.10.ffn.fc1.bias, blocks.10.ffn.fc2.bias, blocks.10.ada_lin.1.bias, '\n"
                    " 'blocks.11.attn.scale_mul_1H11, blocks.11.attn.q_bias, blocks.11.attn.v_bias, blocks.11.attn.proj.bias, blocks.11.ffn.fc1.bias, blocks.11.ffn.fc2.bias, blocks.11.ada_lin.1.bias, '\n"
                    " 'blocks.12.attn.scale_mul_1H11, blocks.12.attn.q_bias, blocks.12.attn.v_bias, blocks.12.attn.proj.bias, blocks.12.ffn.fc1.bias, blocks.12.ffn.fc2.bias, blocks.12.ada_lin.1.bias, '\n"
                    " 'blocks.13.attn.scale_mul_1H11, blocks.13.attn.q_bias, blocks.13.attn.v_bias, blocks.13.attn.proj.bias, blocks.13.ffn.fc1.bias, blocks.13.ffn.fc2.bias, blocks.13.ada_lin.1.bias, '\n"
                    " 'blocks.14.attn.scale_mul_1H11, blocks.14.attn.q_bias, blocks.14.attn.v_bias, blocks.14.attn.proj.bias, blocks.14.ffn.fc1.bias, blocks.14.ffn.fc2.bias, blocks.14.ada_lin.1.bias, '\n"
                    " 'blocks.15.attn.scale_mul_1H11, blocks.15.attn.q_bias, blocks.15.attn.v_bias, blocks.15.attn.proj.bias, blocks.15.ffn.fc1.bias, blocks.15.ffn.fc2.bias, blocks.15.ada_lin.1.bias, '\n"
                    " 'head_nm.ada_lin.1.bias, head.bias')",
          'wd_sc': 0.0}}

[11-04 01:06:42] (rain/utils/lr_control.py, line 104)=> [get_param_groups][rank0] type(model).__name__='VAR' count=202, numel=231405120
[11-04 01:06:42] (rain/utils/lr_control.py, line 104)=> [get_param_groups][rank1] type(model).__name__='VAR' count=202, numel=231405120
[11-04 01:06:42] (rain/utils/lr_control.py, line 104)=> [get_param_groups][rank2] type(model).__name__='VAR' count=202, numel=231405120
[11-04 01:06:42] (rain/utils/lr_control.py, line 104)=> [get_param_groups][rank3] type(model).__name__='VAR' count=202, numel=231405120
[11-04 01:06:42] (rain/utils/lr_control.py, line 104)=> [get_param_groups][rank4] type(model).__name__='VAR' count=202, numel=231405120
[11-04 01:06:42] (rain/utils/lr_control.py, line 104)=> [get_param_groups][rank5] type(model).__name__='VAR' count=202, numel=231405120
[11-04 01:06:42] (rain/utils/lr_control.py, line 105)=> 
[11-04 01:06:42] (distill/train_distill.py, line 192)=> [INIT] optim=functools.partial(<class 'torch.optim.adamw.AdamW'>, betas=(0.9, 0.95), fused=True), opt_kw={'lr': 0.00010117187500000001, 'weight_decay': 0}\n
/home/project/real_prune/VAR_train/utils/amp_sc.py:27: FutureWarning: `torch.cuda.amp.GradScaler(args...)` is deprecated. Please use `torch.amp.GradScaler('cuda', args...)` instead.
  self.scaler = torch.cuda.amp.GradScaler(init_scale=2. ** 11, growth_interval=1000) if self.using_fp16_rather_bf16 else None # only fp16 needs a scaler
/home/project/real_prune/VAR_train/utils/amp_sc.py:27: FutureWarning: `torch.cuda.amp.GradScaler(args...)` is deprecated. Please use `torch.amp.GradScaler('cuda', args...)` instead.
  self.scaler = torch.cuda.amp.GradScaler(init_scale=2. ** 11, growth_interval=1000) if self.using_fp16_rather_bf16 else None # only fp16 needs a scaler
/home/project/real_prune/VAR_train/utils/amp_sc.py:27: FutureWarning: `torch.cuda.amp.GradScaler(args...)` is deprecated. Please use `torch.amp.GradScaler('cuda', args...)` instead.
  self.scaler = torch.cuda.amp.GradScaler(init_scale=2. ** 11, growth_interval=1000) if self.using_fp16_rather_bf16 else None # only fp16 needs a scaler
/home/project/real_prune/VAR_train/utils/amp_sc.py:27: FutureWarning: `torch.cuda.amp.GradScaler(args...)` is deprecated. Please use `torch.amp.GradScaler('cuda', args...)` instead.
  self.scaler = torch.cuda.amp.GradScaler(init_scale=2. ** 11, growth_interval=1000) if self.using_fp16_rather_bf16 else None # only fp16 needs a scaler
/home/project/real_prune/VAR_train/utils/amp_sc.py:27: FutureWarning: `torch.cuda.amp.GradScaler(args...)` is deprecated. Please use `torch.amp.GradScaler('cuda', args...)` instead.
  self.scaler = torch.cuda.amp.GradScaler(init_scale=2. ** 11, growth_interval=1000) if self.using_fp16_rather_bf16 else None # only fp16 needs a scaler
/home/project/real_prune/VAR_train/utils/amp_sc.py:27: FutureWarning: `torch.cuda.amp.GradScaler(args...)` is deprecated. Please use `torch.amp.GradScaler('cuda', args...)` instead.
  self.scaler = torch.cuda.amp.GradScaler(init_scale=2. ** 11, growth_interval=1000) if self.using_fp16_rather_bf16 else None # only fp16 needs a scaler
[11-04 01:06:42] (l/distillation_losses.py, line  45)=> [蒸馏损失] 类型=scale_aware, 温度=4.0
[11-04 01:06:42] (l/distillation_losses.py, line  46)=> [尺度权重] [2.0, 1.8, 1.6, 1.4, 1.2, 1.0, 0.8, 0.6, 0.4, 0.2]
[11-04 01:06:42] (/distillation_trainer.py, line  65)=> [蒸馏训练器] 教师模型已冻结
[11-04 01:06:42] (/distillation_trainer.py, line  66)=> [蒸馏训练器] 教师参数: 310.28M (310.28M已冻结)
[11-04 01:06:42] (distill/distill_utils.py, line 166)=> [兼容性检查] 教师模型参数: 310.28M
[11-04 01:06:42] (distill/distill_utils.py, line 167)=> [兼容性检查] 学生模型参数: 231.41M
[11-04 01:06:42] (distill/distill_utils.py, line 168)=> [兼容性检查] 压缩比: 74.58%
[11-04 01:06:42] (distill/distill_utils.py, line 175)=> [兼容性检查] 词汇表大小: 4096
[11-04 01:06:42] (distill/distill_utils.py, line 180)=> [兼容性检查] 序列长度: 680
[11-04 01:06:42] (distill/distill_utils.py, line 185)=> [兼容性检查] patch配置: (1, 2, 3, 4, 5, 6, 8, 10, 13, 16)
[11-04 01:06:42] (distill/distill_utils.py, line 187)=> [兼容性检查] 通过
[11-04 01:06:42] (/distillation_trainer.py, line  73)=> [蒸馏训练器] 初始化完成
[11-04 01:06:42] (/distillation_trainer.py, line  74)=> [蒸馏训练器] 蒸馏类型: scale_aware
[11-04 01:06:42] (/distillation_trainer.py, line  75)=> [蒸馏训练器] 损失权重: 任务=0.70, 蒸馏=0.30
[11-04 01:06:42] (distill/train_distill.py, line 209)=> [训练器] 使用蒸馏训练器 (DistillationVARTrainer)
[11-04 01:06:42] (distill/train_distill.py, line 210)=> [蒸馏模式] scale_aware 蒸馏，权重 0.7/0.3
[11-04 01:06:42] (distill/train_distill.py, line 224)=> [训练器] 使用初始状态，从 epoch 0 开始
[11-04 01:06:42] (rain/utils/lr_control.py, line 104)=> [get_param_groups][rank6] type(model).__name__='VAR' count=202, numel=231405120
/home/project/real_prune/VAR_train/utils/amp_sc.py:27: FutureWarning: `torch.cuda.amp.GradScaler(args...)` is deprecated. Please use `torch.amp.GradScaler('cuda', args...)` instead.
  self.scaler = torch.cuda.amp.GradScaler(init_scale=2. ** 11, growth_interval=1000) if self.using_fp16_rather_bf16 else None # only fp16 needs a scaler
/home/project/real_prune/VAR_train/models/var.py:220: FutureWarning: `torch.cuda.amp.autocast(args...)` is deprecated. Please use `torch.amp.autocast('cuda', args...)` instead.
  with torch.cuda.amp.autocast(enabled=False):
/home/project/real_prune/VAR_train/models/var.py:220: FutureWarning: `torch.cuda.amp.autocast(args...)` is deprecated. Please use `torch.amp.autocast('cuda', args...)` instead.
  with torch.cuda.amp.autocast(enabled=False):
/home/project/real_prune/VAR_train/models/var.py:220: FutureWarning: `torch.cuda.amp.autocast(args...)` is deprecated. Please use `torch.amp.autocast('cuda', args...)` instead.
  with torch.cuda.amp.autocast(enabled=False):
/home/project/real_prune/VAR_train/models/var.py:220: FutureWarning: `torch.cuda.amp.autocast(args...)` is deprecated. Please use `torch.amp.autocast('cuda', args...)` instead.
  with torch.cuda.amp.autocast(enabled=False):
/home/project/real_prune/VAR_train/models/var.py:220: FutureWarning: `torch.cuda.amp.autocast(args...)` is deprecated. Please use `torch.amp.autocast('cuda', args...)` instead.
  with torch.cuda.amp.autocast(enabled=False):
/home/project/real_prune/VAR_train/models/var.py:220: FutureWarning: `torch.cuda.amp.autocast(args...)` is deprecated. Please use `torch.amp.autocast('cuda', args...)` instead.
  with torch.cuda.amp.autocast(enabled=False):
/home/project/real_prune/VAR_train/models/var.py:220: FutureWarning: `torch.cuda.amp.autocast(args...)` is deprecated. Please use `torch.amp.autocast('cuda', args...)` instead.
  with torch.cuda.amp.autocast(enabled=False):
[11-04 01:06:44] (/VAR_train/utils/misc.py, line 314)=> [Ep]: [   0/20]  [   0/4947]  eta: 1:33:11  tlr: 5.1e-07  tnm: 0.00  Lm: 6.473 (6.473)  Lt: -1.000 (-1.000)  Accm: 3.60 (3.60)  Acct: -1.00 (-1.00)  TaskL: 0.2856 (0.2856)  DistillL: 10.2122 (10.2122)  TotalL: 10.4978 (10.4978)  time: 1.1302  data: 0.2630
/root/miniconda3/envs/var/lib/python3.10/site-packages/torch/utils/data/_utils/pin_memory.py:57: DeprecationWarning: The argument 'device' of Tensor.pin_memory() is deprecated. Please do not pass this argument. (Triggered internally at /pytorch/aten/src/ATen/native/Memory.cpp:46.)
  return data.pin_memory(device)
/root/miniconda3/envs/var/lib/python3.10/site-packages/torch/utils/data/_utils/pin_memory.py:57: DeprecationWarning: The argument 'device' of Tensor.is_pinned() is deprecated. Please do not pass this argument. (Triggered internally at /pytorch/aten/src/ATen/native/Memory.cpp:31.)
  return data.pin_memory(device)
/root/miniconda3/envs/var/lib/python3.10/site-packages/torch/utils/data/_utils/pin_memory.py:57: DeprecationWarning: The argument 'device' of Tensor.pin_memory() is deprecated. Please do not pass this argument. (Triggered internally at /pytorch/aten/src/ATen/native/Memory.cpp:46.)
  return data.pin_memory(device)
/root/miniconda3/envs/var/lib/python3.10/site-packages/torch/utils/data/_utils/pin_memory.py:57: DeprecationWarning: The argument 'device' of Tensor.is_pinned() is deprecated. Please do not pass this argument. (Triggered internally at /pytorch/aten/src/ATen/native/Memory.cpp:31.)
  return data.pin_memory(device)
/root/miniconda3/envs/var/lib/python3.10/site-packages/torch/utils/data/_utils/pin_memory.py:57: DeprecationWarning: The argument 'device' of Tensor.pin_memory() is deprecated. Please do not pass this argument. (Triggered internally at /pytorch/aten/src/ATen/native/Memory.cpp:46.)
  return data.pin_memory(device)
/root/miniconda3/envs/var/lib/python3.10/site-packages/torch/utils/data/_utils/pin_memory.py:57: DeprecationWarning: The argument 'device' of Tensor.is_pinned() is deprecated. Please do not pass this argument. (Triggered internally at /pytorch/aten/src/ATen/native/Memory.cpp:31.)
  return data.pin_memory(device)
/root/miniconda3/envs/var/lib/python3.10/site-packages/torch/utils/data/_utils/pin_memory.py:57: DeprecationWarning: The argument 'device' of Tensor.pin_memory() is deprecated. Please do not pass this argument. (Triggered internally at /pytorch/aten/src/ATen/native/Memory.cpp:46.)
  return data.pin_memory(device)
/root/miniconda3/envs/var/lib/python3.10/site-packages/torch/utils/data/_utils/pin_memory.py:57: DeprecationWarning: The argument 'device' of Tensor.is_pinned() is deprecated. Please do not pass this argument. (Triggered internally at /pytorch/aten/src/ATen/native/Memory.cpp:31.)
  return data.pin_memory(device)
/root/miniconda3/envs/var/lib/python3.10/site-packages/torch/utils/data/_utils/pin_memory.py:57: DeprecationWarning: The argument 'device' of Tensor.pin_memory() is deprecated. Please do not pass this argument. (Triggered internally at /pytorch/aten/src/ATen/native/Memory.cpp:46.)
  return data.pin_memory(device)
/root/miniconda3/envs/var/lib/python3.10/site-packages/torch/utils/data/_utils/pin_memory.py:57: DeprecationWarning: The argument 'device' of Tensor.is_pinned() is deprecated. Please do not pass this argument. (Triggered internally at /pytorch/aten/src/ATen/native/Memory.cpp:31.)
  return data.pin_memory(device)
/root/miniconda3/envs/var/lib/python3.10/site-packages/torch/utils/data/_utils/pin_memory.py:57: DeprecationWarning: The argument 'device' of Tensor.pin_memory() is deprecated. Please do not pass this argument. (Triggered internally at /pytorch/aten/src/ATen/native/Memory.cpp:46.)
  return data.pin_memory(device)
/root/miniconda3/envs/var/lib/python3.10/site-packages/torch/utils/data/_utils/pin_memory.py:57: DeprecationWarning: The argument 'device' of Tensor.is_pinned() is deprecated. Please do not pass this argument. (Triggered internally at /pytorch/aten/src/ATen/native/Memory.cpp:31.)
  return data.pin_memory(device)
/root/miniconda3/envs/var/lib/python3.10/site-packages/torch/utils/data/_utils/pin_memory.py:57: DeprecationWarning: The argument 'device' of Tensor.pin_memory() is deprecated. Please do not pass this argument. (Triggered internally at /pytorch/aten/src/ATen/native/Memory.cpp:46.)
  return data.pin_memory(device)
/root/miniconda3/envs/var/lib/python3.10/site-packages/torch/utils/data/_utils/pin_memory.py:57: DeprecationWarning: The argument 'device' of Tensor.is_pinned() is deprecated. Please do not pass this argument. (Triggered internally at /pytorch/aten/src/ATen/native/Memory.cpp:31.)
  return data.pin_memory(device)
[11-04 01:18:40] (/VAR_train/utils/misc.py, line 314)=> [Ep]: [   0/20]  [1236/4947]  eta: 0:35:52  tlr: 6.3e-05  tnm: 0.00  Lm: 6.533 (6.533)  Lt: -1.000 (-1.000)  Accm: 3.56 (3.56)  Acct: -1.00 (-1.00)  TaskL: 0.2882 (0.2882)  DistillL: 8.7163 (8.7163)  TotalL: 9.0046 (9.0046)  time: 0.5677  data: 0.2554
[11-04 01:30:40] (/VAR_train/utils/misc.py, line 314)=> [Ep]: [   0/20]  [2473/4947]  eta: 0:23:57  tlr: 0.0001  tnm: 0.00  Lm: 6.588 (6.551)  Lt: -1.000 (-1.000)  Accm: 3.51 (3.48)  Acct: -1.00 (-1.00)  TaskL: 0.2906 (0.2890)  DistillL: 7.2205 (8.0397)  TotalL: 7.5114 (8.3287)  time: 0.6029  data: 0.2433
[11-04 01:42:38] (/VAR_train/utils/misc.py, line 314)=> [Ep]: [   0/20]  [3709/4947]  eta: 0:11:59  tlr: 0.0001  tnm: 0.00  Lm: 6.591 (6.650)  Lt: -1.000 (-1.000)  Accm: 3.42 (3.18)  Acct: -1.00 (-1.00)  TaskL: 0.2908 (0.2934)  DistillL: 6.9534 (7.3837)  TotalL: 7.2442 (7.6771)  time: 0.5777  data: 0.2472
[11-04 01:54:35] (/VAR_train/utils/misc.py, line 314)=> [Ep]: [   0/20]  [4946/4947]  eta: 0:00:00  tlr: 0.0001  tnm: 0.00  Lm: 6.593 (6.655)  Lt: -1.000 (-1.000)  Accm: 3.33 (3.12)  Acct: -1.00 (-1.00)  TaskL: 0.2909 (0.2936)  DistillL: 7.2205 (7.6336)  TotalL: 7.5114 (7.9272)  time: 0.5862  data: 0.2519
[11-04 01:54:35] (/VAR_train/utils/misc.py, line 336)=> [Ep]: [   0/20]   Total time:      0:47:52   (0.581 s / it)
/root/miniconda3/envs/var/lib/python3.10/site-packages/torch/distributed/distributed_c10d.py:4876: UserWarning: barrier(): using the device under current context. You can specify `device_id` in `init_process_group` to mute this warning.
  warnings.warn(  # warn only once
[11-04 01:57:00] (/distillation_trainer.py, line 355)=> [验证蒸馏] 蒸馏损失: 533.8556, Logits相似度: 0.1299
[11-04 01:57:00] (distill/train_distill.py, line 332)=>  [*] [ep0]  (val 50000)  Lm: 6.7439, Lt: -1.0000, Acc m&t: 3.04 -1.00,  Val cost: 145.10s
[11-04 01:57:00] (distill/train_distill.py, line 340)=> [saving ckpt] ep1 ...     [saving ckpt](*) finished!  @ /home/project/real_prune/VAR_train/distill_d16_scale_aware_256_0.6_3_fromft20/ar-ckpt-ep001.pth (best)
[11-04 01:57:05] (distill/train_distill.py, line 361)=>      [ep0]  (training )  Lm: 6.744 (6.744), Lt: 999.000 (-1.000),  Acc m&t: 3.04 -1.00,  Remain: 15:01:22,  Finish: 2025-11-04 16:55
[11-04 01:57:06] (/VAR_train/utils/misc.py, line 314)=> [Ep]: [   1/20]  [   0/4947]  eta: 0:46:42  tlr: 0.0001  tnm: 0.00  Lm: 6.722 (6.722)  Lt: -1.000 (-1.000)  Accm: 3.24 (3.24)  Acct: -1.00 (-1.00)  TaskL: 0.2966 (0.2966)  DistillL: 5.2751 (5.2751)  TotalL: 5.5717 (5.5717)  time: 0.5664  data: 0.2512
[11-04 02:09:05] (/VAR_train/utils/misc.py, line 314)=> [Ep]: [   1/20]  [1236/4947]  eta: 0:36:01  tlr: 9.9e-05  tnm: 0.00  Lm: 6.786 (6.786)  Lt: -1.000 (-1.000)  Accm: 2.61 (2.61)  Acct: -1.00 (-1.00)  TaskL: 0.2994 (0.2994)  DistillL: 7.0098 (7.0098)  TotalL: 7.3092 (7.3092)  time: 0.5872  data: 0.2407
[11-04 02:21:10] (/VAR_train/utils/misc.py, line 314)=> [Ep]: [   1/20]  [2473/4947]  eta: 0:24:05  tlr: 9.9e-05  tnm: 0.00  Lm: 6.729 (6.767)  Lt: -1.000 (-1.000)  Accm: 2.46 (2.56)  Acct: -1.00 (-1.00)  TaskL: 0.3022 (0.3810)  DistillL: 8.7446 (8.7329)  TotalL: 9.0468 (9.1139)  time: 0.5784  data: 0.2449
[11-04 02:33:14] (/VAR_train/utils/misc.py, line 314)=> [Ep]: [   1/20]  [3709/4947]  eta: 0:12:03  tlr: 9.8e-05  tnm: 0.00  Lm: 6.736 (6.761)  Lt: -1.000 (-1.000)  Accm: 2.58 (2.60)  Acct: -1.00 (-1.00)  TaskL: 0.4232 (0.4221)  DistillL: 10.3415 (9.5343)  TotalL: 10.7653 (9.9564)  time: 0.5749  data: 0.2522
[11-04 02:45:19] (/VAR_train/utils/misc.py, line 314)=> [Ep]: [   1/20]  [4946/4947]  eta: 0:00:00  tlr: 9.7e-05  tnm: 0.00  Lm: 6.742 (6.797)  Lt: -1.000 (-1.000)  Accm: 2.46 (2.45)  Acct: -1.00 (-1.00)  TaskL: 0.5442 (0.4499)  DistillL: 11.0789 (9.8432)  TotalL: 11.6403 (10.2931)  time: 0.5864  data: 0.2513
[11-04 02:45:19] (/VAR_train/utils/misc.py, line 336)=> [Ep]: [   1/20]   Total time:      0:48:14   (0.585 s / it)
[11-04 02:47:45] (/distillation_trainer.py, line 355)=> [验证蒸馏] 蒸馏损失: 568.7746, Logits相似度: 0.1212
[11-04 02:47:45] (distill/train_distill.py, line 332)=>  [*] [ep1]  (val 50000)  Lm: 6.7694, Lt: -1.0000, Acc m&t: 2.89 -1.00,  Val cost: 145.48s
[11-04 02:47:45] (distill/train_distill.py, line 340)=> [saving ckpt] ep2 ...     [saving ckpt](*) finished!  @ /home/project/real_prune/VAR_train/distill_d16_scale_aware_256_0.6_3_fromft20/ar-ckpt-ep002.pth
[11-04 02:47:50] (distill/train_distill.py, line 361)=>      [ep1]  (training )  Lm: 6.744 (6.769), Lt: 999.000 (-1.000),  Acc m&t: 3.04 -1.00,  Remain: 14:10:20,  Finish: 2025-11-04 16:55
[11-04 02:47:50] (/VAR_train/utils/misc.py, line 314)=> [Ep]: [   2/20]  [   0/4947]  eta: 0:48:06  tlr: 9.7e-05  tnm: 0.00  Lm: 6.848 (6.848)  Lt: -1.000 (-1.000)  Accm: 2.56 (2.56)  Acct: -1.00 (-1.00)  TaskL: 0.5539 (0.5539)  DistillL: 8.4642 (8.4642)  TotalL: 9.0181 (9.0181)  time: 0.5834  data: 0.2564
[11-04 02:59:59] (/VAR_train/utils/misc.py, line 314)=> [Ep]: [   2/20]  [1236/4947]  eta: 0:36:28  tlr: 9.7e-05  tnm: 0.00  Lm: 6.807 (6.807)  Lt: -1.000 (-1.000)  Accm: 2.87 (2.87)  Acct: -1.00 (-1.00)  TaskL: 0.5506 (0.5506)  DistillL: 9.0765 (9.0765)  TotalL: 9.6271 (9.6271)  time: 0.5943  data: 0.2585
[11-04 03:12:06] (/VAR_train/utils/misc.py, line 314)=> [Ep]: [   2/20]  [2473/4947]  eta: 0:24:16  tlr: 9.6e-05  tnm: 0.00  Lm: 6.766 (6.777)  Lt: -1.000 (-1.000)  Accm: 3.14 (2.96)  Acct: -1.00 (-1.00)  TaskL: 0.5472 (0.5481)  DistillL: 9.6889 (9.4887)  TotalL: 10.2361 (10.0368)  time: 0.5795  data: 0.2556
[11-04 03:24:11] (/VAR_train/utils/misc.py, line 314)=> [Ep]: [   2/20]  [3709/4947]  eta: 0:12:07  tlr: 9.6e-05  tnm: 0.00  Lm: 6.741 (6.747)  Lt: -1.000 (-1.000)  Accm: 3.17 (3.13)  Acct: -1.00 (-1.00)  TaskL: 0.5452 (0.5457)  DistillL: 10.0010 (9.7491)  TotalL: 10.5462 (10.2947)  time: 0.5895  data: 0.2384
[11-04 03:36:18] (/VAR_train/utils/misc.py, line 314)=> [Ep]: [   2/20]  [4946/4947]  eta: 0:00:00  tlr: 9.5e-05  tnm: 0.00  Lm: 6.766 (6.768)  Lt: -1.000 (-1.000)  Accm: 3.14 (3.13)  Acct: -1.00 (-1.00)  TaskL: 0.5472 (0.5474)  DistillL: 9.7079 (9.7408)  TotalL: 10.2623 (10.2883)  time: 0.5994  data: 0.2475
[11-04 03:36:18] (/VAR_train/utils/misc.py, line 336)=> [Ep]: [   2/20]   Total time:      0:48:28   (0.588 s / it)
[11-04 03:38:44] (/distillation_trainer.py, line 355)=> [验证蒸馏] 蒸馏损失: 625.4472, Logits相似度: 0.1108
[11-04 03:38:44] (distill/train_distill.py, line 332)=>  [*] [ep2]  (val 50000)  Lm: 6.8330, Lt: -1.0000, Acc m&t: 2.76 -1.00,  Val cost: 145.66s
[11-04 03:38:44] (distill/train_distill.py, line 340)=> [saving ckpt] ep3 ...     [saving ckpt](*) finished!  @ /home/project/real_prune/VAR_train/distill_d16_scale_aware_256_0.6_3_fromft20/ar-ckpt-ep003.pth
[11-04 03:38:49] (distill/train_distill.py, line 361)=>      [ep2]  (training )  Lm: 6.744 (6.833), Lt: 999.000 (-1.000),  Acc m&t: 3.04 -1.00,  Remain: 13:26:39,  Finish: 2025-11-04 17:02
[11-04 03:38:50] (/VAR_train/utils/misc.py, line 314)=> [Ep]: [   3/20]  [   0/4947]  eta: 0:49:51  tlr: 9.5e-05  tnm: 0.00  Lm: 6.913 (6.913)  Lt: -1.000 (-1.000)  Accm: 1.87 (1.87)  Acct: -1.00 (-1.00)  TaskL: 0.5591 (0.5591)  DistillL: 8.8754 (8.8754)  TotalL: 9.4345 (9.4345)  time: 0.6047  data: 0.2604
[11-04 03:50:58] (/VAR_train/utils/misc.py, line 314)=> [Ep]: [   3/20]  [1236/4947]  eta: 0:36:26  tlr: 9.5e-05  tnm: 0.00  Lm: 6.842 (6.842)  Lt: -1.000 (-1.000)  Accm: 2.31 (2.31)  Acct: -1.00 (-1.00)  TaskL: 0.5534 (0.5534)  DistillL: 8.2318 (8.2318)  TotalL: 8.7852 (8.7852)  time: 0.6110  data: 0.2455
[11-04 04:03:10] (/VAR_train/utils/misc.py, line 314)=> [Ep]: [   3/20]  [2473/4947]  eta: 0:24:20  tlr: 9.4e-05  tnm: 0.00  Lm: 6.913 (6.930)  Lt: -1.000 (-1.000)  Accm: 1.87 (2.16)  Acct: -1.00 (-1.00)  TaskL: 0.5591 (0.6860)  DistillL: 8.8754 (10.3380)  TotalL: 9.4345 (11.0240)  time: 0.6032  data: 0.2503
[11-04 04:15:27] (/VAR_train/utils/misc.py, line 314)=> [Ep]: [   3/20]  [3709/4947]  eta: 0:12:13  tlr: 9.3e-05  tnm: 0.00  Lm: 6.969 (6.954)  Lt: -1.000 (-1.000)  Accm: 2.06 (2.19)  Acct: -1.00 (-1.00)  TaskL: 0.7496 (0.7495)  DistillL: 11.7129 (11.5688)  TotalL: 12.4680 (12.3183)  time: 0.6132  data: 0.2612
[11-04 04:27:45] (/VAR_train/utils/misc.py, line 314)=> [Ep]: [   3/20]  [4946/4947]  eta: 0:00:00  tlr: 9.3e-05  tnm: 0.00  Lm: 7.024 (6.974)  Lt: -1.000 (-1.000)  Accm: 1.87 (2.04)  Acct: -1.00 (-1.00)  TaskL: 0.9400 (0.7883)  DistillL: 14.5504 (12.5856)  TotalL: 15.5015 (13.3740)  time: 0.6021  data: 0.2596
[11-04 04:27:45] (/VAR_train/utils/misc.py, line 336)=> [Ep]: [   3/20]   Total time:      0:48:55   (0.593 s / it)
[11-04 04:30:10] (/distillation_trainer.py, line 355)=> [验证蒸馏] 蒸馏损失: 529.8733, Logits相似度: 0.1292
[11-04 04:30:10] (distill/train_distill.py, line 332)=>  [*] [ep3]  (val 50000)  Lm: 6.8966, Lt: -1.0000, Acc m&t: 2.47 -1.00,  Val cost: 145.28s
[11-04 04:30:10] (distill/train_distill.py, line 340)=> [saving ckpt] ep4 ...     [saving ckpt](*) finished!  @ /home/project/real_prune/VAR_train/distill_d16_scale_aware_256_0.6_3_fromft20/ar-ckpt-ep004.pth
[11-04 04:30:15] (distill/train_distill.py, line 361)=>      [ep3]  (training )  Lm: 6.744 (6.897), Lt: 999.000 (-1.000),  Acc m&t: 3.04 -1.00,  Remain: 12:55:48,  Finish: 2025-11-04 17:23
[11-04 04:30:16] (/VAR_train/utils/misc.py, line 314)=> [Ep]: [   4/20]  [   0/4947]  eta: 0:52:26  tlr: 9.3e-05  tnm: 0.00  Lm: 6.920 (6.920)  Lt: -1.000 (-1.000)  Accm: 2.38 (2.38)  Acct: -1.00 (-1.00)  TaskL: 0.9261 (0.9261)  DistillL: 17.5171 (17.5171)  TotalL: 18.4432 (18.4432)  time: 0.6361  data: 0.3462
[11-04 04:42:32] (/VAR_train/utils/misc.py, line 314)=> [Ep]: [   4/20]  [1236/4947]  eta: 0:36:50  tlr: 9.2e-05  tnm: 0.00  Lm: 6.937 (6.937)  Lt: -1.000 (-1.000)  Accm: 2.23 (2.23)  Acct: -1.00 (-1.00)  TaskL: 0.9283 (0.9283)  DistillL: 14.9472 (14.9472)  TotalL: 15.8755 (15.8755)  time: 0.6036  data: 0.2506
[11-04 04:54:48] (/VAR_train/utils/misc.py, line 314)=> [Ep]: [   4/20]  [2473/4947]  eta: 0:24:32  tlr: 9.2e-05  tnm: 0.00  Lm: 6.920 (6.900)  Lt: -1.000 (-1.000)  Accm: 2.38 (2.47)  Acct: -1.00 (-1.00)  TaskL: 0.9261 (0.9234)  DistillL: 14.8967 (14.9304)  TotalL: 15.8105 (15.8538)  time: 0.5952  data: 0.2402
[11-04 05:07:03] (/VAR_train/utils/misc.py, line 314)=> [Ep]: [   4/20]  [3709/4947]  eta: 0:12:16  tlr: 9.1e-05  tnm: 0.00  Lm: 6.937 (6.927)  Lt: -1.000 (-1.000)  Accm: 2.23 (2.35)  Acct: -1.00 (-1.00)  TaskL: 0.9283 (0.9270)  DistillL: 13.9575 (14.4524)  TotalL: 14.8832 (15.3794)  time: 0.6145  data: 0.2524
[11-04 05:19:21] (/VAR_train/utils/misc.py, line 314)=> [Ep]: [   4/20]  [4946/4947]  eta: 0:00:00  tlr: 9e-05  tnm: 0.00  Lm: 6.953 (6.938)  Lt: -1.000 (-1.000)  Accm: 2.35 (2.35)  Acct: -1.00 (-1.00)  TaskL: 0.9305 (0.9284)  DistillL: 13.0183 (14.1514)  TotalL: 13.9560 (15.0798)  time: 0.5967  data: 0.2482
[11-04 05:19:21] (/VAR_train/utils/misc.py, line 336)=> [Ep]: [   4/20]   Total time:      0:49:05   (0.595 s / it)
[11-04 05:21:46] (/distillation_trainer.py, line 355)=> [验证蒸馏] 蒸馏损失: 546.6016, Logits相似度: 0.1271
[11-04 05:21:46] (distill/train_distill.py, line 332)=>  [*] [ep4]  (val 50000)  Lm: 6.9115, Lt: -1.0000, Acc m&t: 2.56 -1.00,  Val cost: 145.28s
[11-04 05:21:46] (distill/train_distill.py, line 340)=> [saving ckpt] ep5 ...     [saving ckpt](*) finished!  @ /home/project/real_prune/VAR_train/distill_d16_scale_aware_256_0.6_3_fromft20/ar-ckpt-ep005.pth
[11-04 05:21:51] (distill/train_distill.py, line 361)=>      [ep4]  (training )  Lm: 6.744 (6.912), Lt: 999.000 (-1.000),  Acc m&t: 3.04 -1.00,  Remain: 12:12:12,  Finish: 2025-11-04 17:31
[11-04 05:21:52] (/VAR_train/utils/misc.py, line 314)=> [Ep]: [   5/20]  [   0/4947]  eta: 0:54:57  tlr: 9e-05  tnm: 0.00  Lm: 6.837 (6.837)  Lt: -1.000 (-1.000)  Accm: 2.91 (2.91)  Acct: -1.00 (-1.00)  TaskL: 0.9150 (0.9150)  DistillL: 14.0497 (14.0497)  TotalL: 14.9647 (14.9647)  time: 0.6666  data: 0.3764
[11-04 05:34:11] (/VAR_train/utils/misc.py, line 314)=> [Ep]: [   5/20]  [1236/4947]  eta: 0:37:00  tlr: 9e-05  tnm: 0.00  Lm: 6.950 (6.950)  Lt: -1.000 (-1.000)  Accm: 2.55 (2.55)  Acct: -1.00 (-1.00)  TaskL: 1.0062 (1.0062)  DistillL: 19.1196 (19.1196)  TotalL: 20.1258 (20.1258)  time: 0.6106  data: 0.2419
[11-04 05:46:47] (/VAR_train/utils/misc.py, line 314)=> [Ep]: [   5/20]  [2473/4947]  eta: 0:24:55  tlr: 8.9e-05  tnm: 0.00  Lm: 7.062 (7.024)  Lt: -1.000 (-1.000)  Accm: 2.20 (2.22)  Acct: -1.00 (-1.00)  TaskL: 1.0974 (1.2159)  DistillL: 18.4731 (18.9041)  TotalL: 20.1083 (20.1199)  time: 0.6064  data: 0.2396
[11-04 05:59:23] (/VAR_train/utils/misc.py, line 314)=> [Ep]: [   5/20]  [3709/4947]  eta: 0:12:31  tlr: 8.9e-05  tnm: 0.00  Lm: 7.035 (7.020)  Lt: -1.000 (-1.000)  Accm: 2.07 (2.15)  Acct: -1.00 (-1.00)  TaskL: 1.3475 (1.3113)  DistillL: 20.9560 (20.0378)  TotalL: 22.5724 (21.3491)  time: 0.6095  data: 0.2467
[11-04 06:11:58] (/VAR_train/utils/misc.py, line 314)=> [Ep]: [   5/20]  [4946/4947]  eta: 0:00:00  tlr: 8.8e-05  tnm: 0.00  Lm: 7.020 (7.020)  Lt: -1.000 (-1.000)  Accm: 2.20 (2.17)  Acct: -1.00 (-1.00)  TaskL: 1.5976 (1.3691)  DistillL: 23.4186 (20.7139)  TotalL: 25.0188 (22.0830)  time: 0.6170  data: 0.2469
[11-04 06:11:58] (/VAR_train/utils/misc.py, line 336)=> [Ep]: [   5/20]   Total time:      0:50:07   (0.608 s / it)
[11-04 06:14:23] (/distillation_trainer.py, line 355)=> [验证蒸馏] 蒸馏损失: 409.1278, Logits相似度: 0.1509
[11-04 06:14:23] (distill/train_distill.py, line 332)=>  [*] [ep5]  (val 50000)  Lm: 7.0245, Lt: -1.0000, Acc m&t: 2.13 -1.00,  Val cost: 144.98s
[11-04 06:14:23] (distill/train_distill.py, line 340)=> [saving ckpt] ep6 ...     [saving ckpt](*) finished!  @ /home/project/real_prune/VAR_train/distill_d16_scale_aware_256_0.6_3_fromft20/ar-ckpt-ep006.pth
[11-04 06:14:28] (distill/train_distill.py, line 361)=>      [ep5]  (training )  Lm: 6.744 (7.025), Lt: 999.000 (-1.000),  Acc m&t: 3.04 -1.00,  Remain: 11:50:20,  Finish: 2025-11-04 18:02
[11-04 06:14:29] (/VAR_train/utils/misc.py, line 314)=> [Ep]: [   6/20]  [   0/4947]  eta: 0:48:29  tlr: 8.8e-05  tnm: 0.00  Lm: 7.064 (7.064)  Lt: -1.000 (-1.000)  Accm: 2.07 (2.07)  Acct: -1.00 (-1.00)  TaskL: 1.6103 (1.6103)  DistillL: 23.4005 (23.4005)  TotalL: 25.0108 (25.0108)  time: 0.5881  data: 0.2465
[11-04 06:27:04] (/VAR_train/utils/misc.py, line 314)=> [Ep]: [   6/20]  [1236/4947]  eta: 0:37:47  tlr: 8.8e-05  tnm: 0.00  Lm: 7.061 (7.061)  Lt: -1.000 (-1.000)  Accm: 2.10 (2.10)  Acct: -1.00 (-1.00)  TaskL: 1.6096 (1.6096)  DistillL: 21.4320 (21.4320)  TotalL: 23.0416 (23.0416)  time: 0.6084  data: 0.2523
[11-04 06:39:42] (/VAR_train/utils/misc.py, line 314)=> [Ep]: [   6/20]  [2473/4947]  eta: 0:25:13  tlr: 8.7e-05  tnm: 0.00  Lm: 7.064 (7.065)  Lt: -1.000 (-1.000)  Accm: 2.07 (2.04)  Acct: -1.00 (-1.00)  TaskL: 1.6103 (1.6104)  DistillL: 20.5166 (21.1268)  TotalL: 22.1287 (22.7373)  time: 0.6275  data: 0.2568
[11-04 06:52:18] (/VAR_train/utils/misc.py, line 314)=> [Ep]: [   6/20]  [3709/4947]  eta: 0:12:37  tlr: 8.6e-05  tnm: 0.00  Lm: 7.068 (7.076)  Lt: -1.000 (-1.000)  Accm: 2.00 (1.94)  Acct: -1.00 (-1.00)  TaskL: 1.6112 (1.6130)  DistillL: 20.9131 (21.1725)  TotalL: 22.5295 (22.7855)  time: 0.6040  data: 0.2442
[11-04 07:04:55] (/VAR_train/utils/misc.py, line 314)=> [Ep]: [   6/20]  [4946/4947]  eta: 0:00:00  tlr: 8.6e-05  tnm: 0.00  Lm: 7.064 (7.073)  Lt: -1.000 (-1.000)  Accm: 1.92 (1.92)  Acct: -1.00 (-1.00)  TaskL: 1.6103 (1.6122)  DistillL: 20.7709 (21.0922)  TotalL: 22.3800 (22.7044)  time: 0.6134  data: 0.2446
[11-04 07:04:55] (/VAR_train/utils/misc.py, line 336)=> [Ep]: [   6/20]   Total time:      0:50:26   (0.612 s / it)
[11-04 07:07:21] (/distillation_trainer.py, line 355)=> [验证蒸馏] 蒸馏损失: 419.6963, Logits相似度: 0.1494
[11-04 07:07:21] (distill/train_distill.py, line 332)=>  [*] [ep6]  (val 50000)  Lm: 7.0340, Lt: -1.0000, Acc m&t: 2.04 -1.00,  Val cost: 145.35s
[11-04 07:07:21] (distill/train_distill.py, line 340)=> [saving ckpt] ep7 ...     [saving ckpt](*) finished!  @ /home/project/real_prune/VAR_train/distill_d16_scale_aware_256_0.6_3_fromft20/ar-ckpt-ep007.pth
[11-04 07:07:25] (distill/train_distill.py, line 361)=>      [ep6]  (training )  Lm: 6.744 (7.034), Lt: 999.000 (-1.000),  Acc m&t: 3.04 -1.00,  Remain: 10:58:24,  Finish: 2025-11-04 18:03
[11-04 07:07:26] (/VAR_train/utils/misc.py, line 314)=> [Ep]: [   7/20]  [   0/4947]  eta: 0:48:08  tlr: 8.6e-05  tnm: 0.00  Lm: 7.067 (7.067)  Lt: -1.000 (-1.000)  Accm: 2.01 (2.01)  Acct: -1.00 (-1.00)  TaskL: 1.6108 (1.6108)  DistillL: 21.5676 (21.5676)  TotalL: 23.1784 (23.1784)  time: 0.5839  data: 0.2559
[11-04 07:20:11] (/VAR_train/utils/misc.py, line 314)=> [Ep]: [   7/20]  [1236/4947]  eta: 0:38:18  tlr: 8.5e-05  tnm: 0.00  Lm: 7.066 (7.066)  Lt: -1.000 (-1.000)  Accm: 1.96 (1.96)  Acct: -1.00 (-1.00)  TaskL: 2.1302 (2.1302)  DistillL: 28.8966 (28.8966)  TotalL: 31.0268 (31.0268)  time: 0.6288  data: 0.2445
[11-04 07:33:19] (/VAR_train/utils/misc.py, line 314)=> [Ep]: [   7/20]  [2473/4947]  eta: 0:25:53  tlr: 8.5e-05  tnm: 0.00  Lm: 7.066 (7.044)  Lt: -1.000 (-1.000)  Accm: 2.01 (2.06)  Acct: -1.00 (-1.00)  TaskL: 2.6250 (2.2952)  DistillL: 34.5905 (30.7946)  TotalL: 37.2155 (33.0897)  time: 0.6365  data: 0.2467
[11-04 07:46:28] (/VAR_train/utils/misc.py, line 314)=> [Ep]: [   7/20]  [3709/4947]  eta: 0:13:01  tlr: 8.4e-05  tnm: 0.00  Lm: 7.060 (7.047)  Lt: -1.000 (-1.000)  Accm: 1.96 (1.97)  Acct: -1.00 (-1.00)  TaskL: 2.6351 (2.3827)  DistillL: 34.8501 (31.8733)  TotalL: 37.4852 (34.2560)  time: 0.6152  data: 0.2482
[11-04 07:59:33] (/VAR_train/utils/misc.py, line 314)=> [Ep]: [   7/20]  [4946/4947]  eta: 0:00:00  tlr: 8.4e-05  tnm: 0.00  Lm: 7.054 (6.993)  Lt: -1.000 (-1.000)  Accm: 2.01 (2.28)  Acct: -1.00 (-1.00)  TaskL: 2.6250 (2.4143)  DistillL: 34.5905 (32.2779)  TotalL: 37.2155 (34.6922)  time: 0.6258  data: 0.2503
[11-04 07:59:33] (/VAR_train/utils/misc.py, line 336)=> [Ep]: [   7/20]   Total time:      0:52:07   (0.632 s / it)
[11-04 08:01:58] (/distillation_trainer.py, line 355)=> [验证蒸馏] 蒸馏损失: 304.9467, Logits相似度: 0.1636
[11-04 08:01:58] (distill/train_distill.py, line 332)=>  [*] [ep7]  (val 50000)  Lm: 6.9958, Lt: -1.0000, Acc m&t: 2.17 -1.00,  Val cost: 144.97s
[11-04 08:01:58] (distill/train_distill.py, line 340)=> [saving ckpt] ep8 ...     [saving ckpt](*) finished!  @ /home/project/real_prune/VAR_train/distill_d16_scale_aware_256_0.6_3_fromft20/ar-ckpt-ep008.pth
[11-04 08:02:03] (distill/train_distill.py, line 361)=>      [ep7]  (training )  Lm: 6.744 (6.996), Lt: 999.000 (-1.000),  Acc m&t: 3.04 -1.00,  Remain: 10:20:03,  Finish: 2025-11-04 18:19
[11-04 08:02:04] (/VAR_train/utils/misc.py, line 314)=> [Ep]: [   8/20]  [   0/4947]  eta: 0:56:21  tlr: 8.4e-05  tnm: 0.00  Lm: 6.954 (6.954)  Lt: -1.000 (-1.000)  Accm: 1.97 (1.97)  Acct: -1.00 (-1.00)  TaskL: 2.6078 (2.6078)  DistillL: 39.6605 (39.6605)  TotalL: 42.2683 (42.2683)  time: 0.6835  data: 0.2504
[11-04 08:15:12] (/VAR_train/utils/misc.py, line 314)=> [Ep]: [   8/20]  [1236/4947]  eta: 0:39:26  tlr: 8.3e-05  tnm: 0.00  Lm: 6.966 (6.966)  Lt: -1.000 (-1.000)  Accm: 2.01 (2.01)  Acct: -1.00 (-1.00)  TaskL: 2.6123 (2.6123)  DistillL: 35.6804 (35.6804)  TotalL: 38.2927 (38.2927)  time: 0.6403  data: 0.2475
[11-04 08:28:19] (/VAR_train/utils/misc.py, line 314)=> [Ep]: [   8/20]  [2473/4947]  eta: 0:26:15  tlr: 8.2e-05  tnm: 0.00  Lm: 6.956 (6.963)  Lt: -1.000 (-1.000)  Accm: 2.05 (2.06)  Acct: -1.00 (-1.00)  TaskL: 2.6087 (2.6111)  DistillL: 35.7772 (35.7126)  TotalL: 38.3858 (38.3237)  time: 0.6507  data: 0.2505
[11-04 08:41:25] (/VAR_train/utils/misc.py, line 314)=> [Ep]: [   8/20]  [3709/4947]  eta: 0:13:08  tlr: 8.2e-05  tnm: 0.00  Lm: 6.967 (6.981)  Lt: -1.000 (-1.000)  Accm: 2.01 (2.03)  Acct: -1.00 (-1.00)  TaskL: 2.6128 (2.6180)  DistillL: 34.8731 (35.2767)  TotalL: 37.4967 (37.8947)  time: 0.6407  data: 0.2548
[11-04 08:54:31] (/VAR_train/utils/misc.py, line 314)=> [Ep]: [   8/20]  [4946/4947]  eta: 0:00:00  tlr: 8.1e-05  tnm: 0.00  Lm: 6.961 (6.977)  Lt: -1.000 (-1.000)  Accm: 2.05 (2.07)  Acct: -1.00 (-1.00)  TaskL: 2.6104 (2.6165)  DistillL: 33.9690 (34.5894)  TotalL: 36.6075 (37.2059)  time: 0.6236  data: 0.2438
[11-04 08:54:31] (/VAR_train/utils/misc.py, line 336)=> [Ep]: [   8/20]   Total time:      0:52:28   (0.636 s / it)
[11-04 08:56:56] (/distillation_trainer.py, line 355)=> [验证蒸馏] 蒸馏损失: 308.4153, Logits相似度: 0.1631
[11-04 08:56:56] (distill/train_distill.py, line 332)=>  [*] [ep8]  (val 50000)  Lm: 6.9760, Lt: -1.0000, Acc m&t: 2.22 -1.00,  Val cost: 144.76s
[11-04 08:56:56] (distill/train_distill.py, line 340)=> [saving ckpt] ep9 ...     [saving ckpt](*) finished!  @ /home/project/real_prune/VAR_train/distill_d16_scale_aware_256_0.6_3_fromft20/ar-ckpt-ep009.pth
[11-04 08:57:01] (distill/train_distill.py, line 361)=>      [ep8]  (training )  Lm: 6.744 (6.976), Lt: 999.000 (-1.000),  Acc m&t: 3.04 -1.00,  Remain: 9:21:10,  Finish: 2025-11-04 18:15
[11-04 08:57:02] (/VAR_train/utils/misc.py, line 314)=> [Ep]: [   9/20]  [   0/4947]  eta: 1:00:38  tlr: 8.1e-05  tnm: 0.00  Lm: 6.936 (6.936)  Lt: -1.000 (-1.000)  Accm: 2.23 (2.23)  Acct: -1.00 (-1.00)  TaskL: 2.6011 (2.6011)  DistillL: 31.3336 (31.3336)  TotalL: 33.9346 (33.9346)  time: 0.7355  data: 0.2585
[11-04 09:11:01] (/VAR_train/utils/misc.py, line 314)=> [Ep]: [   9/20]  [1236/4947]  eta: 0:41:59  tlr: 8.1e-05  tnm: 0.00  Lm: 6.897 (6.897)  Lt: -1.000 (-1.000)  Accm: 2.28 (2.28)  Acct: -1.00 (-1.00)  TaskL: 3.4385 (3.4385)  DistillL: 46.0602 (46.0602)  TotalL: 49.4986 (49.4986)  time: 0.7107  data: 0.2414
[11-04 09:25:36] (/VAR_train/utils/misc.py, line 314)=> [Ep]: [   9/20]  [2473/4947]  eta: 0:28:35  tlr: 8e-05  tnm: 0.00  Lm: 6.858 (6.876)  Lt: -1.000 (-1.000)  Accm: 2.34 (2.33)  Acct: -1.00 (-1.00)  TaskL: 4.2621 (3.7130)  DistillL: 60.7868 (52.2778)  TotalL: 65.0626 (55.9908)  time: 0.6902  data: 0.2471
[11-04 09:40:14] (/VAR_train/utils/misc.py, line 314)=> [Ep]: [   9/20]  [3709/4947]  eta: 0:14:25  tlr: 7.9e-05  tnm: 0.00  Lm: 6.847 (6.866)  Lt: -1.000 (-1.000)  Accm: 2.39 (2.36)  Acct: -1.00 (-1.00)  TaskL: 4.2621 (3.8503)  DistillL: 60.7182 (54.3707)  TotalL: 64.9871 (58.2210)  time: 0.7102  data: 0.2435
[11-04 09:54:51] (/VAR_train/utils/misc.py, line 314)=> [Ep]: [   9/20]  [4946/4947]  eta: 0:00:00  tlr: 7.9e-05  tnm: 0.00  Lm: 6.858 (6.865)  Lt: -1.000 (-1.000)  Accm: 2.43 (2.37)  Acct: -1.00 (-1.00)  TaskL: 4.2621 (3.9357)  DistillL: 60.6496 (55.4299)  TotalL: 64.9116 (59.3655)  time: 0.7055  data: 0.2478
[11-04 09:54:51] (/VAR_train/utils/misc.py, line 336)=> [Ep]: [   9/20]   Total time:      0:57:49   (0.701 s / it)
[11-04 09:57:15] (/distillation_trainer.py, line 355)=> [验证蒸馏] 蒸馏损失: 192.2110, Logits相似度: 0.1778
[11-04 09:57:15] (distill/train_distill.py, line 332)=>  [*] [ep9]  (val 50000)  Lm: 6.8697, Lt: -1.0000, Acc m&t: 2.33 -1.00,  Val cost: 144.79s
[11-04 09:57:15] (distill/train_distill.py, line 340)=> [saving ckpt] ep10 ...     [saving ckpt](*) finished!  @ /home/project/real_prune/VAR_train/distill_d16_scale_aware_256_0.6_3_fromft20/ar-ckpt-ep010.pth (best)
[11-04 09:57:23] (distill/train_distill.py, line 361)=>      [ep9]  (training )  Lm: 6.744 (6.870), Lt: 999.000 (-1.000),  Acc m&t: 3.04 -1.00,  Remain: 9:32:39,  Finish: 2025-11-04 19:27
[11-04 09:57:24] (/VAR_train/utils/misc.py, line 314)=> [Ep]: [  10/20]  [   0/4947]  eta: 1:16:58  tlr: 7.9e-05  tnm: 0.00  Lm: 6.728 (6.728)  Lt: -1.000 (-1.000)  Accm: 2.87 (2.87)  Acct: -1.00 (-1.00)  TaskL: 4.1951 (4.1951)  DistillL: 60.6439 (60.6439)  TotalL: 64.8390 (64.8390)  time: 0.9336  data: 0.5265
[11-04 10:11:57] (/VAR_train/utils/misc.py, line 314)=> [Ep]: [  10/20]  [1236/4947]  eta: 0:43:40  tlr: 7.8e-05  tnm: 0.00  Lm: 6.712 (6.712)  Lt: -1.000 (-1.000)  Accm: 2.91 (2.91)  Acct: -1.00 (-1.00)  TaskL: 4.1850 (4.1850)  DistillL: 59.6965 (59.6965)  TotalL: 63.8815 (63.8815)  time: 0.7194  data: 0.2457
[11-04 10:26:33] (/VAR_train/utils/misc.py, line 314)=> [Ep]: [  10/20]  [2473/4947]  eta: 0:29:10  tlr: 7.8e-05  tnm: 0.00  Lm: 6.728 (6.763)  Lt: -1.000 (-1.000)  Accm: 2.87 (2.64)  Acct: -1.00 (-1.00)  TaskL: 4.1951 (4.2168)  DistillL: 58.7491 (58.7335)  TotalL: 62.9240 (62.9503)  time: 0.7029  data: 0.2377
[11-04 10:41:09] (/VAR_train/utils/misc.py, line 314)=> [Ep]: [  10/20]  [3709/4947]  eta: 0:14:36  tlr: 7.7e-05  tnm: 0.00  Lm: 6.789 (6.785)  Lt: -1.000 (-1.000)  Accm: 2.64 (2.58)  Acct: -1.00 (-1.00)  TaskL: 4.2334 (4.2305)  DistillL: 57.9116 (58.3186)  TotalL: 62.1349 (62.5492)  time: 0.6906  data: 0.2466
[11-04 10:55:48] (/VAR_train/utils/misc.py, line 314)=> [Ep]: [  10/20]  [4946/4947]  eta: 0:00:00  tlr: 7.7e-05  tnm: 0.00  Lm: 6.851 (6.809)  Lt: -1.000 (-1.000)  Accm: 2.41 (2.50)  Acct: -1.00 (-1.00)  TaskL: 4.2717 (4.2453)  DistillL: 57.0741 (56.9878)  TotalL: 61.3458 (61.2332)  time: 0.7093  data: 0.2403
[11-04 10:55:48] (/VAR_train/utils/misc.py, line 336)=> [Ep]: [  10/20]   Total time:      0:58:25   (0.709 s / it)
[11-04 10:58:13] (/distillation_trainer.py, line 355)=> [验证蒸馏] 蒸馏损失: 195.3918, Logits相似度: 0.1772
[11-04 10:58:13] (distill/train_distill.py, line 332)=>  [*] [ep10]  (val 50000)  Lm: 6.8493, Lt: -1.0000, Acc m&t: 2.38 -1.00,  Val cost: 145.01s
[11-04 10:58:13] (distill/train_distill.py, line 340)=> [saving ckpt] ep11 ...     [saving ckpt](*) finished!  @ /home/project/real_prune/VAR_train/distill_d16_scale_aware_256_0.6_3_fromft20/ar-ckpt-ep011.pth
[11-04 10:58:18] (distill/train_distill.py, line 361)=>      [ep10]  (training )  Lm: 6.744 (6.849), Lt: 999.000 (-1.000),  Acc m&t: 3.04 -1.00,  Remain: 8:46:05,  Finish: 2025-11-04 19:41
[11-04 10:58:19] (/VAR_train/utils/misc.py, line 314)=> [Ep]: [  11/20]  [   0/4947]  eta: 0:56:42  tlr: 7.7e-05  tnm: 0.00  Lm: 7.018 (7.018)  Lt: -1.000 (-1.000)  Accm: 1.73 (1.73)  Acct: -1.00 (-1.00)  TaskL: 4.3762 (4.3762)  DistillL: 53.8852 (53.8852)  TotalL: 58.2614 (58.2614)  time: 0.6877  data: 0.2805
[11-04 11:15:50] (/VAR_train/utils/misc.py, line 314)=> [Ep]: [  11/20]  [1236/4947]  eta: 0:52:34  tlr: 7.6e-05  tnm: 0.00  Lm: 6.736 (6.736)  Lt: 2.437 (2.437)  Accm: 2.72 (2.72)  Acct: 2.18 (2.18)  TaskL: 5.4149 (5.4149)  DistillL: 72.4365 (72.4365)  TotalL: 77.8514 (77.8514)  time: 0.8677  data: 0.2506
[11-04 11:33:44] (/VAR_train/utils/misc.py, line 314)=> [Ep]: [  11/20]  [2473/4947]  eta: 0:35:25  tlr: 7.5e-05  tnm: 0.00  Lm: 6.454 (6.629)  Lt: 5.774 (3.549)  Accm: 3.71 (3.18)  Acct: 5.36 (3.36)  TaskL: 6.4138 (5.7479)  DistillL: 90.9878 (79.9089)  TotalL: 97.4414 (85.6568)  time: 0.8599  data: 0.2443
[11-04 11:51:41] (/VAR_train/utils/misc.py, line 314)=> [Ep]: [  11/20]  [3709/4947]  eta: 0:17:48  tlr: 7.5e-05  tnm: 0.00  Lm: 6.499 (6.607)  Lt: 5.818 (4.127)  Accm: 3.56 (3.24)  Acct: 5.31 (3.83)  TaskL: 6.4337 (5.9469)  DistillL: 89.5221 (81.9458)  TotalL: 96.0208 (87.8927)  time: 0.8780  data: 0.2622
[11-04 12:09:38] (/VAR_train/utils/misc.py, line 314)=> [Ep]: [  11/20]  [4946/4947]  eta: 0:00:00  tlr: 7.4e-05  tnm: 0.00  Lm: 6.454 (6.569)  Lt: 5.819 (4.466)  Accm: 3.65 (3.32)  Acct: 5.36 (4.15)  TaskL: 6.4157 (6.0406)  DistillL: 88.0564 (81.9267)  TotalL: 94.6002 (87.9674)  time: 0.8693  data: 0.2371
[11-04 12:09:38] (/VAR_train/utils/misc.py, line 336)=> [Ep]: [  11/20]   Total time:      1:11:19   (0.865 s / it)
[11-04 12:12:03] (/distillation_trainer.py, line 355)=> [验证蒸馏] 蒸馏损失: 67.5799, Logits相似度: 0.1922
[11-04 12:12:03] (distill/train_distill.py, line 332)=>  [*] [ep11]  (val 50000)  Lm: 6.5301, Lt: 4.4626, Acc m&t: 3.35 4.17,  Val cost: 145.09s
[11-04 12:12:03] (distill/train_distill.py, line 340)=> [saving ckpt] ep12 ...     [saving ckpt](*) finished!  @ /home/project/real_prune/VAR_train/distill_d16_scale_aware_256_0.6_3_fromft20/ar-ckpt-ep012.pth (best)
[11-04 12:12:11] (distill/train_distill.py, line 361)=>      [ep11]  (training )  Lm: 6.530 (6.530), Lt: 4.463 (4.463),  Acc m&t: 3.35 4.17,  Remain: 9:19:55,  Finish: 2025-11-04 21:29
[11-04 12:12:12] (/VAR_train/utils/misc.py, line 314)=> [Ep]: [  12/20]  [   0/4947]  eta: 1:09:26  tlr: 7.4e-05  tnm: 0.00  Lm: 6.404 (6.404)  Lt: 5.754 (5.754)  Accm: 3.86 (3.86)  Acct: 5.34 (5.34)  TaskL: 6.4038 (6.4038)  DistillL: 81.5887 (81.5887)  TotalL: 87.9926 (87.9926)  time: 0.8423  data: 0.2471
[11-04 12:30:08] (/VAR_train/utils/misc.py, line 314)=> [Ep]: [  12/20]  [1236/4947]  eta: 0:53:50  tlr: 7.3e-05  tnm: 0.00  Lm: 6.423 (6.423)  Lt: 5.753 (5.753)  Accm: 3.70 (3.70)  Acct: 5.65 (5.65)  TaskL: 6.4231 (6.4231)  DistillL: 80.4359 (80.4359)  TotalL: 86.8591 (86.8591)  time: 0.8669  data: 0.2468
[11-04 12:48:05] (/VAR_train/utils/misc.py, line 314)=> [Ep]: [  12/20]  [2473/4947]  eta: 0:35:54  tlr: 7.1e-05  tnm: 0.00  Lm: 6.442 (6.443)  Lt: 5.754 (5.758)  Accm: 3.55 (3.65)  Acct: 5.70 (5.67)  TaskL: 6.4425 (6.4433)  DistillL: 79.2831 (78.3628)  TotalL: 85.7256 (84.8061)  time: 0.8714  data: 0.2548
[11-04 13:06:01] (/VAR_train/utils/misc.py, line 314)=> [Ep]: [  12/20]  [3709/4947]  eta: 0:17:57  tlr: 6.9e-05  tnm: 0.00  Lm: 6.436 (6.440)  Lt: 5.761 (5.779)  Accm: 3.56 (3.63)  Acct: 5.63 (5.64)  TaskL: 6.4365 (6.4401)  DistillL: 80.4359 (79.5561)  TotalL: 86.8591 (85.9963)  time: 0.8647  data: 0.2481
[11-04 13:24:00] (/VAR_train/utils/misc.py, line 314)=> [Ep]: [  12/20]  [4946/4947]  eta: 0:00:00  tlr: 6.7e-05  tnm: 0.00  Lm: 6.442 (6.449)  Lt: 5.769 (5.792)  Accm: 3.55 (3.61)  Acct: 5.55 (5.56)  TaskL: 6.4425 (6.4492)  DistillL: 81.5887 (81.2974)  TotalL: 87.9926 (87.7467)  time: 0.8680  data: 0.2492
[11-04 13:24:00] (/VAR_train/utils/misc.py, line 336)=> [Ep]: [  12/20]   Total time:      1:11:49   (0.871 s / it)
[11-04 13:26:26] (/distillation_trainer.py, line 355)=> [验证蒸馏] 蒸馏损失: 65.3835, Logits相似度: 0.1924
[11-04 13:26:26] (distill/train_distill.py, line 332)=>  [*] [ep12]  (val 50000)  Lm: 6.4556, Lt: 5.8039, Acc m&t: 3.60 5.57,  Val cost: 145.61s
[11-04 13:26:26] (distill/train_distill.py, line 340)=> [saving ckpt] ep13 ...     [saving ckpt](*) finished!  @ /home/project/real_prune/VAR_train/distill_d16_scale_aware_256_0.6_3_fromft20/ar-ckpt-ep013.pth (best)
[11-04 13:26:33] (distill/train_distill.py, line 361)=>      [ep12]  (training )  Lm: 6.456 (6.456), Lt: 4.463 (5.804),  Acc m&t: 3.60 5.57,  Remain: 8:22:13,  Finish: 2025-11-04 21:46
[11-04 13:26:34] (/VAR_train/utils/misc.py, line 314)=> [Ep]: [  13/20]  [   0/4947]  eta: 1:16:56  tlr: 6.7e-05  tnm: 0.00  Lm: 6.431 (6.431)  Lt: 5.760 (5.760)  Accm: 3.56 (3.56)  Acct: 5.74 (5.74)  TaskL: 6.4308 (6.4308)  DistillL: 83.1320 (83.1320)  TotalL: 89.5627 (89.5627)  time: 0.9331  data: 0.3625
[11-04 13:44:31] (/VAR_train/utils/misc.py, line 314)=> [Ep]: [  13/20]  [1236/4947]  eta: 0:53:54  tlr: 6.5e-05  tnm: 0.00  Lm: 6.403 (6.403)  Lt: 5.713 (5.713)  Accm: 3.79 (3.79)  Acct: 6.09 (6.09)  TaskL: 6.4028 (6.4028)  DistillL: 79.7730 (79.7730)  TotalL: 86.1758 (86.1758)  time: 0.8672  data: 0.2482
[11-04 14:02:28] (/VAR_train/utils/misc.py, line 314)=> [Ep]: [  13/20]  [2473/4947]  eta: 0:35:54  tlr: 6.3e-05  tnm: 0.00  Lm: 6.375 (6.388)  Lt: 5.760 (5.743)  Accm: 4.03 (3.93)  Acct: 6.12 (6.10)  TaskL: 6.3749 (6.3881)  DistillL: 83.1320 (81.2704)  TotalL: 89.5627 (87.6584)  time: 0.8622  data: 0.2399
[11-04 14:20:24] (/VAR_train/utils/misc.py, line 314)=> [Ep]: [  13/20]  [3709/4947]  eta: 0:17:58  tlr: 6.1e-05  tnm: 0.00  Lm: 6.403 (6.428)  Lt: 5.781 (5.794)  Accm: 3.79 (3.77)  Acct: 5.93 (5.86)  TaskL: 6.4028 (6.4282)  DistillL: 80.8195 (80.5796)  TotalL: 87.3092 (87.0077)  time: 0.8672  data: 0.2511
[11-04 14:38:24] (/VAR_train/utils/misc.py, line 314)=> [Ep]: [  13/20]  [4946/4947]  eta: 0:00:00  tlr: 5.9e-05  tnm: 0.00  Lm: 6.431 (6.438)  Lt: 5.760 (5.787)  Accm: 3.56 (3.69)  Acct: 5.74 (5.82)  TaskL: 6.4308 (6.4376)  DistillL: 78.5071 (79.1373)  TotalL: 85.0557 (85.5748)  time: 0.8815  data: 0.2482
[11-04 14:38:24] (/VAR_train/utils/misc.py, line 336)=> [Ep]: [  13/20]   Total time:      1:11:50   (0.871 s / it)
[11-04 14:40:49] (/distillation_trainer.py, line 355)=> [验证蒸馏] 蒸馏损失: 63.5476, Logits相似度: 0.1926
[11-04 14:40:49] (distill/train_distill.py, line 332)=>  [*] [ep13]  (val 50000)  Lm: 6.4485, Lt: 5.7987, Acc m&t: 3.59 5.59,  Val cost: 144.81s
[11-04 14:40:49] (distill/train_distill.py, line 340)=> [saving ckpt] ep14 ...     [saving ckpt](*) finished!  @ /home/project/real_prune/VAR_train/distill_d16_scale_aware_256_0.6_3_fromft20/ar-ckpt-ep014.pth (best)
[11-04 14:40:56] (distill/train_distill.py, line 361)=>      [ep13]  (training )  Lm: 6.448 (6.448), Lt: 4.463 (5.799),  Acc m&t: 3.60 5.59,  Remain: 7:10:06,  Finish: 2025-11-04 21:48
[11-04 14:40:57] (/VAR_train/utils/misc.py, line 314)=> [Ep]: [  14/20]  [   0/4947]  eta: 1:09:39  tlr: 5.9e-05  tnm: 0.00  Lm: 6.468 (6.468)  Lt: 5.789 (5.789)  Accm: 3.26 (3.26)  Acct: 5.23 (5.23)  TaskL: 6.4679 (6.4679)  DistillL: 73.4320 (73.4320)  TotalL: 79.8999 (79.8999)  time: 0.8448  data: 0.2478
[11-04 14:58:54] (/VAR_train/utils/misc.py, line 314)=> [Ep]: [  14/20]  [1236/4947]  eta: 0:53:52  tlr: 5.7e-05  tnm: 0.00  Lm: 6.502 (6.502)  Lt: 5.801 (5.801)  Accm: 3.22 (3.22)  Acct: 5.28 (5.28)  TaskL: 6.5015 (6.5015)  DistillL: 74.2606 (74.2606)  TotalL: 80.7621 (80.7621)  time: 0.8709  data: 0.2511
[11-04 15:16:54] (/VAR_train/utils/misc.py, line 314)=> [Ep]: [  14/20]  [2473/4947]  eta: 0:35:57  tlr: 5.5e-05  tnm: 0.00  Lm: 6.535 (6.514)  Lt: 5.812 (5.829)  Accm: 3.18 (3.20)  Acct: 5.23 (5.22)  TaskL: 6.5352 (6.5139)  DistillL: 75.0891 (74.9699)  TotalL: 81.6243 (81.4838)  time: 0.8649  data: 0.2463
[11-04 15:34:53] (/VAR_train/utils/misc.py, line 314)=> [Ep]: [  14/20]  [3709/4947]  eta: 0:17:59  tlr: 5.3e-05  tnm: 0.00  Lm: 6.502 (6.495)  Lt: 5.801 (5.815)  Accm: 3.22 (3.29)  Acct: 5.28 (5.35)  TaskL: 6.5015 (6.4951)  DistillL: 75.7388 (76.0151)  TotalL: 82.2757 (82.5102)  time: 0.8802  data: 0.2478
[11-04 15:52:50] (/VAR_train/utils/misc.py, line 314)=> [Ep]: [  14/20]  [4946/4947]  eta: 0:00:00  tlr: 5.1e-05  tnm: 0.00  Lm: 6.468 (6.476)  Lt: 5.789 (5.791)  Accm: 3.26 (3.40)  Acct: 5.34 (5.56)  TaskL: 6.4679 (6.4763)  DistillL: 75.0891 (75.8259)  TotalL: 81.6243 (82.3023)  time: 0.8620  data: 0.2495
[11-04 15:52:50] (/VAR_train/utils/misc.py, line 336)=> [Ep]: [  14/20]   Total time:      1:11:53   (0.872 s / it)
[11-04 15:55:15] (/distillation_trainer.py, line 355)=> [验证蒸馏] 蒸馏损失: 61.9482, Logits相似度: 0.1927
[11-04 15:55:15] (distill/train_distill.py, line 332)=>  [*] [ep14]  (val 50000)  Lm: 6.4599, Lt: 5.8007, Acc m&t: 3.49 5.52,  Val cost: 145.12s
[11-04 15:55:15] (distill/train_distill.py, line 340)=> [saving ckpt] ep15 ...     [saving ckpt](*) finished!  @ /home/project/real_prune/VAR_train/distill_d16_scale_aware_256_0.6_3_fromft20/ar-ckpt-ep015.pth (best)
[11-04 15:55:23] (distill/train_distill.py, line 361)=>      [ep14]  (training )  Lm: 6.448 (6.460), Lt: 4.463 (5.801),  Acc m&t: 3.60 5.59,  Remain: 5:51:25,  Finish: 2025-11-04 21:44
[11-04 15:55:24] (/VAR_train/utils/misc.py, line 314)=> [Ep]: [  15/20]  [   0/4947]  eta: 1:16:20  tlr: 5.1e-05  tnm: 0.00  Lm: 6.325 (6.325)  Lt: 5.686 (5.686)  Accm: 4.15 (4.15)  Acct: 6.20 (6.20)  TaskL: 6.3249 (6.3249)  DistillL: 75.6649 (75.6649)  TotalL: 81.9899 (81.9899)  time: 0.9259  data: 0.2478
[11-04 16:13:19] (/VAR_train/utils/misc.py, line 314)=> [Ep]: [  15/20]  [1236/4947]  eta: 0:53:50  tlr: 4.9e-05  tnm: 0.00  Lm: 6.308 (6.308)  Lt: 5.642 (5.642)  Accm: 4.16 (4.16)  Acct: 6.38 (6.38)  TaskL: 6.3079 (6.3079)  DistillL: 79.7058 (79.7058)  TotalL: 86.0136 (86.0136)  time: 0.8725  data: 0.2624
[11-04 16:31:17] (/VAR_train/utils/misc.py, line 314)=> [Ep]: [  15/20]  [2473/4947]  eta: 0:35:53  tlr: 4.7e-05  tnm: 0.00  Lm: 6.325 (6.363)  Lt: 5.686 (5.703)  Accm: 4.15 (3.93)  Acct: 6.20 (6.08)  TaskL: 6.3249 (6.3631)  DistillL: 83.3300 (80.9139)  TotalL: 89.8036 (87.2769)  time: 0.8759  data: 0.2484
[11-04 16:49:15] (/VAR_train/utils/misc.py, line 314)=> [Ep]: [  15/20]  [3709/4947]  eta: 0:17:58  tlr: 4.5e-05  tnm: 0.00  Lm: 6.363 (6.373)  Lt: 5.722 (5.717)  Accm: 3.94 (3.88)  Acct: 5.91 (5.97)  TaskL: 6.3634 (6.3728)  DistillL: 82.0635 (80.8847)  TotalL: 88.5013 (87.2575)  time: 0.8772  data: 0.2451
[11-04 17:07:11] (/VAR_train/utils/misc.py, line 314)=> [Ep]: [  15/20]  [4946/4947]  eta: 0:00:00  tlr: 4.3e-05  tnm: 0.00  Lm: 6.402 (6.385)  Lt: 5.686 (5.710)  Accm: 3.76 (3.86)  Acct: 5.86 (5.95)  TaskL: 6.4019 (6.3848)  DistillL: 81.1031 (80.9283)  TotalL: 87.5359 (87.3131)  time: 0.8977  data: 0.2448
[11-04 17:07:11] (/VAR_train/utils/misc.py, line 336)=> [Ep]: [  15/20]   Total time:      1:11:48   (0.871 s / it)
[11-04 17:09:36] (/distillation_trainer.py, line 355)=> [验证蒸馏] 蒸馏损失: 60.3886, Logits相似度: 0.1928
[11-04 17:09:36] (distill/train_distill.py, line 332)=>  [*] [ep15]  (val 50000)  Lm: 6.4193, Lt: 5.7677, Acc m&t: 3.69 5.66,  Val cost: 144.87s
[11-04 17:09:36] (distill/train_distill.py, line 340)=> [saving ckpt] ep16 ...     [saving ckpt](*) finished!  @ /home/project/real_prune/VAR_train/distill_d16_scale_aware_256_0.6_3_fromft20/ar-ckpt-ep016.pth (best)
[11-04 17:09:43] (distill/train_distill.py, line 361)=>      [ep15]  (training )  Lm: 6.419 (6.419), Lt: 4.463 (5.768),  Acc m&t: 3.69 5.66,  Remain: 4:54:14,  Finish: 2025-11-04 22:01
[11-04 17:09:44] (/VAR_train/utils/misc.py, line 314)=> [Ep]: [  16/20]  [   0/4947]  eta: 1:11:19  tlr: 4.3e-05  tnm: 0.00  Lm: 6.308 (6.308)  Lt: 5.735 (5.735)  Accm: 4.34 (4.34)  Acct: 6.15 (6.15)  TaskL: 6.3081 (6.3081)  DistillL: 81.6061 (81.6061)  TotalL: 87.9142 (87.9142)  time: 0.8650  data: 0.2747
[11-04 17:27:39] (/VAR_train/utils/misc.py, line 314)=> [Ep]: [  16/20]  [1236/4947]  eta: 0:53:45  tlr: 4.1e-05  tnm: 0.00  Lm: 6.355 (6.355)  Lt: 5.750 (5.750)  Accm: 4.05 (4.05)  Acct: 5.90 (5.90)  TaskL: 6.3553 (6.3553)  DistillL: 75.5881 (75.5881)  TotalL: 81.9433 (81.9433)  time: 0.8741  data: 0.2587
[11-04 17:45:39] (/VAR_train/utils/misc.py, line 314)=> [Ep]: [  16/20]  [2473/4947]  eta: 0:35:55  tlr: 3.9e-05  tnm: 0.00  Lm: 6.402 (6.400)  Lt: 5.765 (5.763)  Accm: 3.75 (3.81)  Acct: 5.65 (5.72)  TaskL: 6.4024 (6.4004)  DistillL: 69.5700 (71.8786)  TotalL: 75.9724 (78.2790)  time: 0.8831  data: 0.2577
[11-04 18:03:34] (/VAR_train/utils/misc.py, line 314)=> [Ep]: [  16/20]  [3709/4947]  eta: 0:17:57  tlr: 3.7e-05  tnm: 0.00  Lm: 6.434 (6.417)  Lt: 5.777 (5.786)  Accm: 3.69 (3.77)  Acct: 5.50 (5.58)  TaskL: 6.4338 (6.4166)  DistillL: 72.1036 (72.5683)  TotalL: 78.5374 (78.9849)  time: 0.8654  data: 0.2508
[11-04 18:21:33] (/VAR_train/utils/misc.py, line 314)=> [Ep]: [  16/20]  [4946/4947]  eta: 0:00:00  tlr: 3.5e-05  tnm: 0.00  Lm: 6.441 (6.421)  Lt: 5.765 (5.769)  Accm: 3.75 (3.79)  Acct: 5.65 (5.76)  TaskL: 6.4408 (6.4214)  DistillL: 74.6372 (73.4946)  TotalL: 81.1024 (79.9161)  time: 0.8700  data: 0.2464
[11-04 18:21:33] (/VAR_train/utils/misc.py, line 336)=> [Ep]: [  16/20]   Total time:      1:11:49   (0.871 s / it)
[11-04 18:23:58] (/distillation_trainer.py, line 355)=> [验证蒸馏] 蒸馏损失: 59.1619, Logits相似度: 0.1929
[11-04 18:23:58] (distill/train_distill.py, line 332)=>  [*] [ep16]  (val 50000)  Lm: 6.4329, Lt: 5.7762, Acc m&t: 3.66 5.68,  Val cost: 145.20s
[11-04 18:23:58] (distill/train_distill.py, line 340)=> [saving ckpt] ep17 ...     [saving ckpt](*) finished!  @ /home/project/real_prune/VAR_train/distill_d16_scale_aware_256_0.6_3_fromft20/ar-ckpt-ep017.pth
[11-04 18:24:03] (distill/train_distill.py, line 361)=>      [ep16]  (training )  Lm: 6.419 (6.433), Lt: 4.463 (5.776),  Acc m&t: 3.69 5.68,  Remain: 3:35:16,  Finish: 2025-11-04 21:56
[11-04 18:24:04] (/VAR_train/utils/misc.py, line 314)=> [Ep]: [  17/20]  [   0/4947]  eta: 1:11:11  tlr: 3.5e-05  tnm: 0.00  Lm: 6.468 (6.468)  Lt: 5.872 (5.872)  Accm: 3.44 (3.44)  Acct: 5.37 (5.37)  TaskL: 6.4679 (6.4679)  DistillL: 66.9324 (66.9324)  TotalL: 73.4003 (73.4003)  time: 0.8635  data: 0.2688
[11-04 18:42:02] (/VAR_train/utils/misc.py, line 314)=> [Ep]: [  17/20]  [1236/4947]  eta: 0:53:59  tlr: 3.2e-05  tnm: 0.00  Lm: 6.459 (6.459)  Lt: 5.823 (5.823)  Accm: 3.55 (3.55)  Acct: 5.51 (5.51)  TaskL: 6.4585 (6.4585)  DistillL: 69.8517 (69.8517)  TotalL: 76.3103 (76.3103)  time: 0.8809  data: 0.2614
[11-04 18:59:58] (/VAR_train/utils/misc.py, line 314)=> [Ep]: [  17/20]  [2473/4947]  eta: 0:35:55  tlr: 3e-05  tnm: 0.00  Lm: 6.449 (6.440)  Lt: 5.775 (5.806)  Accm: 3.66 (3.61)  Acct: 5.65 (5.57)  TaskL: 6.4492 (6.4397)  DistillL: 72.1871 (70.6302)  TotalL: 78.5891 (77.0699)  time: 0.8546  data: 0.2528
[11-04 19:17:55] (/VAR_train/utils/misc.py, line 314)=> [Ep]: [  17/20]  [3709/4947]  eta: 0:17:58  tlr: 2.8e-05  tnm: 0.00  Lm: 6.459 (6.459)  Lt: 5.817 (5.819)  Accm: 3.55 (3.48)  Acct: 5.51 (5.42)  TaskL: 6.4585 (6.4594)  DistillL: 72.4791 (71.5990)  TotalL: 78.9046 (78.0583)  time: 0.8783  data: 0.2674
[11-04 19:35:50] (/VAR_train/utils/misc.py, line 314)=> [Ep]: [  17/20]  [4946/4947]  eta: 0:00:00  tlr: 2.6e-05  tnm: 0.00  Lm: 6.449 (6.450)  Lt: 5.775 (5.804)  Accm: 3.65 (3.51)  Acct: 5.65 (5.52)  TaskL: 6.4492 (6.4504)  DistillL: 72.1871 (71.4012)  TotalL: 78.5891 (77.8516)  time: 0.8531  data: 0.2394
[11-04 19:35:50] (/VAR_train/utils/misc.py, line 336)=> [Ep]: [  17/20]   Total time:      1:11:47   (0.871 s / it)
[11-04 19:38:15] (/distillation_trainer.py, line 355)=> [验证蒸馏] 蒸馏损失: 58.2584, Logits相似度: 0.1931
[11-04 19:38:15] (distill/train_distill.py, line 332)=>  [*] [ep17]  (val 50000)  Lm: 6.3986, Lt: 5.7432, Acc m&t: 3.81 5.82,  Val cost: 145.17s
[11-04 19:38:15] (distill/train_distill.py, line 340)=> [saving ckpt] ep18 ...     [saving ckpt](*) finished!  @ /home/project/real_prune/VAR_train/distill_d16_scale_aware_256_0.6_3_fromft20/ar-ckpt-ep018.pth (best)
[11-04 19:38:23] (distill/train_distill.py, line 361)=>      [ep17]  (training )  Lm: 6.399 (6.399), Lt: 4.463 (5.743),  Acc m&t: 3.81 5.82,  Remain: 2:19:36,  Finish: 2025-11-04 21:55
[11-04 19:38:24] (/VAR_train/utils/misc.py, line 314)=> [Ep]: [  18/20]  [   0/4947]  eta: 1:17:08  tlr: 2.6e-05  tnm: 0.00  Lm: 6.483 (6.483)  Lt: 5.813 (5.813)  Accm: 3.47 (3.47)  Acct: 5.50 (5.50)  TaskL: 6.4827 (6.4827)  DistillL: 69.6354 (69.6354)  TotalL: 76.1181 (76.1181)  time: 0.9355  data: 0.2518
[11-04 19:56:19] (/VAR_train/utils/misc.py, line 314)=> [Ep]: [  18/20]  [1236/4947]  eta: 0:53:50  tlr: 2.4e-05  tnm: 0.00  Lm: 6.465 (6.465)  Lt: 5.796 (5.796)  Accm: 3.59 (3.59)  Acct: 5.65 (5.65)  TaskL: 6.4645 (6.4645)  DistillL: 71.5065 (71.5065)  TotalL: 77.9710 (77.9710)  time: 0.8704  data: 0.2483
[11-04 20:14:16] (/VAR_train/utils/misc.py, line 314)=> [Ep]: [  18/20]  [2473/4947]  eta: 0:35:53  tlr: 2.2e-05  tnm: 0.00  Lm: 6.459 (6.463)  Lt: 5.780 (5.774)  Accm: 3.47 (3.55)  Acct: 5.80 (5.77)  TaskL: 6.4592 (6.4627)  DistillL: 73.3282 (72.1137)  TotalL: 79.7874 (78.5765)  time: 0.8642  data: 0.2522
[11-04 20:32:11] (/VAR_train/utils/misc.py, line 314)=> [Ep]: [  18/20]  [3709/4947]  eta: 0:17:57  tlr: 2e-05  tnm: 0.00  Lm: 6.471 (6.473)  Lt: 5.796 (5.788)  Accm: 3.47 (3.47)  Acct: 5.65 (5.59)  TaskL: 6.4709 (6.4735)  DistillL: 73.3529 (72.9239)  TotalL: 79.8057 (79.3974)  time: 0.8557  data: 0.2510
[11-04 20:50:09] (/VAR_train/utils/misc.py, line 314)=> [Ep]: [  18/20]  [4946/4947]  eta: 0:00:00  tlr: 1.8e-05  tnm: 0.00  Lm: 6.476 (6.474)  Lt: 5.799 (5.791)  Accm: 3.47 (3.48)  Acct: 5.65 (5.60)  TaskL: 6.4756 (6.4739)  DistillL: 73.3282 (71.2154)  TotalL: 79.7874 (77.6893)  time: 0.8738  data: 0.2488
[11-04 20:50:09] (/VAR_train/utils/misc.py, line 336)=> [Ep]: [  18/20]   Total time:      1:11:46   (0.871 s / it)
[11-04 20:52:35] (/distillation_trainer.py, line 355)=> [验证蒸馏] 蒸馏损失: 57.1511, Logits相似度: 0.1932
[11-04 20:52:35] (distill/train_distill.py, line 332)=>  [*] [ep18]  (val 50000)  Lm: 6.4209, Lt: 5.7547, Acc m&t: 3.74 5.88,  Val cost: 145.71s
[11-04 20:52:35] (distill/train_distill.py, line 340)=> [saving ckpt] ep19 ...     [saving ckpt](*) finished!  @ /home/project/real_prune/VAR_train/distill_d16_scale_aware_256_0.6_3_fromft20/ar-ckpt-ep019.pth (best)
[11-04 20:52:42] (distill/train_distill.py, line 361)=>      [ep18]  (training )  Lm: 6.399 (6.421), Lt: 4.463 (5.755),  Acc m&t: 3.81 5.88,  Remain: 1:11:57,  Finish: 2025-11-04 22:02
[11-04 20:52:43] (/VAR_train/utils/misc.py, line 314)=> [Ep]: [  19/20]  [   0/4947]  eta: 1:15:54  tlr: 1.8e-05  tnm: 0.00  Lm: 6.484 (6.484)  Lt: 5.837 (5.837)  Accm: 3.43 (3.43)  Acct: 5.26 (5.26)  TaskL: 6.4839 (6.4839)  DistillL: 76.8403 (76.8403)  TotalL: 83.3242 (83.3242)  time: 0.9207  data: 0.2440
[11-04 21:10:38] (/VAR_train/utils/misc.py, line 314)=> [Ep]: [  19/20]  [1236/4947]  eta: 0:53:45  tlr: 1.6e-05  tnm: 0.00  Lm: 6.398 (6.398)  Lt: 5.760 (5.760)  Accm: 3.86 (3.86)  Acct: 5.73 (5.73)  TaskL: 6.3981 (6.3981)  DistillL: 75.7752 (75.7752)  TotalL: 82.1733 (82.1733)  time: 0.8690  data: 0.2448
[11-04 21:28:35] (/VAR_train/utils/misc.py, line 314)=> [Ep]: [  19/20]  [2473/4947]  eta: 0:35:53  tlr: 1.4e-05  tnm: 0.00  Lm: 6.443 (6.413)  Lt: 5.723 (5.748)  Accm: 3.54 (3.75)  Acct: 5.82 (5.76)  TaskL: 6.4426 (6.4129)  DistillL: 74.7100 (73.3618)  TotalL: 81.0223 (79.7748)  time: 0.8570  data: 0.2504
[11-04 21:46:32] (/VAR_train/utils/misc.py, line 314)=> [Ep]: [  19/20]  [3709/4947]  eta: 0:17:57  tlr: 1.2e-05  tnm: 0.00  Lm: 6.396 (6.397)  Lt: 5.703 (5.730)  Accm: 3.76 (3.81)  Acct: 5.97 (5.85)  TaskL: 6.3963 (6.3972)  DistillL: 71.6226 (72.0823)  TotalL: 78.0000 (78.4795)  time: 0.8656  data: 0.2450
Exception in thread Thread-1:
Traceback (most recent call last):
  File "/home/project/real_prune/VAR_train/distill/train_distill.py", line 484, in <module>
    main_distillation_training()
  File "/home/project/real_prune/VAR_train/distill/train_distill.py", line 298, in main_distillation_training
    stats, (sec, remain_time, finish_time) = train_one_ep(
  File "/home/project/real_prune/VAR_train/distill/train_distill.py", line 450, in train_one_ep
    grad_norm, scale_log2 = trainer.train_step(
  File "/home/project/real_prune/VAR_train/distill/distillation_trainer.py", line 173, in train_step
    self._log_distillation_metrics(
  File "/home/project/real_prune/VAR_train/distill/distillation_trainer.py", line 266, in _log_distillation_metrics
    tb_lg.update(head='AR_iter_loss', **kw, step=g_it)
  File "/home/project/real_prune/VAR_train/utils/misc.py", line 153, in update
    self.writer.add_scalar(f'{head}/{k}', v, step)
  File "/root/miniconda3/envs/var/lib/python3.10/site-packages/torch/utils/tensorboard/writer.py", line 381, in add_scalar
    self._get_file_writer().add_summary(summary, global_step, walltime)
  File "/root/miniconda3/envs/var/lib/python3.10/site-packages/torch/utils/tensorboard/writer.py", line 115, in add_summary
    self.add_event(event, global_step, walltime)
  File "/root/miniconda3/envs/var/lib/python3.10/site-packages/torch/utils/tensorboard/writer.py", line 99, in add_event
    self.event_writer.add_event(event)
  File "/root/miniconda3/envs/var/lib/python3.10/site-packages/tensorboard/summary/writer/event_file_writer.py", line 117, in add_event
    self._async_writer.write(event.SerializeToString())
  File "/root/miniconda3/envs/var/lib/python3.10/site-packages/tensorboard/summary/writer/event_file_writer.py", line 178, in write
    self._check_worker_status()
  File "/root/miniconda3/envs/var/lib/python3.10/site-packages/tensorboard/summary/writer/event_file_writer.py", line 212, in _check_worker_status
    raise exception
  File "/root/miniconda3/envs/var/lib/python3.10/threading.py", line 1016, in _bootstrap_inner
    self.run()
  File "/root/miniconda3/envs/var/lib/python3.10/site-packages/tensorboard/summary/writer/event_file_writer.py", line 244, in run
    self._run()
  File "/root/miniconda3/envs/var/lib/python3.10/site-packages/tensorboard/summary/writer/event_file_writer.py", line 275, in _run
    self._record_writer.write(data)
  File "/root/miniconda3/envs/var/lib/python3.10/site-packages/tensorboard/summary/writer/record_writer.py", line 40, in write
    self._writer.write(header + header_crc + data + footer_crc)
  File "/root/miniconda3/envs/var/lib/python3.10/site-packages/tensorboard/compat/tensorflow_stub/io/gfile.py", line 775, in write
    self.fs.append(self.filename, file_content, self.binary_mode)
  File "/root/miniconda3/envs/var/lib/python3.10/site-packages/tensorboard/compat/tensorflow_stub/io/gfile.py", line 167, in append
    self._write(filename, file_content, "ab" if binary_mode else "a")
  File "/root/miniconda3/envs/var/lib/python3.10/site-packages/tensorboard/compat/tensorflow_stub/io/gfile.py", line 171, in _write
    with io.open(filename, mode, encoding=encoding) as f:
FileNotFoundError: [Errno 2] No such file or directory: b'/home/project/real_prune/VAR_train/distill_d16_scale_aware_256_0.6_3_fromft20/tb-VARd16__pn1_2_3_4_5_6_8_10_13_16__b259ep20adamlr0.0001wd0.05/events.out.tfevents.1762189597.waas.2672633.0__1104_0106'
[rank6]:[E1104 22:28:05.328319644 ProcessGroupNCCL.cpp:683] [Rank 6] Watchdog caught collective operation timeout: WorkNCCL(SeqNum=2660072, OpType=ALLREDUCE, NumelIn=4194304, NumelOut=4194304, Timeout(ms)=1800000) ran for 1800027 milliseconds before timing out.
[rank6]:[E1104 22:28:05.328556843 ProcessGroupNCCL.cpp:2241] [PG ID 0 PG GUID 0(default_pg) Rank 6]  failure detected by watchdog at work sequence id: 2660072 PG status: last enqueued work: 2660098, last completed work: 2660071
[rank6]:[E1104 22:28:05.328568691 ProcessGroupNCCL.cpp:730] Stack trace of the failed collective not found, potentially because FlightRecorder is disabled. You can enable it by setting TORCH_NCCL_TRACE_BUFFER_SIZE to a non-zero value.
[rank6]:[E1104 22:28:05.328616316 ProcessGroupNCCL.cpp:2573] [PG ID 0 PG GUID 0(default_pg) Rank 6] First PG on this rank to signal dumping.
[rank2]:[E1104 22:28:05.333336307 ProcessGroupNCCL.cpp:683] [Rank 2] Watchdog caught collective operation timeout: WorkNCCL(SeqNum=2660072, OpType=ALLREDUCE, NumelIn=4194304, NumelOut=4194304, Timeout(ms)=1800000) ran for 1800051 milliseconds before timing out.
[rank2]:[E1104 22:28:05.333523564 ProcessGroupNCCL.cpp:2241] [PG ID 0 PG GUID 0(default_pg) Rank 2]  failure detected by watchdog at work sequence id: 2660072 PG status: last enqueued work: 2660098, last completed work: 2660071
[rank2]:[E1104 22:28:05.333536722 ProcessGroupNCCL.cpp:730] Stack trace of the failed collective not found, potentially because FlightRecorder is disabled. You can enable it by setting TORCH_NCCL_TRACE_BUFFER_SIZE to a non-zero value.
[rank2]:[E1104 22:28:05.333573576 ProcessGroupNCCL.cpp:2573] [PG ID 0 PG GUID 0(default_pg) Rank 2] First PG on this rank to signal dumping.
[rank5]:[E1104 22:28:05.336167947 ProcessGroupNCCL.cpp:683] [Rank 5] Watchdog caught collective operation timeout: WorkNCCL(SeqNum=2660072, OpType=ALLREDUCE, NumelIn=4194304, NumelOut=4194304, Timeout(ms)=1800000) ran for 1800032 milliseconds before timing out.
[rank5]:[E1104 22:28:05.336324912 ProcessGroupNCCL.cpp:2241] [PG ID 0 PG GUID 0(default_pg) Rank 5]  failure detected by watchdog at work sequence id: 2660072 PG status: last enqueued work: 2660098, last completed work: 2660071
[rank5]:[E1104 22:28:05.336335040 ProcessGroupNCCL.cpp:730] Stack trace of the failed collective not found, potentially because FlightRecorder is disabled. You can enable it by setting TORCH_NCCL_TRACE_BUFFER_SIZE to a non-zero value.
[rank5]:[E1104 22:28:05.336373906 ProcessGroupNCCL.cpp:2573] [PG ID 0 PG GUID 0(default_pg) Rank 5] First PG on this rank to signal dumping.
[rank3]:[E1104 22:28:05.351211670 ProcessGroupNCCL.cpp:683] [Rank 3] Watchdog caught collective operation timeout: WorkNCCL(SeqNum=2660072, OpType=ALLREDUCE, NumelIn=4194304, NumelOut=4194304, Timeout(ms)=1800000) ran for 1800058 milliseconds before timing out.
[rank3]:[E1104 22:28:05.351356400 ProcessGroupNCCL.cpp:2241] [PG ID 0 PG GUID 0(default_pg) Rank 3]  failure detected by watchdog at work sequence id: 2660072 PG status: last enqueued work: 2660098, last completed work: 2660071
[rank3]:[E1104 22:28:05.351365480 ProcessGroupNCCL.cpp:730] Stack trace of the failed collective not found, potentially because FlightRecorder is disabled. You can enable it by setting TORCH_NCCL_TRACE_BUFFER_SIZE to a non-zero value.
[rank3]:[E1104 22:28:05.351402208 ProcessGroupNCCL.cpp:2573] [PG ID 0 PG GUID 0(default_pg) Rank 3] First PG on this rank to signal dumping.
[rank4]:[E1104 22:28:05.351784610 ProcessGroupNCCL.cpp:683] [Rank 4] Watchdog caught collective operation timeout: WorkNCCL(SeqNum=2660072, OpType=ALLREDUCE, NumelIn=4194304, NumelOut=4194304, Timeout(ms)=1800000) ran for 1800063 milliseconds before timing out.
[rank4]:[E1104 22:28:05.351966682 ProcessGroupNCCL.cpp:2241] [PG ID 0 PG GUID 0(default_pg) Rank 4]  failure detected by watchdog at work sequence id: 2660072 PG status: last enqueued work: 2660098, last completed work: 2660071
[rank4]:[E1104 22:28:05.351979439 ProcessGroupNCCL.cpp:730] Stack trace of the failed collective not found, potentially because FlightRecorder is disabled. You can enable it by setting TORCH_NCCL_TRACE_BUFFER_SIZE to a non-zero value.
[rank4]:[E1104 22:28:05.352029366 ProcessGroupNCCL.cpp:2573] [PG ID 0 PG GUID 0(default_pg) Rank 4] First PG on this rank to signal dumping.
[rank1]:[E1104 22:28:06.463345928 ProcessGroupNCCL.cpp:683] [Rank 1] Watchdog caught collective operation timeout: WorkNCCL(SeqNum=2660072, OpType=ALLREDUCE, NumelIn=4194304, NumelOut=4194304, Timeout(ms)=1800000) ran for 1800083 milliseconds before timing out.
[rank1]:[E1104 22:28:06.463549497 ProcessGroupNCCL.cpp:2241] [PG ID 0 PG GUID 0(default_pg) Rank 1]  failure detected by watchdog at work sequence id: 2660072 PG status: last enqueued work: 2660098, last completed work: 2660071
[rank1]:[E1104 22:28:06.463564629 ProcessGroupNCCL.cpp:730] Stack trace of the failed collective not found, potentially because FlightRecorder is disabled. You can enable it by setting TORCH_NCCL_TRACE_BUFFER_SIZE to a non-zero value.
[rank1]:[E1104 22:28:06.463596949 ProcessGroupNCCL.cpp:2573] [PG ID 0 PG GUID 0(default_pg) Rank 1] First PG on this rank to signal dumping.
[rank3]:[E1104 22:28:06.463711541 ProcessGroupNCCL.cpp:1858] [PG ID 0 PG GUID 0(default_pg) Rank 3] Received a dump signal due to a collective timeout from this local rank and we will try our best to dump the debug info. Last enqueued NCCL work: 2660098, last completed NCCL work: 2660071.This is most likely caused by incorrect usages of collectives, e.g., wrong sizes used across ranks, the order of collectives is not same for all ranks or the scheduled collective, for some reason, didn't run. Additionally, this can be caused by GIL deadlock or other reasons such as network errors or bugs in the communications library (e.g. NCCL), etc. 
[rank6]:[E1104 22:28:06.463746350 ProcessGroupNCCL.cpp:1858] [PG ID 0 PG GUID 0(default_pg) Rank 6] Received a dump signal due to a collective timeout from this local rank and we will try our best to dump the debug info. Last enqueued NCCL work: 2660098, last completed NCCL work: 2660071.This is most likely caused by incorrect usages of collectives, e.g., wrong sizes used across ranks, the order of collectives is not same for all ranks or the scheduled collective, for some reason, didn't run. Additionally, this can be caused by GIL deadlock or other reasons such as network errors or bugs in the communications library (e.g. NCCL), etc. 
[rank4]:[E1104 22:28:06.463757704 ProcessGroupNCCL.cpp:1858] [PG ID 0 PG GUID 0(default_pg) Rank 4] Received a dump signal due to a collective timeout from this local rank and we will try our best to dump the debug info. Last enqueued NCCL work: 2660098, last completed NCCL work: 2660071.This is most likely caused by incorrect usages of collectives, e.g., wrong sizes used across ranks, the order of collectives is not same for all ranks or the scheduled collective, for some reason, didn't run. Additionally, this can be caused by GIL deadlock or other reasons such as network errors or bugs in the communications library (e.g. NCCL), etc. 
[rank5]:[E1104 22:28:06.463811569 ProcessGroupNCCL.cpp:1858] [PG ID 0 PG GUID 0(default_pg) Rank 5] Received a dump signal due to a collective timeout from this local rank and we will try our best to dump the debug info. Last enqueued NCCL work: 2660098, last completed NCCL work: 2660071.This is most likely caused by incorrect usages of collectives, e.g., wrong sizes used across ranks, the order of collectives is not same for all ranks or the scheduled collective, for some reason, didn't run. Additionally, this can be caused by GIL deadlock or other reasons such as network errors or bugs in the communications library (e.g. NCCL), etc. 
[rank2]:[E1104 22:28:06.463826128 ProcessGroupNCCL.cpp:1858] [PG ID 0 PG GUID 0(default_pg) Rank 2] Received a dump signal due to a collective timeout from this local rank and we will try our best to dump the debug info. Last enqueued NCCL work: 2660098, last completed NCCL work: 2660071.This is most likely caused by incorrect usages of collectives, e.g., wrong sizes used across ranks, the order of collectives is not same for all ranks or the scheduled collective, for some reason, didn't run. Additionally, this can be caused by GIL deadlock or other reasons such as network errors or bugs in the communications library (e.g. NCCL), etc. 
[rank5]:[E1104 22:28:06.463983941 ProcessGroupNCCL.cpp:1575] [PG ID 0 PG GUID 0(default_pg) Rank 5] ProcessGroupNCCL preparing to dump debug info. Include stack trace: 1
[rank3]:[E1104 22:28:06.464248503 ProcessGroupNCCL.cpp:1575] [PG ID 0 PG GUID 0(default_pg) Rank 3] ProcessGroupNCCL preparing to dump debug info. Include stack trace: 1
[rank4]:[E1104 22:28:06.464286199 ProcessGroupNCCL.cpp:1575] [PG ID 0 PG GUID 0(default_pg) Rank 4] ProcessGroupNCCL preparing to dump debug info. Include stack trace: 1
[rank2]:[E1104 22:28:06.464317790 ProcessGroupNCCL.cpp:1575] [PG ID 0 PG GUID 0(default_pg) Rank 2] ProcessGroupNCCL preparing to dump debug info. Include stack trace: 1
[rank6]:[E1104 22:28:06.464379668 ProcessGroupNCCL.cpp:1575] [PG ID 0 PG GUID 0(default_pg) Rank 6] ProcessGroupNCCL preparing to dump debug info. Include stack trace: 1
[rank1]:[E1104 22:28:06.877572840 ProcessGroupNCCL.cpp:1858] [PG ID 0 PG GUID 0(default_pg) Rank 1] Received a dump signal due to a collective timeout from this local rank and we will try our best to dump the debug info. Last enqueued NCCL work: 2660098, last completed NCCL work: 2660071.This is most likely caused by incorrect usages of collectives, e.g., wrong sizes used across ranks, the order of collectives is not same for all ranks or the scheduled collective, for some reason, didn't run. Additionally, this can be caused by GIL deadlock or other reasons such as network errors or bugs in the communications library (e.g. NCCL), etc. 
[rank1]:[E1104 22:28:06.878080077 ProcessGroupNCCL.cpp:1575] [PG ID 0 PG GUID 0(default_pg) Rank 1] ProcessGroupNCCL preparing to dump debug info. Include stack trace: 1
[rank3]:[E1104 22:29:06.588672248 ProcessGroupNCCL.cpp:744] [Rank 3] Some NCCL operations have failed or timed out. Due to the asynchronous nature of CUDA kernels, subsequent GPU operations might run on corrupted/incomplete data.
[rank3]:[E1104 22:29:06.588715018 ProcessGroupNCCL.cpp:758] [Rank 3] To avoid data inconsistency, we are taking the entire process down.
[rank3]:[E1104 22:29:06.589711019 ProcessGroupNCCL.cpp:2057] [PG ID 0 PG GUID 0(default_pg) Rank 3] Process group watchdog thread terminated with exception: [Rank 3] Watchdog caught collective operation timeout: WorkNCCL(SeqNum=2660072, OpType=ALLREDUCE, NumelIn=4194304, NumelOut=4194304, Timeout(ms)=1800000) ran for 1800058 milliseconds before timing out.
Exception raised from checkTimeout at /pytorch/torch/csrc/distributed/c10d/ProcessGroupNCCL.cpp:686 (most recent call first):
frame #0: c10::Error::Error(c10::SourceLocation, std::__cxx11::basic_string<char, std::char_traits<char>, std::allocator<char> >) + 0x80 (0x7ffba917cb80 in /root/miniconda3/envs/var/lib/python3.10/site-packages/torch/lib/libc10.so)
frame #1: c10d::ProcessGroupNCCL::WorkNCCL::checkTimeout(std::optional<std::chrono::duration<long, std::ratio<1l, 1000l> > >) + 0x247 (0x7ffb4ae32407 in /root/miniconda3/envs/var/lib/python3.10/site-packages/torch/lib/libtorch_cuda.so)
frame #2: c10d::ProcessGroupNCCL::Watchdog::runLoop() + 0x1691 (0x7ffb4ae37011 in /root/miniconda3/envs/var/lib/python3.10/site-packages/torch/lib/libtorch_cuda.so)
frame #3: c10d::ProcessGroupNCCL::Watchdog::run() + 0xdf (0x7ffb4ae3825f in /root/miniconda3/envs/var/lib/python3.10/site-packages/torch/lib/libtorch_cuda.so)
frame #4: <unknown function> + 0xdbbf4 (0x7ffba1cc7bf4 in /root/miniconda3/envs/var/bin/../lib/libstdc++.so.6)
frame #5: <unknown function> + 0x94ac3 (0x7ffbaa42dac3 in /usr/lib/x86_64-linux-gnu/libc.so.6)
frame #6: clone + 0x44 (0x7ffbaa4bea04 in /usr/lib/x86_64-linux-gnu/libc.so.6)

[rank4]:[E1104 22:29:06.601611791 ProcessGroupNCCL.cpp:744] [Rank 4] Some NCCL operations have failed or timed out. Due to the asynchronous nature of CUDA kernels, subsequent GPU operations might run on corrupted/incomplete data.
[rank4]:[E1104 22:29:06.601646975 ProcessGroupNCCL.cpp:758] [Rank 4] To avoid data inconsistency, we are taking the entire process down.
[rank4]:[E1104 22:29:06.602599213 ProcessGroupNCCL.cpp:2057] [PG ID 0 PG GUID 0(default_pg) Rank 4] Process group watchdog thread terminated with exception: [Rank 4] Watchdog caught collective operation timeout: WorkNCCL(SeqNum=2660072, OpType=ALLREDUCE, NumelIn=4194304, NumelOut=4194304, Timeout(ms)=1800000) ran for 1800063 milliseconds before timing out.
Exception raised from checkTimeout at /pytorch/torch/csrc/distributed/c10d/ProcessGroupNCCL.cpp:686 (most recent call first):
frame #0: c10::Error::Error(c10::SourceLocation, std::__cxx11::basic_string<char, std::char_traits<char>, std::allocator<char> >) + 0x80 (0x7f3b10557b80 in /root/miniconda3/envs/var/lib/python3.10/site-packages/torch/lib/libc10.so)
frame #1: c10d::ProcessGroupNCCL::WorkNCCL::checkTimeout(std::optional<std::chrono::duration<long, std::ratio<1l, 1000l> > >) + 0x247 (0x7f3b11432407 in /root/miniconda3/envs/var/lib/python3.10/site-packages/torch/lib/libtorch_cuda.so)
frame #2: c10d::ProcessGroupNCCL::Watchdog::runLoop() + 0x1691 (0x7f3b11437011 in /root/miniconda3/envs/var/lib/python3.10/site-packages/torch/lib/libtorch_cuda.so)
frame #3: c10d::ProcessGroupNCCL::Watchdog::run() + 0xdf (0x7f3b1143825f in /root/miniconda3/envs/var/lib/python3.10/site-packages/torch/lib/libtorch_cuda.so)
frame #4: <unknown function> + 0xdbbf4 (0x7f3b682c7bf4 in /root/miniconda3/envs/var/bin/../lib/libstdc++.so.6)
frame #5: <unknown function> + 0x94ac3 (0x7f3b708f9ac3 in /usr/lib/x86_64-linux-gnu/libc.so.6)
frame #6: clone + 0x44 (0x7f3b7098aa04 in /usr/lib/x86_64-linux-gnu/libc.so.6)

[rank0]: Traceback (most recent call last):
[rank0]:   File "/home/project/real_prune/VAR_train/distill/train_distill.py", line 484, in <module>
[rank0]:     main_distillation_training()
[rank0]:   File "/home/project/real_prune/VAR_train/distill/train_distill.py", line 298, in main_distillation_training
[rank0]:     stats, (sec, remain_time, finish_time) = train_one_ep(
[rank0]:   File "/home/project/real_prune/VAR_train/distill/train_distill.py", line 450, in train_one_ep
[rank0]:     grad_norm, scale_log2 = trainer.train_step(
[rank0]:   File "/home/project/real_prune/VAR_train/distill/distillation_trainer.py", line 173, in train_step
[rank0]:     self._log_distillation_metrics(
[rank0]:   File "/home/project/real_prune/VAR_train/distill/distillation_trainer.py", line 266, in _log_distillation_metrics
[rank0]:     tb_lg.update(head='AR_iter_loss', **kw, step=g_it)
[rank0]:   File "/home/project/real_prune/VAR_train/utils/misc.py", line 153, in update
[rank0]:     self.writer.add_scalar(f'{head}/{k}', v, step)
[rank0]:   File "/root/miniconda3/envs/var/lib/python3.10/site-packages/torch/utils/tensorboard/writer.py", line 381, in add_scalar
[rank0]:     self._get_file_writer().add_summary(summary, global_step, walltime)
[rank0]:   File "/root/miniconda3/envs/var/lib/python3.10/site-packages/torch/utils/tensorboard/writer.py", line 115, in add_summary
[rank0]:     self.add_event(event, global_step, walltime)
[rank0]:   File "/root/miniconda3/envs/var/lib/python3.10/site-packages/torch/utils/tensorboard/writer.py", line 99, in add_event
[rank0]:     self.event_writer.add_event(event)
[rank0]:   File "/root/miniconda3/envs/var/lib/python3.10/site-packages/tensorboard/summary/writer/event_file_writer.py", line 117, in add_event
[rank0]:     self._async_writer.write(event.SerializeToString())
[rank0]:   File "/root/miniconda3/envs/var/lib/python3.10/site-packages/tensorboard/summary/writer/event_file_writer.py", line 178, in write
[rank0]:     self._check_worker_status()
[rank0]:   File "/root/miniconda3/envs/var/lib/python3.10/site-packages/tensorboard/summary/writer/event_file_writer.py", line 212, in _check_worker_status
[rank0]:     raise exception
[rank0]:   File "/root/miniconda3/envs/var/lib/python3.10/threading.py", line 1016, in _bootstrap_inner
[rank0]:     self.run()
[rank0]:   File "/root/miniconda3/envs/var/lib/python3.10/site-packages/tensorboard/summary/writer/event_file_writer.py", line 244, in run
[rank0]:     self._run()
[rank0]:   File "/root/miniconda3/envs/var/lib/python3.10/site-packages/tensorboard/summary/writer/event_file_writer.py", line 275, in _run
[rank0]:     self._record_writer.write(data)
[rank0]:   File "/root/miniconda3/envs/var/lib/python3.10/site-packages/tensorboard/summary/writer/record_writer.py", line 40, in write
[rank0]:     self._writer.write(header + header_crc + data + footer_crc)
[rank0]:   File "/root/miniconda3/envs/var/lib/python3.10/site-packages/tensorboard/compat/tensorflow_stub/io/gfile.py", line 775, in write
[rank0]:     self.fs.append(self.filename, file_content, self.binary_mode)
[rank0]:   File "/root/miniconda3/envs/var/lib/python3.10/site-packages/tensorboard/compat/tensorflow_stub/io/gfile.py", line 167, in append
[rank0]:     self._write(filename, file_content, "ab" if binary_mode else "a")
[rank0]:   File "/root/miniconda3/envs/var/lib/python3.10/site-packages/tensorboard/compat/tensorflow_stub/io/gfile.py", line 171, in _write
[rank0]:     with io.open(filename, mode, encoding=encoding) as f:
[rank0]: FileNotFoundError: [Errno 2] No such file or directory: b'/home/project/real_prune/VAR_train/distill_d16_scale_aware_256_0.6_3_fromft20/tb-VARd16__pn1_2_3_4_5_6_8_10_13_16__b259ep20adamlr0.0001wd0.05/events.out.tfevents.1762189597.waas.2672633.0__1104_0106'
[rank2]:[E1104 22:29:06.668527873 ProcessGroupNCCL.cpp:744] [Rank 2] Some NCCL operations have failed or timed out. Due to the asynchronous nature of CUDA kernels, subsequent GPU operations might run on corrupted/incomplete data.
[rank2]:[E1104 22:29:06.668572701 ProcessGroupNCCL.cpp:758] [Rank 2] To avoid data inconsistency, we are taking the entire process down.
[rank2]:[E1104 22:29:06.669563413 ProcessGroupNCCL.cpp:2057] [PG ID 0 PG GUID 0(default_pg) Rank 2] Process group watchdog thread terminated with exception: [Rank 2] Watchdog caught collective operation timeout: WorkNCCL(SeqNum=2660072, OpType=ALLREDUCE, NumelIn=4194304, NumelOut=4194304, Timeout(ms)=1800000) ran for 1800051 milliseconds before timing out.
Exception raised from checkTimeout at /pytorch/torch/csrc/distributed/c10d/ProcessGroupNCCL.cpp:686 (most recent call first):
frame #0: c10::Error::Error(c10::SourceLocation, std::__cxx11::basic_string<char, std::char_traits<char>, std::allocator<char> >) + 0x80 (0x7f1bae157b80 in /root/miniconda3/envs/var/lib/python3.10/site-packages/torch/lib/libc10.so)
frame #1: c10d::ProcessGroupNCCL::WorkNCCL::checkTimeout(std::optional<std::chrono::duration<long, std::ratio<1l, 1000l> > >) + 0x247 (0x7f1baf032407 in /root/miniconda3/envs/var/lib/python3.10/site-packages/torch/lib/libtorch_cuda.so)
frame #2: c10d::ProcessGroupNCCL::Watchdog::runLoop() + 0x1691 (0x7f1baf037011 in /root/miniconda3/envs/var/lib/python3.10/site-packages/torch/lib/libtorch_cuda.so)
frame #3: c10d::ProcessGroupNCCL::Watchdog::run() + 0xdf (0x7f1baf03825f in /root/miniconda3/envs/var/lib/python3.10/site-packages/torch/lib/libtorch_cuda.so)
frame #4: <unknown function> + 0xdbbf4 (0x7f1c05ec7bf4 in /root/miniconda3/envs/var/bin/../lib/libstdc++.so.6)
frame #5: <unknown function> + 0x94ac3 (0x7f1c0e51eac3 in /usr/lib/x86_64-linux-gnu/libc.so.6)
frame #6: clone + 0x44 (0x7f1c0e5afa04 in /usr/lib/x86_64-linux-gnu/libc.so.6)

[rank6]:[E1104 22:29:06.736791848 ProcessGroupNCCL.cpp:744] [Rank 6] Some NCCL operations have failed or timed out. Due to the asynchronous nature of CUDA kernels, subsequent GPU operations might run on corrupted/incomplete data.
[rank6]:[E1104 22:29:06.736830534 ProcessGroupNCCL.cpp:758] [Rank 6] To avoid data inconsistency, we are taking the entire process down.
[rank6]:[E1104 22:29:06.737847965 ProcessGroupNCCL.cpp:2057] [PG ID 0 PG GUID 0(default_pg) Rank 6] Process group watchdog thread terminated with exception: [Rank 6] Watchdog caught collective operation timeout: WorkNCCL(SeqNum=2660072, OpType=ALLREDUCE, NumelIn=4194304, NumelOut=4194304, Timeout(ms)=1800000) ran for 1800027 milliseconds before timing out.
Exception raised from checkTimeout at /pytorch/torch/csrc/distributed/c10d/ProcessGroupNCCL.cpp:686 (most recent call first):
frame #0: c10::Error::Error(c10::SourceLocation, std::__cxx11::basic_string<char, std::char_traits<char>, std::allocator<char> >) + 0x80 (0x7f9767d7cb80 in /root/miniconda3/envs/var/lib/python3.10/site-packages/torch/lib/libc10.so)
frame #1: c10d::ProcessGroupNCCL::WorkNCCL::checkTimeout(std::optional<std::chrono::duration<long, std::ratio<1l, 1000l> > >) + 0x247 (0x7f9709a32407 in /root/miniconda3/envs/var/lib/python3.10/site-packages/torch/lib/libtorch_cuda.so)
frame #2: c10d::ProcessGroupNCCL::Watchdog::runLoop() + 0x1691 (0x7f9709a37011 in /root/miniconda3/envs/var/lib/python3.10/site-packages/torch/lib/libtorch_cuda.so)
frame #3: c10d::ProcessGroupNCCL::Watchdog::run() + 0xdf (0x7f9709a3825f in /root/miniconda3/envs/var/lib/python3.10/site-packages/torch/lib/libtorch_cuda.so)
frame #4: <unknown function> + 0xdbbf4 (0x7f97608c7bf4 in /root/miniconda3/envs/var/bin/../lib/libstdc++.so.6)
frame #5: <unknown function> + 0x94ac3 (0x7f976901bac3 in /usr/lib/x86_64-linux-gnu/libc.so.6)
frame #6: clone + 0x44 (0x7f97690aca04 in /usr/lib/x86_64-linux-gnu/libc.so.6)

[rank5]:[E1104 22:29:06.751426263 ProcessGroupNCCL.cpp:744] [Rank 5] Some NCCL operations have failed or timed out. Due to the asynchronous nature of CUDA kernels, subsequent GPU operations might run on corrupted/incomplete data.
[rank5]:[E1104 22:29:06.751457167 ProcessGroupNCCL.cpp:758] [Rank 5] To avoid data inconsistency, we are taking the entire process down.
[rank5]:[E1104 22:29:06.752402938 ProcessGroupNCCL.cpp:2057] [PG ID 0 PG GUID 0(default_pg) Rank 5] Process group watchdog thread terminated with exception: [Rank 5] Watchdog caught collective operation timeout: WorkNCCL(SeqNum=2660072, OpType=ALLREDUCE, NumelIn=4194304, NumelOut=4194304, Timeout(ms)=1800000) ran for 1800032 milliseconds before timing out.
Exception raised from checkTimeout at /pytorch/torch/csrc/distributed/c10d/ProcessGroupNCCL.cpp:686 (most recent call first):
frame #0: c10::Error::Error(c10::SourceLocation, std::__cxx11::basic_string<char, std::char_traits<char>, std::allocator<char> >) + 0x80 (0x7fd95677cb80 in /root/miniconda3/envs/var/lib/python3.10/site-packages/torch/lib/libc10.so)
frame #1: c10d::ProcessGroupNCCL::WorkNCCL::checkTimeout(std::optional<std::chrono::duration<long, std::ratio<1l, 1000l> > >) + 0x247 (0x7fd8f8432407 in /root/miniconda3/envs/var/lib/python3.10/site-packages/torch/lib/libtorch_cuda.so)
frame #2: c10d::ProcessGroupNCCL::Watchdog::runLoop() + 0x1691 (0x7fd8f8437011 in /root/miniconda3/envs/var/lib/python3.10/site-packages/torch/lib/libtorch_cuda.so)
frame #3: c10d::ProcessGroupNCCL::Watchdog::run() + 0xdf (0x7fd8f843825f in /root/miniconda3/envs/var/lib/python3.10/site-packages/torch/lib/libtorch_cuda.so)
frame #4: <unknown function> + 0xdbbf4 (0x7fd94f2c7bf4 in /root/miniconda3/envs/var/bin/../lib/libstdc++.so.6)
frame #5: <unknown function> + 0x94ac3 (0x7fd957a16ac3 in /usr/lib/x86_64-linux-gnu/libc.so.6)
frame #6: clone + 0x44 (0x7fd957aa7a04 in /usr/lib/x86_64-linux-gnu/libc.so.6)

[rank1]:[E1104 22:29:06.836818219 ProcessGroupNCCL.cpp:744] [Rank 1] Some NCCL operations have failed or timed out. Due to the asynchronous nature of CUDA kernels, subsequent GPU operations might run on corrupted/incomplete data.
[rank1]:[E1104 22:29:06.836856494 ProcessGroupNCCL.cpp:758] [Rank 1] To avoid data inconsistency, we are taking the entire process down.
[rank1]:[E1104 22:29:06.837818316 ProcessGroupNCCL.cpp:2057] [PG ID 0 PG GUID 0(default_pg) Rank 1] Process group watchdog thread terminated with exception: [Rank 1] Watchdog caught collective operation timeout: WorkNCCL(SeqNum=2660072, OpType=ALLREDUCE, NumelIn=4194304, NumelOut=4194304, Timeout(ms)=1800000) ran for 1800083 milliseconds before timing out.
Exception raised from checkTimeout at /pytorch/torch/csrc/distributed/c10d/ProcessGroupNCCL.cpp:686 (most recent call first):
frame #0: c10::Error::Error(c10::SourceLocation, std::__cxx11::basic_string<char, std::char_traits<char>, std::allocator<char> >) + 0x80 (0x7f3cc8b7cb80 in /root/miniconda3/envs/var/lib/python3.10/site-packages/torch/lib/libc10.so)
frame #1: c10d::ProcessGroupNCCL::WorkNCCL::checkTimeout(std::optional<std::chrono::duration<long, std::ratio<1l, 1000l> > >) + 0x247 (0x7f3c6a832407 in /root/miniconda3/envs/var/lib/python3.10/site-packages/torch/lib/libtorch_cuda.so)
frame #2: c10d::ProcessGroupNCCL::Watchdog::runLoop() + 0x1691 (0x7f3c6a837011 in /root/miniconda3/envs/var/lib/python3.10/site-packages/torch/lib/libtorch_cuda.so)
frame #3: c10d::ProcessGroupNCCL::Watchdog::run() + 0xdf (0x7f3c6a83825f in /root/miniconda3/envs/var/lib/python3.10/site-packages/torch/lib/libtorch_cuda.so)
frame #4: <unknown function> + 0xdbbf4 (0x7f3cc16c7bf4 in /root/miniconda3/envs/var/bin/../lib/libstdc++.so.6)
frame #5: <unknown function> + 0x94ac3 (0x7f3cc9dd8ac3 in /usr/lib/x86_64-linux-gnu/libc.so.6)
frame #6: clone + 0x44 (0x7f3cc9e69a04 in /usr/lib/x86_64-linux-gnu/libc.so.6)

W1104 22:29:07.346000 2672550 site-packages/torch/distributed/elastic/multiprocessing/api.py:908] Sending process 2672634 closing signal SIGTERM
W1104 22:29:07.347000 2672550 site-packages/torch/distributed/elastic/multiprocessing/api.py:908] Sending process 2672635 closing signal SIGTERM
W1104 22:29:07.347000 2672550 site-packages/torch/distributed/elastic/multiprocessing/api.py:908] Sending process 2672636 closing signal SIGTERM
W1104 22:29:07.347000 2672550 site-packages/torch/distributed/elastic/multiprocessing/api.py:908] Sending process 2672637 closing signal SIGTERM
W1104 22:29:07.347000 2672550 site-packages/torch/distributed/elastic/multiprocessing/api.py:908] Sending process 2672638 closing signal SIGTERM
W1104 22:29:07.347000 2672550 site-packages/torch/distributed/elastic/multiprocessing/api.py:908] Sending process 2672639 closing signal SIGTERM
E1104 22:29:11.817000 2672550 site-packages/torch/distributed/elastic/multiprocessing/api.py:882] failed (exitcode: 1) local_rank: 0 (pid: 2672633) of binary: /root/miniconda3/envs/var/bin/python3.10
Traceback (most recent call last):
  File "/root/miniconda3/envs/var/bin/torchrun", line 7, in <module>
    sys.exit(main())
  File "/root/miniconda3/envs/var/lib/python3.10/site-packages/torch/distributed/elastic/multiprocessing/errors/__init__.py", line 357, in wrapper
    return f(*args, **kwargs)
  File "/root/miniconda3/envs/var/lib/python3.10/site-packages/torch/distributed/run.py", line 936, in main
    run(args)
  File "/root/miniconda3/envs/var/lib/python3.10/site-packages/torch/distributed/run.py", line 927, in run
    elastic_launch(
  File "/root/miniconda3/envs/var/lib/python3.10/site-packages/torch/distributed/launcher/api.py", line 156, in __call__
    return launch_agent(self._config, self._entrypoint, list(args))
  File "/root/miniconda3/envs/var/lib/python3.10/site-packages/torch/distributed/launcher/api.py", line 293, in launch_agent
    raise ChildFailedError(
torch.distributed.elastic.multiprocessing.errors.ChildFailedError: 
============================================================
distill/train_distill.py FAILED
------------------------------------------------------------
Failures:
  <NO_OTHER_FAILURES>
------------------------------------------------------------
Root Cause (first observed failure):
[0]:
  time      : 2025-11-04_22:29:07
  host      : waas
  rank      : 0 (local_rank: 0)
  exitcode  : 1 (pid: 2672633)
  error_file: <N/A>
  traceback : To enable traceback see: https://pytorch.org/docs/stable/elastic/errors.html
============================================================
W1105 05:34:28.840000 3008759 site-packages/torch/distributed/run.py:803] 
W1105 05:34:28.840000 3008759 site-packages/torch/distributed/run.py:803] *****************************************
W1105 05:34:28.840000 3008759 site-packages/torch/distributed/run.py:803] Setting OMP_NUM_THREADS environment variable for each process to be 1 in default, to avoid your system being overloaded, please further tune the variable for optimal performance in your application as needed. 
W1105 05:34:28.840000 3008759 site-packages/torch/distributed/run.py:803] *****************************************
[dist initialize] mp method=spawn
[lrk=2, rk=2]
[dist initialize] mp method=spawn
[lrk=4, rk=4]
[dist initialize] mp method=spawn
[lrk=1, rk=1]
[dist initialize] mp method=spawn
[lrk=5, rk=5]
[dist initialize] mp method=spawn
[lrk=6, rk=6]
[dist initialize] mp method=spawn
[dist initialize] mp method=spawn
[lrk=3, rk=3]
[lrk=0, rk=0]
/root/miniconda3/envs/var/lib/python3.10/site-packages/torch/distributed/distributed_c10d.py:4876: UserWarning: barrier(): using the device under current context. You can specify `device_id` in `init_process_group` to mute this warning.
  warnings.warn(  # warn only once
[rank0]:[W1105 05:34:35.101850572 ProcessGroupNCCL.cpp:5068] Guessing device ID based on global rank. This can cause a hang if rank to GPU mapping is heterogeneous. You can specify device_id in init_process_group()
/root/miniconda3/envs/var/lib/python3.10/site-packages/torch/backends/__init__.py:46: UserWarning: Please use the new API settings to control TF32 behavior, such as torch.backends.cudnn.conv.fp32_precision = 'tf32' or torch.backends.cuda.matmul.fp32_precision = 'ieee'. Old settings, e.g, torch.backends.cuda.matmul.allow_tf32 = True, torch.backends.cudnn.allow_tf32 = True, allowTF32CuDNN() and allowTF32CuBLAS() will be deprecated after Pytorch 2.9. Please see https://pytorch.org/docs/main/notes/cuda.html#tensorfloat-32-tf32-on-ampere-and-later-devices (Triggered internally at /pytorch/aten/src/ATen/Context.cpp:80.)
  self.setter(val)
/root/miniconda3/envs/var/lib/python3.10/site-packages/torch/backends/__init__.py:46: UserWarning: Please use the new API settings to control TF32 behavior, such as torch.backends.cudnn.conv.fp32_precision = 'tf32' or torch.backends.cuda.matmul.fp32_precision = 'ieee'. Old settings, e.g, torch.backends.cuda.matmul.allow_tf32 = True, torch.backends.cudnn.allow_tf32 = True, allowTF32CuDNN() and allowTF32CuBLAS() will be deprecated after Pytorch 2.9. Please see https://pytorch.org/docs/main/notes/cuda.html#tensorfloat-32-tf32-on-ampere-and-later-devices (Triggered internally at /pytorch/aten/src/ATen/Context.cpp:80.)
  self.setter(val)
/root/miniconda3/envs/var/lib/python3.10/site-packages/torch/backends/__init__.py:46: UserWarning: Please use the new API settings to control TF32 behavior, such as torch.backends.cudnn.conv.fp32_precision = 'tf32' or torch.backends.cuda.matmul.fp32_precision = 'ieee'. Old settings, e.g, torch.backends.cuda.matmul.allow_tf32 = True, torch.backends.cudnn.allow_tf32 = True, allowTF32CuDNN() and allowTF32CuBLAS() will be deprecated after Pytorch 2.9. Please see https://pytorch.org/docs/main/notes/cuda.html#tensorfloat-32-tf32-on-ampere-and-later-devices (Triggered internally at /pytorch/aten/src/ATen/Context.cpp:80.)
  self.setter(val)
/root/miniconda3/envs/var/lib/python3.10/site-packages/torch/backends/__init__.py:46: UserWarning: Please use the new API settings to control TF32 behavior, such as torch.backends.cudnn.conv.fp32_precision = 'tf32' or torch.backends.cuda.matmul.fp32_precision = 'ieee'. Old settings, e.g, torch.backends.cuda.matmul.allow_tf32 = True, torch.backends.cudnn.allow_tf32 = True, allowTF32CuDNN() and allowTF32CuBLAS() will be deprecated after Pytorch 2.9. Please see https://pytorch.org/docs/main/notes/cuda.html#tensorfloat-32-tf32-on-ampere-and-later-devices (Triggered internally at /pytorch/aten/src/ATen/Context.cpp:80.)
  self.setter(val)
/root/miniconda3/envs/var/lib/python3.10/site-packages/torch/backends/__init__.py:46: UserWarning: Please use the new API settings to control TF32 behavior, such as torch.backends.cudnn.conv.fp32_precision = 'tf32' or torch.backends.cuda.matmul.fp32_precision = 'ieee'. Old settings, e.g, torch.backends.cuda.matmul.allow_tf32 = True, torch.backends.cudnn.allow_tf32 = True, allowTF32CuDNN() and allowTF32CuBLAS() will be deprecated after Pytorch 2.9. Please see https://pytorch.org/docs/main/notes/cuda.html#tensorfloat-32-tf32-on-ampere-and-later-devices (Triggered internally at /pytorch/aten/src/ATen/Context.cpp:80.)
  self.setter(val)
/root/miniconda3/envs/var/lib/python3.10/site-packages/torch/backends/__init__.py:46: UserWarning: Please use the new API settings to control TF32 behavior, such as torch.backends.cudnn.conv.fp32_precision = 'tf32' or torch.backends.cuda.matmul.fp32_precision = 'ieee'. Old settings, e.g, torch.backends.cuda.matmul.allow_tf32 = True, torch.backends.cudnn.allow_tf32 = True, allowTF32CuDNN() and allowTF32CuBLAS() will be deprecated after Pytorch 2.9. Please see https://pytorch.org/docs/main/notes/cuda.html#tensorfloat-32-tf32-on-ampere-and-later-devices (Triggered internally at /pytorch/aten/src/ATen/Context.cpp:80.)
  self.setter(val)
/root/miniconda3/envs/var/lib/python3.10/site-packages/torch/backends/__init__.py:46: UserWarning: Please use the new API settings to control TF32 behavior, such as torch.backends.cudnn.conv.fp32_precision = 'tf32' or torch.backends.cuda.matmul.fp32_precision = 'ieee'. Old settings, e.g, torch.backends.cuda.matmul.allow_tf32 = True, torch.backends.cudnn.allow_tf32 = True, allowTF32CuDNN() and allowTF32CuBLAS() will be deprecated after Pytorch 2.9. Please see https://pytorch.org/docs/main/notes/cuda.html#tensorfloat-32-tf32-on-ampere-and-later-devices (Triggered internally at /pytorch/aten/src/ATen/Context.cpp:80.)
  self.setter(val)
[11-05 05:34:36] (_train/utils/arg_util.py, line 241)=> [tf32] [precis] torch.get_float32_matmul_precision(): high
[11-05 05:34:36] (_train/utils/arg_util.py, line 242)=> [tf32] [ conv ] torch.backends.cudnn.allow_tf32: True
[11-05 05:34:36] (_train/utils/arg_util.py, line 243)=> [tf32] [matmul] torch.backends.cuda.matmul.allow_tf32: True
[11-05 05:34:36] (_train/utils/arg_util.py, line 190)=> [蒸馏参数验证] 通过 - 类型:normal, 权重:0.5/0.5
[11-05 05:34:36] (distill/train_distill.py, line 269)=> [参数验证] 蒸馏参数验证通过
[11-05 05:34:36] (distill/train_distill.py, line  63)=> global bs=259, local bs=37
[11-05 05:34:36] (distill/train_distill.py, line  64)=> initial args:\n{
  data_path           : /home/project/ImageNet-1K
  exp_name            : text
  vfast               : 0
  vae_path            : /home/project/daily/AR/model_zoo/vae_ch160v4096z32.pth
  var_path            : /home/project/real_prune/VAR_train/train_result/distill_d16_normal_256/ar-ckpt-best.pth
  tfast               : 0
  depth               : 16
  sparsity            : 0.4
  ini                 : -1
  hd                  : 0.02
  aln                 : 0.5
  alng                : 0.001
  fp16                : 1
  tblr                : 0.0001
  tlr                 : 0.00010117187500000001
  twd                 : 0.05
  twde                : 0.05
  tclip               : 2.0
  ls                  : 0.0
  maxlayer            : 16
  bs                  : 259
  batch_size          : 37
  glb_batch_size      : 259
  ac                  : 1
  ep                  : 20
  wp                  : 0.4
  wp0                 : 0.005
  wpe                 : 0.1
  sche                : lin0
  opt                 : adamw
  afuse               : True
  saln                : False
  anorm               : True
  fuse                : True
  pn                  : 1_2_3_4_5_6_8_10_13_16
  patch_size          : 16
  patch_nums          : (1, 2, 3, 4, 5, 6, 8, 10, 13, 16)
  resos               : (16, 32, 48, 64, 80, 96, 128, 160, 208, 256)
  data_load_reso      : 256
  mid_reso            : 1.125
  hflip               : False
  workers             : 0
  pg                  : 0.0
  pg0                 : 4
  pgwp                : 0.06666666666666667
  ckpt_save_interval  : 1
  cmd                 : --enable_distillation=1 --teacher_model_path=/home/project/daily/AR/model_zoo/var_d16.pth --teacher_depth=16 --distill_type=normal --distill_alpha=0.5 --distill_beta=0.5 --depth=16 --bs=256 --ep=20 --fp16=1 --alng=1e-3 --wpe=0.1 --sparsity=0.4 --var_path=/home/project/real_prune/VAR_train/train_result/distill_d16_normal_256/ar-ckpt-best.pth --vae_path=/home/project/daily/AR/model_zoo/vae_ch160v4096z32.pth --data_path=/home/project/ImageNet-1K --local_out_dir_path=/home/project/real_prune/VAR_train/train_result/fix_distill_d16_normal_256_from20
  branch              : main
  commit_id           : 1bf7cb2895b8461062f9dbaf1daffb729258724e
  commit_msg          : 25.9.25
  acc_mean            : None
  acc_tail            : None
  L_mean              : None
  L_tail              : None
  vacc_mean           : None
  vacc_tail           : None
  vL_mean             : None
  vL_tail             : None
  grad_norm           : None
  cur_lr              : None
  cur_wd              : None
  cur_it              : 
  cur_ep              : 
  remain_time         : 
  finish_time         : 
  local_out_dir_path  : /home/project/real_prune/VAR_train/train_result/fix_distill_d16_normal_256_from20
  tb_log_dir_path     : /home/project/real_prune/VAR_train/train_result/fix_distill_d16_normal_256_from20/tb-VARd16__pn1_2_3_4_5_6_8_10_13_16__b259ep20adamlr0.0001wd0.05
  log_txt_path        : /home/project/real_prune/VAR_train/train_result/fix_distill_d16_normal_256_from20/log.txt
  last_ckpt_path      : /home/project/real_prune/VAR_train/train_result/fix_distill_d16_normal_256_from20/ar-ckpt-last.pth
  tf32                : True
  seed                : None
  transfer            : False
  enable_distillation : True
  teacher_model_path  : /home/project/daily/AR/model_zoo/var_d16.pth
  teacher_depth       : 16
  distill_type        : normal
  distill_alpha       : 0.5
  distill_beta        : 0.5
  distill_temperature : 4.0
  scale_weights_str   : 2.0,1.8,1.6,1.4,1.2,1.0,0.8,0.6,0.4,0.2
  use_feature_distill : False
  feature_layers_str  : 4,8,12,15
  use_attention_distill: False
  distill_warmup_epochs: 5
  distill_schedule    : constant
  same_seed_for_all_ranks: 0
  local_debug         : False
  dbg_nan             : False
}

[11-05 05:34:36] (distill/train_distill.py, line  68)=> [build PT data] ...\n
[11-05 05:34:38] (/VAR_train/utils/data.py, line  34)=> [Dataset] len(train_set)=1281167, len(val_set)=50000, num_classes=1000
[11-05 05:34:38] (/VAR_train/utils/data.py, line  48)=> Transform [train] = 
[11-05 05:34:38] (/VAR_train/utils/data.py, line  51)=> Resize(size=288, interpolation=lanczos, max_size=None, antialias=True)
[11-05 05:34:38] (/VAR_train/utils/data.py, line  51)=> RandomCrop(size=(256, 256), padding=None)
[11-05 05:34:38] (/VAR_train/utils/data.py, line  51)=> ToTensor()
[11-05 05:34:38] (/VAR_train/utils/data.py, line  51)=> <function normalize_01_into_pm1 at 0x7f0e59d7dab0>
[11-05 05:34:38] (/VAR_train/utils/data.py, line  54)=> ---------------------------

[11-05 05:34:38] (/VAR_train/utils/data.py, line  48)=> Transform [val] = 
[11-05 05:34:38] (/VAR_train/utils/data.py, line  51)=> Resize(size=288, interpolation=lanczos, max_size=None, antialias=True)
[11-05 05:34:38] (/VAR_train/utils/data.py, line  51)=> CenterCrop(size=(256, 256))
[11-05 05:34:38] (/VAR_train/utils/data.py, line  51)=> ToTensor()
[11-05 05:34:38] (/VAR_train/utils/data.py, line  51)=> <function normalize_01_into_pm1 at 0x7f0e59d7dab0>
[11-05 05:34:38] (/VAR_train/utils/data.py, line  54)=> ---------------------------

[11-05 05:34:38] (distill/train_distill.py, line  91)=> [auto_resume] no ckpt found @ /home/project/real_prune/VAR_train/train_result/fix_distill_d16_normal_256_from20/ar-ckpt-best*.pth
[11-05 05:34:38] (distill/train_distill.py, line  91)=> [auto_resume quit]
[11-05 05:34:38] (distill/train_distill.py, line  92)=> [dataloader multi processing] ...     [dataloader multi processing](*) finished! (0.00s)
[11-05 05:34:38] (distill/train_distill.py, line  98)=> [dataloader] gbs=259, lbs=37, iters_train=4947, types(tr, va)=('DatasetFolder', 'DatasetFolder')
[11-05 05:34:38] (/VAR_train/models/var.py, line 102)=> 
[constructor]  ==== flash_if_available=True (0/16), fused_if_available=True (fusing_add_ln=0/16, fusing_mlp=0/16) ==== 
    [VAR config ] embed_dim=1024, num_heads=16, depth=16, mlp_ratio=4.0
    [drop ratios ] drop_rate=0.0, attn_drop_rate=0.0, drop_path_rate=0.0666667 (tensor([0.0000, 0.0044, 0.0089, 0.0133, 0.0178, 0.0222, 0.0267, 0.0311, 0.0356,
        0.0400, 0.0444, 0.0489, 0.0533, 0.0578, 0.0622, 0.0667]))

[11-05 05:34:38] (/VAR_train/models/var.py, line 259)=> [init_weights] VAR with init_std=0.0180422
[11-05 05:34:38] (distill/train_distill.py, line 123)=> [学生模型] 首次训练，加载初始权重: /home/project/real_prune/VAR_train/train_result/distill_d16_normal_256/ar-ckpt-best.pth
[11-05 05:34:39] (distill/train_distill.py, line 126)=> [学生模型] 检测到训练checkpoint格式，提取模型权重...
[11-05 05:34:40] (distill/train_distill.py, line 130)=> [学生模型] 成功加载初始权重
[11-05 05:34:40] (distill/train_distill.py, line 153)=> [INIT] VAR model = VAR(
  drop_path_rate=0.0666667
  (word_embed): Linear(in_features=32, out_features=1024, bias=True)
  (class_emb): Embedding(1001, 1024)
  (lvl_embed): Embedding(10, 1024)
  (shared_ada_lin): Identity()
  (blocks): ModuleList(
    (0): AdaLNSelfAttn(
      shared_aln=False
      (drop_path): Identity()
      (attn): SelfAttention(
        using_flash=False, using_xform=False, attn_l2_norm=True
        (mat_qkv): Linear(in_features=1024, out_features=1920, bias=False)
        (proj): Linear(in_features=640, out_features=1024, bias=True)
        (proj_drop): Identity()
      )
      (ffn): FFN(
        fused_mlp_func=False
        (fc1): Linear(in_features=1024, out_features=2458, bias=True)
        (act): GELU(approximate='tanh')
        (fc2): Linear(in_features=2458, out_features=1024, bias=True)
        (drop): Identity()
      )
      (ln_wo_grad): LayerNorm((1024,), eps=1e-06, elementwise_affine=False)
      (ada_lin): Sequential(
        (0): SiLU()
        (1): Linear(in_features=1024, out_features=6144, bias=True)
      )
    )
    (1-15): 15 x AdaLNSelfAttn(
      shared_aln=False
      (drop_path): DropPath((drop_prob=...))
      (attn): SelfAttention(
        using_flash=False, using_xform=False, attn_l2_norm=True
        (mat_qkv): Linear(in_features=1024, out_features=1920, bias=False)
        (proj): Linear(in_features=640, out_features=1024, bias=True)
        (proj_drop): Identity()
      )
      (ffn): FFN(
        fused_mlp_func=False
        (fc1): Linear(in_features=1024, out_features=2458, bias=True)
        (act): GELU(approximate='tanh')
        (fc2): Linear(in_features=2458, out_features=1024, bias=True)
        (drop): Identity()
      )
      (ln_wo_grad): LayerNorm((1024,), eps=1e-06, elementwise_affine=False)
      (ada_lin): Sequential(
        (0): SiLU()
        (1): Linear(in_features=1024, out_features=6144, bias=True)
      )
    )
  )
  (head_nm): AdaLNBeforeHead(
    (ln_wo_grad): LayerNorm((1024,), eps=1e-06, elementwise_affine=False)
    (ada_lin): Sequential(
      (0): SiLU()
      (1): Linear(in_features=1024, out_features=2048, bias=True)
    )
  )
  (head): Linear(in_features=1024, out_features=4096, bias=True)
)\n\n
[11-05 05:34:40] (distill/train_distill.py, line 155)=> [INIT][#para] VAE=108.95, VAE.enc=44.11, VAE.dec=64.65, VAE.quant=0.17
[11-05 05:34:40] (distill/train_distill.py, line 156)=> [INIT][#para] VAR=231.41\n\n
[11-05 05:34:40] (distill/train_distill.py, line 161)=> \n============================================================
[11-05 05:34:40] (distill/train_distill.py, line 162)=> 开始加载教师模型...
[11-05 05:34:40] (distill/distill_utils.py, line  31)=> [加载教师模型] 路径: /home/project/daily/AR/model_zoo/var_d16.pth
[11-05 05:34:40] (distill/distill_utils.py, line  32)=> [加载教师模型] 深度: 16
[11-05 05:34:40] (distill/distill_utils.py, line  39)=> [加载教师模型] 构建模型架构...
[11-05 05:34:40] (distill/distill_utils.py, line  46)=> [加载教师模型] 临时设置 sparsity=0 (原值=0.4)
[11-05 05:34:40] (/VAR_train/models/var.py, line 102)=> 
[constructor]  ==== flash_if_available=True (0/16), fused_if_available=True (fusing_add_ln=0/16, fusing_mlp=0/16) ==== 
    [VAR config ] embed_dim=1024, num_heads=16, depth=16, mlp_ratio=4.0
    [drop ratios ] drop_rate=0.0, attn_drop_rate=0.0, drop_path_rate=0.0666667 (tensor([0.0000, 0.0044, 0.0089, 0.0133, 0.0178, 0.0222, 0.0267, 0.0311, 0.0356,
        0.0400, 0.0444, 0.0489, 0.0533, 0.0578, 0.0622, 0.0667]))

[11-05 05:34:40] (/VAR_train/models/var.py, line 259)=> [init_weights] VAR with init_std=0.0180422
[11-05 05:34:40] (distill/distill_utils.py, line  62)=> [加载教师模型] 恢复 sparsity=0.4
[11-05 05:34:40] (distill/distill_utils.py, line  65)=> [加载教师模型] 加载权重...
[11-05 05:34:41] (distill/distill_utils.py, line  79)=> [加载教师模型] 直接加载模型权重
[11-05 05:34:41] (distill/distill_utils.py, line  89)=> [加载教师模型] 成功加载，参数量: 310.28M
[11-05 05:34:41] (distill/distill_utils.py, line  90)=> [加载教师模型] 已冻结参数: 310.28M
[11-05 05:34:41] (distill/train_distill.py, line 165)=> 教师模型加载成功
[11-05 05:34:41] (distill/train_distill.py, line 170)=> ======== 蒸馏配置摘要 ========
蒸馏类型: normal
教师模型: var_d16.pth (深度=16)
损失权重: 任务=0.50, 蒸馏=0.50
蒸馏温度: 4.0
==============================
[11-05 05:34:41] (distill/train_distill.py, line 177)=> ============================================================\n
[11-05 05:34:41] (rain/utils/lr_control.py, line  99)=> [get_param_groups] param_groups = 
{ 'D': { 'lr_sc': 1.0,
         'params': "('word_embed.weight, class_emb.weight, blocks.0.attn.mat_qkv.weight, blocks.0.attn.proj.weight, blocks.0.ffn.fc1.weight, blocks.0.ffn.fc2.weight, blocks.0.ada_lin.1.weight, '\n"
                   " 'blocks.1.attn.mat_qkv.weight, blocks.1.attn.proj.weight, blocks.1.ffn.fc1.weight, blocks.1.ffn.fc2.weight, blocks.1.ada_lin.1.weight, blocks.2.attn.mat_qkv.weight, blocks.2.attn.proj.weight, '\n"
                   " 'blocks.2.ffn.fc1.weight, blocks.2.ffn.fc2.weight, blocks.2.ada_lin.1.weight, blocks.3.attn.mat_qkv.weight, blocks.3.attn.proj.weight, blocks.3.ffn.fc1.weight, blocks.3.ffn.fc2.weight, '\n"
                   " 'blocks.3.ada_lin.1.weight, blocks.4.attn.mat_qkv.weight, blocks.4.attn.proj.weight, blocks.4.ffn.fc1.weight, blocks.4.ffn.fc2.weight, blocks.4.ada_lin.1.weight, blocks.5.attn.mat_qkv.weight, '\n"
                   " 'blocks.5.attn.proj.weight, blocks.5.ffn.fc1.weight, blocks.5.ffn.fc2.weight, blocks.5.ada_lin.1.weight, blocks.6.attn.mat_qkv.weight, blocks.6.attn.proj.weight, blocks.6.ffn.fc1.weight, '\n"
                   " 'blocks.6.ffn.fc2.weight, blocks.6.ada_lin.1.weight, blocks.7.attn.mat_qkv.weight, blocks.7.attn.proj.weight, blocks.7.ffn.fc1.weight, blocks.7.ffn.fc2.weight, blocks.7.ada_lin.1.weight, '\n"
                   " 'blocks.8.attn.mat_qkv.weight, blocks.8.attn.proj.weight, blocks.8.ffn.fc1.weight, blocks.8.ffn.fc2.weight, blocks.8.ada_lin.1.weight, blocks.9.attn.mat_qkv.weight, blocks.9.attn.proj.weight, '\n"
                   " 'blocks.9.ffn.fc1.weight, blocks.9.ffn.fc2.weight, blocks.9.ada_lin.1.weight, blocks.10.attn.mat_qkv.weight, blocks.10.attn.proj.weight, blocks.10.ffn.fc1.weight, blocks.10.ffn.fc2.weight, '\n"
                   " 'blocks.10.ada_lin.1.weight, blocks.11.attn.mat_qkv.weight, blocks.11.attn.proj.weight, blocks.11.ffn.fc1.weight, blocks.11.ffn.fc2.weight, blocks.11.ada_lin.1.weight, '\n"
                   " 'blocks.12.attn.mat_qkv.weight, blocks.12.attn.proj.weight, blocks.12.ffn.fc1.weight, blocks.12.ffn.fc2.weight, blocks.12.ada_lin.1.weight, blocks.13.attn.mat_qkv.weight, '\n"
                   " 'blocks.13.attn.proj.weight, blocks.13.ffn.fc1.weight, blocks.13.ffn.fc2.weight, blocks.13.ada_lin.1.weight, blocks.14.attn.mat_qkv.weight, blocks.14.attn.proj.weight, blocks.14.ffn.fc1.weight, '\n"
                   " 'blocks.14.ffn.fc2.weight, blocks.14.ada_lin.1.weight, blocks.15.attn.mat_qkv.weight, blocks.15.attn.proj.weight, blocks.15.ffn.fc1.weight, blocks.15.ffn.fc2.weight, blocks.15.ada_lin.1.weight, '\n"
                   " 'head_nm.ada_lin.1.weight, head.weight')",
         'wd_sc': 1.0},
  'ND': { 'lr_sc': 1.0,
          'params': "('pos_start, pos_1LC, word_embed.bias, lvl_embed.weight, blocks.0.attn.scale_mul_1H11, blocks.0.attn.q_bias, blocks.0.attn.v_bias, blocks.0.attn.proj.bias, blocks.0.ffn.fc1.bias, '\n"
                    " 'blocks.0.ffn.fc2.bias, blocks.0.ada_lin.1.bias, blocks.1.attn.scale_mul_1H11, blocks.1.attn.q_bias, blocks.1.attn.v_bias, blocks.1.attn.proj.bias, blocks.1.ffn.fc1.bias, blocks.1.ffn.fc2.bias, '\n"
                    " 'blocks.1.ada_lin.1.bias, blocks.2.attn.scale_mul_1H11, blocks.2.attn.q_bias, blocks.2.attn.v_bias, blocks.2.attn.proj.bias, blocks.2.ffn.fc1.bias, blocks.2.ffn.fc2.bias, blocks.2.ada_lin.1.bias, '\n"
                    " 'blocks.3.attn.scale_mul_1H11, blocks.3.attn.q_bias, blocks.3.attn.v_bias, blocks.3.attn.proj.bias, blocks.3.ffn.fc1.bias, blocks.3.ffn.fc2.bias, blocks.3.ada_lin.1.bias, '\n"
                    " 'blocks.4.attn.scale_mul_1H11, blocks.4.attn.q_bias, blocks.4.attn.v_bias, blocks.4.attn.proj.bias, blocks.4.ffn.fc1.bias, blocks.4.ffn.fc2.bias, blocks.4.ada_lin.1.bias, '\n"
                    " 'blocks.5.attn.scale_mul_1H11, blocks.5.attn.q_bias, blocks.5.attn.v_bias, blocks.5.attn.proj.bias, blocks.5.ffn.fc1.bias, blocks.5.ffn.fc2.bias, blocks.5.ada_lin.1.bias, '\n"
                    " 'blocks.6.attn.scale_mul_1H11, blocks.6.attn.q_bias, blocks.6.attn.v_bias, blocks.6.attn.proj.bias, blocks.6.ffn.fc1.bias, blocks.6.ffn.fc2.bias, blocks.6.ada_lin.1.bias, '\n"
                    " 'blocks.7.attn.scale_mul_1H11, blocks.7.attn.q_bias, blocks.7.attn.v_bias, blocks.7.attn.proj.bias, blocks.7.ffn.fc1.bias, blocks.7.ffn.fc2.bias, blocks.7.ada_lin.1.bias, '\n"
                    " 'blocks.8.attn.scale_mul_1H11, blocks.8.attn.q_bias, blocks.8.attn.v_bias, blocks.8.attn.proj.bias, blocks.8.ffn.fc1.bias, blocks.8.ffn.fc2.bias, blocks.8.ada_lin.1.bias, '\n"
                    " 'blocks.9.attn.scale_mul_1H11, blocks.9.attn.q_bias, blocks.9.attn.v_bias, blocks.9.attn.proj.bias, blocks.9.ffn.fc1.bias, blocks.9.ffn.fc2.bias, blocks.9.ada_lin.1.bias, '\n"
                    " 'blocks.10.attn.scale_mul_1H11, blocks.10.attn.q_bias, blocks.10.attn.v_bias, blocks.10.attn.proj.bias, blocks.10.ffn.fc1.bias, blocks.10.ffn.fc2.bias, blocks.10.ada_lin.1.bias, '\n"
                    " 'blocks.11.attn.scale_mul_1H11, blocks.11.attn.q_bias, blocks.11.attn.v_bias, blocks.11.attn.proj.bias, blocks.11.ffn.fc1.bias, blocks.11.ffn.fc2.bias, blocks.11.ada_lin.1.bias, '\n"
                    " 'blocks.12.attn.scale_mul_1H11, blocks.12.attn.q_bias, blocks.12.attn.v_bias, blocks.12.attn.proj.bias, blocks.12.ffn.fc1.bias, blocks.12.ffn.fc2.bias, blocks.12.ada_lin.1.bias, '\n"
                    " 'blocks.13.attn.scale_mul_1H11, blocks.13.attn.q_bias, blocks.13.attn.v_bias, blocks.13.attn.proj.bias, blocks.13.ffn.fc1.bias, blocks.13.ffn.fc2.bias, blocks.13.ada_lin.1.bias, '\n"
                    " 'blocks.14.attn.scale_mul_1H11, blocks.14.attn.q_bias, blocks.14.attn.v_bias, blocks.14.attn.proj.bias, blocks.14.ffn.fc1.bias, blocks.14.ffn.fc2.bias, blocks.14.ada_lin.1.bias, '\n"
                    " 'blocks.15.attn.scale_mul_1H11, blocks.15.attn.q_bias, blocks.15.attn.v_bias, blocks.15.attn.proj.bias, blocks.15.ffn.fc1.bias, blocks.15.ffn.fc2.bias, blocks.15.ada_lin.1.bias, '\n"
                    " 'head_nm.ada_lin.1.bias, head.bias')",
          'wd_sc': 0.0}}

[11-05 05:34:41] (rain/utils/lr_control.py, line 104)=> [get_param_groups][rank0] type(model).__name__='VAR' count=202, numel=231405120
[11-05 05:34:41] (rain/utils/lr_control.py, line 104)=> [get_param_groups][rank1] type(model).__name__='VAR' count=202, numel=231405120
[11-05 05:34:41] (rain/utils/lr_control.py, line 104)=> [get_param_groups][rank2] type(model).__name__='VAR' count=202, numel=231405120
[11-05 05:34:41] (rain/utils/lr_control.py, line 104)=> [get_param_groups][rank3] type(model).__name__='VAR' count=202, numel=231405120
[11-05 05:34:41] (rain/utils/lr_control.py, line 104)=> [get_param_groups][rank4] type(model).__name__='VAR' count=202, numel=231405120
[11-05 05:34:41] (rain/utils/lr_control.py, line 104)=> [get_param_groups][rank5] type(model).__name__='VAR' count=202, numel=231405120
[11-05 05:34:41] (rain/utils/lr_control.py, line 105)=> 
[11-05 05:34:41] (distill/train_distill.py, line 192)=> [INIT] optim=functools.partial(<class 'torch.optim.adamw.AdamW'>, betas=(0.9, 0.95), fused=True), opt_kw={'lr': 0.00010117187500000001, 'weight_decay': 0}\n
/home/project/real_prune/VAR_train/utils/amp_sc.py:27: FutureWarning: `torch.cuda.amp.GradScaler(args...)` is deprecated. Please use `torch.amp.GradScaler('cuda', args...)` instead.
  self.scaler = torch.cuda.amp.GradScaler(init_scale=2. ** 11, growth_interval=1000) if self.using_fp16_rather_bf16 else None # only fp16 needs a scaler
/home/project/real_prune/VAR_train/utils/amp_sc.py:27: FutureWarning: `torch.cuda.amp.GradScaler(args...)` is deprecated. Please use `torch.amp.GradScaler('cuda', args...)` instead.
  self.scaler = torch.cuda.amp.GradScaler(init_scale=2. ** 11, growth_interval=1000) if self.using_fp16_rather_bf16 else None # only fp16 needs a scaler
/home/project/real_prune/VAR_train/utils/amp_sc.py:27: FutureWarning: `torch.cuda.amp.GradScaler(args...)` is deprecated. Please use `torch.amp.GradScaler('cuda', args...)` instead.
  self.scaler = torch.cuda.amp.GradScaler(init_scale=2. ** 11, growth_interval=1000) if self.using_fp16_rather_bf16 else None # only fp16 needs a scaler
/home/project/real_prune/VAR_train/utils/amp_sc.py:27: FutureWarning: `torch.cuda.amp.GradScaler(args...)` is deprecated. Please use `torch.amp.GradScaler('cuda', args...)` instead.
  self.scaler = torch.cuda.amp.GradScaler(init_scale=2. ** 11, growth_interval=1000) if self.using_fp16_rather_bf16 else None # only fp16 needs a scaler
/home/project/real_prune/VAR_train/utils/amp_sc.py:27: FutureWarning: `torch.cuda.amp.GradScaler(args...)` is deprecated. Please use `torch.amp.GradScaler('cuda', args...)` instead.
  self.scaler = torch.cuda.amp.GradScaler(init_scale=2. ** 11, growth_interval=1000) if self.using_fp16_rather_bf16 else None # only fp16 needs a scaler
/home/project/real_prune/VAR_train/utils/amp_sc.py:27: FutureWarning: `torch.cuda.amp.GradScaler(args...)` is deprecated. Please use `torch.amp.GradScaler('cuda', args...)` instead.
  self.scaler = torch.cuda.amp.GradScaler(init_scale=2. ** 11, growth_interval=1000) if self.using_fp16_rather_bf16 else None # only fp16 needs a scaler
[11-05 05:34:41] (l/distillation_losses.py, line  45)=> [蒸馏损失] 类型=normal, 温度=4.0
[11-05 05:34:41] (l/distillation_losses.py, line  46)=> [尺度权重] [2.0, 1.8, 1.6, 1.4, 1.2, 1.0, 0.8, 0.6, 0.4, 0.2]
[11-05 05:34:41] (/distillation_trainer.py, line  65)=> [蒸馏训练器] 教师模型已冻结
[11-05 05:34:41] (/distillation_trainer.py, line  66)=> [蒸馏训练器] 教师参数: 310.28M (310.28M已冻结)
[11-05 05:34:41] (distill/distill_utils.py, line 166)=> [兼容性检查] 教师模型参数: 310.28M
[11-05 05:34:41] (distill/distill_utils.py, line 167)=> [兼容性检查] 学生模型参数: 231.41M
[11-05 05:34:41] (distill/distill_utils.py, line 168)=> [兼容性检查] 压缩比: 74.58%
[11-05 05:34:41] (distill/distill_utils.py, line 175)=> [兼容性检查] 词汇表大小: 4096
[11-05 05:34:41] (distill/distill_utils.py, line 180)=> [兼容性检查] 序列长度: 680
[11-05 05:34:41] (distill/distill_utils.py, line 185)=> [兼容性检查] patch配置: (1, 2, 3, 4, 5, 6, 8, 10, 13, 16)
[11-05 05:34:41] (distill/distill_utils.py, line 187)=> [兼容性检查] 通过
[11-05 05:34:41] (/distillation_trainer.py, line  73)=> [蒸馏训练器] 初始化完成
[11-05 05:34:41] (/distillation_trainer.py, line  74)=> [蒸馏训练器] 蒸馏类型: normal
[11-05 05:34:41] (/distillation_trainer.py, line  75)=> [蒸馏训练器] 损失权重: 任务=0.50, 蒸馏=0.50
[11-05 05:34:41] (distill/train_distill.py, line 209)=> [训练器] 使用蒸馏训练器 (DistillationVARTrainer)
[11-05 05:34:41] (distill/train_distill.py, line 210)=> [蒸馏模式] normal 蒸馏，权重 0.5/0.5
[11-05 05:34:41] (distill/train_distill.py, line 224)=> [训练器] 使用初始状态，从 epoch 0 开始
[11-05 05:34:41] (rain/utils/lr_control.py, line 104)=> [get_param_groups][rank6] type(model).__name__='VAR' count=202, numel=231405120
/home/project/real_prune/VAR_train/utils/amp_sc.py:27: FutureWarning: `torch.cuda.amp.GradScaler(args...)` is deprecated. Please use `torch.amp.GradScaler('cuda', args...)` instead.
  self.scaler = torch.cuda.amp.GradScaler(init_scale=2. ** 11, growth_interval=1000) if self.using_fp16_rather_bf16 else None # only fp16 needs a scaler
/home/project/real_prune/VAR_train/models/var.py:220: FutureWarning: `torch.cuda.amp.autocast(args...)` is deprecated. Please use `torch.amp.autocast('cuda', args...)` instead.
  with torch.cuda.amp.autocast(enabled=False):
/home/project/real_prune/VAR_train/models/var.py:220: FutureWarning: `torch.cuda.amp.autocast(args...)` is deprecated. Please use `torch.amp.autocast('cuda', args...)` instead.
  with torch.cuda.amp.autocast(enabled=False):
/home/project/real_prune/VAR_train/models/var.py:220: FutureWarning: `torch.cuda.amp.autocast(args...)` is deprecated. Please use `torch.amp.autocast('cuda', args...)` instead.
  with torch.cuda.amp.autocast(enabled=False):
/home/project/real_prune/VAR_train/models/var.py:220: FutureWarning: `torch.cuda.amp.autocast(args...)` is deprecated. Please use `torch.amp.autocast('cuda', args...)` instead.
  with torch.cuda.amp.autocast(enabled=False):
/home/project/real_prune/VAR_train/models/var.py:220: FutureWarning: `torch.cuda.amp.autocast(args...)` is deprecated. Please use `torch.amp.autocast('cuda', args...)` instead.
  with torch.cuda.amp.autocast(enabled=False):
/home/project/real_prune/VAR_train/models/var.py:220: FutureWarning: `torch.cuda.amp.autocast(args...)` is deprecated. Please use `torch.amp.autocast('cuda', args...)` instead.
  with torch.cuda.amp.autocast(enabled=False):
/home/project/real_prune/VAR_train/models/var.py:220: FutureWarning: `torch.cuda.amp.autocast(args...)` is deprecated. Please use `torch.amp.autocast('cuda', args...)` instead.
  with torch.cuda.amp.autocast(enabled=False):
[11-05 05:34:44] (/VAR_train/utils/misc.py, line 314)=> [Ep]: [   0/20]  [   0/4947]  eta: 4:48:53  tlr: 5.1e-07  tnm: 0.00  Lm: 6.113 (6.113)  Lt: 5.540 (5.540)  Accm: 4.89 (4.89)  Acct: 6.80 (6.80)  TaskL: 6.1128 (6.1128)  DistillL: 515.0947 (515.0947)  TotalL: 521.2075 (521.2075)  time: 3.5039  data: 0.2623
/root/miniconda3/envs/var/lib/python3.10/site-packages/torch/utils/data/_utils/pin_memory.py:57: DeprecationWarning: The argument 'device' of Tensor.pin_memory() is deprecated. Please do not pass this argument. (Triggered internally at /pytorch/aten/src/ATen/native/Memory.cpp:46.)
  return data.pin_memory(device)
/root/miniconda3/envs/var/lib/python3.10/site-packages/torch/utils/data/_utils/pin_memory.py:57: DeprecationWarning: The argument 'device' of Tensor.is_pinned() is deprecated. Please do not pass this argument. (Triggered internally at /pytorch/aten/src/ATen/native/Memory.cpp:31.)
  return data.pin_memory(device)
/root/miniconda3/envs/var/lib/python3.10/site-packages/torch/utils/data/_utils/pin_memory.py:57: DeprecationWarning: The argument 'device' of Tensor.pin_memory() is deprecated. Please do not pass this argument. (Triggered internally at /pytorch/aten/src/ATen/native/Memory.cpp:46.)
  return data.pin_memory(device)
/root/miniconda3/envs/var/lib/python3.10/site-packages/torch/utils/data/_utils/pin_memory.py:57: DeprecationWarning: The argument 'device' of Tensor.is_pinned() is deprecated. Please do not pass this argument. (Triggered internally at /pytorch/aten/src/ATen/native/Memory.cpp:31.)
  return data.pin_memory(device)
/root/miniconda3/envs/var/lib/python3.10/site-packages/torch/utils/data/_utils/pin_memory.py:57: DeprecationWarning: The argument 'device' of Tensor.pin_memory() is deprecated. Please do not pass this argument. (Triggered internally at /pytorch/aten/src/ATen/native/Memory.cpp:46.)
  return data.pin_memory(device)
/root/miniconda3/envs/var/lib/python3.10/site-packages/torch/utils/data/_utils/pin_memory.py:57: DeprecationWarning: The argument 'device' of Tensor.is_pinned() is deprecated. Please do not pass this argument. (Triggered internally at /pytorch/aten/src/ATen/native/Memory.cpp:31.)
  return data.pin_memory(device)
/root/miniconda3/envs/var/lib/python3.10/site-packages/torch/utils/data/_utils/pin_memory.py:57: DeprecationWarning: The argument 'device' of Tensor.pin_memory() is deprecated. Please do not pass this argument. (Triggered internally at /pytorch/aten/src/ATen/native/Memory.cpp:46.)
  return data.pin_memory(device)
/root/miniconda3/envs/var/lib/python3.10/site-packages/torch/utils/data/_utils/pin_memory.py:57: DeprecationWarning: The argument 'device' of Tensor.is_pinned() is deprecated. Please do not pass this argument. (Triggered internally at /pytorch/aten/src/ATen/native/Memory.cpp:31.)
  return data.pin_memory(device)
/root/miniconda3/envs/var/lib/python3.10/site-packages/torch/utils/data/_utils/pin_memory.py:57: DeprecationWarning: The argument 'device' of Tensor.pin_memory() is deprecated. Please do not pass this argument. (Triggered internally at /pytorch/aten/src/ATen/native/Memory.cpp:46.)
  return data.pin_memory(device)
/root/miniconda3/envs/var/lib/python3.10/site-packages/torch/utils/data/_utils/pin_memory.py:57: DeprecationWarning: The argument 'device' of Tensor.is_pinned() is deprecated. Please do not pass this argument. (Triggered internally at /pytorch/aten/src/ATen/native/Memory.cpp:31.)
  return data.pin_memory(device)
/root/miniconda3/envs/var/lib/python3.10/site-packages/torch/utils/data/_utils/pin_memory.py:57: DeprecationWarning: The argument 'device' of Tensor.pin_memory() is deprecated. Please do not pass this argument. (Triggered internally at /pytorch/aten/src/ATen/native/Memory.cpp:46.)
  return data.pin_memory(device)
/root/miniconda3/envs/var/lib/python3.10/site-packages/torch/utils/data/_utils/pin_memory.py:57: DeprecationWarning: The argument 'device' of Tensor.is_pinned() is deprecated. Please do not pass this argument. (Triggered internally at /pytorch/aten/src/ATen/native/Memory.cpp:31.)
  return data.pin_memory(device)
/root/miniconda3/envs/var/lib/python3.10/site-packages/torch/utils/data/_utils/pin_memory.py:57: DeprecationWarning: The argument 'device' of Tensor.pin_memory() is deprecated. Please do not pass this argument. (Triggered internally at /pytorch/aten/src/ATen/native/Memory.cpp:46.)
  return data.pin_memory(device)
/root/miniconda3/envs/var/lib/python3.10/site-packages/torch/utils/data/_utils/pin_memory.py:57: DeprecationWarning: The argument 'device' of Tensor.is_pinned() is deprecated. Please do not pass this argument. (Triggered internally at /pytorch/aten/src/ATen/native/Memory.cpp:31.)
  return data.pin_memory(device)
[11-05 05:52:27] (/VAR_train/utils/misc.py, line 314)=> [Ep]: [   0/20]  [1236/4947]  eta: 0:53:17  tlr: 6.3e-05  tnm: 0.00  Lm: 6.275 (6.275)  Lt: 5.660 (5.660)  Accm: 4.28 (4.28)  Acct: 6.39 (6.39)  TaskL: 6.2755 (6.2755)  DistillL: 369.1785 (369.1785)  TotalL: 375.4540 (375.4540)  time: 0.8495  data: 0.2574
[11-05 06:10:12] (/VAR_train/utils/misc.py, line 314)=> [Ep]: [   0/20]  [2473/4947]  eta: 0:35:31  tlr: 0.0001  tnm: 0.00  Lm: 6.325 (6.292)  Lt: 5.689 (5.670)  Accm: 4.00 (4.19)  Acct: 5.99 (6.23)  TaskL: 6.3251 (6.2920)  DistillL: 223.9751 (320.7774)  TotalL: 230.3002 (327.0694)  time: 0.8832  data: 0.2465
[11-05 06:27:57] (/VAR_train/utils/misc.py, line 314)=> [Ep]: [   0/20]  [3709/4947]  eta: 0:17:46  tlr: 0.0001  tnm: 0.00  Lm: 6.382 (6.365)  Lt: 5.734 (5.716)  Accm: 3.84 (3.91)  Acct: 5.94 (6.01)  TaskL: 6.3816 (6.3654)  DistillL: 223.6187 (291.0635)  TotalL: 230.0004 (297.4289)  time: 0.8598  data: 0.2490
[11-05 06:45:39] (/VAR_train/utils/misc.py, line 314)=> [Ep]: [   0/20]  [4946/4947]  eta: 0:00:00  tlr: 0.0001  tnm: 0.00  Lm: 6.438 (6.395)  Lt: 5.779 (5.749)  Accm: 3.68 (3.81)  Acct: 5.90 (5.89)  TaskL: 6.4381 (6.3948)  DistillL: 223.2624 (275.5979)  TotalL: 229.7005 (281.9927)  time: 0.8643  data: 0.2531
[11-05 06:45:39] (/VAR_train/utils/misc.py, line 336)=> [Ep]: [   0/20]   Total time:      1:10:58   (0.861 s / it)
/root/miniconda3/envs/var/lib/python3.10/site-packages/torch/distributed/distributed_c10d.py:4876: UserWarning: barrier(): using the device under current context. You can specify `device_id` in `init_process_group` to mute this warning.
  warnings.warn(  # warn only once
[11-05 06:48:09] (/distillation_trainer.py, line 355)=> [验证蒸馏] 蒸馏损失: 178.3692, Logits相似度: 0.1910
[11-05 06:48:09] (distill/train_distill.py, line 332)=>  [*] [ep0]  (val 50000)  Lm: 6.3900, Lt: 5.7073, Acc m&t: 3.89 6.03,  Val cost: 150.11s
[11-05 06:48:09] (distill/train_distill.py, line 340)=> [saving ckpt] ep1 ...     [saving ckpt](*) finished!  @ /home/project/real_prune/VAR_train/train_result/fix_distill_d16_normal_256_from20/ar-ckpt-ep001.pth (best)
[11-05 06:48:14] (distill/train_distill.py, line 361)=>      [ep0]  (training )  Lm: 6.390 (6.390), Lt: 5.707 (5.707),  Acc m&t: 3.89 6.03,  Remain: 22:21:04,  Finish: 2025-11-06 05:06
[11-05 06:48:15] (/VAR_train/utils/misc.py, line 314)=> [Ep]: [   1/20]  [   0/4947]  eta: 1:09:34  tlr: 0.0001  tnm: 0.00  Lm: 6.421 (6.421)  Lt: 5.705 (5.705)  Accm: 3.77 (3.77)  Acct: 5.90 (5.90)  TaskL: 6.4210 (6.4210)  DistillL: 216.1209 (216.1209)  TotalL: 222.5419 (222.5419)  time: 0.8438  data: 0.2523
[11-05 07:06:00] (/VAR_train/utils/misc.py, line 314)=> [Ep]: [   1/20]  [1236/4947]  eta: 0:53:17  tlr: 0.0001  tnm: 0.00  Lm: 6.415 (6.415)  Lt: 5.719 (5.719)  Accm: 3.89 (3.89)  Acct: 6.10 (6.10)  TaskL: 6.4148 (6.4148)  DistillL: 224.9237 (224.9237)  TotalL: 231.3385 (231.3385)  time: 0.8667  data: 0.2418
[11-05 07:23:46] (/VAR_train/utils/misc.py, line 314)=> [Ep]: [   1/20]  [2473/4947]  eta: 0:35:32  tlr: 0.0001  tnm: 0.00  Lm: 6.421 (6.420)  Lt: 5.733 (5.741)  Accm: 3.77 (3.77)  Acct: 5.90 (5.86)  TaskL: 6.4210 (6.4202)  DistillL: 227.8420 (225.8964)  TotalL: 234.2728 (232.3166)  time: 0.8504  data: 0.2433
[11-05 07:41:27] (/VAR_train/utils/misc.py, line 314)=> [Ep]: [   1/20]  [3709/4947]  eta: 0:17:45  tlr: 9.9e-05  tnm: 0.00  Lm: 6.415 (6.412)  Lt: 5.759 (5.756)  Accm: 3.73 (3.75)  Acct: 5.66 (5.75)  TaskL: 6.4148 (6.4124)  DistillL: 230.7842 (229.3235)  TotalL: 237.2039 (235.7359)  time: 0.8470  data: 0.2499
[11-05 07:59:11] (/VAR_train/utils/misc.py, line 314)=> [Ep]: [   1/20]  [4946/4947]  eta: 0:00:00  tlr: 9.8e-05  tnm: 0.00  Lm: 6.421 (6.417)  Lt: 5.773 (5.759)  Accm: 3.73 (3.74)  Acct: 5.77 (5.76)  TaskL: 6.4210 (6.4174)  DistillL: 227.8420 (227.2996)  TotalL: 234.2728 (233.7170)  time: 0.8609  data: 0.2500
[11-05 07:59:11] (/VAR_train/utils/misc.py, line 336)=> [Ep]: [   1/20]   Total time:      1:10:56   (0.860 s / it)
[11-05 08:01:36] (/distillation_trainer.py, line 355)=> [验证蒸馏] 蒸馏损失: 174.8386, Logits相似度: 0.1908
[11-05 08:01:36] (distill/train_distill.py, line 332)=>  [*] [ep1]  (val 50000)  Lm: 6.4272, Lt: 5.7405, Acc m&t: 3.70 5.86,  Val cost: 145.33s
[11-05 08:01:36] (distill/train_distill.py, line 340)=> [saving ckpt] ep2 ...     [saving ckpt](*) finished!  @ /home/project/real_prune/VAR_train/train_result/fix_distill_d16_normal_256_from20/ar-ckpt-ep002.pth (best)
[11-05 08:01:44] (distill/train_distill.py, line 361)=>      [ep1]  (training )  Lm: 6.390 (6.427), Lt: 5.707 (5.741),  Acc m&t: 3.89 6.03,  Remain: 20:57:01,  Finish: 2025-11-06 04:56
[11-05 08:01:44] (/VAR_train/utils/misc.py, line 314)=> [Ep]: [   2/20]  [   0/4947]  eta: 1:10:30  tlr: 9.8e-05  tnm: 0.00  Lm: 6.421 (6.421)  Lt: 5.641 (5.641)  Accm: 3.91 (3.91)  Acct: 6.67 (6.67)  TaskL: 6.4208 (6.4208)  DistillL: 254.4369 (254.4369)  TotalL: 260.8577 (260.8577)  time: 0.8552  data: 0.2504
[11-05 08:19:29] (/VAR_train/utils/misc.py, line 314)=> [Ep]: [   2/20]  [1236/4947]  eta: 0:53:17  tlr: 9.7e-05  tnm: 0.00  Lm: 6.482 (6.482)  Lt: 5.789 (5.789)  Accm: 3.61 (3.61)  Acct: 5.96 (5.96)  TaskL: 6.4822 (6.4822)  DistillL: 240.8198 (240.8198)  TotalL: 247.3020 (247.3020)  time: 0.8670  data: 0.2596
[11-05 08:37:13] (/VAR_train/utils/misc.py, line 314)=> [Ep]: [   2/20]  [2473/4947]  eta: 0:35:28  tlr: 9.6e-05  tnm: 0.00  Lm: 6.443 (6.469)  Lt: 5.765 (5.781)  Accm: 3.68 (3.63)  Acct: 5.68 (5.87)  TaskL: 6.4430 (6.4691)  DistillL: 229.7286 (237.1228)  TotalL: 236.1716 (243.5919)  time: 0.8513  data: 0.2569
[11-05 08:54:53] (/VAR_train/utils/misc.py, line 314)=> [Ep]: [   2/20]  [3709/4947]  eta: 0:17:44  tlr: 9.4e-05  tnm: 0.00  Lm: 6.432 (6.446)  Lt: 5.772 (5.780)  Accm: 3.80 (3.73)  Acct: 5.78 (5.87)  TaskL: 6.4319 (6.4460)  DistillL: 242.0828 (241.8390)  TotalL: 248.5146 (248.2850)  time: 0.8611  data: 0.2384
[11-05 09:12:36] (/VAR_train/utils/misc.py, line 314)=> [Ep]: [   2/20]  [4946/4947]  eta: 0:00:00  tlr: 9.3e-05  tnm: 0.00  Lm: 6.443 (6.446)  Lt: 5.767 (5.778)  Accm: 3.68 (3.70)  Acct: 5.81 (5.86)  TaskL: 6.4430 (6.4457)  DistillL: 229.7286 (234.2419)  TotalL: 236.1716 (240.6876)  time: 0.8713  data: 0.2492
[11-05 09:12:36] (/VAR_train/utils/misc.py, line 336)=> [Ep]: [   2/20]   Total time:      1:10:52   (0.860 s / it)
[11-05 09:15:02] (/distillation_trainer.py, line 355)=> [验证蒸馏] 蒸馏损失: 170.1105, Logits相似度: 0.1907
[11-05 09:15:02] (distill/train_distill.py, line 332)=>  [*] [ep2]  (val 50000)  Lm: 6.4426, Lt: 5.7428, Acc m&t: 3.66 5.82,  Val cost: 145.34s
[11-05 09:15:02] (distill/train_distill.py, line 340)=> [saving ckpt] ep3 ...     [saving ckpt](*) finished!  @ /home/project/real_prune/VAR_train/train_result/fix_distill_d16_normal_256_from20/ar-ckpt-ep003.pth (best)
[11-05 09:15:09] (distill/train_distill.py, line 361)=>      [ep2]  (training )  Lm: 6.390 (6.443), Lt: 5.707 (5.743),  Acc m&t: 3.89 6.03,  Remain: 19:47:13,  Finish: 2025-11-06 04:59
[11-05 09:15:10] (/VAR_train/utils/misc.py, line 314)=> [Ep]: [   3/20]  [   0/4947]  eta: 1:12:08  tlr: 9.3e-05  tnm: 0.00  Lm: 6.474 (6.474)  Lt: 5.814 (5.814)  Accm: 3.48 (3.48)  Acct: 5.62 (5.62)  TaskL: 6.4740 (6.4740)  DistillL: 200.5814 (200.5814)  TotalL: 207.0554 (207.0554)  time: 0.8750  data: 0.2596
[11-05 09:32:55] (/VAR_train/utils/misc.py, line 314)=> [Ep]: [   3/20]  [1236/4947]  eta: 0:53:16  tlr: 9.2e-05  tnm: 0.00  Lm: 6.425 (6.425)  Lt: 5.767 (5.767)  Accm: 3.73 (3.73)  Acct: 5.86 (5.86)  TaskL: 6.4253 (6.4253)  DistillL: 207.5977 (207.5977)  TotalL: 214.0230 (214.0230)  time: 0.8807  data: 0.2467
[11-05 09:50:35] (/VAR_train/utils/misc.py, line 314)=> [Ep]: [   3/20]  [2473/4947]  eta: 0:35:25  tlr: 9.1e-05  tnm: 0.00  Lm: 6.436 (6.429)  Lt: 5.719 (5.725)  Accm: 3.69 (3.72)  Acct: 6.10 (6.02)  TaskL: 6.4360 (6.4289)  DistillL: 214.6139 (210.2220)  TotalL: 220.9905 (216.6509)  time: 0.8666  data: 0.2531
[11-05 10:08:17] (/VAR_train/utils/misc.py, line 314)=> [Ep]: [   3/20]  [3709/4947]  eta: 0:17:43  tlr: 9e-05  tnm: 0.00  Lm: 6.455 (6.449)  Lt: 5.756 (5.743)  Accm: 3.60 (3.66)  Acct: 5.86 (5.92)  TaskL: 6.4550 (6.4487)  DistillL: 213.1128 (210.5695)  TotalL: 219.5551 (217.0181)  time: 0.8754  data: 0.2638
[11-05 10:26:00] (/VAR_train/utils/misc.py, line 314)=> [Ep]: [   3/20]  [4946/4947]  eta: 0:00:00  tlr: 8.8e-05  tnm: 0.00  Lm: 6.474 (6.454)  Lt: 5.754 (5.745)  Accm: 3.51 (3.57)  Acct: 5.62 (5.81)  TaskL: 6.4740 (6.4544)  DistillL: 214.6139 (213.1835)  TotalL: 220.9905 (219.6379)  time: 0.8637  data: 0.2629
[11-05 10:26:00] (/VAR_train/utils/misc.py, line 336)=> [Ep]: [   3/20]   Total time:      1:10:50   (0.859 s / it)
[11-05 10:28:25] (/distillation_trainer.py, line 355)=> [验证蒸馏] 蒸馏损失: 166.4998, Logits相似度: 0.1909
[11-05 10:28:25] (distill/train_distill.py, line 332)=>  [*] [ep3]  (val 50000)  Lm: 6.4489, Lt: 5.7552, Acc m&t: 3.57 5.73,  Val cost: 145.24s
[11-05 10:28:25] (distill/train_distill.py, line 340)=> [saving ckpt] ep4 ...     [saving ckpt](*) finished!  @ /home/project/real_prune/VAR_train/train_result/fix_distill_d16_normal_256_from20/ar-ckpt-ep004.pth (best)
[11-05 10:28:32] (distill/train_distill.py, line 361)=>      [ep3]  (training )  Lm: 6.390 (6.449), Lt: 5.707 (5.755),  Acc m&t: 3.89 6.03,  Remain: 18:40:18,  Finish: 2025-11-06 05:06
[11-05 10:28:33] (/VAR_train/utils/misc.py, line 314)=> [Ep]: [   4/20]  [   0/4947]  eta: 1:15:20  tlr: 8.8e-05  tnm: 0.00  Lm: 6.447 (6.447)  Lt: 5.784 (5.784)  Accm: 3.35 (3.35)  Acct: 5.69 (5.69)  TaskL: 6.4470 (6.4470)  DistillL: 211.7060 (211.7060)  TotalL: 218.1530 (218.1530)  time: 0.9137  data: 0.3574
[11-05 10:46:13] (/VAR_train/utils/misc.py, line 314)=> [Ep]: [   4/20]  [1236/4947]  eta: 0:53:02  tlr: 8.7e-05  tnm: 0.00  Lm: 6.441 (6.441)  Lt: 5.735 (5.735)  Accm: 3.50 (3.50)  Acct: 5.79 (5.79)  TaskL: 6.4406 (6.4406)  DistillL: 225.4035 (225.4035)  TotalL: 231.8441 (231.8441)  time: 0.8664  data: 0.2524
[11-05 11:03:53] (/VAR_train/utils/misc.py, line 314)=> [Ep]: [   4/20]  [2473/4947]  eta: 0:35:20  tlr: 8.6e-05  tnm: 0.00  Lm: 6.434 (6.409)  Lt: 5.687 (5.707)  Accm: 3.65 (3.71)  Acct: 5.88 (5.96)  TaskL: 6.4341 (6.4090)  DistillL: 211.7060 (218.3908)  TotalL: 218.1530 (224.7998)  time: 0.8567  data: 0.2427
[11-05 11:21:33] (/VAR_train/utils/misc.py, line 314)=> [Ep]: [   4/20]  [3709/4947]  eta: 0:17:41  tlr: 8.5e-05  tnm: 0.00  Lm: 6.428 (6.412)  Lt: 5.675 (5.696)  Accm: 3.70 (3.72)  Acct: 6.03 (6.01)  TaskL: 6.4281 (6.4123)  DistillL: 212.2001 (216.9666)  TotalL: 218.6346 (223.3789)  time: 0.8750  data: 0.2530
[11-05 11:39:16] (/VAR_train/utils/misc.py, line 314)=> [Ep]: [   4/20]  [4946/4947]  eta: 0:00:00  tlr: 8.3e-05  tnm: 0.00  Lm: 6.434 (6.428)  Lt: 5.687 (5.713)  Accm: 3.65 (3.64)  Acct: 5.88 (5.86)  TaskL: 6.4341 (6.4278)  DistillL: 211.7060 (215.7774)  TotalL: 218.1530 (222.2053)  time: 0.8608  data: 0.2498
[11-05 11:39:16] (/VAR_train/utils/misc.py, line 336)=> [Ep]: [   4/20]   Total time:      1:10:43   (0.858 s / it)
[11-05 11:41:41] (/distillation_trainer.py, line 355)=> [验证蒸馏] 蒸馏损失: 163.8253, Logits相似度: 0.1909
[11-05 11:41:41] (distill/train_distill.py, line 332)=>  [*] [ep4]  (val 50000)  Lm: 6.4335, Lt: 5.7329, Acc m&t: 3.66 5.81,  Val cost: 144.75s
[11-05 11:41:41] (distill/train_distill.py, line 340)=> [saving ckpt] ep5 ...     [saving ckpt](*) finished!  @ /home/project/real_prune/VAR_train/train_result/fix_distill_d16_normal_256_from20/ar-ckpt-ep005.pth (best)
[11-05 11:41:48] (distill/train_distill.py, line 361)=>      [ep4]  (training )  Lm: 6.390 (6.434), Lt: 5.707 (5.733),  Acc m&t: 3.89 6.03,  Remain: 17:39:10,  Finish: 2025-11-06 05:18
[11-05 11:41:49] (/VAR_train/utils/misc.py, line 314)=> [Ep]: [   5/20]  [   0/4947]  eta: 1:16:26  tlr: 8.3e-05  tnm: 0.00  Lm: 6.449 (6.449)  Lt: 5.777 (5.777)  Accm: 3.46 (3.46)  Acct: 5.53 (5.53)  TaskL: 6.4485 (6.4485)  DistillL: 211.0206 (211.0206)  TotalL: 217.4692 (217.4692)  time: 0.9270  data: 0.3715
[11-05 11:59:31] (/VAR_train/utils/misc.py, line 314)=> [Ep]: [   5/20]  [1236/4947]  eta: 0:53:06  tlr: 8.2e-05  tnm: 0.00  Lm: 6.471 (6.471)  Lt: 5.787 (5.787)  Accm: 3.36 (3.36)  Acct: 5.56 (5.56)  TaskL: 6.4712 (6.4712)  DistillL: 206.4912 (206.4912)  TotalL: 212.9624 (212.9624)  time: 0.8558  data: 0.2435
[11-05 12:17:10] (/VAR_train/utils/misc.py, line 314)=> [Ep]: [   5/20]  [2473/4947]  eta: 0:35:21  tlr: 8.1e-05  tnm: 0.00  Lm: 6.494 (6.480)  Lt: 5.777 (5.756)  Accm: 3.46 (3.42)  Acct: 5.58 (5.76)  TaskL: 6.4939 (6.4796)  DistillL: 206.5240 (206.5021)  TotalL: 213.0202 (212.9817)  time: 0.8526  data: 0.2415
[11-05 12:34:49] (/VAR_train/utils/misc.py, line 314)=> [Ep]: [   5/20]  [3709/4947]  eta: 0:17:41  tlr: 8e-05  tnm: 0.00  Lm: 6.471 (6.468)  Lt: 5.746 (5.745)  Accm: 3.47 (3.44)  Acct: 5.65 (5.75)  TaskL: 6.4712 (6.4679)  DistillL: 208.7723 (208.5851)  TotalL: 215.2447 (215.0530)  time: 0.8563  data: 0.2461
[11-05 12:52:27] (/VAR_train/utils/misc.py, line 314)=> [Ep]: [   5/20]  [4946/4947]  eta: 0:00:00  tlr: 7.9e-05  tnm: 0.00  Lm: 6.449 (6.453)  Lt: 5.714 (5.726)  Accm: 3.48 (3.54)  Acct: 5.71 (5.88)  TaskL: 6.4485 (6.4527)  DistillL: 211.0206 (211.0597)  TotalL: 217.4692 (217.5124)  time: 0.8619  data: 0.2461
[11-05 12:52:27] (/VAR_train/utils/misc.py, line 336)=> [Ep]: [   5/20]   Total time:      1:10:38   (0.857 s / it)
[11-05 12:54:52] (/distillation_trainer.py, line 355)=> [验证蒸馏] 蒸馏损失: 160.5597, Logits相似度: 0.1909
[11-05 12:54:52] (distill/train_distill.py, line 332)=>  [*] [ep5]  (val 50000)  Lm: 6.4491, Lt: 5.7404, Acc m&t: 3.60 5.84,  Val cost: 145.10s
[11-05 12:54:52] (distill/train_distill.py, line 340)=> [saving ckpt] ep6 ...     [saving ckpt](*) finished!  @ /home/project/real_prune/VAR_train/train_result/fix_distill_d16_normal_256_from20/ar-ckpt-ep006.pth (best)
[11-05 12:55:00] (distill/train_distill.py, line 361)=>      [ep5]  (training )  Lm: 6.390 (6.449), Lt: 5.707 (5.740),  Acc m&t: 3.89 6.03,  Remain: 16:30:01,  Finish: 2025-11-06 05:22
[11-05 12:55:01] (/VAR_train/utils/misc.py, line 314)=> [Ep]: [   6/20]  [   0/4947]  eta: 1:08:27  tlr: 7.9e-05  tnm: 0.00  Lm: 6.454 (6.454)  Lt: 5.728 (5.728)  Accm: 3.60 (3.60)  Acct: 5.70 (5.70)  TaskL: 6.4538 (6.4538)  DistillL: 214.0169 (214.0169)  TotalL: 220.4707 (220.4707)  time: 0.8303  data: 0.2524
[11-05 13:12:40] (/VAR_train/utils/misc.py, line 314)=> [Ep]: [   6/20]  [1236/4947]  eta: 0:53:00  tlr: 7.7e-05  tnm: 0.00  Lm: 6.485 (6.485)  Lt: 5.782 (5.782)  Accm: 3.44 (3.44)  Acct: 5.39 (5.39)  TaskL: 6.4849 (6.4849)  DistillL: 204.3002 (204.3002)  TotalL: 210.7852 (210.7852)  time: 0.8554  data: 0.2517
[11-05 13:30:22] (/VAR_train/utils/misc.py, line 314)=> [Ep]: [   6/20]  [2473/4947]  eta: 0:35:21  tlr: 7.6e-05  tnm: 0.00  Lm: 6.498 (6.489)  Lt: 5.776 (5.780)  Accm: 3.29 (3.39)  Acct: 5.35 (5.38)  TaskL: 6.4977 (6.4892)  DistillL: 194.5836 (200.7739)  TotalL: 201.0996 (207.2631)  time: 0.8730  data: 0.2561
[11-05 13:48:01] (/VAR_train/utils/misc.py, line 314)=> [Ep]: [   6/20]  [3709/4947]  eta: 0:17:41  tlr: 7.5e-05  tnm: 0.00  Lm: 6.492 (6.489)  Lt: 5.766 (5.774)  Accm: 3.45 (3.46)  Acct: 5.53 (5.60)  TaskL: 6.4923 (6.4886)  DistillL: 198.3128 (201.0909)  TotalL: 204.8142 (207.5796)  time: 0.8507  data: 0.2456
[11-05 14:05:43] (/VAR_train/utils/misc.py, line 314)=> [Ep]: [   6/20]  [4946/4947]  eta: 0:00:00  tlr: 7.4e-05  tnm: 0.00  Lm: 6.498 (6.492)  Lt: 5.776 (5.780)  Accm: 3.33 (3.44)  Acct: 5.35 (5.52)  TaskL: 6.4977 (6.4922)  DistillL: 198.5473 (200.5822)  TotalL: 205.0540 (207.0744)  time: 0.8606  data: 0.2452
[11-05 14:05:43] (/VAR_train/utils/misc.py, line 336)=> [Ep]: [   6/20]   Total time:      1:10:42   (0.858 s / it)
[11-05 14:08:07] (/distillation_trainer.py, line 355)=> [验证蒸馏] 蒸馏损失: 158.4817, Logits相似度: 0.1910
[11-05 14:08:07] (distill/train_distill.py, line 332)=>  [*] [ep6]  (val 50000)  Lm: 6.4431, Lt: 5.7393, Acc m&t: 3.63 5.76,  Val cost: 144.68s
[11-05 14:08:07] (distill/train_distill.py, line 340)=> [saving ckpt] ep7 ...     [saving ckpt](*) finished!  @ /home/project/real_prune/VAR_train/train_result/fix_distill_d16_normal_256_from20/ar-ckpt-ep007.pth
[11-05 14:08:12] (distill/train_distill.py, line 361)=>      [ep6]  (training )  Lm: 6.390 (6.443), Lt: 5.707 (5.739),  Acc m&t: 3.89 6.03,  Remain: 15:24:08,  Finish: 2025-11-06 05:29
[11-05 14:08:13] (/VAR_train/utils/misc.py, line 314)=> [Ep]: [   7/20]  [   0/4947]  eta: 1:08:14  tlr: 7.4e-05  tnm: 0.00  Lm: 6.511 (6.511)  Lt: 5.861 (5.861)  Accm: 3.31 (3.31)  Acct: 5.32 (5.32)  TaskL: 6.5107 (6.5107)  DistillL: 177.4009 (177.4009)  TotalL: 183.9116 (183.9116)  time: 0.8277  data: 0.2716
[11-05 14:25:53] (/VAR_train/utils/misc.py, line 314)=> [Ep]: [   7/20]  [1236/4947]  eta: 0:53:03  tlr: 7.2e-05  tnm: 0.00  Lm: 6.486 (6.486)  Lt: 5.792 (5.792)  Accm: 3.38 (3.38)  Acct: 5.51 (5.51)  TaskL: 6.4860 (6.4860)  DistillL: 182.4627 (182.4627)  TotalL: 188.9487 (188.9487)  time: 0.8496  data: 0.2455
[11-05 14:43:34] (/VAR_train/utils/misc.py, line 314)=> [Ep]: [   7/20]  [2473/4947]  eta: 0:35:21  tlr: 7.1e-05  tnm: 0.00  Lm: 6.461 (6.462)  Lt: 5.723 (5.741)  Accm: 3.45 (3.45)  Acct: 5.69 (5.69)  TaskL: 6.4613 (6.4619)  DistillL: 187.5245 (189.0453)  TotalL: 193.9858 (195.5072)  time: 0.8556  data: 0.2492
[11-05 15:01:16] (/VAR_train/utils/misc.py, line 314)=> [Ep]: [   7/20]  [3709/4947]  eta: 0:17:42  tlr: 7e-05  tnm: 0.00  Lm: 6.443 (6.452)  Lt: 5.705 (5.728)  Accm: 3.51 (3.51)  Acct: 5.88 (5.84)  TaskL: 6.4428 (6.4525)  DistillL: 184.0152 (186.9105)  TotalL: 190.4580 (193.3629)  time: 0.8373  data: 0.2491
[11-05 15:18:54] (/VAR_train/utils/misc.py, line 314)=> [Ep]: [   7/20]  [4946/4947]  eta: 0:00:00  tlr: 6.9e-05  tnm: 0.00  Lm: 6.424 (6.418)  Lt: 5.687 (5.712)  Accm: 3.58 (3.72)  Acct: 6.07 (5.93)  TaskL: 6.4242 (6.4178)  DistillL: 187.5245 (190.2114)  TotalL: 193.9858 (196.6292)  time: 0.8496  data: 0.2545
[11-05 15:18:54] (/VAR_train/utils/misc.py, line 336)=> [Ep]: [   7/20]   Total time:      1:10:42   (0.858 s / it)
[11-05 15:21:20] (/distillation_trainer.py, line 355)=> [验证蒸馏] 蒸馏损失: 156.1314, Logits相似度: 0.1911
[11-05 15:21:20] (distill/train_distill.py, line 332)=>  [*] [ep7]  (val 50000)  Lm: 6.4139, Lt: 5.7141, Acc m&t: 3.72 5.93,  Val cost: 145.27s
[11-05 15:21:20] (distill/train_distill.py, line 340)=> [saving ckpt] ep8 ...     [saving ckpt](*) finished!  @ /home/project/real_prune/VAR_train/train_result/fix_distill_d16_normal_256_from20/ar-ckpt-ep008.pth (best)
[11-05 15:21:27] (distill/train_distill.py, line 361)=>      [ep7]  (training )  Lm: 6.390 (6.414), Lt: 5.707 (5.714),  Acc m&t: 3.89 6.03,  Remain: 14:05:36,  Finish: 2025-11-06 05:24
[11-05 15:21:28] (/VAR_train/utils/misc.py, line 314)=> [Ep]: [   8/20]  [   0/4947]  eta: 1:14:34  tlr: 6.9e-05  tnm: 0.00  Lm: 6.372 (6.372)  Lt: 5.643 (5.643)  Accm: 3.97 (3.97)  Acct: 6.84 (6.84)  TaskL: 6.3723 (6.3723)  DistillL: 200.4801 (200.4801)  TotalL: 206.8524 (206.8524)  time: 0.9044  data: 0.2530
[11-05 15:39:09] (/VAR_train/utils/misc.py, line 314)=> [Ep]: [   8/20]  [1236/4947]  eta: 0:53:05  tlr: 6.8e-05  tnm: 0.00  Lm: 6.391 (6.391)  Lt: 5.675 (5.675)  Accm: 3.86 (3.86)  Acct: 6.47 (6.47)  TaskL: 6.3906 (6.3906)  DistillL: 206.1313 (206.1313)  TotalL: 212.5219 (212.5219)  time: 0.8611  data: 0.2493
[11-05 15:56:50] (/VAR_train/utils/misc.py, line 314)=> [Ep]: [   8/20]  [2473/4947]  eta: 0:35:23  tlr: 6.6e-05  tnm: 0.00  Lm: 6.372 (6.376)  Lt: 5.643 (5.662)  Accm: 3.90 (3.87)  Acct: 6.33 (6.42)  TaskL: 6.3723 (6.3759)  DistillL: 211.7825 (212.2061)  TotalL: 218.1915 (218.5819)  time: 0.8736  data: 0.2517
[11-05 16:14:30] (/VAR_train/utils/misc.py, line 314)=> [Ep]: [   8/20]  [3709/4947]  eta: 0:17:42  tlr: 6.5e-05  tnm: 0.00  Lm: 6.391 (6.405)  Lt: 5.675 (5.690)  Accm: 3.82 (3.75)  Acct: 6.21 (6.22)  TaskL: 6.3906 (6.4050)  DistillL: 212.0479 (212.2329)  TotalL: 218.4985 (218.6379)  time: 0.8619  data: 0.2550
[11-05 16:32:10] (/VAR_train/utils/misc.py, line 314)=> [Ep]: [   8/20]  [4946/4947]  eta: 0:00:00  tlr: 6.4e-05  tnm: 0.00  Lm: 6.409 (6.421)  Lt: 5.706 (5.722)  Accm: 3.74 (3.68)  Acct: 6.09 (6.07)  TaskL: 6.4090 (6.4210)  DistillL: 211.7825 (207.5875)  TotalL: 218.1915 (214.0084)  time: 0.8439  data: 0.2459
[11-05 16:32:10] (/VAR_train/utils/misc.py, line 336)=> [Ep]: [   8/20]   Total time:      1:10:43   (0.858 s / it)
[11-05 16:34:35] (/distillation_trainer.py, line 355)=> [验证蒸馏] 蒸馏损失: 154.1344, Logits相似度: 0.1913
[11-05 16:34:35] (distill/train_distill.py, line 332)=>  [*] [ep8]  (val 50000)  Lm: 6.4193, Lt: 5.7239, Acc m&t: 3.74 5.92,  Val cost: 144.65s
[11-05 16:34:35] (distill/train_distill.py, line 340)=> [saving ckpt] ep9 ...     [saving ckpt](*) finished!  @ /home/project/real_prune/VAR_train/train_result/fix_distill_d16_normal_256_from20/ar-ckpt-ep009.pth (best)
[11-05 16:34:42] (distill/train_distill.py, line 361)=>      [ep8]  (training )  Lm: 6.390 (6.419), Lt: 5.707 (5.724),  Acc m&t: 3.89 6.03,  Remain: 12:37:22,  Finish: 2025-11-06 05:09
[11-05 16:34:43] (/VAR_train/utils/misc.py, line 314)=> [Ep]: [   9/20]  [   0/4947]  eta: 1:18:33  tlr: 6.4e-05  tnm: 0.00  Lm: 6.420 (6.420)  Lt: 5.700 (5.700)  Accm: 3.70 (3.70)  Acct: 5.93 (5.93)  TaskL: 6.4198 (6.4198)  DistillL: 209.1456 (209.1456)  TotalL: 215.5654 (215.5654)  time: 0.9528  data: 0.2570
[11-05 16:52:22] (/VAR_train/utils/misc.py, line 314)=> [Ep]: [   9/20]  [1236/4947]  eta: 0:52:58  tlr: 6.3e-05  tnm: 0.00  Lm: 6.453 (6.453)  Lt: 5.801 (5.801)  Accm: 3.54 (3.54)  Acct: 5.40 (5.40)  TaskL: 6.4532 (6.4532)  DistillL: 195.0784 (195.0784)  TotalL: 201.5316 (201.5316)  time: 0.8595  data: 0.2420
[11-05 17:10:01] (/VAR_train/utils/misc.py, line 314)=> [Ep]: [   9/20]  [2473/4947]  eta: 0:35:19  tlr: 6.1e-05  tnm: 0.00  Lm: 6.439 (6.448)  Lt: 5.835 (5.812)  Accm: 3.63 (3.57)  Acct: 5.43 (5.41)  TaskL: 6.4387 (6.4484)  DistillL: 193.2997 (194.4855)  TotalL: 199.7385 (200.9339)  time: 0.8404  data: 0.2482
[11-05 17:27:43] (/VAR_train/utils/misc.py, line 314)=> [Ep]: [   9/20]  [3709/4947]  eta: 0:17:41  tlr: 6e-05  tnm: 0.00  Lm: 6.429 (6.439)  Lt: 5.785 (5.793)  Accm: 3.67 (3.61)  Acct: 5.68 (5.55)  TaskL: 6.4293 (6.4391)  DistillL: 190.6526 (192.8655)  TotalL: 197.0777 (199.3047)  time: 0.8612  data: 0.2446
[11-05 17:45:24] (/VAR_train/utils/misc.py, line 314)=> [Ep]: [   9/20]  [4946/4947]  eta: 0:00:00  tlr: 5.9e-05  tnm: 0.00  Lm: 6.439 (6.443)  Lt: 5.754 (5.785)  Accm: 3.70 (3.68)  Acct: 5.93 (5.64)  TaskL: 6.4387 (6.4434)  DistillL: 193.2997 (200.3004)  TotalL: 199.7385 (206.7438)  time: 0.8547  data: 0.2484
[11-05 17:45:24] (/VAR_train/utils/misc.py, line 336)=> [Ep]: [   9/20]   Total time:      1:10:41   (0.857 s / it)
[11-05 17:47:48] (/distillation_trainer.py, line 355)=> [验证蒸馏] 蒸馏损失: 152.5577, Logits相似度: 0.1913
[11-05 17:47:48] (distill/train_distill.py, line 332)=>  [*] [ep9]  (val 50000)  Lm: 6.4179, Lt: 5.7213, Acc m&t: 3.76 5.95,  Val cost: 144.65s
[11-05 17:47:48] (distill/train_distill.py, line 340)=> [saving ckpt] ep10 ...     [saving ckpt](*) finished!  @ /home/project/real_prune/VAR_train/train_result/fix_distill_d16_normal_256_from20/ar-ckpt-ep010.pth (best)
[11-05 17:47:56] (distill/train_distill.py, line 361)=>      [ep9]  (training )  Lm: 6.390 (6.418), Lt: 5.707 (5.721),  Acc m&t: 3.89 6.03,  Remain: 11:36:09,  Finish: 2025-11-06 05:21
[11-05 17:47:57] (/VAR_train/utils/misc.py, line 314)=> [Ep]: [  10/20]  [   0/4947]  eta: 1:28:32  tlr: 5.9e-05  tnm: 0.00  Lm: 6.345 (6.345)  Lt: 5.691 (5.691)  Accm: 3.95 (3.95)  Acct: 5.91 (5.91)  TaskL: 6.3451 (6.3451)  DistillL: 187.5732 (187.5732)  TotalL: 193.9182 (193.9182)  time: 1.0739  data: 0.5181
[11-05 18:05:33] (/VAR_train/utils/misc.py, line 314)=> [Ep]: [  10/20]  [1236/4947]  eta: 0:52:51  tlr: 5.8e-05  tnm: 0.00  Lm: 6.305 (6.305)  Lt: 5.654 (5.654)  Accm: 4.28 (4.28)  Acct: 6.29 (6.29)  TaskL: 6.3055 (6.3055)  DistillL: 195.9918 (195.9918)  TotalL: 202.2973 (202.2973)  time: 0.8686  data: 0.2461
[11-05 18:23:13] (/VAR_train/utils/misc.py, line 314)=> [Ep]: [  10/20]  [2473/4947]  eta: 0:35:17  tlr: 5.7e-05  tnm: 0.00  Lm: 6.345 (6.348)  Lt: 5.677 (5.662)  Accm: 3.95 (4.05)  Acct: 6.01 (6.19)  TaskL: 6.3451 (6.3480)  DistillL: 204.4104 (203.1024)  TotalL: 210.6763 (209.4504)  time: 0.8515  data: 0.2368
[11-05 18:40:53] (/VAR_train/utils/misc.py, line 314)=> [Ep]: [  10/20]  [3709/4947]  eta: 0:17:40  tlr: 5.5e-05  tnm: 0.00  Lm: 6.389 (6.372)  Lt: 5.684 (5.686)  Accm: 3.83 (3.96)  Acct: 5.96 (6.08)  TaskL: 6.3890 (6.3720)  DistillL: 202.4841 (202.4663)  TotalL: 208.8390 (208.8382)  time: 0.8405  data: 0.2462
[11-05 18:58:36] (/VAR_train/utils/misc.py, line 314)=> [Ep]: [  10/20]  [4946/4947]  eta: 0:00:00  tlr: 5.4e-05  tnm: 0.00  Lm: 6.433 (6.386)  Lt: 5.677 (5.682)  Accm: 3.70 (3.83)  Acct: 5.91 (5.93)  TaskL: 6.4330 (6.3859)  DistillL: 200.5578 (197.3410)  TotalL: 207.0018 (203.7269)  time: 0.8575  data: 0.2398
[11-05 18:58:36] (/VAR_train/utils/misc.py, line 336)=> [Ep]: [  10/20]   Total time:      1:10:40   (0.857 s / it)
[11-05 19:01:01] (/distillation_trainer.py, line 355)=> [验证蒸馏] 蒸馏损失: 150.7046, Logits相似度: 0.1914
[11-05 19:01:01] (distill/train_distill.py, line 332)=>  [*] [ep10]  (val 50000)  Lm: 6.4382, Lt: 5.7398, Acc m&t: 3.64 5.77,  Val cost: 144.99s
[11-05 19:01:01] (distill/train_distill.py, line 340)=> [saving ckpt] ep11 ...     [saving ckpt](*) finished!  @ /home/project/real_prune/VAR_train/train_result/fix_distill_d16_normal_256_from20/ar-ckpt-ep011.pth (best)
[11-05 19:01:09] (distill/train_distill.py, line 361)=>      [ep10]  (training )  Lm: 6.390 (6.438), Lt: 5.707 (5.740),  Acc m&t: 3.89 6.03,  Remain: 10:36:56,  Finish: 2025-11-06 05:35
[11-05 19:01:10] (/VAR_train/utils/misc.py, line 314)=> [Ep]: [  11/20]  [   0/4947]  eta: 1:09:19  tlr: 5.4e-05  tnm: 0.00  Lm: 6.558 (6.558)  Lt: 5.872 (5.872)  Accm: 3.06 (3.06)  Acct: 5.06 (5.06)  TaskL: 6.5577 (6.5577)  DistillL: 173.2229 (173.2229)  TotalL: 179.7806 (179.7806)  time: 0.8407  data: 0.2843
[11-05 19:18:51] (/VAR_train/utils/misc.py, line 314)=> [Ep]: [  11/20]  [1236/4947]  eta: 0:53:05  tlr: 5.3e-05  tnm: 0.00  Lm: 6.483 (6.483)  Lt: 5.810 (5.810)  Accm: 3.58 (3.58)  Acct: 5.47 (5.47)  TaskL: 6.4827 (6.4827)  DistillL: 182.9000 (182.9000)  TotalL: 189.3828 (189.3828)  time: 0.8540  data: 0.2533
[11-05 19:36:28] (/VAR_train/utils/misc.py, line 314)=> [Ep]: [  11/20]  [2473/4947]  eta: 0:35:19  tlr: 5.2e-05  tnm: 0.00  Lm: 6.408 (6.449)  Lt: 5.749 (5.750)  Accm: 3.97 (3.71)  Acct: 5.88 (5.74)  TaskL: 6.4078 (6.4491)  DistillL: 192.5771 (188.4407)  TotalL: 198.9850 (194.8898)  time: 0.8463  data: 0.2467
[11-05 19:54:09] (/VAR_train/utils/misc.py, line 314)=> [Ep]: [  11/20]  [3709/4947]  eta: 0:17:41  tlr: 5e-05  tnm: 0.00  Lm: 6.451 (6.461)  Lt: 5.759 (5.755)  Accm: 3.80 (3.69)  Acct: 5.76 (5.71)  TaskL: 6.4514 (6.4606)  DistillL: 195.2655 (190.8190)  TotalL: 201.7170 (197.2796)  time: 0.8656  data: 0.2633
[11-05 20:11:49] (/VAR_train/utils/misc.py, line 314)=> [Ep]: [  11/20]  [4946/4947]  eta: 0:00:00  tlr: 4.9e-05  tnm: 0.00  Lm: 6.408 (6.448)  Lt: 5.749 (5.751)  Accm: 3.74 (3.70)  Acct: 5.88 (5.78)  TaskL: 6.4078 (6.4476)  DistillL: 197.9539 (193.7882)  TotalL: 204.4490 (200.2358)  time: 0.8558  data: 0.2381
[11-05 20:11:49] (/VAR_train/utils/misc.py, line 336)=> [Ep]: [  11/20]   Total time:      1:10:40   (0.857 s / it)
[11-05 20:14:15] (/distillation_trainer.py, line 355)=> [验证蒸馏] 蒸馏损失: 149.1386, Logits相似度: 0.1916
[11-05 20:14:15] (distill/train_distill.py, line 332)=>  [*] [ep11]  (val 50000)  Lm: 6.4161, Lt: 5.7116, Acc m&t: 3.76 5.98,  Val cost: 145.34s
[11-05 20:14:15] (distill/train_distill.py, line 340)=> [saving ckpt] ep12 ...     [saving ckpt](*) finished!  @ /home/project/real_prune/VAR_train/train_result/fix_distill_d16_normal_256_from20/ar-ckpt-ep012.pth (best)
[11-05 20:14:22] (distill/train_distill.py, line 361)=>      [ep11]  (training )  Lm: 6.390 (6.416), Lt: 5.707 (5.712),  Acc m&t: 3.89 6.03,  Remain: 9:10:32,  Finish: 2025-11-06 05:22
[11-05 20:14:23] (/VAR_train/utils/misc.py, line 314)=> [Ep]: [  12/20]  [   0/4947]  eta: 1:08:06  tlr: 4.9e-05  tnm: 0.00  Lm: 6.353 (6.353)  Lt: 5.642 (5.642)  Accm: 4.25 (4.25)  Acct: 6.48 (6.48)  TaskL: 6.3527 (6.3527)  DistillL: 179.2399 (179.2399)  TotalL: 185.5927 (185.5927)  time: 0.8260  data: 0.2410
[11-05 20:32:02] (/VAR_train/utils/misc.py, line 314)=> [Ep]: [  12/20]  [1236/4947]  eta: 0:52:59  tlr: 4.8e-05  tnm: 0.00  Lm: 6.382 (6.382)  Lt: 5.639 (5.639)  Accm: 3.98 (3.98)  Acct: 6.31 (6.31)  TaskL: 6.3819 (6.3819)  DistillL: 182.3068 (182.3068)  TotalL: 188.6887 (188.6887)  time: 0.8534  data: 0.2473
[11-05 20:49:42] (/VAR_train/utils/misc.py, line 314)=> [Ep]: [  12/20]  [2473/4947]  eta: 0:35:20  tlr: 4.7e-05  tnm: 0.00  Lm: 6.411 (6.414)  Lt: 5.642 (5.651)  Accm: 3.72 (3.77)  Acct: 6.13 (6.09)  TaskL: 6.4111 (6.4144)  DistillL: 185.3736 (186.0470)  TotalL: 191.7846 (192.4613)  time: 0.8594  data: 0.2574
[11-05 21:07:21] (/VAR_train/utils/misc.py, line 314)=> [Ep]: [  12/20]  [3709/4947]  eta: 0:17:40  tlr: 4.6e-05  tnm: 0.00  Lm: 6.388 (6.402)  Lt: 5.659 (5.670)  Accm: 3.77 (3.78)  Acct: 6.01 (6.04)  TaskL: 6.3878 (6.4019)  DistillL: 186.2462 (186.3149)  TotalL: 192.6340 (192.7169)  time: 0.8507  data: 0.2484
[11-05 21:25:03] (/VAR_train/utils/misc.py, line 314)=> [Ep]: [  12/20]  [4946/4947]  eta: 0:00:00  tlr: 4.4e-05  tnm: 0.00  Lm: 6.411 (6.407)  Lt: 5.677 (5.687)  Accm: 3.76 (3.78)  Acct: 5.88 (5.95)  TaskL: 6.4111 (6.4070)  DistillL: 186.3942 (186.3308)  TotalL: 192.8217 (192.7378)  time: 0.8536  data: 0.2498
[11-05 21:25:03] (/VAR_train/utils/misc.py, line 336)=> [Ep]: [  12/20]   Total time:      1:10:41   (0.857 s / it)
[11-05 21:27:29] (/distillation_trainer.py, line 355)=> [验证蒸馏] 蒸馏损失: 146.8017, Logits相似度: 0.1917
[11-05 21:27:29] (distill/train_distill.py, line 332)=>  [*] [ep12]  (val 50000)  Lm: 6.4237, Lt: 5.7105, Acc m&t: 3.76 6.00,  Val cost: 145.24s
[11-05 21:27:29] (distill/train_distill.py, line 340)=> [saving ckpt] ep13 ...     [saving ckpt](*) finished!  @ /home/project/real_prune/VAR_train/train_result/fix_distill_d16_normal_256_from20/ar-ckpt-ep013.pth
[11-05 21:27:33] (distill/train_distill.py, line 361)=>      [ep12]  (training )  Lm: 6.390 (6.424), Lt: 5.707 (5.710),  Acc m&t: 3.89 6.03,  Remain: 8:12:05,  Finish: 2025-11-06 05:37
[11-05 21:27:34] (/VAR_train/utils/misc.py, line 314)=> [Ep]: [  13/20]  [   0/4947]  eta: 1:15:43  tlr: 4.4e-05  tnm: 0.00  Lm: 6.424 (6.424)  Lt: 5.705 (5.705)  Accm: 3.53 (3.53)  Acct: 5.63 (5.63)  TaskL: 6.4236 (6.4236)  DistillL: 194.5467 (194.5467)  TotalL: 200.9704 (200.9704)  time: 0.9184  data: 0.3619
[11-05 21:45:15] (/VAR_train/utils/misc.py, line 314)=> [Ep]: [  13/20]  [1236/4947]  eta: 0:53:03  tlr: 4.3e-05  tnm: 0.00  Lm: 6.411 (6.411)  Lt: 5.665 (5.665)  Accm: 3.74 (3.74)  Acct: 6.14 (6.14)  TaskL: 6.4107 (6.4107)  DistillL: 210.0394 (210.0394)  TotalL: 216.4502 (216.4502)  time: 0.8541  data: 0.2486
[11-05 22:02:54] (/VAR_train/utils/misc.py, line 314)=> [Ep]: [  13/20]  [2473/4947]  eta: 0:35:20  tlr: 4.2e-05  tnm: 0.00  Lm: 6.398 (6.379)  Lt: 5.669 (5.666)  Accm: 3.95 (3.94)  Acct: 6.37 (6.22)  TaskL: 6.3979 (6.3795)  DistillL: 194.5467 (203.8504)  TotalL: 200.9704 (210.2299)  time: 0.8484  data: 0.2411
[11-05 22:20:34] (/VAR_train/utils/misc.py, line 314)=> [Ep]: [  13/20]  [3709/4947]  eta: 0:17:41  tlr: 4.1e-05  tnm: 0.00  Lm: 6.411 (6.403)  Lt: 5.687 (5.700)  Accm: 3.75 (3.84)  Acct: 6.00 (6.01)  TaskL: 6.4107 (6.4030)  DistillL: 193.0096 (194.9121)  TotalL: 199.3799 (201.3151)  time: 0.8532  data: 0.2514
[11-05 22:38:18] (/VAR_train/utils/misc.py, line 314)=> [Ep]: [  13/20]  [4946/4947]  eta: 0:00:00  tlr: 3.9e-05  tnm: 0.00  Lm: 6.424 (6.419)  Lt: 5.705 (5.704)  Accm: 3.54 (3.75)  Acct: 5.63 (5.91)  TaskL: 6.4236 (6.4195)  DistillL: 191.4725 (192.5517)  TotalL: 197.7894 (198.9712)  time: 0.8673  data: 0.2481
[11-05 22:38:18] (/VAR_train/utils/misc.py, line 336)=> [Ep]: [  13/20]   Total time:      1:10:44   (0.858 s / it)
[11-05 22:40:43] (/distillation_trainer.py, line 355)=> [验证蒸馏] 蒸馏损失: 145.2135, Logits相似度: 0.1917
[11-05 22:40:43] (distill/train_distill.py, line 332)=>  [*] [ep13]  (val 50000)  Lm: 6.4270, Lt: 5.7224, Acc m&t: 3.73 5.91,  Val cost: 145.27s
[11-05 22:40:43] (distill/train_distill.py, line 340)=> [saving ckpt] ep14 ...     [saving ckpt](*) finished!  @ /home/project/real_prune/VAR_train/train_result/fix_distill_d16_normal_256_from20/ar-ckpt-ep014.pth (best)
[11-05 22:40:50] (distill/train_distill.py, line 361)=>      [ep13]  (training )  Lm: 6.390 (6.427), Lt: 5.707 (5.722),  Acc m&t: 3.89 6.03,  Remain: 7:03:28,  Finish: 2025-11-06 05:41
[11-05 22:40:51] (/VAR_train/utils/misc.py, line 314)=> [Ep]: [  14/20]  [   0/4947]  eta: 1:08:08  tlr: 3.9e-05  tnm: 0.00  Lm: 6.480 (6.480)  Lt: 5.783 (5.783)  Accm: 3.42 (3.42)  Acct: 5.68 (5.68)  TaskL: 6.4802 (6.4802)  DistillL: 175.3699 (175.3699)  TotalL: 181.8502 (181.8502)  time: 0.8265  data: 0.2512
[11-05 22:58:29] (/VAR_train/utils/misc.py, line 314)=> [Ep]: [  14/20]  [1236/4947]  eta: 0:52:57  tlr: 3.8e-05  tnm: 0.00  Lm: 6.480 (6.480)  Lt: 5.758 (5.758)  Accm: 3.46 (3.46)  Acct: 5.82 (5.82)  TaskL: 6.4801 (6.4801)  DistillL: 176.9473 (176.9473)  TotalL: 183.4274 (183.4274)  time: 0.8550  data: 0.2517
[11-05 23:16:11] (/VAR_train/utils/misc.py, line 314)=> [Ep]: [  14/20]  [2473/4947]  eta: 0:35:20  tlr: 3.7e-05  tnm: 0.00  Lm: 6.480 (6.501)  Lt: 5.783 (5.783)  Accm: 3.42 (3.30)  Acct: 5.68 (5.58)  TaskL: 6.4802 (6.5007)  DistillL: 178.5246 (180.4082)  TotalL: 185.0046 (186.9089)  time: 0.8509  data: 0.2463
[11-05 23:33:52] (/VAR_train/utils/misc.py, line 314)=> [Ep]: [  14/20]  [3709/4947]  eta: 0:17:41  tlr: 3.6e-05  tnm: 0.00  Lm: 6.480 (6.481)  Lt: 5.758 (5.761)  Accm: 3.46 (3.40)  Acct: 5.82 (5.67)  TaskL: 6.4801 (6.4811)  DistillL: 182.9273 (184.9678)  TotalL: 189.4382 (191.4488)  time: 0.8665  data: 0.2496
[11-05 23:51:31] (/VAR_train/utils/misc.py, line 314)=> [Ep]: [  14/20]  [4946/4947]  eta: 0:00:00  tlr: 3.5e-05  tnm: 0.00  Lm: 6.480 (6.467)  Lt: 5.733 (5.738)  Accm: 3.51 (3.45)  Acct: 5.95 (5.80)  TaskL: 6.4800 (6.4665)  DistillL: 187.3300 (185.7074)  TotalL: 193.8719 (192.1740)  time: 0.8473  data: 0.2501
[11-05 23:51:31] (/VAR_train/utils/misc.py, line 336)=> [Ep]: [  14/20]   Total time:      1:10:41   (0.857 s / it)
[11-05 23:53:56] (/distillation_trainer.py, line 355)=> [验证蒸馏] 蒸馏损失: 143.1285, Logits相似度: 0.1918
[11-05 23:53:56] (distill/train_distill.py, line 332)=>  [*] [ep14]  (val 50000)  Lm: 6.4357, Lt: 5.7226, Acc m&t: 3.63 5.86,  Val cost: 144.80s
[11-05 23:53:56] (distill/train_distill.py, line 340)=> [saving ckpt] ep15 ...     [saving ckpt](*) finished!  @ /home/project/real_prune/VAR_train/train_result/fix_distill_d16_normal_256_from20/ar-ckpt-ep015.pth
[11-05 23:54:01] (distill/train_distill.py, line 361)=>      [ep14]  (training )  Lm: 6.390 (6.436), Lt: 5.707 (5.723),  Acc m&t: 3.89 6.03,  Remain: 5:45:39,  Finish: 2025-11-06 05:37
[11-05 23:54:02] (/VAR_train/utils/misc.py, line 314)=> [Ep]: [  15/20]  [   0/4947]  eta: 1:15:08  tlr: 3.5e-05  tnm: 0.00  Lm: 6.290 (6.290)  Lt: 5.620 (5.620)  Accm: 4.06 (4.06)  Acct: 6.17 (6.17)  TaskL: 6.2899 (6.2899)  DistillL: 170.3917 (170.3917)  TotalL: 176.6816 (176.6816)  time: 0.9113  data: 0.2465
[11-06 00:11:40] (/VAR_train/utils/misc.py, line 314)=> [Ep]: [  15/20]  [1236/4947]  eta: 0:52:56  tlr: 3.3e-05  tnm: 0.00  Lm: 6.299 (6.299)  Lt: 5.614 (5.614)  Accm: 4.05 (4.05)  Acct: 6.20 (6.20)  TaskL: 6.2991 (6.2991)  DistillL: 202.7341 (202.7341)  TotalL: 209.0332 (209.0332)  time: 0.8592  data: 0.2655
[11-06 00:29:20] (/VAR_train/utils/misc.py, line 314)=> [Ep]: [  15/20]  [2473/4947]  eta: 0:35:18  tlr: 3.2e-05  tnm: 0.00  Lm: 6.308 (6.335)  Lt: 5.620 (5.658)  Accm: 4.04 (3.99)  Acct: 6.17 (6.13)  TaskL: 6.3083 (6.3350)  DistillL: 170.3917 (189.5845)  TotalL: 176.6816 (195.9195)  time: 0.8627  data: 0.2500
[11-06 00:47:01] (/VAR_train/utils/misc.py, line 314)=> [Ep]: [  15/20]  [3709/4947]  eta: 0:17:41  tlr: 3.1e-05  tnm: 0.00  Lm: 6.356 (6.352)  Lt: 5.653 (5.665)  Accm: 4.02 (3.99)  Acct: 6.20 (6.24)  TaskL: 6.3561 (6.3522)  DistillL: 184.4075 (191.7942)  TotalL: 190.7544 (198.1464)  time: 0.8643  data: 0.2465
[11-06 01:04:41] (/VAR_train/utils/misc.py, line 314)=> [Ep]: [  15/20]  [4946/4947]  eta: 0:00:00  tlr: 3e-05  tnm: 0.00  Lm: 6.404 (6.368)  Lt: 5.641 (5.660)  Accm: 3.99 (3.99)  Acct: 6.24 (6.31)  TaskL: 6.4039 (6.3676)  DistillL: 184.9748 (190.4304)  TotalL: 191.4039 (196.7979)  time: 0.8832  data: 0.2455
[11-06 01:04:41] (/VAR_train/utils/misc.py, line 336)=> [Ep]: [  15/20]   Total time:      1:10:39   (0.857 s / it)
[11-06 01:07:05] (/distillation_trainer.py, line 355)=> [验证蒸馏] 蒸馏损失: 141.5580, Logits相似度: 0.1919
[11-06 01:07:05] (distill/train_distill.py, line 332)=>  [*] [ep15]  (val 50000)  Lm: 6.4047, Lt: 5.7075, Acc m&t: 3.80 5.99,  Val cost: 144.61s
[11-06 01:07:05] (distill/train_distill.py, line 340)=> [saving ckpt] ep16 ...     [saving ckpt](*) finished!  @ /home/project/real_prune/VAR_train/train_result/fix_distill_d16_normal_256_from20/ar-ckpt-ep016.pth
[11-06 01:07:11] (distill/train_distill.py, line 361)=>      [ep15]  (training )  Lm: 6.390 (6.405), Lt: 5.707 (5.708),  Acc m&t: 3.89 6.03,  Remain: 4:50:17,  Finish: 2025-11-06 05:54
[11-06 01:07:11] (/VAR_train/utils/misc.py, line 314)=> [Ep]: [  16/20]  [   0/4947]  eta: 1:09:40  tlr: 3e-05  tnm: 0.00  Lm: 6.318 (6.318)  Lt: 5.669 (5.669)  Accm: 4.35 (4.35)  Acct: 6.44 (6.44)  TaskL: 6.3176 (6.3176)  DistillL: 166.7579 (166.7579)  TotalL: 173.0756 (173.0756)  time: 0.8451  data: 0.2662
[11-06 01:24:49] (/VAR_train/utils/misc.py, line 314)=> [Ep]: [  16/20]  [1236/4947]  eta: 0:52:55  tlr: 2.8e-05  tnm: 0.00  Lm: 6.374 (6.374)  Lt: 5.718 (5.718)  Accm: 4.04 (4.04)  Acct: 6.08 (6.08)  TaskL: 6.3741 (6.3741)  DistillL: 177.0587 (177.0587)  TotalL: 183.4328 (183.4328)  time: 0.8594  data: 0.2613
[11-06 01:42:32] (/VAR_train/utils/misc.py, line 314)=> [Ep]: [  16/20]  [2473/4947]  eta: 0:35:21  tlr: 2.7e-05  tnm: 0.00  Lm: 6.431 (6.415)  Lt: 5.767 (5.741)  Accm: 3.73 (3.86)  Acct: 5.71 (5.89)  TaskL: 6.4306 (6.4145)  DistillL: 181.9845 (178.7006)  TotalL: 188.4799 (185.1151)  time: 0.8703  data: 0.2594
[11-06 02:00:11] (/VAR_train/utils/misc.py, line 314)=> [Ep]: [  16/20]  [3709/4947]  eta: 0:17:41  tlr: 2.6e-05  tnm: 0.00  Lm: 6.429 (6.418)  Lt: 5.752 (5.740)  Accm: 3.73 (3.83)  Acct: 5.68 (5.83)  TaskL: 6.4293 (6.4179)  DistillL: 174.3712 (175.5834)  TotalL: 180.7777 (182.0013)  time: 0.8528  data: 0.2527
[11-06 02:17:53] (/VAR_train/utils/misc.py, line 314)=> [Ep]: [  16/20]  [4946/4947]  eta: 0:00:00  tlr: 2.5e-05  tnm: 0.00  Lm: 6.428 (6.416)  Lt: 5.738 (5.720)  Accm: 3.72 (3.80)  Acct: 5.71 (5.89)  TaskL: 6.4280 (6.4157)  DistillL: 181.9845 (177.5962)  TotalL: 188.4799 (184.0119)  time: 0.8572  data: 0.2483
[11-06 02:17:53] (/VAR_train/utils/misc.py, line 336)=> [Ep]: [  16/20]   Total time:      1:10:42   (0.858 s / it)
[11-06 02:20:18] (/distillation_trainer.py, line 355)=> [验证蒸馏] 蒸馏损失: 139.8677, Logits相似度: 0.1921
[11-06 02:20:18] (distill/train_distill.py, line 332)=>  [*] [ep16]  (val 50000)  Lm: 6.4143, Lt: 5.7083, Acc m&t: 3.76 5.99,  Val cost: 145.20s
[11-06 02:20:18] (distill/train_distill.py, line 340)=> [saving ckpt] ep17 ...     [saving ckpt](*) finished!  @ /home/project/real_prune/VAR_train/train_result/fix_distill_d16_normal_256_from20/ar-ckpt-ep017.pth (best)
[11-06 02:20:26] (distill/train_distill.py, line 361)=>      [ep16]  (training )  Lm: 6.390 (6.414), Lt: 5.707 (5.708),  Acc m&t: 3.89 6.03,  Remain: 3:32:29,  Finish: 2025-11-06 05:50
[11-06 02:20:27] (/VAR_train/utils/misc.py, line 314)=> [Ep]: [  17/20]  [   0/4947]  eta: 1:10:15  tlr: 2.5e-05  tnm: 0.00  Lm: 6.468 (6.468)  Lt: 5.836 (5.836)  Accm: 3.45 (3.45)  Acct: 5.45 (5.45)  TaskL: 6.4675 (6.4675)  DistillL: 168.2840 (168.2840)  TotalL: 174.7515 (174.7515)  time: 0.8521  data: 0.2658
[11-06 02:38:09] (/VAR_train/utils/misc.py, line 314)=> [Ep]: [  17/20]  [1236/4947]  eta: 0:53:09  tlr: 2.4e-05  tnm: 0.00  Lm: 6.414 (6.414)  Lt: 5.743 (5.743)  Accm: 3.82 (3.82)  Acct: 6.11 (6.11)  TaskL: 6.4142 (6.4142)  DistillL: 171.8381 (171.8381)  TotalL: 178.2522 (178.2522)  time: 0.8661  data: 0.2597
[11-06 02:55:48] (/VAR_train/utils/misc.py, line 314)=> [Ep]: [  17/20]  [2473/4947]  eta: 0:35:22  tlr: 2.2e-05  tnm: 0.00  Lm: 6.435 (6.421)  Lt: 5.703 (5.730)  Accm: 3.64 (3.76)  Acct: 5.93 (6.05)  TaskL: 6.4350 (6.4211)  DistillL: 175.3921 (173.7059)  TotalL: 181.7529 (180.1270)  time: 0.8424  data: 0.2547
[11-06 03:13:29] (/VAR_train/utils/misc.py, line 314)=> [Ep]: [  17/20]  [3709/4947]  eta: 0:17:42  tlr: 2.1e-05  tnm: 0.00  Lm: 6.451 (6.438)  Lt: 5.741 (5.742)  Accm: 3.56 (3.69)  Acct: 5.77 (5.94)  TaskL: 6.4513 (6.4381)  DistillL: 174.6019 (173.7323)  TotalL: 181.0268 (180.1704)  time: 0.8650  data: 0.2661
[11-06 03:31:06] (/VAR_train/utils/misc.py, line 314)=> [Ep]: [  17/20]  [4946/4947]  eta: 0:00:00  tlr: 2e-05  tnm: 0.00  Lm: 6.435 (6.435)  Lt: 5.730 (5.740)  Accm: 3.64 (3.69)  Acct: 5.86 (5.92)  TaskL: 6.4350 (6.4351)  DistillL: 175.3921 (178.4841)  TotalL: 181.7529 (184.9192)  time: 0.8371  data: 0.2376
[11-06 03:31:06] (/VAR_train/utils/misc.py, line 336)=> [Ep]: [  17/20]   Total time:      1:10:40   (0.857 s / it)
[11-06 03:33:32] (/distillation_trainer.py, line 355)=> [验证蒸馏] 蒸馏损失: 137.8977, Logits相似度: 0.1921
[11-06 03:33:32] (distill/train_distill.py, line 332)=>  [*] [ep17]  (val 50000)  Lm: 6.3932, Lt: 5.6998, Acc m&t: 3.86 6.02,  Val cost: 145.14s
[11-06 03:33:32] (distill/train_distill.py, line 340)=> [saving ckpt] ep18 ...     [saving ckpt](*) finished!  @ /home/project/real_prune/VAR_train/train_result/fix_distill_d16_normal_256_from20/ar-ckpt-ep018.pth (best)
[11-06 03:33:40] (distill/train_distill.py, line 361)=>      [ep17]  (training )  Lm: 6.390 (6.393), Lt: 5.700 (5.700),  Acc m&t: 3.89 6.03,  Remain: 2:17:08,  Finish: 2025-11-06 05:48
[11-06 03:33:41] (/VAR_train/utils/misc.py, line 314)=> [Ep]: [  18/20]  [   0/4947]  eta: 1:16:26  tlr: 2e-05  tnm: 0.00  Lm: 6.464 (6.464)  Lt: 5.780 (5.780)  Accm: 3.54 (3.54)  Acct: 5.66 (5.66)  TaskL: 6.4636 (6.4636)  DistillL: 170.7401 (170.7401)  TotalL: 177.2037 (177.2037)  time: 0.9270  data: 0.2626
[11-06 03:51:19] (/VAR_train/utils/misc.py, line 314)=> [Ep]: [  18/20]  [1236/4947]  eta: 0:52:58  tlr: 1.9e-05  tnm: 0.00  Lm: 6.439 (6.439)  Lt: 5.736 (5.736)  Accm: 3.64 (3.64)  Acct: 5.84 (5.84)  TaskL: 6.4388 (6.4388)  DistillL: 171.7865 (171.7865)  TotalL: 178.2253 (178.2253)  time: 0.8570  data: 0.2478
[11-06 04:08:58] (/VAR_train/utils/misc.py, line 314)=> [Ep]: [  18/20]  [2473/4947]  eta: 0:35:18  tlr: 1.7e-05  tnm: 0.00  Lm: 6.437 (6.438)  Lt: 5.692 (5.714)  Accm: 3.55 (3.61)  Acct: 6.03 (5.92)  TaskL: 6.4365 (6.4380)  DistillL: 172.8329 (174.0972)  TotalL: 179.2468 (180.5352)  time: 0.8505  data: 0.2518
[11-06 04:26:36] (/VAR_train/utils/misc.py, line 314)=> [Ep]: [  18/20]  [3709/4947]  eta: 0:17:39  tlr: 1.6e-05  tnm: 0.00  Lm: 6.427 (6.433)  Lt: 5.701 (5.713)  Accm: 3.64 (3.65)  Acct: 6.03 (5.95)  TaskL: 6.4272 (6.4330)  DistillL: 171.7865 (172.8939)  TotalL: 178.2253 (179.3269)  time: 0.8417  data: 0.2512
[11-06 04:44:18] (/VAR_train/utils/misc.py, line 314)=> [Ep]: [  18/20]  [4946/4947]  eta: 0:00:00  tlr: 1.5e-05  tnm: 0.00  Lm: 6.437 (6.445)  Lt: 5.711 (5.731)  Accm: 3.55 (3.60)  Acct: 6.03 (5.89)  TaskL: 6.4365 (6.4447)  DistillL: 172.8329 (175.4133)  TotalL: 179.2468 (181.8580)  time: 0.8601  data: 0.2479
[11-06 04:44:18] (/VAR_train/utils/misc.py, line 336)=> [Ep]: [  18/20]   Total time:      1:10:37   (0.857 s / it)
[11-06 04:46:43] (/distillation_trainer.py, line 355)=> [验证蒸馏] 蒸馏损失: 136.4393, Logits相似度: 0.1922
[11-06 04:46:43] (distill/train_distill.py, line 332)=>  [*] [ep18]  (val 50000)  Lm: 6.3990, Lt: 5.6922, Acc m&t: 3.78 6.00,  Val cost: 144.88s
[11-06 04:46:43] (distill/train_distill.py, line 340)=> [saving ckpt] ep19 ...     [saving ckpt](*) finished!  @ /home/project/real_prune/VAR_train/train_result/fix_distill_d16_normal_256_from20/ar-ckpt-ep019.pth (best)
[11-06 04:46:51] (distill/train_distill.py, line 361)=>      [ep18]  (training )  Lm: 6.390 (6.399), Lt: 5.692 (5.692),  Acc m&t: 3.89 6.03,  Remain: 1:10:43,  Finish: 2025-11-06 05:55
[11-06 04:46:51] (/VAR_train/utils/misc.py, line 314)=> [Ep]: [  19/20]  [   0/4947]  eta: 1:14:41  tlr: 1.5e-05  tnm: 0.00  Lm: 6.448 (6.448)  Lt: 5.718 (5.718)  Accm: 3.53 (3.53)  Acct: 5.74 (5.74)  TaskL: 6.4478 (6.4478)  DistillL: 185.9300 (185.9300)  TotalL: 192.3778 (192.3778)  time: 0.9059  data: 0.2431
[11-06 05:04:29] (/VAR_train/utils/misc.py, line 314)=> [Ep]: [  19/20]  [1236/4947]  eta: 0:52:54  tlr: 1.4e-05  tnm: 0.00  Lm: 6.372 (6.372)  Lt: 5.652 (5.652)  Accm: 4.01 (4.01)  Acct: 6.29 (6.29)  TaskL: 6.3717 (6.3717)  DistillL: 190.6150 (190.6150)  TotalL: 196.9867 (196.9867)  time: 0.8549  data: 0.2445
[11-06 05:22:09] (/VAR_train/utils/misc.py, line 314)=> [Ep]: [  19/20]  [2473/4947]  eta: 0:35:18  tlr: 1.3e-05  tnm: 0.00  Lm: 6.448 (6.399)  Lt: 5.702 (5.669)  Accm: 3.53 (3.85)  Acct: 5.88 (6.15)  TaskL: 6.4478 (6.3986)  DistillL: 185.9300 (188.3776)  TotalL: 192.3778 (194.7762)  time: 0.8434  data: 0.2505
[11-06 05:39:49] (/VAR_train/utils/misc.py, line 314)=> [Ep]: [  19/20]  [3709/4947]  eta: 0:17:40  tlr: 1.1e-05  tnm: 0.00  Lm: 6.413 (6.394)  Lt: 5.685 (5.668)  Accm: 3.77 (3.89)  Acct: 6.05 (6.17)  TaskL: 6.4131 (6.3935)  DistillL: 184.9164 (187.1854)  TotalL: 191.3665 (193.5789)  time: 0.8525  data: 0.2460
[11-06 05:57:27] (/VAR_train/utils/misc.py, line 314)=> [Ep]: [  19/20]  [4946/4947]  eta: 0:00:00  tlr: 1e-05  tnm: 0.00  Lm: 6.378 (6.385)  Lt: 5.667 (5.659)  Accm: 3.88 (3.89)  Acct: 6.20 (6.17)  TaskL: 6.3783 (6.3847)  DistillL: 185.9300 (187.8050)  TotalL: 192.3778 (194.1897)  time: 0.8573  data: 0.2519
[11-06 05:57:27] (/VAR_train/utils/misc.py, line 336)=> [Ep]: [  19/20]   Total time:      1:10:36   (0.856 s / it)
[11-06 05:59:52] (/distillation_trainer.py, line 355)=> [验证蒸馏] 蒸馏损失: 135.0171, Logits相似度: 0.1923
[11-06 05:59:52] (distill/train_distill.py, line 332)=>  [*] [ep19]  (val 50000)  Lm: 6.3989, Lt: 5.6939, Acc m&t: 3.81 6.02,  Val cost: 144.74s
[11-06 05:59:52] (distill/train_distill.py, line 340)=> [saving ckpt] ep20 ...     [saving ckpt](*) finished!  @ /home/project/real_prune/VAR_train/train_result/fix_distill_d16_normal_256_from20/ar-ckpt-ep020.pth (best)
[11-06 06:00:00] (distill/train_distill.py, line 361)=>      [ep19]  (training )  Lm: 6.390 (6.399), Lt: 5.692 (5.694),  Acc m&t: 3.89 6.03,  Remain: 0:00:13,  Finish: 2025-11-06 05:57
[11-06 06:00:00] (distill/train_distill.py, line 367)=> \n\n
[11-06 06:00:00] (distill/train_distill.py, line 368)=>   [*] [蒸馏训练完成]  总耗时: 24.4h,   Lm: 6.390 (6.398866353716169),   Lt: 5.692 (5.693876143864223)
[11-06 06:00:00] (distill/train_distill.py, line 379)=>   [*] [蒸馏统计]  总步数: 98940
[11-06 06:00:00] (distill/train_distill.py, line 380)=>                    平均任务损失: 6.4006
[11-06 06:00:00] (distill/train_distill.py, line 381)=>                    平均蒸馏损失: 176.1856
[11-06 06:00:00] (distill/train_distill.py, line 382)=>                    平均相似度: 0.9346
[11-06 06:00:00] (distill/train_distill.py, line 384)=> \n\n
[11-06 06:00:06] (distill/train_distill.py, line 391)=> final args:

{
  data_path           : /home/project/ImageNet-1K
  exp_name            : text
  vfast               : 0
  vae_path            : /home/project/daily/AR/model_zoo/vae_ch160v4096z32.pth
  var_path            : /home/project/real_prune/VAR_train/train_result/distill_d16_normal_256/ar-ckpt-best.pth
  tfast               : 0
  depth               : 16
  sparsity            : 0.4
  ini                 : -1
  hd                  : 0.02
  aln                 : 0.5
  alng                : 0.001
  fp16                : 1
  tblr                : 0.0001
  tlr                 : 0.00010117187500000001
  twd                 : 0.05
  twde                : 0.05
  tclip               : 2.0
  ls                  : 0.0
  maxlayer            : 16
  bs                  : 259
  batch_size          : 37
  glb_batch_size      : 259
  ac                  : 1
  ep                  : 20
  wp                  : 0.4
  wp0                 : 0.005
  wpe                 : 0.1
  sche                : lin0
  opt                 : adamw
  afuse               : True
  saln                : False
  anorm               : True
  fuse                : True
  pn                  : 1_2_3_4_5_6_8_10_13_16
  patch_size          : 16
  patch_nums          : (1, 2, 3, 4, 5, 6, 8, 10, 13, 16)
  resos               : (16, 32, 48, 64, 80, 96, 128, 160, 208, 256)
  data_load_reso      : 256
  mid_reso            : 1.125
  hflip               : False
  workers             : 0
  pg                  : 0.0
  pg0                 : 4
  pgwp                : 0.06666666666666667
  ckpt_save_interval  : 1
  cmd                 : --enable_distillation=1 --teacher_model_path=/home/project/daily/AR/model_zoo/var_d16.pth --teacher_depth=16 --distill_type=normal --distill_alpha=0.5 --distill_beta=0.5 --depth=16 --bs=256 --ep=20 --fp16=1 --alng=1e-3 --wpe=0.1 --sparsity=0.4 --var_path=/home/project/real_prune/VAR_train/train_result/distill_d16_normal_256/ar-ckpt-best.pth --vae_path=/home/project/daily/AR/model_zoo/vae_ch160v4096z32.pth --data_path=/home/project/ImageNet-1K --local_out_dir_path=/home/project/real_prune/VAR_train/train_result/fix_distill_d16_normal_256_from20
  branch              : main
  commit_id           : 1bf7cb2895b8461062f9dbaf1daffb729258724e
  commit_msg          : 25.9.25
  acc_mean            : 3.8081989330904826
  acc_tail            : 6.022864548223359
  L_mean              : 6.398866353716169
  L_tail              : 5.693876143864223
  vacc_mean           : 3.8678998947143555
  vacc_tail           : 6.294023036956787
  vL_mean             : 6.373996734619141
  vL_tail             : 5.6274943351745605
  grad_norm           : 0.0
  cur_lr              : 1.0117187500000001e-05
  cur_wd              : 0.05
  cur_it              : 4947/4947
  cur_ep              : 20/20
  remain_time         : -
  finish_time         : 2025-11-06 05:59
  local_out_dir_path  : /home/project/real_prune/VAR_train/train_result/fix_distill_d16_normal_256_from20
  tb_log_dir_path     : /home/project/real_prune/VAR_train/train_result/fix_distill_d16_normal_256_from20/tb-VARd16__pn1_2_3_4_5_6_8_10_13_16__b259ep20adamlr0.0001wd0.05
  log_txt_path        : /home/project/real_prune/VAR_train/train_result/fix_distill_d16_normal_256_from20/log.txt
  last_ckpt_path      : /home/project/real_prune/VAR_train/train_result/fix_distill_d16_normal_256_from20/ar-ckpt-last.pth
  tf32                : True
  seed                : None
  transfer            : False
  enable_distillation : True
  teacher_model_path  : /home/project/daily/AR/model_zoo/var_d16.pth
  teacher_depth       : 16
  distill_type        : normal
  distill_alpha       : 0.5
  distill_beta        : 0.5
  distill_temperature : 4.0
  scale_weights_str   : 2.0,1.8,1.6,1.4,1.2,1.0,0.8,0.6,0.4,0.2
  use_feature_distill : False
  feature_layers_str  : 4,8,12,15
  use_attention_distill: False
  distill_warmup_epochs: 5
  distill_schedule    : constant
  same_seed_for_all_ranks: 0
  local_debug         : False
  dbg_nan             : False
}

W1107 23:25:12.967000 3902529 site-packages/torch/distributed/run.py:803] 
W1107 23:25:12.967000 3902529 site-packages/torch/distributed/run.py:803] *****************************************
W1107 23:25:12.967000 3902529 site-packages/torch/distributed/run.py:803] Setting OMP_NUM_THREADS environment variable for each process to be 1 in default, to avoid your system being overloaded, please further tune the variable for optimal performance in your application as needed. 
W1107 23:25:12.967000 3902529 site-packages/torch/distributed/run.py:803] *****************************************
[dist initialize] mp method=spawn
[lrk=3, rk=3]
[dist initialize] mp method=spawn
[lrk=0, rk=0]
/root/miniconda3/envs/var/lib/python3.10/site-packages/torch/distributed/distributed_c10d.py:4876: UserWarning: barrier(): using the device under current context. You can specify `device_id` in `init_process_group` to mute this warning.
  warnings.warn(  # warn only once
[rank0]:[W1107 23:25:19.644096277 ProcessGroupNCCL.cpp:5068] Guessing device ID based on global rank. This can cause a hang if rank to GPU mapping is heterogeneous. You can specify device_id in init_process_group()
[dist initialize] mp method=spawn
[lrk=4, rk=4]
[dist initialize] mp method=spawn
[lrk=1, rk=1]
[dist initialize] mp method=spawn
[dist initialize] mp method=spawn
[lrk=6, rk=6]
[lrk=5, rk=5]
[dist initialize] mp method=spawn
[lrk=2, rk=2]
/root/miniconda3/envs/var/lib/python3.10/site-packages/torch/backends/__init__.py:46: UserWarning: Please use the new API settings to control TF32 behavior, such as torch.backends.cudnn.conv.fp32_precision = 'tf32' or torch.backends.cuda.matmul.fp32_precision = 'ieee'. Old settings, e.g, torch.backends.cuda.matmul.allow_tf32 = True, torch.backends.cudnn.allow_tf32 = True, allowTF32CuDNN() and allowTF32CuBLAS() will be deprecated after Pytorch 2.9. Please see https://pytorch.org/docs/main/notes/cuda.html#tensorfloat-32-tf32-on-ampere-and-later-devices (Triggered internally at /pytorch/aten/src/ATen/Context.cpp:80.)
  self.setter(val)
/root/miniconda3/envs/var/lib/python3.10/site-packages/torch/backends/__init__.py:46: UserWarning: Please use the new API settings to control TF32 behavior, such as torch.backends.cudnn.conv.fp32_precision = 'tf32' or torch.backends.cuda.matmul.fp32_precision = 'ieee'. Old settings, e.g, torch.backends.cuda.matmul.allow_tf32 = True, torch.backends.cudnn.allow_tf32 = True, allowTF32CuDNN() and allowTF32CuBLAS() will be deprecated after Pytorch 2.9. Please see https://pytorch.org/docs/main/notes/cuda.html#tensorfloat-32-tf32-on-ampere-and-later-devices (Triggered internally at /pytorch/aten/src/ATen/Context.cpp:80.)
  self.setter(val)
/root/miniconda3/envs/var/lib/python3.10/site-packages/torch/backends/__init__.py:46: UserWarning: Please use the new API settings to control TF32 behavior, such as torch.backends.cudnn.conv.fp32_precision = 'tf32' or torch.backends.cuda.matmul.fp32_precision = 'ieee'. Old settings, e.g, torch.backends.cuda.matmul.allow_tf32 = True, torch.backends.cudnn.allow_tf32 = True, allowTF32CuDNN() and allowTF32CuBLAS() will be deprecated after Pytorch 2.9. Please see https://pytorch.org/docs/main/notes/cuda.html#tensorfloat-32-tf32-on-ampere-and-later-devices (Triggered internally at /pytorch/aten/src/ATen/Context.cpp:80.)
  self.setter(val)
/root/miniconda3/envs/var/lib/python3.10/site-packages/torch/backends/__init__.py:46: UserWarning: Please use the new API settings to control TF32 behavior, such as torch.backends.cudnn.conv.fp32_precision = 'tf32' or torch.backends.cuda.matmul.fp32_precision = 'ieee'. Old settings, e.g, torch.backends.cuda.matmul.allow_tf32 = True, torch.backends.cudnn.allow_tf32 = True, allowTF32CuDNN() and allowTF32CuBLAS() will be deprecated after Pytorch 2.9. Please see https://pytorch.org/docs/main/notes/cuda.html#tensorfloat-32-tf32-on-ampere-and-later-devices (Triggered internally at /pytorch/aten/src/ATen/Context.cpp:80.)
  self.setter(val)
/root/miniconda3/envs/var/lib/python3.10/site-packages/torch/backends/__init__.py:46: UserWarning: Please use the new API settings to control TF32 behavior, such as torch.backends.cudnn.conv.fp32_precision = 'tf32' or torch.backends.cuda.matmul.fp32_precision = 'ieee'. Old settings, e.g, torch.backends.cuda.matmul.allow_tf32 = True, torch.backends.cudnn.allow_tf32 = True, allowTF32CuDNN() and allowTF32CuBLAS() will be deprecated after Pytorch 2.9. Please see https://pytorch.org/docs/main/notes/cuda.html#tensorfloat-32-tf32-on-ampere-and-later-devices (Triggered internally at /pytorch/aten/src/ATen/Context.cpp:80.)
  self.setter(val)
/root/miniconda3/envs/var/lib/python3.10/site-packages/torch/backends/__init__.py:46: UserWarning: Please use the new API settings to control TF32 behavior, such as torch.backends.cudnn.conv.fp32_precision = 'tf32' or torch.backends.cuda.matmul.fp32_precision = 'ieee'. Old settings, e.g, torch.backends.cuda.matmul.allow_tf32 = True, torch.backends.cudnn.allow_tf32 = True, allowTF32CuDNN() and allowTF32CuBLAS() will be deprecated after Pytorch 2.9. Please see https://pytorch.org/docs/main/notes/cuda.html#tensorfloat-32-tf32-on-ampere-and-later-devices (Triggered internally at /pytorch/aten/src/ATen/Context.cpp:80.)
  self.setter(val)
/root/miniconda3/envs/var/lib/python3.10/site-packages/torch/backends/__init__.py:46: UserWarning: Please use the new API settings to control TF32 behavior, such as torch.backends.cudnn.conv.fp32_precision = 'tf32' or torch.backends.cuda.matmul.fp32_precision = 'ieee'. Old settings, e.g, torch.backends.cuda.matmul.allow_tf32 = True, torch.backends.cudnn.allow_tf32 = True, allowTF32CuDNN() and allowTF32CuBLAS() will be deprecated after Pytorch 2.9. Please see https://pytorch.org/docs/main/notes/cuda.html#tensorfloat-32-tf32-on-ampere-and-later-devices (Triggered internally at /pytorch/aten/src/ATen/Context.cpp:80.)
  self.setter(val)
[11-07 23:25:20] (_train/utils/arg_util.py, line 241)=> [tf32] [precis] torch.get_float32_matmul_precision(): high
[11-07 23:25:20] (_train/utils/arg_util.py, line 242)=> [tf32] [ conv ] torch.backends.cudnn.allow_tf32: True
[11-07 23:25:20] (_train/utils/arg_util.py, line 243)=> [tf32] [matmul] torch.backends.cuda.matmul.allow_tf32: True
[11-07 23:25:20] (_train/utils/arg_util.py, line 190)=> [蒸馏参数验证] 通过 - 类型:scale_aware, 权重:0.7/0.3
[11-07 23:25:20] (distill/train_distill.py, line 269)=> [参数验证] 蒸馏参数验证通过
[11-07 23:25:20] (distill/train_distill.py, line  63)=> global bs=259, local bs=37
[11-07 23:25:20] (distill/train_distill.py, line  64)=> initial args:\n{
  data_path           : /home/project/ImageNet-1K
  exp_name            : text
  vfast               : 0
  vae_path            : /home/project/daily/AR/model_zoo/vae_ch160v4096z32.pth
  var_path            : /home/project/real_prune/VAR_train/train_result/distill_d16_normal_256/ar-ckpt-best.pth
  tfast               : 0
  depth               : 16
  sparsity            : 0.4
  ini                 : -1
  hd                  : 0.02
  aln                 : 0.5
  alng                : 0.001
  fp16                : 1
  tblr                : 0.0001
  tlr                 : 0.00010117187500000001
  twd                 : 0.05
  twde                : 0.05
  tclip               : 2.0
  ls                  : 0.0
  maxlayer            : 16
  bs                  : 259
  batch_size          : 37
  glb_batch_size      : 259
  ac                  : 1
  ep                  : 20
  wp                  : 0.4
  wp0                 : 0.005
  wpe                 : 0.1
  sche                : lin0
  opt                 : adamw
  afuse               : True
  saln                : False
  anorm               : True
  fuse                : True
  pn                  : 1_2_3_4_5_6_8_10_13_16
  patch_size          : 16
  patch_nums          : (1, 2, 3, 4, 5, 6, 8, 10, 13, 16)
  resos               : (16, 32, 48, 64, 80, 96, 128, 160, 208, 256)
  data_load_reso      : 256
  mid_reso            : 1.125
  hflip               : False
  workers             : 0
  pg                  : 0.0
  pg0                 : 4
  pgwp                : 0.06666666666666667
  ckpt_save_interval  : 1
  cmd                 : --enable_distillation=1 --teacher_model_path=/home/project/daily/AR/model_zoo/var_d16.pth --teacher_depth=16 --distill_type=scale_aware --scale_weights_str=2.0,1.8,1.6,1.4,1.2,1.0,0.8,0.6,0.4,0.2 --distill_alpha=0.7 --distill_beta=0.3 --depth=16 --bs=256 --ep=20 --fp16=1 --alng=1e-3 --wpe=0.1 --sparsity=0.4 --var_path=/home/project/real_prune/VAR_train/train_result/distill_d16_normal_256/ar-ckpt-best.pth --vae_path=/home/project/daily/AR/model_zoo/vae_ch160v4096z32.pth --data_path=/home/project/ImageNet-1K --local_out_dir_path=/home/project/real_prune/VAR_train/distill_d16_scale_aware_256_0.6_3_fromft20_withoutprogress
  branch              : main
  commit_id           : 1bf7cb2895b8461062f9dbaf1daffb729258724e
  commit_msg          : 25.9.25
  acc_mean            : None
  acc_tail            : None
  L_mean              : None
  L_tail              : None
  vacc_mean           : None
  vacc_tail           : None
  vL_mean             : None
  vL_tail             : None
  grad_norm           : None
  cur_lr              : None
  cur_wd              : None
  cur_it              : 
  cur_ep              : 
  remain_time         : 
  finish_time         : 
  local_out_dir_path  : /home/project/real_prune/VAR_train/distill_d16_scale_aware_256_0.6_3_fromft20_withoutprogress
  tb_log_dir_path     : /home/project/real_prune/VAR_train/distill_d16_scale_aware_256_0.6_3_fromft20_withoutprogress/tb-VARd16__pn1_2_3_4_5_6_8_10_13_16__b259ep20adamlr0.0001wd0.05
  log_txt_path        : /home/project/real_prune/VAR_train/distill_d16_scale_aware_256_0.6_3_fromft20_withoutprogress/log.txt
  last_ckpt_path      : /home/project/real_prune/VAR_train/distill_d16_scale_aware_256_0.6_3_fromft20_withoutprogress/ar-ckpt-last.pth
  tf32                : True
  seed                : None
  transfer            : False
  enable_distillation : True
  teacher_model_path  : /home/project/daily/AR/model_zoo/var_d16.pth
  teacher_depth       : 16
  distill_type        : scale_aware
  distill_alpha       : 0.7
  distill_beta        : 0.3
  distill_temperature : 4.0
  scale_weights_str   : 2.0,1.8,1.6,1.4,1.2,1.0,0.8,0.6,0.4,0.2
  use_feature_distill : False
  feature_layers_str  : 4,8,12,15
  use_attention_distill: False
  distill_warmup_epochs: 5
  distill_schedule    : constant
  same_seed_for_all_ranks: 0
  local_debug         : False
  dbg_nan             : False
}

[11-07 23:25:20] (distill/train_distill.py, line  68)=> [build PT data] ...\n
[11-07 23:25:22] (/VAR_train/utils/data.py, line  34)=> [Dataset] len(train_set)=1281167, len(val_set)=50000, num_classes=1000
[11-07 23:25:22] (/VAR_train/utils/data.py, line  48)=> Transform [train] = 
[11-07 23:25:22] (/VAR_train/utils/data.py, line  51)=> Resize(size=288, interpolation=lanczos, max_size=None, antialias=True)
[11-07 23:25:22] (/VAR_train/utils/data.py, line  51)=> RandomCrop(size=(256, 256), padding=None)
[11-07 23:25:22] (/VAR_train/utils/data.py, line  51)=> ToTensor()
[11-07 23:25:22] (/VAR_train/utils/data.py, line  51)=> <function normalize_01_into_pm1 at 0x7f7ab597da20>
[11-07 23:25:22] (/VAR_train/utils/data.py, line  54)=> ---------------------------

[11-07 23:25:22] (/VAR_train/utils/data.py, line  48)=> Transform [val] = 
[11-07 23:25:22] (/VAR_train/utils/data.py, line  51)=> Resize(size=288, interpolation=lanczos, max_size=None, antialias=True)
[11-07 23:25:22] (/VAR_train/utils/data.py, line  51)=> CenterCrop(size=(256, 256))
[11-07 23:25:22] (/VAR_train/utils/data.py, line  51)=> ToTensor()
[11-07 23:25:22] (/VAR_train/utils/data.py, line  51)=> <function normalize_01_into_pm1 at 0x7f7ab597da20>
[11-07 23:25:22] (/VAR_train/utils/data.py, line  54)=> ---------------------------

[11-07 23:25:22] (distill/train_distill.py, line  91)=> [auto_resume] no ckpt found @ /home/project/real_prune/VAR_train/distill_d16_scale_aware_256_0.6_3_fromft20_withoutprogress/ar-ckpt-best*.pth
[11-07 23:25:22] (distill/train_distill.py, line  91)=> [auto_resume quit]
[11-07 23:25:22] (distill/train_distill.py, line  92)=> [dataloader multi processing] ...     [dataloader multi processing](*) finished! (0.00s)
[11-07 23:25:22] (distill/train_distill.py, line  98)=> [dataloader] gbs=259, lbs=37, iters_train=4947, types(tr, va)=('DatasetFolder', 'DatasetFolder')
[11-07 23:25:22] (/VAR_train/models/var.py, line 102)=> 
[constructor]  ==== flash_if_available=True (0/16), fused_if_available=True (fusing_add_ln=0/16, fusing_mlp=0/16) ==== 
    [VAR config ] embed_dim=1024, num_heads=16, depth=16, mlp_ratio=4.0
    [drop ratios ] drop_rate=0.0, attn_drop_rate=0.0, drop_path_rate=0.0666667 (tensor([0.0000, 0.0044, 0.0089, 0.0133, 0.0178, 0.0222, 0.0267, 0.0311, 0.0356,
        0.0400, 0.0444, 0.0489, 0.0533, 0.0578, 0.0622, 0.0667]))

[11-07 23:25:22] (/VAR_train/models/var.py, line 259)=> [init_weights] VAR with init_std=0.0180422
[11-07 23:25:22] (distill/train_distill.py, line 123)=> [学生模型] 首次训练，加载初始权重: /home/project/real_prune/VAR_train/train_result/distill_d16_normal_256/ar-ckpt-best.pth
[11-07 23:25:23] (distill/train_distill.py, line 126)=> [学生模型] 检测到训练checkpoint格式，提取模型权重...
[11-07 23:25:23] (distill/train_distill.py, line 130)=> [学生模型] 成功加载初始权重
[11-07 23:25:24] (distill/train_distill.py, line 153)=> [INIT] VAR model = VAR(
  drop_path_rate=0.0666667
  (word_embed): Linear(in_features=32, out_features=1024, bias=True)
  (class_emb): Embedding(1001, 1024)
  (lvl_embed): Embedding(10, 1024)
  (shared_ada_lin): Identity()
  (blocks): ModuleList(
    (0): AdaLNSelfAttn(
      shared_aln=False
      (drop_path): Identity()
      (attn): SelfAttention(
        using_flash=False, using_xform=False, attn_l2_norm=True
        (mat_qkv): Linear(in_features=1024, out_features=1920, bias=False)
        (proj): Linear(in_features=640, out_features=1024, bias=True)
        (proj_drop): Identity()
      )
      (ffn): FFN(
        fused_mlp_func=False
        (fc1): Linear(in_features=1024, out_features=2458, bias=True)
        (act): GELU(approximate='tanh')
        (fc2): Linear(in_features=2458, out_features=1024, bias=True)
        (drop): Identity()
      )
      (ln_wo_grad): LayerNorm((1024,), eps=1e-06, elementwise_affine=False)
      (ada_lin): Sequential(
        (0): SiLU()
        (1): Linear(in_features=1024, out_features=6144, bias=True)
      )
    )
    (1-15): 15 x AdaLNSelfAttn(
      shared_aln=False
      (drop_path): DropPath((drop_prob=...))
      (attn): SelfAttention(
        using_flash=False, using_xform=False, attn_l2_norm=True
        (mat_qkv): Linear(in_features=1024, out_features=1920, bias=False)
        (proj): Linear(in_features=640, out_features=1024, bias=True)
        (proj_drop): Identity()
      )
      (ffn): FFN(
        fused_mlp_func=False
        (fc1): Linear(in_features=1024, out_features=2458, bias=True)
        (act): GELU(approximate='tanh')
        (fc2): Linear(in_features=2458, out_features=1024, bias=True)
        (drop): Identity()
      )
      (ln_wo_grad): LayerNorm((1024,), eps=1e-06, elementwise_affine=False)
      (ada_lin): Sequential(
        (0): SiLU()
        (1): Linear(in_features=1024, out_features=6144, bias=True)
      )
    )
  )
  (head_nm): AdaLNBeforeHead(
    (ln_wo_grad): LayerNorm((1024,), eps=1e-06, elementwise_affine=False)
    (ada_lin): Sequential(
      (0): SiLU()
      (1): Linear(in_features=1024, out_features=2048, bias=True)
    )
  )
  (head): Linear(in_features=1024, out_features=4096, bias=True)
)\n\n
[11-07 23:25:24] (distill/train_distill.py, line 155)=> [INIT][#para] VAE=108.95, VAE.enc=44.11, VAE.dec=64.65, VAE.quant=0.17
[11-07 23:25:24] (distill/train_distill.py, line 156)=> [INIT][#para] VAR=231.41\n\n
[11-07 23:25:24] (distill/train_distill.py, line 161)=> \n============================================================
[11-07 23:25:24] (distill/train_distill.py, line 162)=> 开始加载教师模型...
[11-07 23:25:24] (distill/distill_utils.py, line  31)=> [加载教师模型] 路径: /home/project/daily/AR/model_zoo/var_d16.pth
[11-07 23:25:24] (distill/distill_utils.py, line  32)=> [加载教师模型] 深度: 16
[11-07 23:25:24] (distill/distill_utils.py, line  39)=> [加载教师模型] 构建模型架构...
[11-07 23:25:24] (distill/distill_utils.py, line  46)=> [加载教师模型] 临时设置 sparsity=0 (原值=0.4)
[11-07 23:25:24] (/VAR_train/models/var.py, line 102)=> 
[constructor]  ==== flash_if_available=True (0/16), fused_if_available=True (fusing_add_ln=0/16, fusing_mlp=0/16) ==== 
    [VAR config ] embed_dim=1024, num_heads=16, depth=16, mlp_ratio=4.0
    [drop ratios ] drop_rate=0.0, attn_drop_rate=0.0, drop_path_rate=0.0666667 (tensor([0.0000, 0.0044, 0.0089, 0.0133, 0.0178, 0.0222, 0.0267, 0.0311, 0.0356,
        0.0400, 0.0444, 0.0489, 0.0533, 0.0578, 0.0622, 0.0667]))

[11-07 23:25:24] (/VAR_train/models/var.py, line 259)=> [init_weights] VAR with init_std=0.0180422
[11-07 23:25:24] (distill/distill_utils.py, line  62)=> [加载教师模型] 恢复 sparsity=0.4
[11-07 23:25:24] (distill/distill_utils.py, line  65)=> [加载教师模型] 加载权重...
[11-07 23:25:25] (distill/distill_utils.py, line  79)=> [加载教师模型] 直接加载模型权重
[11-07 23:25:25] (distill/distill_utils.py, line  89)=> [加载教师模型] 成功加载，参数量: 310.28M
[11-07 23:25:25] (distill/distill_utils.py, line  90)=> [加载教师模型] 已冻结参数: 310.28M
[11-07 23:25:25] (distill/train_distill.py, line 165)=> 教师模型加载成功
[11-07 23:25:25] (distill/train_distill.py, line 170)=> ======== 蒸馏配置摘要 ========
蒸馏类型: scale_aware
教师模型: var_d16.pth (深度=16)
损失权重: 任务=0.70, 蒸馏=0.30
蒸馏温度: 4.0
尺度权重: [2.0, 1.8, ..., 0.2]
==============================
[11-07 23:25:25] (distill/train_distill.py, line 177)=> ============================================================\n
[11-07 23:25:25] (rain/utils/lr_control.py, line  99)=> [get_param_groups] param_groups = 
{ 'D': { 'lr_sc': 1.0,
         'params': "('word_embed.weight, class_emb.weight, blocks.0.attn.mat_qkv.weight, blocks.0.attn.proj.weight, blocks.0.ffn.fc1.weight, blocks.0.ffn.fc2.weight, blocks.0.ada_lin.1.weight, '\n"
                   " 'blocks.1.attn.mat_qkv.weight, blocks.1.attn.proj.weight, blocks.1.ffn.fc1.weight, blocks.1.ffn.fc2.weight, blocks.1.ada_lin.1.weight, blocks.2.attn.mat_qkv.weight, blocks.2.attn.proj.weight, '\n"
                   " 'blocks.2.ffn.fc1.weight, blocks.2.ffn.fc2.weight, blocks.2.ada_lin.1.weight, blocks.3.attn.mat_qkv.weight, blocks.3.attn.proj.weight, blocks.3.ffn.fc1.weight, blocks.3.ffn.fc2.weight, '\n"
                   " 'blocks.3.ada_lin.1.weight, blocks.4.attn.mat_qkv.weight, blocks.4.attn.proj.weight, blocks.4.ffn.fc1.weight, blocks.4.ffn.fc2.weight, blocks.4.ada_lin.1.weight, blocks.5.attn.mat_qkv.weight, '\n"
                   " 'blocks.5.attn.proj.weight, blocks.5.ffn.fc1.weight, blocks.5.ffn.fc2.weight, blocks.5.ada_lin.1.weight, blocks.6.attn.mat_qkv.weight, blocks.6.attn.proj.weight, blocks.6.ffn.fc1.weight, '\n"
                   " 'blocks.6.ffn.fc2.weight, blocks.6.ada_lin.1.weight, blocks.7.attn.mat_qkv.weight, blocks.7.attn.proj.weight, blocks.7.ffn.fc1.weight, blocks.7.ffn.fc2.weight, blocks.7.ada_lin.1.weight, '\n"
                   " 'blocks.8.attn.mat_qkv.weight, blocks.8.attn.proj.weight, blocks.8.ffn.fc1.weight, blocks.8.ffn.fc2.weight, blocks.8.ada_lin.1.weight, blocks.9.attn.mat_qkv.weight, blocks.9.attn.proj.weight, '\n"
                   " 'blocks.9.ffn.fc1.weight, blocks.9.ffn.fc2.weight, blocks.9.ada_lin.1.weight, blocks.10.attn.mat_qkv.weight, blocks.10.attn.proj.weight, blocks.10.ffn.fc1.weight, blocks.10.ffn.fc2.weight, '\n"
                   " 'blocks.10.ada_lin.1.weight, blocks.11.attn.mat_qkv.weight, blocks.11.attn.proj.weight, blocks.11.ffn.fc1.weight, blocks.11.ffn.fc2.weight, blocks.11.ada_lin.1.weight, '\n"
                   " 'blocks.12.attn.mat_qkv.weight, blocks.12.attn.proj.weight, blocks.12.ffn.fc1.weight, blocks.12.ffn.fc2.weight, blocks.12.ada_lin.1.weight, blocks.13.attn.mat_qkv.weight, '\n"
                   " 'blocks.13.attn.proj.weight, blocks.13.ffn.fc1.weight, blocks.13.ffn.fc2.weight, blocks.13.ada_lin.1.weight, blocks.14.attn.mat_qkv.weight, blocks.14.attn.proj.weight, blocks.14.ffn.fc1.weight, '\n"
                   " 'blocks.14.ffn.fc2.weight, blocks.14.ada_lin.1.weight, blocks.15.attn.mat_qkv.weight, blocks.15.attn.proj.weight, blocks.15.ffn.fc1.weight, blocks.15.ffn.fc2.weight, blocks.15.ada_lin.1.weight, '\n"
                   " 'head_nm.ada_lin.1.weight, head.weight')",
         'wd_sc': 1.0},
  'ND': { 'lr_sc': 1.0,
          'params': "('pos_start, pos_1LC, word_embed.bias, lvl_embed.weight, blocks.0.attn.scale_mul_1H11, blocks.0.attn.q_bias, blocks.0.attn.v_bias, blocks.0.attn.proj.bias, blocks.0.ffn.fc1.bias, '\n"
                    " 'blocks.0.ffn.fc2.bias, blocks.0.ada_lin.1.bias, blocks.1.attn.scale_mul_1H11, blocks.1.attn.q_bias, blocks.1.attn.v_bias, blocks.1.attn.proj.bias, blocks.1.ffn.fc1.bias, blocks.1.ffn.fc2.bias, '\n"
                    " 'blocks.1.ada_lin.1.bias, blocks.2.attn.scale_mul_1H11, blocks.2.attn.q_bias, blocks.2.attn.v_bias, blocks.2.attn.proj.bias, blocks.2.ffn.fc1.bias, blocks.2.ffn.fc2.bias, blocks.2.ada_lin.1.bias, '\n"
                    " 'blocks.3.attn.scale_mul_1H11, blocks.3.attn.q_bias, blocks.3.attn.v_bias, blocks.3.attn.proj.bias, blocks.3.ffn.fc1.bias, blocks.3.ffn.fc2.bias, blocks.3.ada_lin.1.bias, '\n"
                    " 'blocks.4.attn.scale_mul_1H11, blocks.4.attn.q_bias, blocks.4.attn.v_bias, blocks.4.attn.proj.bias, blocks.4.ffn.fc1.bias, blocks.4.ffn.fc2.bias, blocks.4.ada_lin.1.bias, '\n"
                    " 'blocks.5.attn.scale_mul_1H11, blocks.5.attn.q_bias, blocks.5.attn.v_bias, blocks.5.attn.proj.bias, blocks.5.ffn.fc1.bias, blocks.5.ffn.fc2.bias, blocks.5.ada_lin.1.bias, '\n"
                    " 'blocks.6.attn.scale_mul_1H11, blocks.6.attn.q_bias, blocks.6.attn.v_bias, blocks.6.attn.proj.bias, blocks.6.ffn.fc1.bias, blocks.6.ffn.fc2.bias, blocks.6.ada_lin.1.bias, '\n"
                    " 'blocks.7.attn.scale_mul_1H11, blocks.7.attn.q_bias, blocks.7.attn.v_bias, blocks.7.attn.proj.bias, blocks.7.ffn.fc1.bias, blocks.7.ffn.fc2.bias, blocks.7.ada_lin.1.bias, '\n"
                    " 'blocks.8.attn.scale_mul_1H11, blocks.8.attn.q_bias, blocks.8.attn.v_bias, blocks.8.attn.proj.bias, blocks.8.ffn.fc1.bias, blocks.8.ffn.fc2.bias, blocks.8.ada_lin.1.bias, '\n"
                    " 'blocks.9.attn.scale_mul_1H11, blocks.9.attn.q_bias, blocks.9.attn.v_bias, blocks.9.attn.proj.bias, blocks.9.ffn.fc1.bias, blocks.9.ffn.fc2.bias, blocks.9.ada_lin.1.bias, '\n"
                    " 'blocks.10.attn.scale_mul_1H11, blocks.10.attn.q_bias, blocks.10.attn.v_bias, blocks.10.attn.proj.bias, blocks.10.ffn.fc1.bias, blocks.10.ffn.fc2.bias, blocks.10.ada_lin.1.bias, '\n"
                    " 'blocks.11.attn.scale_mul_1H11, blocks.11.attn.q_bias, blocks.11.attn.v_bias, blocks.11.attn.proj.bias, blocks.11.ffn.fc1.bias, blocks.11.ffn.fc2.bias, blocks.11.ada_lin.1.bias, '\n"
                    " 'blocks.12.attn.scale_mul_1H11, blocks.12.attn.q_bias, blocks.12.attn.v_bias, blocks.12.attn.proj.bias, blocks.12.ffn.fc1.bias, blocks.12.ffn.fc2.bias, blocks.12.ada_lin.1.bias, '\n"
                    " 'blocks.13.attn.scale_mul_1H11, blocks.13.attn.q_bias, blocks.13.attn.v_bias, blocks.13.attn.proj.bias, blocks.13.ffn.fc1.bias, blocks.13.ffn.fc2.bias, blocks.13.ada_lin.1.bias, '\n"
                    " 'blocks.14.attn.scale_mul_1H11, blocks.14.attn.q_bias, blocks.14.attn.v_bias, blocks.14.attn.proj.bias, blocks.14.ffn.fc1.bias, blocks.14.ffn.fc2.bias, blocks.14.ada_lin.1.bias, '\n"
                    " 'blocks.15.attn.scale_mul_1H11, blocks.15.attn.q_bias, blocks.15.attn.v_bias, blocks.15.attn.proj.bias, blocks.15.ffn.fc1.bias, blocks.15.ffn.fc2.bias, blocks.15.ada_lin.1.bias, '\n"
                    " 'head_nm.ada_lin.1.bias, head.bias')",
          'wd_sc': 0.0}}

[11-07 23:25:25] (rain/utils/lr_control.py, line 104)=> [get_param_groups][rank0] type(model).__name__='VAR' count=202, numel=231405120
[11-07 23:25:25] (rain/utils/lr_control.py, line 104)=> [get_param_groups][rank1] type(model).__name__='VAR' count=202, numel=231405120
[11-07 23:25:25] (rain/utils/lr_control.py, line 104)=> [get_param_groups][rank2] type(model).__name__='VAR' count=202, numel=231405120
[11-07 23:25:25] (rain/utils/lr_control.py, line 104)=> [get_param_groups][rank3] type(model).__name__='VAR' count=202, numel=231405120
[11-07 23:25:25] (rain/utils/lr_control.py, line 104)=> [get_param_groups][rank4] type(model).__name__='VAR' count=202, numel=231405120
[11-07 23:25:25] (rain/utils/lr_control.py, line 104)=> [get_param_groups][rank5] type(model).__name__='VAR' count=202, numel=231405120
[11-07 23:25:25] (rain/utils/lr_control.py, line 105)=> 
[11-07 23:25:25] (distill/train_distill.py, line 192)=> [INIT] optim=functools.partial(<class 'torch.optim.adamw.AdamW'>, betas=(0.9, 0.95), fused=True), opt_kw={'lr': 0.00010117187500000001, 'weight_decay': 0}\n
/home/project/real_prune/VAR_train/utils/amp_sc.py:27: FutureWarning: `torch.cuda.amp.GradScaler(args...)` is deprecated. Please use `torch.amp.GradScaler('cuda', args...)` instead.
  self.scaler = torch.cuda.amp.GradScaler(init_scale=2. ** 11, growth_interval=1000) if self.using_fp16_rather_bf16 else None # only fp16 needs a scaler
/home/project/real_prune/VAR_train/utils/amp_sc.py:27: FutureWarning: `torch.cuda.amp.GradScaler(args...)` is deprecated. Please use `torch.amp.GradScaler('cuda', args...)` instead.
  self.scaler = torch.cuda.amp.GradScaler(init_scale=2. ** 11, growth_interval=1000) if self.using_fp16_rather_bf16 else None # only fp16 needs a scaler
/home/project/real_prune/VAR_train/utils/amp_sc.py:27: FutureWarning: `torch.cuda.amp.GradScaler(args...)` is deprecated. Please use `torch.amp.GradScaler('cuda', args...)` instead.
  self.scaler = torch.cuda.amp.GradScaler(init_scale=2. ** 11, growth_interval=1000) if self.using_fp16_rather_bf16 else None # only fp16 needs a scaler
/home/project/real_prune/VAR_train/utils/amp_sc.py:27: FutureWarning: `torch.cuda.amp.GradScaler(args...)` is deprecated. Please use `torch.amp.GradScaler('cuda', args...)` instead.
  self.scaler = torch.cuda.amp.GradScaler(init_scale=2. ** 11, growth_interval=1000) if self.using_fp16_rather_bf16 else None # only fp16 needs a scaler
/home/project/real_prune/VAR_train/utils/amp_sc.py:27: FutureWarning: `torch.cuda.amp.GradScaler(args...)` is deprecated. Please use `torch.amp.GradScaler('cuda', args...)` instead.
  self.scaler = torch.cuda.amp.GradScaler(init_scale=2. ** 11, growth_interval=1000) if self.using_fp16_rather_bf16 else None # only fp16 needs a scaler
/home/project/real_prune/VAR_train/utils/amp_sc.py:27: FutureWarning: `torch.cuda.amp.GradScaler(args...)` is deprecated. Please use `torch.amp.GradScaler('cuda', args...)` instead.
  self.scaler = torch.cuda.amp.GradScaler(init_scale=2. ** 11, growth_interval=1000) if self.using_fp16_rather_bf16 else None # only fp16 needs a scaler
[11-07 23:25:25] (l/distillation_losses.py, line  45)=> [蒸馏损失] 类型=scale_aware, 温度=4.0
[11-07 23:25:25] (l/distillation_losses.py, line  46)=> [尺度权重] [2.0, 1.8, 1.6, 1.4, 1.2, 1.0, 0.8, 0.6, 0.4, 0.2]
[11-07 23:25:25] (/distillation_trainer.py, line  65)=> [蒸馏训练器] 教师模型已冻结
[11-07 23:25:25] (/distillation_trainer.py, line  66)=> [蒸馏训练器] 教师参数: 310.28M (310.28M已冻结)
[11-07 23:25:25] (distill/distill_utils.py, line 166)=> [兼容性检查] 教师模型参数: 310.28M
[11-07 23:25:25] (distill/distill_utils.py, line 167)=> [兼容性检查] 学生模型参数: 231.41M
[11-07 23:25:25] (distill/distill_utils.py, line 168)=> [兼容性检查] 压缩比: 74.58%
[11-07 23:25:25] (distill/distill_utils.py, line 175)=> [兼容性检查] 词汇表大小: 4096
[11-07 23:25:25] (distill/distill_utils.py, line 180)=> [兼容性检查] 序列长度: 680
[11-07 23:25:25] (distill/distill_utils.py, line 185)=> [兼容性检查] patch配置: (1, 2, 3, 4, 5, 6, 8, 10, 13, 16)
[11-07 23:25:25] (distill/distill_utils.py, line 187)=> [兼容性检查] 通过
[11-07 23:25:25] (/distillation_trainer.py, line  73)=> [蒸馏训练器] 初始化完成
[11-07 23:25:25] (/distillation_trainer.py, line  74)=> [蒸馏训练器] 蒸馏类型: scale_aware
[11-07 23:25:25] (/distillation_trainer.py, line  75)=> [蒸馏训练器] 损失权重: 任务=0.70, 蒸馏=0.30
[11-07 23:25:25] (distill/train_distill.py, line 209)=> [训练器] 使用蒸馏训练器 (DistillationVARTrainer)
[11-07 23:25:25] (distill/train_distill.py, line 210)=> [蒸馏模式] scale_aware 蒸馏，权重 0.7/0.3
[11-07 23:25:25] (distill/train_distill.py, line 224)=> [训练器] 使用初始状态，从 epoch 0 开始
[11-07 23:25:25] (rain/utils/lr_control.py, line 104)=> [get_param_groups][rank6] type(model).__name__='VAR' count=202, numel=231405120
/home/project/real_prune/VAR_train/utils/amp_sc.py:27: FutureWarning: `torch.cuda.amp.GradScaler(args...)` is deprecated. Please use `torch.amp.GradScaler('cuda', args...)` instead.
  self.scaler = torch.cuda.amp.GradScaler(init_scale=2. ** 11, growth_interval=1000) if self.using_fp16_rather_bf16 else None # only fp16 needs a scaler
/home/project/real_prune/VAR_train/models/var.py:220: FutureWarning: `torch.cuda.amp.autocast(args...)` is deprecated. Please use `torch.amp.autocast('cuda', args...)` instead.
  with torch.cuda.amp.autocast(enabled=False):
/home/project/real_prune/VAR_train/models/var.py:220: FutureWarning: `torch.cuda.amp.autocast(args...)` is deprecated. Please use `torch.amp.autocast('cuda', args...)` instead.
  with torch.cuda.amp.autocast(enabled=False):
/home/project/real_prune/VAR_train/models/var.py:220: FutureWarning: `torch.cuda.amp.autocast(args...)` is deprecated. Please use `torch.amp.autocast('cuda', args...)` instead.
  with torch.cuda.amp.autocast(enabled=False):
/home/project/real_prune/VAR_train/models/var.py:220: FutureWarning: `torch.cuda.amp.autocast(args...)` is deprecated. Please use `torch.amp.autocast('cuda', args...)` instead.
  with torch.cuda.amp.autocast(enabled=False):
/home/project/real_prune/VAR_train/models/var.py:220: FutureWarning: `torch.cuda.amp.autocast(args...)` is deprecated. Please use `torch.amp.autocast('cuda', args...)` instead.
  with torch.cuda.amp.autocast(enabled=False):
/home/project/real_prune/VAR_train/models/var.py:220: FutureWarning: `torch.cuda.amp.autocast(args...)` is deprecated. Please use `torch.amp.autocast('cuda', args...)` instead.
  with torch.cuda.amp.autocast(enabled=False):
/home/project/real_prune/VAR_train/models/var.py:220: FutureWarning: `torch.cuda.amp.autocast(args...)` is deprecated. Please use `torch.amp.autocast('cuda', args...)` instead.
  with torch.cuda.amp.autocast(enabled=False):
[11-07 23:25:28] (/VAR_train/utils/misc.py, line 314)=> [Ep]: [   0/20]  [   0/4947]  eta: 4:49:35  tlr: 5.1e-07  tnm: 0.00  Lm: 6.151 (6.151)  Lt: 5.583 (5.583)  Accm: 4.48 (4.48)  Acct: 6.02 (6.02)  TaskL: 6.1512 (6.1512)  DistillL: 207.8385 (207.8385)  TotalL: 213.9896 (213.9896)  time: 3.5123  data: 0.2587
/root/miniconda3/envs/var/lib/python3.10/site-packages/torch/utils/data/_utils/pin_memory.py:57: DeprecationWarning: The argument 'device' of Tensor.pin_memory() is deprecated. Please do not pass this argument. (Triggered internally at /pytorch/aten/src/ATen/native/Memory.cpp:46.)
  return data.pin_memory(device)
/root/miniconda3/envs/var/lib/python3.10/site-packages/torch/utils/data/_utils/pin_memory.py:57: DeprecationWarning: The argument 'device' of Tensor.is_pinned() is deprecated. Please do not pass this argument. (Triggered internally at /pytorch/aten/src/ATen/native/Memory.cpp:31.)
  return data.pin_memory(device)
/root/miniconda3/envs/var/lib/python3.10/site-packages/torch/utils/data/_utils/pin_memory.py:57: DeprecationWarning: The argument 'device' of Tensor.pin_memory() is deprecated. Please do not pass this argument. (Triggered internally at /pytorch/aten/src/ATen/native/Memory.cpp:46.)
  return data.pin_memory(device)
/root/miniconda3/envs/var/lib/python3.10/site-packages/torch/utils/data/_utils/pin_memory.py:57: DeprecationWarning: The argument 'device' of Tensor.is_pinned() is deprecated. Please do not pass this argument. (Triggered internally at /pytorch/aten/src/ATen/native/Memory.cpp:31.)
  return data.pin_memory(device)
/root/miniconda3/envs/var/lib/python3.10/site-packages/torch/utils/data/_utils/pin_memory.py:57: DeprecationWarning: The argument 'device' of Tensor.pin_memory() is deprecated. Please do not pass this argument. (Triggered internally at /pytorch/aten/src/ATen/native/Memory.cpp:46.)
  return data.pin_memory(device)
/root/miniconda3/envs/var/lib/python3.10/site-packages/torch/utils/data/_utils/pin_memory.py:57: DeprecationWarning: The argument 'device' of Tensor.is_pinned() is deprecated. Please do not pass this argument. (Triggered internally at /pytorch/aten/src/ATen/native/Memory.cpp:31.)
  return data.pin_memory(device)
/root/miniconda3/envs/var/lib/python3.10/site-packages/torch/utils/data/_utils/pin_memory.py:57: DeprecationWarning: The argument 'device' of Tensor.pin_memory() is deprecated. Please do not pass this argument. (Triggered internally at /pytorch/aten/src/ATen/native/Memory.cpp:46.)
  return data.pin_memory(device)
/root/miniconda3/envs/var/lib/python3.10/site-packages/torch/utils/data/_utils/pin_memory.py:57: DeprecationWarning: The argument 'device' of Tensor.is_pinned() is deprecated. Please do not pass this argument. (Triggered internally at /pytorch/aten/src/ATen/native/Memory.cpp:31.)
  return data.pin_memory(device)
/root/miniconda3/envs/var/lib/python3.10/site-packages/torch/utils/data/_utils/pin_memory.py:57: DeprecationWarning: The argument 'device' of Tensor.pin_memory() is deprecated. Please do not pass this argument. (Triggered internally at /pytorch/aten/src/ATen/native/Memory.cpp:46.)
  return data.pin_memory(device)
/root/miniconda3/envs/var/lib/python3.10/site-packages/torch/utils/data/_utils/pin_memory.py:57: DeprecationWarning: The argument 'device' of Tensor.is_pinned() is deprecated. Please do not pass this argument. (Triggered internally at /pytorch/aten/src/ATen/native/Memory.cpp:31.)
  return data.pin_memory(device)
/root/miniconda3/envs/var/lib/python3.10/site-packages/torch/utils/data/_utils/pin_memory.py:57: DeprecationWarning: The argument 'device' of Tensor.pin_memory() is deprecated. Please do not pass this argument. (Triggered internally at /pytorch/aten/src/ATen/native/Memory.cpp:46.)
  return data.pin_memory(device)
/root/miniconda3/envs/var/lib/python3.10/site-packages/torch/utils/data/_utils/pin_memory.py:57: DeprecationWarning: The argument 'device' of Tensor.is_pinned() is deprecated. Please do not pass this argument. (Triggered internally at /pytorch/aten/src/ATen/native/Memory.cpp:31.)
  return data.pin_memory(device)
/root/miniconda3/envs/var/lib/python3.10/site-packages/torch/utils/data/_utils/pin_memory.py:57: DeprecationWarning: The argument 'device' of Tensor.pin_memory() is deprecated. Please do not pass this argument. (Triggered internally at /pytorch/aten/src/ATen/native/Memory.cpp:46.)
  return data.pin_memory(device)
/root/miniconda3/envs/var/lib/python3.10/site-packages/torch/utils/data/_utils/pin_memory.py:57: DeprecationWarning: The argument 'device' of Tensor.is_pinned() is deprecated. Please do not pass this argument. (Triggered internally at /pytorch/aten/src/ATen/native/Memory.cpp:31.)
  return data.pin_memory(device)
[11-07 23:43:20] (/VAR_train/utils/misc.py, line 314)=> [Ep]: [   0/20]  [1236/4947]  eta: 0:53:46  tlr: 6.3e-05  tnm: 0.00  Lm: 6.275 (6.275)  Lt: 5.652 (5.652)  Accm: 4.11 (4.11)  Acct: 5.88 (5.88)  TaskL: 6.2751 (6.2751)  DistillL: 147.2839 (147.2839)  TotalL: 153.5590 (153.5590)  time: 0.8589  data: 0.2580
[11-08 00:01:17] (/VAR_train/utils/misc.py, line 314)=> [Ep]: [   0/20]  [2473/4947]  eta: 0:35:52  tlr: 0.0001  tnm: 0.00  Lm: 6.358 (6.303)  Lt: 5.722 (5.686)  Accm: 3.87 (4.03)  Acct: 5.73 (5.74)  TaskL: 6.3581 (6.3027)  DistillL: 93.8045 (129.4575)  TotalL: 100.1626 (135.7602)  time: 0.8900  data: 0.2441
[11-08 00:19:12] (/VAR_train/utils/misc.py, line 314)=> [Ep]: [   0/20]  [3709/4947]  eta: 0:17:56  tlr: 0.0001  tnm: 0.00  Lm: 6.379 (6.369)  Lt: 5.737 (5.728)  Accm: 3.81 (3.84)  Acct: 5.60 (5.63)  TaskL: 6.3785 (6.3694)  DistillL: 90.2670 (116.7468)  TotalL: 96.6455 (123.1162)  time: 0.8665  data: 0.2491
[11-08 00:37:06] (/VAR_train/utils/misc.py, line 314)=> [Ep]: [   0/20]  [4946/4947]  eta: 0:00:00  tlr: 0.0001  tnm: 0.00  Lm: 6.399 (6.392)  Lt: 5.752 (5.757)  Accm: 3.74 (3.77)  Acct: 5.47 (5.57)  TaskL: 6.3990 (6.3923)  DistillL: 86.7294 (110.3560)  TotalL: 93.1283 (116.7483)  time: 0.8736  data: 0.2533
[11-08 00:37:06] (/VAR_train/utils/misc.py, line 336)=> [Ep]: [   0/20]   Total time:      1:11:40   (0.869 s / it)
/root/miniconda3/envs/var/lib/python3.10/site-packages/torch/distributed/distributed_c10d.py:4876: UserWarning: barrier(): using the device under current context. You can specify `device_id` in `init_process_group` to mute this warning.
  warnings.warn(  # warn only once
[11-08 00:39:35] (/distillation_trainer.py, line 355)=> [验证蒸馏] 蒸馏损失: 71.0095, Logits相似度: 0.1911
[11-08 00:39:35] (distill/train_distill.py, line 332)=>  [*] [ep0]  (val 50000)  Lm: 6.3860, Lt: 5.7132, Acc m&t: 3.85 5.91,  Val cost: 149.12s
[11-08 00:39:35] (distill/train_distill.py, line 340)=> [saving ckpt] ep1 ...     [saving ckpt](*) finished!  @ /home/project/real_prune/VAR_train/distill_d16_scale_aware_256_0.6_3_fromft20_withoutprogress/ar-ckpt-ep001.pth (best)
[11-08 00:39:40] (distill/train_distill.py, line 361)=>      [ep0]  (training )  Lm: 6.386 (6.386), Lt: 5.713 (5.713),  Acc m&t: 3.85 5.91,  Remain: 22:40:22,  Finish: 2025-11-08 23:17
[11-08 00:39:40] (/VAR_train/utils/misc.py, line 314)=> [Ep]: [   1/20]  [   0/4947]  eta: 1:11:00  tlr: 0.0001  tnm: 0.00  Lm: 6.421 (6.421)  Lt: 5.729 (5.729)  Accm: 3.75 (3.75)  Acct: 5.96 (5.96)  TaskL: 6.4207 (6.4207)  DistillL: 91.3207 (91.3207)  TotalL: 97.7414 (97.7414)  time: 0.8612  data: 0.2479
[11-08 00:57:36] (/VAR_train/utils/misc.py, line 314)=> [Ep]: [   1/20]  [1236/4947]  eta: 0:53:49  tlr: 0.0001  tnm: 0.00  Lm: 6.436 (6.436)  Lt: 5.768 (5.768)  Accm: 3.63 (3.63)  Acct: 5.73 (5.73)  TaskL: 6.4360 (6.4360)  DistillL: 89.8566 (89.8566)  TotalL: 96.2926 (96.2926)  time: 0.8758  data: 0.2406
[11-08 01:15:33] (/VAR_train/utils/misc.py, line 314)=> [Ep]: [   1/20]  [2473/4947]  eta: 0:35:53  tlr: 0.0001  tnm: 0.00  Lm: 6.438 (6.437)  Lt: 5.807 (5.786)  Accm: 3.52 (3.59)  Acct: 5.49 (5.59)  TaskL: 6.4377 (6.4366)  DistillL: 91.3207 (91.3667)  TotalL: 97.7414 (97.8033)  time: 0.8598  data: 0.2449
[11-08 01:33:25] (/VAR_train/utils/misc.py, line 314)=> [Ep]: [   1/20]  [3709/4947]  eta: 0:17:56  tlr: 9.9e-05  tnm: 0.00  Lm: 6.429 (6.418)  Lt: 5.794 (5.785)  Accm: 3.63 (3.62)  Acct: 5.51 (5.57)  TaskL: 6.4292 (6.4176)  DistillL: 90.4181 (90.9040)  TotalL: 96.8087 (97.3215)  time: 0.8571  data: 0.2535
[11-08 01:51:19] (/VAR_train/utils/misc.py, line 314)=> [Ep]: [   1/20]  [4946/4947]  eta: 0:00:00  tlr: 9.8e-05  tnm: 0.00  Lm: 6.421 (6.418)  Lt: 5.781 (5.784)  Accm: 3.63 (3.63)  Acct: 5.52 (5.57)  TaskL: 6.4208 (6.4182)  DistillL: 90.0585 (90.7349)  TotalL: 96.4793 (97.1531)  time: 0.8716  data: 0.2555
[11-08 01:51:19] (/VAR_train/utils/misc.py, line 336)=> [Ep]: [   1/20]   Total time:      1:11:39   (0.869 s / it)
[11-08 01:53:44] (/distillation_trainer.py, line 355)=> [验证蒸馏] 蒸馏损失: 69.7632, Logits相似度: 0.1912
[11-08 01:53:44] (distill/train_distill.py, line 332)=>  [*] [ep1]  (val 50000)  Lm: 6.4275, Lt: 5.7636, Acc m&t: 3.69 5.80,  Val cost: 145.01s
[11-08 01:53:44] (distill/train_distill.py, line 340)=> [saving ckpt] ep2 ...     [saving ckpt](*) finished!  @ /home/project/real_prune/VAR_train/distill_d16_scale_aware_256_0.6_3_fromft20_withoutprogress/ar-ckpt-ep002.pth
[11-08 01:53:49] (distill/train_distill.py, line 361)=>      [ep1]  (training )  Lm: 6.386 (6.428), Lt: 5.713 (5.764),  Acc m&t: 3.85 5.91,  Remain: 21:10:43,  Finish: 2025-11-08 23:02
[11-08 01:53:50] (/VAR_train/utils/misc.py, line 314)=> [Ep]: [   2/20]  [   0/4947]  eta: 1:11:11  tlr: 9.8e-05  tnm: 0.00  Lm: 6.439 (6.439)  Lt: 5.737 (5.737)  Accm: 3.79 (3.79)  Acct: 6.39 (6.39)  TaskL: 6.4391 (6.4391)  DistillL: 88.9393 (88.9393)  TotalL: 95.3784 (95.3784)  time: 0.8635  data: 0.2555
[11-08 02:11:48] (/VAR_train/utils/misc.py, line 314)=> [Ep]: [   2/20]  [1236/4947]  eta: 0:53:55  tlr: 9.7e-05  tnm: 0.00  Lm: 6.464 (6.464)  Lt: 5.804 (5.804)  Accm: 3.52 (3.52)  Acct: 5.58 (5.58)  TaskL: 6.4639 (6.4639)  DistillL: 83.3956 (83.3956)  TotalL: 89.8595 (89.8595)  time: 0.8770  data: 0.2580
[11-08 02:29:43] (/VAR_train/utils/misc.py, line 314)=> [Ep]: [   2/20]  [2473/4947]  eta: 0:35:54  tlr: 9.6e-05  tnm: 0.00  Lm: 6.443 (6.457)  Lt: 5.808 (5.805)  Accm: 3.65 (3.57)  Acct: 5.47 (5.55)  TaskL: 6.4434 (6.4570)  DistillL: 88.9393 (86.0990)  TotalL: 95.3784 (92.5561)  time: 0.8602  data: 0.2541
[11-08 02:47:36] (/VAR_train/utils/misc.py, line 314)=> [Ep]: [   2/20]  [3709/4947]  eta: 0:17:56  tlr: 9.4e-05  tnm: 0.00  Lm: 6.441 (6.434)  Lt: 5.778 (5.791)  Accm: 3.72 (3.75)  Acct: 5.83 (5.71)  TaskL: 6.4413 (6.4341)  DistillL: 87.3766 (86.0278)  TotalL: 93.7788 (92.4618)  time: 0.8735  data: 0.2378
[11-08 03:05:32] (/VAR_train/utils/misc.py, line 314)=> [Ep]: [   2/20]  [4946/4947]  eta: 0:00:00  tlr: 9.3e-05  tnm: 0.00  Lm: 6.443 (6.439)  Lt: 5.787 (5.790)  Accm: 3.68 (3.73)  Acct: 5.80 (5.73)  TaskL: 6.4434 (6.4389)  DistillL: 85.8140 (84.5947)  TotalL: 92.1791 (91.0335)  time: 0.8816  data: 0.2463
[11-08 03:05:32] (/VAR_train/utils/misc.py, line 336)=> [Ep]: [   2/20]   Total time:      1:11:42   (0.870 s / it)
[11-08 03:07:57] (/distillation_trainer.py, line 355)=> [验证蒸馏] 蒸馏损失: 67.8037, Logits相似度: 0.1913
[11-08 03:07:57] (distill/train_distill.py, line 332)=>  [*] [ep2]  (val 50000)  Lm: 6.4484, Lt: 5.7715, Acc m&t: 3.64 5.68,  Val cost: 144.92s
[11-08 03:07:57] (distill/train_distill.py, line 340)=> [saving ckpt] ep3 ...     [saving ckpt](*) finished!  @ /home/project/real_prune/VAR_train/distill_d16_scale_aware_256_0.6_3_fromft20_withoutprogress/ar-ckpt-ep003.pth
[11-08 03:08:02] (distill/train_distill.py, line 361)=>      [ep2]  (training )  Lm: 6.386 (6.448), Lt: 5.713 (5.771),  Acc m&t: 3.85 5.91,  Remain: 19:59:50,  Finish: 2025-11-08 23:05
[11-08 03:08:03] (/VAR_train/utils/misc.py, line 314)=> [Ep]: [   3/20]  [   0/4947]  eta: 1:13:45  tlr: 9.3e-05  tnm: 0.00  Lm: 6.447 (6.447)  Lt: 5.769 (5.769)  Accm: 3.66 (3.66)  Acct: 5.76 (5.76)  TaskL: 6.4473 (6.4473)  DistillL: 81.3725 (81.3725)  TotalL: 87.8198 (87.8198)  time: 0.8946  data: 0.2545
[11-08 03:25:59] (/VAR_train/utils/misc.py, line 314)=> [Ep]: [   3/20]  [1236/4947]  eta: 0:53:51  tlr: 9.2e-05  tnm: 0.00  Lm: 6.386 (6.386)  Lt: 5.738 (5.738)  Accm: 3.87 (3.87)  Acct: 5.93 (5.93)  TaskL: 6.3863 (6.3863)  DistillL: 82.5023 (82.5023)  TotalL: 88.8886 (88.8886)  time: 0.8903  data: 0.2439
[11-08 03:43:51] (/VAR_train/utils/misc.py, line 314)=> [Ep]: [   3/20]  [2473/4947]  eta: 0:35:48  tlr: 9.1e-05  tnm: 0.00  Lm: 6.421 (6.398)  Lt: 5.707 (5.709)  Accm: 3.68 (3.80)  Acct: 6.05 (5.97)  TaskL: 6.4207 (6.3978)  DistillL: 82.0144 (82.3396)  TotalL: 88.4350 (88.7374)  time: 0.8767  data: 0.2482
[11-08 04:01:45] (/VAR_train/utils/misc.py, line 314)=> [Ep]: [   3/20]  [3709/4947]  eta: 0:17:55  tlr: 9e-05  tnm: 0.00  Lm: 6.434 (6.430)  Lt: 5.735 (5.723)  Accm: 3.67 (3.66)  Acct: 5.91 (5.81)  TaskL: 6.4340 (6.4297)  DistillL: 81.6934 (81.0596)  TotalL: 88.1274 (87.4893)  time: 0.8845  data: 0.2596
[11-08 04:19:39] (/VAR_train/utils/misc.py, line 314)=> [Ep]: [   3/20]  [4946/4947]  eta: 0:00:00  tlr: 8.8e-05  tnm: 0.00  Lm: 6.447 (6.441)  Lt: 5.764 (5.734)  Accm: 3.66 (3.57)  Acct: 5.76 (5.70)  TaskL: 6.4473 (6.4415)  DistillL: 82.0144 (81.2973)  TotalL: 88.4350 (87.7388)  time: 0.8715  data: 0.2582
[11-08 04:19:39] (/VAR_train/utils/misc.py, line 336)=> [Ep]: [   3/20]   Total time:      1:11:36   (0.869 s / it)
[11-08 04:22:04] (/distillation_trainer.py, line 355)=> [验证蒸馏] 蒸馏损失: 66.2927, Logits相似度: 0.1914
[11-08 04:22:04] (distill/train_distill.py, line 332)=>  [*] [ep3]  (val 50000)  Lm: 6.4434, Lt: 5.7674, Acc m&t: 3.59 5.64,  Val cost: 145.52s
[11-08 04:22:04] (distill/train_distill.py, line 340)=> [saving ckpt] ep4 ...     [saving ckpt](*) finished!  @ /home/project/real_prune/VAR_train/distill_d16_scale_aware_256_0.6_3_fromft20_withoutprogress/ar-ckpt-ep004.pth
[11-08 04:22:09] (distill/train_distill.py, line 361)=>      [ep3]  (training )  Lm: 6.386 (6.443), Lt: 5.713 (5.767),  Acc m&t: 3.85 5.91,  Remain: 18:50:45,  Finish: 2025-11-08 23:10
[11-08 04:22:10] (/VAR_train/utils/misc.py, line 314)=> [Ep]: [   4/20]  [   0/4947]  eta: 1:15:10  tlr: 8.8e-05  tnm: 0.00  Lm: 6.439 (6.439)  Lt: 5.846 (5.846)  Accm: 3.39 (3.39)  Acct: 5.29 (5.29)  TaskL: 6.4388 (6.4388)  DistillL: 86.0253 (86.0253)  TotalL: 92.4640 (92.4640)  time: 0.9119  data: 0.3462
[11-08 04:40:03] (/VAR_train/utils/misc.py, line 314)=> [Ep]: [   4/20]  [1236/4947]  eta: 0:53:42  tlr: 8.7e-05  tnm: 0.00  Lm: 6.424 (6.424)  Lt: 5.772 (5.772)  Accm: 3.54 (3.54)  Acct: 5.52 (5.52)  TaskL: 6.4243 (6.4243)  DistillL: 84.6733 (84.6733)  TotalL: 91.0976 (91.0976)  time: 0.8764  data: 0.2506
[11-08 04:57:56] (/VAR_train/utils/misc.py, line 314)=> [Ep]: [   4/20]  [2473/4947]  eta: 0:35:46  tlr: 8.6e-05  tnm: 0.00  Lm: 6.410 (6.413)  Lt: 5.779 (5.774)  Accm: 3.65 (3.57)  Acct: 5.29 (5.43)  TaskL: 6.4099 (6.4133)  DistillL: 86.0253 (86.3769)  TotalL: 92.4640 (92.7903)  time: 0.8683  data: 0.2401
[11-08 05:15:48] (/VAR_train/utils/misc.py, line 314)=> [Ep]: [   4/20]  [3709/4947]  eta: 0:17:54  tlr: 8.5e-05  tnm: 0.00  Lm: 6.424 (6.420)  Lt: 5.738 (5.752)  Accm: 3.66 (3.62)  Acct: 5.52 (5.65)  TaskL: 6.4243 (6.4203)  DistillL: 84.6733 (85.0438)  TotalL: 91.0976 (91.4642)  time: 0.8862  data: 0.2502
[11-08 05:33:44] (/VAR_train/utils/misc.py, line 314)=> [Ep]: [   4/20]  [4946/4947]  eta: 0:00:00  tlr: 8.3e-05  tnm: 0.00  Lm: 6.439 (6.430)  Lt: 5.778 (5.757)  Accm: 3.65 (3.58)  Acct: 5.74 (5.68)  TaskL: 6.4388 (6.4302)  DistillL: 83.7596 (84.7870)  TotalL: 90.2294 (91.2172)  time: 0.8708  data: 0.2500
[11-08 05:33:44] (/VAR_train/utils/misc.py, line 336)=> [Ep]: [   4/20]   Total time:      1:11:34   (0.868 s / it)
[11-08 05:36:09] (/distillation_trainer.py, line 355)=> [验证蒸馏] 蒸馏损失: 65.3918, Logits相似度: 0.1917
[11-08 05:36:09] (distill/train_distill.py, line 332)=>  [*] [ep4]  (val 50000)  Lm: 6.4349, Lt: 5.7707, Acc m&t: 3.65 5.66,  Val cost: 144.67s
[11-08 05:36:09] (distill/train_distill.py, line 340)=> [saving ckpt] ep5 ...     [saving ckpt](*) finished!  @ /home/project/real_prune/VAR_train/distill_d16_scale_aware_256_0.6_3_fromft20_withoutprogress/ar-ckpt-ep005.pth (best)
[11-08 05:36:16] (distill/train_distill.py, line 361)=>      [ep4]  (training )  Lm: 6.386 (6.435), Lt: 5.713 (5.771),  Acc m&t: 3.85 5.91,  Remain: 17:49:35,  Finish: 2025-11-08 23:23
[11-08 05:36:17] (/VAR_train/utils/misc.py, line 314)=> [Ep]: [   5/20]  [   0/4947]  eta: 1:17:40  tlr: 8.3e-05  tnm: 0.00  Lm: 6.461 (6.461)  Lt: 5.812 (5.812)  Accm: 3.59 (3.59)  Acct: 5.80 (5.80)  TaskL: 6.4612 (6.4612)  DistillL: 81.2567 (81.2567)  TotalL: 87.7179 (87.7179)  time: 0.9421  data: 0.3772
[11-08 05:54:11] (/VAR_train/utils/misc.py, line 314)=> [Ep]: [   5/20]  [1236/4947]  eta: 0:53:43  tlr: 8.2e-05  tnm: 0.00  Lm: 6.467 (6.467)  Lt: 5.794 (5.794)  Accm: 3.54 (3.54)  Acct: 5.65 (5.65)  TaskL: 6.4665 (6.4665)  DistillL: 78.6775 (78.6775)  TotalL: 85.1440 (85.1440)  time: 0.8660  data: 0.2435
[11-08 06:12:03] (/VAR_train/utils/misc.py, line 314)=> [Ep]: [   5/20]  [2473/4947]  eta: 0:35:46  tlr: 8.1e-05  tnm: 0.00  Lm: 6.472 (6.479)  Lt: 5.777 (5.781)  Accm: 3.49 (3.51)  Acct: 5.80 (5.70)  TaskL: 6.4718 (6.4785)  DistillL: 79.3861 (78.9137)  TotalL: 85.8885 (85.3922)  time: 0.8621  data: 0.2419
[11-08 06:29:55] (/VAR_train/utils/misc.py, line 314)=> [Ep]: [   5/20]  [3709/4947]  eta: 0:17:53  tlr: 8e-05  tnm: 0.00  Lm: 6.469 (6.475)  Lt: 5.779 (5.781)  Accm: 3.54 (3.53)  Acct: 5.78 (5.71)  TaskL: 6.4691 (6.4754)  DistillL: 80.3214 (79.6543)  TotalL: 86.8032 (86.1297)  time: 0.8654  data: 0.2462
[11-08 06:47:46] (/VAR_train/utils/misc.py, line 314)=> [Ep]: [   5/20]  [4946/4947]  eta: 0:00:00  tlr: 7.9e-05  tnm: 0.00  Lm: 6.466 (6.454)  Lt: 5.777 (5.762)  Accm: 3.59 (3.63)  Acct: 5.80 (5.77)  TaskL: 6.4663 (6.4542)  DistillL: 81.2567 (81.1896)  TotalL: 87.7179 (87.6438)  time: 0.8716  data: 0.2462
[11-08 06:47:46] (/VAR_train/utils/misc.py, line 336)=> [Ep]: [   5/20]   Total time:      1:11:29   (0.867 s / it)
[11-08 06:50:11] (/distillation_trainer.py, line 355)=> [验证蒸馏] 蒸馏损失: 64.5566, Logits相似度: 0.1916
[11-08 06:50:11] (distill/train_distill.py, line 332)=>  [*] [ep5]  (val 50000)  Lm: 6.4441, Lt: 5.7614, Acc m&t: 3.63 5.75,  Val cost: 145.01s
[11-08 06:50:11] (distill/train_distill.py, line 340)=> [saving ckpt] ep6 ...     [saving ckpt](*) finished!  @ /home/project/real_prune/VAR_train/distill_d16_scale_aware_256_0.6_3_fromft20_withoutprogress/ar-ckpt-ep006.pth
[11-08 06:50:16] (distill/train_distill.py, line 361)=>      [ep5]  (training )  Lm: 6.386 (6.444), Lt: 5.713 (5.761),  Acc m&t: 3.85 5.91,  Remain: 16:45:12,  Finish: 2025-11-08 23:32
[11-08 06:50:17] (/VAR_train/utils/misc.py, line 314)=> [Ep]: [   6/20]  [   0/4947]  eta: 1:09:08  tlr: 7.9e-05  tnm: 0.00  Lm: 6.400 (6.400)  Lt: 5.689 (5.689)  Accm: 3.81 (3.81)  Acct: 5.76 (5.76)  TaskL: 6.4003 (6.4003)  DistillL: 82.2687 (82.2687)  TotalL: 88.6689 (88.6689)  time: 0.8386  data: 0.2473
[11-08 07:08:08] (/VAR_train/utils/misc.py, line 314)=> [Ep]: [   6/20]  [1236/4947]  eta: 0:53:35  tlr: 7.7e-05  tnm: 0.00  Lm: 6.453 (6.453)  Lt: 5.776 (5.776)  Accm: 3.54 (3.54)  Acct: 5.42 (5.42)  TaskL: 6.4534 (6.4534)  DistillL: 77.4779 (77.4779)  TotalL: 83.9313 (83.9313)  time: 0.8651  data: 0.2517
[11-08 07:26:02] (/VAR_train/utils/misc.py, line 314)=> [Ep]: [   6/20]  [2473/4947]  eta: 0:35:45  tlr: 7.6e-05  tnm: 0.00  Lm: 6.488 (6.465)  Lt: 5.771 (5.775)  Accm: 3.36 (3.48)  Acct: 5.76 (5.54)  TaskL: 6.4881 (6.4649)  DistillL: 78.3123 (77.7560)  TotalL: 84.8003 (84.2210)  time: 0.8832  data: 0.2547
[11-08 07:43:53] (/VAR_train/utils/misc.py, line 314)=> [Ep]: [   6/20]  [3709/4947]  eta: 0:17:53  tlr: 7.5e-05  tnm: 0.00  Lm: 6.492 (6.473)  Lt: 5.783 (5.780)  Accm: 3.40 (3.47)  Acct: 5.65 (5.53)  TaskL: 6.4922 (6.4728)  DistillL: 76.5128 (76.9953)  TotalL: 83.0050 (83.4682)  time: 0.8601  data: 0.2424
[11-08 08:01:47] (/VAR_train/utils/misc.py, line 314)=> [Ep]: [   6/20]  [4946/4947]  eta: 0:00:00  tlr: 7.4e-05  tnm: 0.00  Lm: 6.496 (6.482)  Lt: 5.795 (5.790)  Accm: 3.36 (3.40)  Acct: 5.53 (5.48)  TaskL: 6.4964 (6.4817)  DistillL: 75.9559 (76.7875)  TotalL: 82.4733 (83.2692)  time: 0.8689  data: 0.2444
[11-08 08:01:47] (/VAR_train/utils/misc.py, line 336)=> [Ep]: [   6/20]   Total time:      1:11:30   (0.867 s / it)
[11-08 08:04:12] (/distillation_trainer.py, line 355)=> [验证蒸馏] 蒸馏损失: 63.5138, Logits相似度: 0.1918
[11-08 08:04:12] (distill/train_distill.py, line 332)=>  [*] [ep6]  (val 50000)  Lm: 6.4417, Lt: 5.7579, Acc m&t: 3.61 5.70,  Val cost: 144.71s
[11-08 08:04:12] (distill/train_distill.py, line 340)=> [saving ckpt] ep7 ...     [saving ckpt](*) finished!  @ /home/project/real_prune/VAR_train/distill_d16_scale_aware_256_0.6_3_fromft20_withoutprogress/ar-ckpt-ep007.pth
[11-08 08:04:16] (distill/train_distill.py, line 361)=>      [ep6]  (training )  Lm: 6.386 (6.442), Lt: 5.713 (5.758),  Acc m&t: 3.85 5.91,  Remain: 15:33:52,  Finish: 2025-11-08 23:35
[11-08 08:04:17] (/VAR_train/utils/misc.py, line 314)=> [Ep]: [   7/20]  [   0/4947]  eta: 1:09:13  tlr: 7.4e-05  tnm: 0.00  Lm: 6.493 (6.493)  Lt: 5.863 (5.863)  Accm: 3.59 (3.59)  Acct: 5.41 (5.41)  TaskL: 6.4931 (6.4931)  DistillL: 69.3334 (69.3334)  TotalL: 75.8265 (75.8265)  time: 0.8395  data: 0.2595
[11-08 08:22:08] (/VAR_train/utils/misc.py, line 314)=> [Ep]: [   7/20]  [1236/4947]  eta: 0:53:36  tlr: 7.2e-05  tnm: 0.00  Lm: 6.509 (6.509)  Lt: 5.820 (5.820)  Accm: 3.48 (3.48)  Acct: 5.50 (5.50)  TaskL: 6.5095 (6.5095)  DistillL: 72.3116 (72.3116)  TotalL: 78.8211 (78.8211)  time: 0.8587  data: 0.2445
[11-08 08:40:00] (/VAR_train/utils/misc.py, line 314)=> [Ep]: [   7/20]  [2473/4947]  eta: 0:35:43  tlr: 7.1e-05  tnm: 0.00  Lm: 6.493 (6.477)  Lt: 5.776 (5.765)  Accm: 3.53 (3.49)  Acct: 5.60 (5.69)  TaskL: 6.4931 (6.4773)  DistillL: 75.2898 (75.3483)  TotalL: 81.8157 (81.8256)  time: 0.8650  data: 0.2486
[11-08 08:57:53] (/VAR_train/utils/misc.py, line 314)=> [Ep]: [   7/20]  [3709/4947]  eta: 0:17:53  tlr: 7e-05  tnm: 0.00  Lm: 6.476 (6.473)  Lt: 5.784 (5.771)  Accm: 3.48 (3.48)  Acct: 5.50 (5.60)  TaskL: 6.4765 (6.4730)  DistillL: 77.1574 (76.2675)  TotalL: 83.6503 (82.7404)  time: 0.8457  data: 0.2477
[11-08 09:15:43] (/VAR_train/utils/misc.py, line 314)=> [Ep]: [   7/20]  [4946/4947]  eta: 0:00:00  tlr: 6.9e-05  tnm: 0.00  Lm: 6.460 (6.441)  Lt: 5.776 (5.771)  Accm: 3.53 (3.68)  Acct: 5.60 (5.63)  TaskL: 6.4599 (6.4406)  DistillL: 79.0249 (77.4624)  TotalL: 85.4849 (83.9030)  time: 0.8563  data: 0.2504
[11-08 09:15:43] (/VAR_train/utils/misc.py, line 336)=> [Ep]: [   7/20]   Total time:      1:11:26   (0.866 s / it)
[11-08 09:18:08] (/distillation_trainer.py, line 355)=> [验证蒸馏] 蒸馏损失: 62.9095, Logits相似度: 0.1918
[11-08 09:18:08] (distill/train_distill.py, line 332)=>  [*] [ep7]  (val 50000)  Lm: 6.4200, Lt: 5.7539, Acc m&t: 3.69 5.75,  Val cost: 145.10s
[11-08 09:18:08] (distill/train_distill.py, line 340)=> [saving ckpt] ep8 ...     [saving ckpt](*) finished!  @ /home/project/real_prune/VAR_train/distill_d16_scale_aware_256_0.6_3_fromft20_withoutprogress/ar-ckpt-ep008.pth (best)
[11-08 09:18:16] (distill/train_distill.py, line 361)=>      [ep7]  (training )  Lm: 6.386 (6.420), Lt: 5.713 (5.754),  Acc m&t: 3.85 5.91,  Remain: 14:11:05,  Finish: 2025-11-08 23:26
[11-08 09:18:17] (/VAR_train/utils/misc.py, line 314)=> [Ep]: [   8/20]  [   0/4947]  eta: 1:15:21  tlr: 6.9e-05  tnm: 0.00  Lm: 6.386 (6.386)  Lt: 5.695 (5.695)  Accm: 3.69 (3.69)  Acct: 5.93 (5.93)  TaskL: 6.3864 (6.3864)  DistillL: 82.5197 (82.5197)  TotalL: 88.9061 (88.9061)  time: 0.9141  data: 0.2496
[11-08 09:36:09] (/VAR_train/utils/misc.py, line 314)=> [Ep]: [   8/20]  [1236/4947]  eta: 0:53:39  tlr: 6.8e-05  tnm: 0.00  Lm: 6.383 (6.383)  Lt: 5.700 (5.700)  Accm: 3.74 (3.74)  Acct: 5.87 (5.87)  TaskL: 6.3825 (6.3825)  DistillL: 78.4413 (78.4413)  TotalL: 84.8238 (84.8238)  time: 0.8709  data: 0.2484
[11-08 09:54:01] (/VAR_train/utils/misc.py, line 314)=> [Ep]: [   8/20]  [2473/4947]  eta: 0:35:45  tlr: 6.6e-05  tnm: 0.00  Lm: 6.379 (6.373)  Lt: 5.695 (5.687)  Accm: 3.80 (3.83)  Acct: 5.93 (6.05)  TaskL: 6.3787 (6.3732)  DistillL: 82.5197 (80.7303)  TotalL: 88.9061 (87.1035)  time: 0.8833  data: 0.2515
[11-08 10:11:53] (/VAR_train/utils/misc.py, line 314)=> [Ep]: [   8/20]  [3709/4947]  eta: 0:17:53  tlr: 6.5e-05  tnm: 0.00  Lm: 6.383 (6.387)  Lt: 5.700 (5.696)  Accm: 3.74 (3.78)  Acct: 5.87 (5.96)  TaskL: 6.3825 (6.3866)  DistillL: 79.5674 (79.7015)  TotalL: 85.9740 (86.0881)  time: 0.8717  data: 0.2537
[11-08 10:29:44] (/VAR_train/utils/misc.py, line 314)=> [Ep]: [   8/20]  [4946/4947]  eta: 0:00:00  tlr: 6.4e-05  tnm: 0.00  Lm: 6.386 (6.394)  Lt: 5.705 (5.712)  Accm: 3.69 (3.71)  Acct: 5.81 (5.83)  TaskL: 6.3864 (6.3943)  DistillL: 77.8274 (79.3267)  TotalL: 84.2527 (85.7210)  time: 0.8548  data: 0.2455
[11-08 10:29:44] (/VAR_train/utils/misc.py, line 336)=> [Ep]: [   8/20]   Total time:      1:11:28   (0.867 s / it)
[11-08 10:32:10] (/distillation_trainer.py, line 355)=> [验证蒸馏] 蒸馏损失: 61.8457, Logits相似度: 0.1920
[11-08 10:32:10] (distill/train_distill.py, line 332)=>  [*] [ep8]  (val 50000)  Lm: 6.4124, Lt: 5.7546, Acc m&t: 3.78 5.84,  Val cost: 145.71s
[11-08 10:32:10] (distill/train_distill.py, line 340)=> [saving ckpt] ep9 ...     [saving ckpt](*) finished!  @ /home/project/real_prune/VAR_train/distill_d16_scale_aware_256_0.6_3_fromft20_withoutprogress/ar-ckpt-ep009.pth (best)
[11-08 10:32:18] (distill/train_distill.py, line 361)=>      [ep8]  (training )  Lm: 6.386 (6.412), Lt: 5.713 (5.755),  Acc m&t: 3.85 5.91,  Remain: 12:47:22,  Finish: 2025-11-08 23:17
[11-08 10:32:19] (/VAR_train/utils/misc.py, line 314)=> [Ep]: [   9/20]  [   0/4947]  eta: 1:18:54  tlr: 6.4e-05  tnm: 0.00  Lm: 6.367 (6.367)  Lt: 5.689 (5.689)  Accm: 3.91 (3.91)  Acct: 6.03 (6.03)  TaskL: 6.3667 (6.3667)  DistillL: 76.4865 (76.4865)  TotalL: 82.8532 (82.8532)  time: 0.9570  data: 0.2619
[11-08 10:50:09] (/VAR_train/utils/misc.py, line 314)=> [Ep]: [   9/20]  [1236/4947]  eta: 0:53:33  tlr: 6.3e-05  tnm: 0.00  Lm: 6.429 (6.429)  Lt: 5.789 (5.789)  Accm: 3.63 (3.63)  Acct: 5.65 (5.65)  TaskL: 6.4287 (6.4287)  DistillL: 74.4294 (74.4294)  TotalL: 80.8581 (80.8581)  time: 0.8703  data: 0.2426
[11-08 11:08:00] (/VAR_train/utils/misc.py, line 314)=> [Ep]: [   9/20]  [2473/4947]  eta: 0:35:42  tlr: 6.1e-05  tnm: 0.00  Lm: 6.446 (6.434)  Lt: 5.835 (5.805)  Accm: 3.47 (3.58)  Acct: 5.35 (5.55)  TaskL: 6.4459 (6.4344)  DistillL: 75.1676 (74.6755)  TotalL: 81.6135 (81.1099)  time: 0.8482  data: 0.2465
[11-08 11:25:53] (/VAR_train/utils/misc.py, line 314)=> [Ep]: [   9/20]  [3709/4947]  eta: 0:17:53  tlr: 6e-05  tnm: 0.00  Lm: 6.431 (6.430)  Lt: 5.788 (5.789)  Accm: 3.65 (3.64)  Acct: 5.68 (5.67)  TaskL: 6.4309 (6.4298)  DistillL: 75.8270 (76.8736)  TotalL: 82.2334 (83.3034)  time: 0.8697  data: 0.2436
[11-08 11:43:45] (/VAR_train/utils/misc.py, line 314)=> [Ep]: [   9/20]  [4946/4947]  eta: 0:00:00  tlr: 5.9e-05  tnm: 0.00  Lm: 6.446 (6.433)  Lt: 5.741 (5.779)  Accm: 3.55 (3.63)  Acct: 5.48 (5.63)  TaskL: 6.4459 (6.4333)  DistillL: 75.4224 (76.5834)  TotalL: 81.8696 (83.0166)  time: 0.8652  data: 0.2476
[11-08 11:43:45] (/VAR_train/utils/misc.py, line 336)=> [Ep]: [   9/20]   Total time:      1:11:27   (0.867 s / it)
[11-08 11:46:11] (/distillation_trainer.py, line 355)=> [验证蒸馏] 蒸馏损失: 60.9958, Logits相似度: 0.1920
[11-08 11:46:11] (distill/train_distill.py, line 332)=>  [*] [ep9]  (val 50000)  Lm: 6.4198, Lt: 5.7476, Acc m&t: 3.71 5.80,  Val cost: 145.31s
[11-08 11:46:11] (distill/train_distill.py, line 340)=> [saving ckpt] ep10 ...     [saving ckpt](*) finished!  @ /home/project/real_prune/VAR_train/distill_d16_scale_aware_256_0.6_3_fromft20_withoutprogress/ar-ckpt-ep010.pth (best)
[11-08 11:46:19] (distill/train_distill.py, line 361)=>      [ep9]  (training )  Lm: 6.386 (6.420), Lt: 5.713 (5.748),  Acc m&t: 3.85 5.91,  Remain: 11:46:42,  Finish: 2025-11-08 23:30
[11-08 11:46:20] (/VAR_train/utils/misc.py, line 314)=> [Ep]: [  10/20]  [   0/4947]  eta: 1:28:53  tlr: 5.9e-05  tnm: 0.00  Lm: 6.328 (6.328)  Lt: 5.662 (5.662)  Accm: 4.26 (4.26)  Acct: 6.06 (6.06)  TaskL: 6.3281 (6.3281)  DistillL: 84.5759 (84.5759)  TotalL: 90.9040 (90.9040)  time: 1.0782  data: 0.5130
[11-08 12:04:07] (/VAR_train/utils/misc.py, line 314)=> [Ep]: [  10/20]  [1236/4947]  eta: 0:53:25  tlr: 5.8e-05  tnm: 0.00  Lm: 6.296 (6.296)  Lt: 5.662 (5.662)  Accm: 4.46 (4.46)  Acct: 6.35 (6.35)  TaskL: 6.2957 (6.2957)  DistillL: 83.0244 (83.0244)  TotalL: 89.3201 (89.3201)  time: 0.8772  data: 0.2455
[11-08 12:21:58] (/VAR_train/utils/misc.py, line 314)=> [Ep]: [  10/20]  [2473/4947]  eta: 0:35:39  tlr: 5.7e-05  tnm: 0.00  Lm: 6.328 (6.355)  Lt: 5.662 (5.688)  Accm: 4.26 (4.09)  Acct: 6.06 (6.07)  TaskL: 6.3281 (6.3552)  DistillL: 81.4728 (82.3256)  TotalL: 87.7361 (88.6809)  time: 0.8601  data: 0.2365
[11-08 12:39:49] (/VAR_train/utils/misc.py, line 314)=> [Ep]: [  10/20]  [3709/4947]  eta: 0:17:51  tlr: 5.5e-05  tnm: 0.00  Lm: 6.374 (6.372)  Lt: 5.701 (5.708)  Accm: 3.93 (3.97)  Acct: 5.89 (5.98)  TaskL: 6.3745 (6.3716)  DistillL: 81.2005 (81.7046)  TotalL: 87.5693 (88.0763)  time: 0.8496  data: 0.2463
[11-08 12:57:44] (/VAR_train/utils/misc.py, line 314)=> [Ep]: [  10/20]  [4946/4947]  eta: 0:00:00  tlr: 5.4e-05  tnm: 0.00  Lm: 6.421 (6.387)  Lt: 5.741 (5.715)  Accm: 3.61 (3.88)  Acct: 5.76 (5.94)  TaskL: 6.4208 (6.3868)  DistillL: 80.9282 (80.1627)  TotalL: 87.4025 (86.5495)  time: 0.8679  data: 0.2392
[11-08 12:57:44] (/VAR_train/utils/misc.py, line 336)=> [Ep]: [  10/20]   Total time:      1:11:24   (0.866 s / it)
[11-08 13:00:09] (/distillation_trainer.py, line 355)=> [验证蒸馏] 蒸馏损失: 60.4264, Logits相似度: 0.1921
[11-08 13:00:09] (distill/train_distill.py, line 332)=>  [*] [ep10]  (val 50000)  Lm: 6.4323, Lt: 5.7646, Acc m&t: 3.66 5.69,  Val cost: 145.04s
[11-08 13:00:09] (distill/train_distill.py, line 340)=> [saving ckpt] ep11 ...     [saving ckpt](*) finished!  @ /home/project/real_prune/VAR_train/distill_d16_scale_aware_256_0.6_3_fromft20_withoutprogress/ar-ckpt-ep011.pth (best)
[11-08 13:00:17] (distill/train_distill.py, line 361)=>      [ep10]  (training )  Lm: 6.386 (6.432), Lt: 5.713 (5.765),  Acc m&t: 3.85 5.91,  Remain: 10:43:54,  Finish: 2025-11-08 23:41
[11-08 13:00:18] (/VAR_train/utils/misc.py, line 314)=> [Ep]: [  11/20]  [   0/4947]  eta: 1:09:41  tlr: 5.4e-05  tnm: 0.00  Lm: 6.559 (6.559)  Lt: 5.848 (5.848)  Accm: 3.20 (3.20)  Acct: 5.16 (5.16)  TaskL: 6.5588 (6.5588)  DistillL: 68.9043 (68.9043)  TotalL: 75.4632 (75.4632)  time: 0.8453  data: 0.2799
[11-08 13:18:09] (/VAR_train/utils/misc.py, line 314)=> [Ep]: [  11/20]  [1236/4947]  eta: 0:53:38  tlr: 5.3e-05  tnm: 0.00  Lm: 6.483 (6.483)  Lt: 5.812 (5.812)  Accm: 3.43 (3.43)  Acct: 5.30 (5.30)  TaskL: 6.4832 (6.4832)  DistillL: 75.2270 (75.2270)  TotalL: 81.7101 (81.7101)  time: 0.8627  data: 0.2507
[11-08 13:35:58] (/VAR_train/utils/misc.py, line 314)=> [Ep]: [  11/20]  [2473/4947]  eta: 0:35:40  tlr: 5.2e-05  tnm: 0.00  Lm: 6.408 (6.450)  Lt: 5.775 (5.756)  Accm: 3.65 (3.60)  Acct: 5.44 (5.66)  TaskL: 6.4075 (6.4497)  DistillL: 74.8977 (75.1172)  TotalL: 81.2806 (81.5669)  time: 0.8559  data: 0.2445
[11-08 13:53:49] (/VAR_train/utils/misc.py, line 314)=> [Ep]: [  11/20]  [3709/4947]  eta: 0:17:51  tlr: 5e-05  tnm: 0.00  Lm: 6.447 (6.459)  Lt: 5.779 (5.762)  Accm: 3.61 (3.60)  Acct: 5.62 (5.69)  TaskL: 6.4472 (6.4590)  DistillL: 75.0992 (75.1631)  TotalL: 81.5340 (81.6221)  time: 0.8721  data: 0.2603
[11-08 14:11:41] (/VAR_train/utils/misc.py, line 314)=> [Ep]: [  11/20]  [4946/4947]  eta: 0:00:00  tlr: 4.9e-05  tnm: 0.00  Lm: 6.434 (6.454)  Lt: 5.782 (5.779)  Accm: 3.57 (3.58)  Acct: 5.44 (5.60)  TaskL: 6.4339 (6.4540)  DistillL: 74.8977 (74.7726)  TotalL: 81.2806 (81.2266)  time: 0.8655  data: 0.2364
[11-08 14:11:41] (/VAR_train/utils/misc.py, line 336)=> [Ep]: [  11/20]   Total time:      1:11:24   (0.866 s / it)
[11-08 14:14:07] (/distillation_trainer.py, line 355)=> [验证蒸馏] 蒸馏损失: 59.7843, Logits相似度: 0.1922
[11-08 14:14:07] (distill/train_distill.py, line 332)=>  [*] [ep11]  (val 50000)  Lm: 6.4105, Lt: 5.7372, Acc m&t: 3.75 5.82,  Val cost: 145.56s
[11-08 14:14:07] (distill/train_distill.py, line 340)=> [saving ckpt] ep12 ...     [saving ckpt](*) finished!  @ /home/project/real_prune/VAR_train/distill_d16_scale_aware_256_0.6_3_fromft20_withoutprogress/ar-ckpt-ep012.pth
[11-08 14:14:12] (distill/train_distill.py, line 361)=>      [ep11]  (training )  Lm: 6.386 (6.411), Lt: 5.713 (5.737),  Acc m&t: 3.85 5.91,  Remain: 9:16:10,  Finish: 2025-11-08 23:27
[11-08 14:14:13] (/VAR_train/utils/misc.py, line 314)=> [Ep]: [  12/20]  [   0/4947]  eta: 1:09:13  tlr: 4.9e-05  tnm: 0.00  Lm: 6.374 (6.374)  Lt: 5.692 (5.692)  Accm: 4.01 (4.01)  Acct: 5.75 (5.75)  TaskL: 6.3745 (6.3745)  DistillL: 70.6997 (70.6997)  TotalL: 77.0742 (77.0742)  time: 0.8396  data: 0.2492
[11-08 14:32:03] (/VAR_train/utils/misc.py, line 314)=> [Ep]: [  12/20]  [1236/4947]  eta: 0:53:32  tlr: 4.8e-05  tnm: 0.00  Lm: 6.402 (6.402)  Lt: 5.715 (5.715)  Accm: 3.81 (3.81)  Acct: 5.89 (5.89)  TaskL: 6.4019 (6.4019)  DistillL: 73.3629 (73.3629)  TotalL: 79.7648 (79.7648)  time: 0.8622  data: 0.2456
[11-08 14:49:54] (/VAR_train/utils/misc.py, line 314)=> [Ep]: [  12/20]  [2473/4947]  eta: 0:35:42  tlr: 4.7e-05  tnm: 0.00  Lm: 6.429 (6.423)  Lt: 5.698 (5.709)  Accm: 3.61 (3.73)  Acct: 6.01 (5.93)  TaskL: 6.4293 (6.4232)  DistillL: 72.8540 (73.1933)  TotalL: 79.3197 (79.6165)  time: 0.8678  data: 0.2562
[11-08 15:07:45] (/VAR_train/utils/misc.py, line 314)=> [Ep]: [  12/20]  [3709/4947]  eta: 0:17:52  tlr: 4.6e-05  tnm: 0.00  Lm: 6.416 (6.418)  Lt: 5.718 (5.729)  Accm: 3.59 (3.66)  Acct: 5.88 (5.76)  TaskL: 6.4158 (6.4180)  DistillL: 74.4401 (74.6762)  TotalL: 80.8876 (81.0942)  time: 0.8605  data: 0.2489
[11-08 15:25:39] (/VAR_train/utils/misc.py, line 314)=> [Ep]: [  12/20]  [4946/4947]  eta: 0:00:00  tlr: 4.4e-05  tnm: 0.00  Lm: 6.407 (6.416)  Lt: 5.713 (5.726)  Accm: 3.61 (3.67)  Acct: 5.75 (5.75)  TaskL: 6.4066 (6.4157)  DistillL: 72.8540 (73.5823)  TotalL: 79.3197 (79.9980)  time: 0.8633  data: 0.2502
[11-08 15:25:39] (/VAR_train/utils/misc.py, line 336)=> [Ep]: [  12/20]   Total time:      1:11:26   (0.867 s / it)
[11-08 15:28:04] (/distillation_trainer.py, line 355)=> [验证蒸馏] 蒸馏损失: 59.1744, Logits相似度: 0.1923
[11-08 15:28:04] (distill/train_distill.py, line 332)=>  [*] [ep12]  (val 50000)  Lm: 6.4240, Lt: 5.7468, Acc m&t: 3.70 5.76,  Val cost: 145.28s
[11-08 15:28:04] (distill/train_distill.py, line 340)=> [saving ckpt] ep13 ...     [saving ckpt](*) finished!  @ /home/project/real_prune/VAR_train/distill_d16_scale_aware_256_0.6_3_fromft20_withoutprogress/ar-ckpt-ep013.pth (best)
[11-08 15:28:12] (distill/train_distill.py, line 361)=>      [ep12]  (training )  Lm: 6.386 (6.424), Lt: 5.713 (5.747),  Acc m&t: 3.85 5.91,  Remain: 8:19:25,  Finish: 2025-11-08 23:45
[11-08 15:28:13] (/VAR_train/utils/misc.py, line 314)=> [Ep]: [  13/20]  [   0/4947]  eta: 1:16:32  tlr: 4.4e-05  tnm: 0.00  Lm: 6.406 (6.406)  Lt: 5.677 (5.677)  Accm: 3.93 (3.93)  Acct: 6.50 (6.50)  TaskL: 6.4055 (6.4055)  DistillL: 75.5147 (75.5147)  TotalL: 81.9202 (81.9202)  time: 0.9284  data: 0.3634
[11-08 15:46:05] (/VAR_train/utils/misc.py, line 314)=> [Ep]: [  13/20]  [1236/4947]  eta: 0:53:37  tlr: 4.3e-05  tnm: 0.00  Lm: 6.406 (6.406)  Lt: 5.687 (5.687)  Accm: 3.99 (3.99)  Acct: 6.50 (6.50)  TaskL: 6.4062 (6.4062)  DistillL: 76.6542 (76.6542)  TotalL: 83.0604 (83.0604)  time: 0.8626  data: 0.2488
[11-08 16:03:56] (/VAR_train/utils/misc.py, line 314)=> [Ep]: [  13/20]  [2473/4947]  eta: 0:35:43  tlr: 4.2e-05  tnm: 0.00  Lm: 6.406 (6.375)  Lt: 5.697 (5.708)  Accm: 4.05 (4.10)  Acct: 6.50 (6.31)  TaskL: 6.4055 (6.3755)  DistillL: 75.8264 (76.3783)  TotalL: 82.1404 (82.7537)  time: 0.8580  data: 0.2427
[11-08 16:21:47] (/VAR_train/utils/misc.py, line 314)=> [Ep]: [  13/20]  [3709/4947]  eta: 0:17:52  tlr: 4.1e-05  tnm: 0.00  Lm: 6.406 (6.417)  Lt: 5.724 (5.765)  Accm: 3.99 (3.90)  Acct: 6.21 (5.99)  TaskL: 6.4062 (6.4174)  DistillL: 76.5625 (76.6083)  TotalL: 82.9911 (83.0258)  time: 0.8639  data: 0.2507
[11-08 16:39:42] (/VAR_train/utils/misc.py, line 314)=> [Ep]: [  13/20]  [4946/4947]  eta: 0:00:00  tlr: 3.9e-05  tnm: 0.00  Lm: 6.407 (6.428)  Lt: 5.751 (5.767)  Accm: 3.93 (3.81)  Acct: 5.91 (5.95)  TaskL: 6.4069 (6.4277)  DistillL: 75.8264 (75.2174)  TotalL: 82.1404 (81.6451)  time: 0.8759  data: 0.2493
[11-08 16:39:42] (/VAR_train/utils/misc.py, line 336)=> [Ep]: [  13/20]   Total time:      1:11:29   (0.867 s / it)
[11-08 16:42:07] (/distillation_trainer.py, line 355)=> [验证蒸馏] 蒸馏损失: 58.1848, Logits相似度: 0.1923
[11-08 16:42:07] (distill/train_distill.py, line 332)=>  [*] [ep13]  (val 50000)  Lm: 6.4207, Lt: 5.7436, Acc m&t: 3.71 5.81,  Val cost: 145.25s
[11-08 16:42:07] (distill/train_distill.py, line 340)=> [saving ckpt] ep14 ...     [saving ckpt](*) finished!  @ /home/project/real_prune/VAR_train/distill_d16_scale_aware_256_0.6_3_fromft20_withoutprogress/ar-ckpt-ep014.pth (best)
[11-08 16:42:15] (distill/train_distill.py, line 361)=>      [ep13]  (training )  Lm: 6.386 (6.421), Lt: 5.713 (5.744),  Acc m&t: 3.85 5.91,  Remain: 7:08:54,  Finish: 2025-11-08 23:48
[11-08 16:42:16] (/VAR_train/utils/misc.py, line 314)=> [Ep]: [  14/20]  [   0/4947]  eta: 1:08:55  tlr: 3.9e-05  tnm: 0.00  Lm: 6.477 (6.477)  Lt: 5.774 (5.774)  Accm: 3.62 (3.62)  Acct: 5.69 (5.69)  TaskL: 6.4771 (6.4771)  DistillL: 69.5485 (69.5485)  TotalL: 76.0256 (76.0256)  time: 0.8360  data: 0.2503
[11-08 17:00:06] (/VAR_train/utils/misc.py, line 314)=> [Ep]: [  14/20]  [1236/4947]  eta: 0:53:32  tlr: 3.8e-05  tnm: 0.00  Lm: 6.494 (6.494)  Lt: 5.776 (5.776)  Accm: 3.44 (3.44)  Acct: 5.65 (5.65)  TaskL: 6.4938 (6.4938)  DistillL: 66.8755 (66.8755)  TotalL: 73.3693 (73.3693)  time: 0.8658  data: 0.2516
[11-08 17:18:00] (/VAR_train/utils/misc.py, line 314)=> [Ep]: [  14/20]  [2473/4947]  eta: 0:35:44  tlr: 3.7e-05  tnm: 0.00  Lm: 6.492 (6.493)  Lt: 5.778 (5.795)  Accm: 3.41 (3.43)  Acct: 5.62 (5.62)  TaskL: 6.4922 (6.4932)  DistillL: 67.6056 (67.1189)  TotalL: 74.0978 (73.6121)  time: 0.8602  data: 0.2467
[11-08 17:35:54] (/VAR_train/utils/misc.py, line 314)=> [Ep]: [  14/20]  [3709/4947]  eta: 0:17:53  tlr: 3.6e-05  tnm: 0.00  Lm: 6.485 (6.471)  Lt: 5.776 (5.781)  Accm: 3.51 (3.55)  Acct: 5.65 (5.76)  TaskL: 6.4846 (6.4707)  DistillL: 68.5770 (69.3193)  TotalL: 75.0617 (75.7900)  time: 0.8765  data: 0.2499
[11-08 17:53:45] (/VAR_train/utils/misc.py, line 314)=> [Ep]: [  14/20]  [4946/4947]  eta: 0:00:00  tlr: 3.5e-05  tnm: 0.00  Lm: 6.477 (6.455)  Lt: 5.774 (5.764)  Accm: 3.62 (3.59)  Acct: 5.69 (5.81)  TaskL: 6.4771 (6.4545)  DistillL: 68.7142 (69.1983)  TotalL: 75.1041 (75.6528)  time: 0.8587  data: 0.2533
[11-08 17:53:45] (/VAR_train/utils/misc.py, line 336)=> [Ep]: [  14/20]   Total time:      1:11:30   (0.867 s / it)
[11-08 17:56:10] (/distillation_trainer.py, line 355)=> [验证蒸馏] 蒸馏损失: 57.4251, Logits相似度: 0.1924
[11-08 17:56:10] (distill/train_distill.py, line 332)=>  [*] [ep14]  (val 50000)  Lm: 6.4408, Lt: 5.7606, Acc m&t: 3.60 5.71,  Val cost: 144.80s
[11-08 17:56:10] (distill/train_distill.py, line 340)=> [saving ckpt] ep15 ...     [saving ckpt](*) finished!  @ /home/project/real_prune/VAR_train/distill_d16_scale_aware_256_0.6_3_fromft20_withoutprogress/ar-ckpt-ep015.pth (best)
[11-08 17:56:18] (distill/train_distill.py, line 361)=>      [ep14]  (training )  Lm: 6.386 (6.441), Lt: 5.713 (5.761),  Acc m&t: 3.85 5.91,  Remain: 5:49:54,  Finish: 2025-11-08 23:43
[11-08 17:56:19] (/VAR_train/utils/misc.py, line 314)=> [Ep]: [  15/20]  [   0/4947]  eta: 1:15:58  tlr: 3.5e-05  tnm: 0.00  Lm: 6.312 (6.312)  Lt: 5.666 (5.666)  Accm: 4.06 (4.06)  Acct: 5.77 (5.77)  TaskL: 6.3122 (6.3122)  DistillL: 76.0463 (76.0463)  TotalL: 82.3585 (82.3585)  time: 0.9214  data: 0.2483
[11-08 18:14:09] (/VAR_train/utils/misc.py, line 314)=> [Ep]: [  15/20]  [1236/4947]  eta: 0:53:31  tlr: 3.3e-05  tnm: 0.00  Lm: 6.287 (6.287)  Lt: 5.609 (5.609)  Accm: 4.17 (4.17)  Acct: 6.20 (6.20)  TaskL: 6.2872 (6.2872)  DistillL: 78.1021 (78.1021)  TotalL: 84.3892 (84.3892)  time: 0.8679  data: 0.2636
[11-08 18:32:00] (/VAR_train/utils/misc.py, line 314)=> [Ep]: [  15/20]  [2473/4947]  eta: 0:35:42  tlr: 3.2e-05  tnm: 0.00  Lm: 6.312 (6.327)  Lt: 5.666 (5.651)  Accm: 4.06 (4.09)  Acct: 6.05 (6.15)  TaskL: 6.3122 (6.3268)  DistillL: 76.0463 (73.9518)  TotalL: 82.3585 (80.2786)  time: 0.8702  data: 0.2492
[11-08 18:49:54] (/VAR_train/utils/misc.py, line 314)=> [Ep]: [  15/20]  [3709/4947]  eta: 0:17:53  tlr: 3.1e-05  tnm: 0.00  Lm: 6.359 (6.352)  Lt: 5.700 (5.672)  Accm: 3.99 (4.04)  Acct: 6.25 (6.23)  TaskL: 6.3592 (6.3522)  DistillL: 74.2198 (73.5622)  TotalL: 80.5901 (79.9144)  time: 0.8760  data: 0.2475
[11-08 19:07:46] (/VAR_train/utils/misc.py, line 314)=> [Ep]: [  15/20]  [4946/4947]  eta: 0:00:00  tlr: 3e-05  tnm: 0.00  Lm: 6.406 (6.372)  Lt: 5.718 (5.681)  Accm: 3.93 (3.97)  Acct: 6.05 (6.18)  TaskL: 6.4061 (6.3724)  DistillL: 76.0463 (74.3717)  TotalL: 82.3585 (80.7442)  time: 0.8986  data: 0.2456
[11-08 19:07:46] (/VAR_train/utils/misc.py, line 336)=> [Ep]: [  15/20]   Total time:      1:11:27   (0.867 s / it)
[11-08 19:10:11] (/distillation_trainer.py, line 355)=> [验证蒸馏] 蒸馏损失: 56.7997, Logits相似度: 0.1924
[11-08 19:10:11] (distill/train_distill.py, line 332)=>  [*] [ep15]  (val 50000)  Lm: 6.4046, Lt: 5.7321, Acc m&t: 3.77 5.88,  Val cost: 145.38s
[11-08 19:10:11] (distill/train_distill.py, line 340)=> [saving ckpt] ep16 ...     [saving ckpt](*) finished!  @ /home/project/real_prune/VAR_train/distill_d16_scale_aware_256_0.6_3_fromft20_withoutprogress/ar-ckpt-ep016.pth (best)
[11-08 19:10:19] (distill/train_distill.py, line 361)=>      [ep15]  (training )  Lm: 6.386 (6.405), Lt: 5.713 (5.732),  Acc m&t: 3.85 5.91,  Remain: 4:56:10,  Finish: 2025-11-09 00:03
[11-08 19:10:20] (/VAR_train/utils/misc.py, line 314)=> [Ep]: [  16/20]  [   0/4947]  eta: 1:10:44  tlr: 3e-05  tnm: 0.00  Lm: 6.363 (6.363)  Lt: 5.767 (5.767)  Accm: 4.09 (4.09)  Acct: 6.01 (6.01)  TaskL: 6.3633 (6.3633)  DistillL: 80.6959 (80.6959)  TotalL: 87.0592 (87.0592)  time: 0.8581  data: 0.2640
[11-08 19:28:14] (/VAR_train/utils/misc.py, line 314)=> [Ep]: [  16/20]  [1236/4947]  eta: 0:53:45  tlr: 2.8e-05  tnm: 0.00  Lm: 6.382 (6.382)  Lt: 5.760 (5.760)  Accm: 4.04 (4.04)  Acct: 5.99 (5.99)  TaskL: 6.3817 (6.3817)  DistillL: 76.9036 (76.9036)  TotalL: 83.2853 (83.2853)  time: 0.8690  data: 0.2599
[11-08 19:46:10] (/VAR_train/utils/misc.py, line 314)=> [Ep]: [  16/20]  [2473/4947]  eta: 0:35:51  tlr: 2.7e-05  tnm: 0.00  Lm: 6.400 (6.419)  Lt: 5.767 (5.772)  Accm: 3.98 (3.85)  Acct: 5.96 (5.89)  TaskL: 6.4001 (6.4187)  DistillL: 73.1114 (75.4528)  TotalL: 79.5115 (81.8715)  time: 0.8798  data: 0.2592
[11-08 20:04:01] (/VAR_train/utils/misc.py, line 314)=> [Ep]: [  16/20]  [3709/4947]  eta: 0:17:55  tlr: 2.6e-05  tnm: 0.00  Lm: 6.417 (6.422)  Lt: 5.760 (5.766)  Accm: 3.89 (3.84)  Acct: 5.83 (5.81)  TaskL: 6.4169 (6.4225)  DistillL: 72.8313 (72.8556)  TotalL: 79.2776 (79.2781)  time: 0.8629  data: 0.2525
[11-08 20:21:54] (/VAR_train/utils/misc.py, line 314)=> [Ep]: [  16/20]  [4946/4947]  eta: 0:00:00  tlr: 2.5e-05  tnm: 0.00  Lm: 6.429 (6.424)  Lt: 5.753 (5.753)  Accm: 3.80 (3.83)  Acct: 5.96 (5.86)  TaskL: 6.4286 (6.4237)  DistillL: 73.1114 (73.3352)  TotalL: 79.5115 (79.7589)  time: 0.8658  data: 0.2491
[11-08 20:21:54] (/VAR_train/utils/misc.py, line 336)=> [Ep]: [  16/20]   Total time:      1:11:35   (0.868 s / it)
[11-08 20:24:20] (/distillation_trainer.py, line 355)=> [验证蒸馏] 蒸馏损失: 56.0680, Logits相似度: 0.1926
[11-08 20:24:20] (distill/train_distill.py, line 332)=>  [*] [ep16]  (val 50000)  Lm: 6.4171, Lt: 5.7376, Acc m&t: 3.72 5.84,  Val cost: 145.55s
[11-08 20:24:20] (distill/train_distill.py, line 340)=> [saving ckpt] ep17 ...     [saving ckpt](*) finished!  @ /home/project/real_prune/VAR_train/distill_d16_scale_aware_256_0.6_3_fromft20_withoutprogress/ar-ckpt-ep017.pth (best)
[11-08 20:24:28] (distill/train_distill.py, line 361)=>      [ep16]  (training )  Lm: 6.386 (6.417), Lt: 5.713 (5.738),  Acc m&t: 3.85 5.91,  Remain: 3:34:31,  Finish: 2025-11-08 23:56
[11-08 20:24:29] (/VAR_train/utils/misc.py, line 314)=> [Ep]: [  17/20]  [   0/4947]  eta: 1:10:51  tlr: 2.5e-05  tnm: 0.00  Lm: 6.455 (6.455)  Lt: 5.832 (5.832)  Accm: 3.55 (3.55)  Acct: 5.50 (5.50)  TaskL: 6.4550 (6.4550)  DistillL: 63.1866 (63.1866)  TotalL: 69.6416 (69.6416)  time: 0.8593  data: 0.2663
[11-08 20:42:23] (/VAR_train/utils/misc.py, line 314)=> [Ep]: [  17/20]  [1236/4947]  eta: 0:53:44  tlr: 2.4e-05  tnm: 0.00  Lm: 6.439 (6.439)  Lt: 5.780 (5.780)  Accm: 3.66 (3.66)  Acct: 5.83 (5.83)  TaskL: 6.4390 (6.4390)  DistillL: 66.7436 (66.7436)  TotalL: 73.1826 (73.1826)  time: 0.8766  data: 0.2616
[11-08 21:00:13] (/VAR_train/utils/misc.py, line 314)=> [Ep]: [  17/20]  [2473/4947]  eta: 0:35:45  tlr: 2.2e-05  tnm: 0.00  Lm: 6.426 (6.435)  Lt: 5.738 (5.766)  Accm: 3.57 (3.63)  Acct: 5.85 (5.83)  TaskL: 6.4259 (6.4346)  DistillL: 67.6463 (67.0445)  TotalL: 74.0722 (73.4791)  time: 0.8511  data: 0.2527
[11-08 21:18:06] (/VAR_train/utils/misc.py, line 314)=> [Ep]: [  17/20]  [3709/4947]  eta: 0:17:53  tlr: 2.1e-05  tnm: 0.00  Lm: 6.440 (6.450)  Lt: 5.774 (5.777)  Accm: 3.56 (3.55)  Acct: 5.72 (5.77)  TaskL: 6.4405 (6.4499)  DistillL: 65.4165 (65.9769)  TotalL: 71.8569 (72.4268)  time: 0.8745  data: 0.2676
[11-08 21:35:56] (/VAR_train/utils/misc.py, line 314)=> [Ep]: [  17/20]  [4946/4947]  eta: 0:00:00  tlr: 2e-05  tnm: 0.00  Lm: 6.426 (6.445)  Lt: 5.738 (5.768)  Accm: 3.57 (3.62)  Acct: 5.85 (5.87)  TaskL: 6.4259 (6.4446)  DistillL: 67.6463 (67.0460)  TotalL: 74.0722 (73.4906)  time: 0.8466  data: 0.2389
[11-08 21:35:56] (/VAR_train/utils/misc.py, line 336)=> [Ep]: [  17/20]   Total time:      1:11:27   (0.867 s / it)
[11-08 21:38:21] (/distillation_trainer.py, line 355)=> [验证蒸馏] 蒸馏损失: 55.4087, Logits相似度: 0.1927
[11-08 21:38:21] (distill/train_distill.py, line 332)=>  [*] [ep17]  (val 50000)  Lm: 6.3937, Lt: 5.7269, Acc m&t: 3.85 5.95,  Val cost: 145.41s
[11-08 21:38:21] (distill/train_distill.py, line 340)=> [saving ckpt] ep18 ...     [saving ckpt](*) finished!  @ /home/project/real_prune/VAR_train/distill_d16_scale_aware_256_0.6_3_fromft20_withoutprogress/ar-ckpt-ep018.pth (best)
[11-08 21:38:29] (distill/train_distill.py, line 361)=>      [ep17]  (training )  Lm: 6.386 (6.394), Lt: 5.713 (5.727),  Acc m&t: 3.85 5.95,  Remain: 2:18:57,  Finish: 2025-11-08 23:54
[11-08 21:38:30] (/VAR_train/utils/misc.py, line 314)=> [Ep]: [  18/20]  [   0/4947]  eta: 1:17:24  tlr: 2e-05  tnm: 0.00  Lm: 6.482 (6.482)  Lt: 5.821 (5.821)  Accm: 3.48 (3.48)  Acct: 5.47 (5.47)  TaskL: 6.4816 (6.4816)  DistillL: 72.1085 (72.1085)  TotalL: 78.5901 (78.5901)  time: 0.9388  data: 0.2531
[11-08 21:56:20] (/VAR_train/utils/misc.py, line 314)=> [Ep]: [  18/20]  [1236/4947]  eta: 0:53:34  tlr: 1.9e-05  tnm: 0.00  Lm: 6.465 (6.465)  Lt: 5.793 (5.793)  Accm: 3.55 (3.55)  Acct: 5.67 (5.67)  TaskL: 6.4653 (6.4653)  DistillL: 67.7621 (67.7621)  TotalL: 74.2274 (74.2274)  time: 0.8663  data: 0.2481
[11-08 22:14:11] (/VAR_train/utils/misc.py, line 314)=> [Ep]: [  18/20]  [2473/4947]  eta: 0:35:42  tlr: 1.7e-05  tnm: 0.00  Lm: 6.449 (6.460)  Lt: 5.764 (5.778)  Accm: 3.48 (3.48)  Acct: 5.47 (5.56)  TaskL: 6.4492 (6.4600)  DistillL: 72.1085 (70.5145)  TotalL: 78.5901 (76.9745)  time: 0.8613  data: 0.2514
[11-08 22:32:01] (/VAR_train/utils/misc.py, line 314)=> [Ep]: [  18/20]  [3709/4947]  eta: 0:17:52  tlr: 1.6e-05  tnm: 0.00  Lm: 6.462 (6.464)  Lt: 5.759 (5.772)  Accm: 3.41 (3.44)  Acct: 5.47 (5.54)  TaskL: 6.4620 (6.4636)  DistillL: 67.7621 (68.1745)  TotalL: 74.2274 (74.6381)  time: 0.8519  data: 0.2501
[11-08 22:49:55] (/VAR_train/utils/misc.py, line 314)=> [Ep]: [  18/20]  [4946/4947]  eta: 0:00:00  tlr: 1.5e-05  tnm: 0.00  Lm: 6.473 (6.466)  Lt: 5.764 (5.781)  Accm: 3.42 (3.43)  Acct: 5.47 (5.53)  TaskL: 6.4732 (6.4656)  DistillL: 67.0410 (67.9478)  TotalL: 73.5142 (74.4134)  time: 0.8700  data: 0.2488
[11-08 22:49:55] (/VAR_train/utils/misc.py, line 336)=> [Ep]: [  18/20]   Total time:      1:11:25   (0.866 s / it)
[11-08 22:52:20] (/distillation_trainer.py, line 355)=> [验证蒸馏] 蒸馏损失: 54.6158, Logits相似度: 0.1927
[11-08 22:52:20] (distill/train_distill.py, line 332)=>  [*] [ep18]  (val 50000)  Lm: 6.4027, Lt: 5.7277, Acc m&t: 3.78 5.88,  Val cost: 145.00s
[11-08 22:52:20] (distill/train_distill.py, line 340)=> [saving ckpt] ep19 ...     [saving ckpt](*) finished!  @ /home/project/real_prune/VAR_train/distill_d16_scale_aware_256_0.6_3_fromft20_withoutprogress/ar-ckpt-ep019.pth (best)
[11-08 22:52:28] (distill/train_distill.py, line 361)=>      [ep18]  (training )  Lm: 6.386 (6.403), Lt: 5.713 (5.728),  Acc m&t: 3.85 5.95,  Remain: 1:11:37,  Finish: 2025-11-09 00:01
[11-08 22:52:29] (/VAR_train/utils/misc.py, line 314)=> [Ep]: [  19/20]  [   0/4947]  eta: 1:15:42  tlr: 1.5e-05  tnm: 0.00  Lm: 6.476 (6.476)  Lt: 5.821 (5.821)  Accm: 3.40 (3.40)  Acct: 5.56 (5.56)  TaskL: 6.4760 (6.4760)  DistillL: 72.1586 (72.1586)  TotalL: 78.6345 (78.6345)  time: 0.9183  data: 0.2470
[11-08 23:10:18] (/VAR_train/utils/misc.py, line 314)=> [Ep]: [  19/20]  [1236/4947]  eta: 0:53:30  tlr: 1.4e-05  tnm: 0.00  Lm: 6.387 (6.387)  Lt: 5.751 (5.751)  Accm: 3.89 (3.89)  Acct: 6.03 (6.03)  TaskL: 6.3872 (6.3872)  DistillL: 75.0237 (75.0237)  TotalL: 81.4109 (81.4109)  time: 0.8636  data: 0.2458
[11-08 23:28:12] (/VAR_train/utils/misc.py, line 314)=> [Ep]: [  19/20]  [2473/4947]  eta: 0:35:44  tlr: 1.3e-05  tnm: 0.00  Lm: 6.424 (6.400)  Lt: 5.691 (5.731)  Accm: 3.49 (3.75)  Acct: 5.83 (5.96)  TaskL: 6.4242 (6.3995)  DistillL: 72.1586 (70.4392)  TotalL: 78.6345 (76.8387)  time: 0.8551  data: 0.2522
[11-08 23:46:04] (/VAR_train/utils/misc.py, line 314)=> [Ep]: [  19/20]  [3709/4947]  eta: 0:17:53  tlr: 1.1e-05  tnm: 0.00  Lm: 6.381 (6.384)  Lt: 5.686 (5.709)  Accm: 3.70 (3.80)  Acct: 5.96 (5.99)  TaskL: 6.3811 (6.3841)  DistillL: 69.7664 (69.6729)  TotalL: 76.1733 (76.0570)  time: 0.8626  data: 0.2458
[11-09 00:03:55] (/VAR_train/utils/misc.py, line 314)=> [Ep]: [  19/20]  [4946/4947]  eta: 0:00:00  tlr: 1e-05  tnm: 0.00  Lm: 6.345 (6.376)  Lt: 5.682 (5.700)  Accm: 3.91 (3.82)  Acct: 6.09 (6.07)  TaskL: 6.3454 (6.3764)  DistillL: 72.1586 (70.3246)  TotalL: 78.6345 (76.7010)  time: 0.8676  data: 0.2523
[11-09 00:03:55] (/VAR_train/utils/misc.py, line 336)=> [Ep]: [  19/20]   Total time:      1:11:27   (0.867 s / it)
[11-09 00:06:20] (/distillation_trainer.py, line 355)=> [验证蒸馏] 蒸馏损失: 54.0899, Logits相似度: 0.1928
[11-09 00:06:20] (distill/train_distill.py, line 332)=>  [*] [ep19]  (val 50000)  Lm: 6.3936, Lt: 5.7190, Acc m&t: 3.79 5.90,  Val cost: 145.31s
[11-09 00:06:20] (distill/train_distill.py, line 340)=> [saving ckpt] ep20 ...     [saving ckpt](*) finished!  @ /home/project/real_prune/VAR_train/distill_d16_scale_aware_256_0.6_3_fromft20_withoutprogress/ar-ckpt-ep020.pth (best)
[11-09 00:06:28] (distill/train_distill.py, line 361)=>      [ep19]  (training )  Lm: 6.386 (6.394), Lt: 5.713 (5.719),  Acc m&t: 3.85 5.95,  Remain: 0:00:13,  Finish: 2025-11-09 00:04
[11-09 00:06:28] (distill/train_distill.py, line 367)=> \n\n
[11-09 00:06:28] (distill/train_distill.py, line 368)=>   [*] [蒸馏训练完成]  总耗时: 24.7h,   Lm: 6.386 (6.393582398550851),   Lt: 5.713 (5.718987778254918)
[11-09 00:06:28] (distill/train_distill.py, line 379)=>   [*] [蒸馏统计]  总步数: 98940
[11-09 00:06:28] (distill/train_distill.py, line 380)=>                    平均任务损失: 6.4000
[11-09 00:06:28] (distill/train_distill.py, line 381)=>                    平均蒸馏损失: 69.2293
[11-09 00:06:28] (distill/train_distill.py, line 382)=>                    平均相似度: 0.9373
[11-09 00:06:28] (distill/train_distill.py, line 384)=> \n\n
[11-09 00:06:34] (distill/train_distill.py, line 391)=> final args:

{
  data_path           : /home/project/ImageNet-1K
  exp_name            : text
  vfast               : 0
  vae_path            : /home/project/daily/AR/model_zoo/vae_ch160v4096z32.pth
  var_path            : /home/project/real_prune/VAR_train/train_result/distill_d16_normal_256/ar-ckpt-best.pth
  tfast               : 0
  depth               : 16
  sparsity            : 0.4
  ini                 : -1
  hd                  : 0.02
  aln                 : 0.5
  alng                : 0.001
  fp16                : 1
  tblr                : 0.0001
  tlr                 : 0.00010117187500000001
  twd                 : 0.05
  twde                : 0.05
  tclip               : 2.0
  ls                  : 0.0
  maxlayer            : 16
  bs                  : 259
  batch_size          : 37
  glb_batch_size      : 259
  ac                  : 1
  ep                  : 20
  wp                  : 0.4
  wp0                 : 0.005
  wpe                 : 0.1
  sche                : lin0
  opt                 : adamw
  afuse               : True
  saln                : False
  anorm               : True
  fuse                : True
  pn                  : 1_2_3_4_5_6_8_10_13_16
  patch_size          : 16
  patch_nums          : (1, 2, 3, 4, 5, 6, 8, 10, 13, 16)
  resos               : (16, 32, 48, 64, 80, 96, 128, 160, 208, 256)
  data_load_reso      : 256
  mid_reso            : 1.125
  hflip               : False
  workers             : 0
  pg                  : 0.0
  pg0                 : 4
  pgwp                : 0.06666666666666667
  ckpt_save_interval  : 1
  cmd                 : --enable_distillation=1 --teacher_model_path=/home/project/daily/AR/model_zoo/var_d16.pth --teacher_depth=16 --distill_type=scale_aware --scale_weights_str=2.0,1.8,1.6,1.4,1.2,1.0,0.8,0.6,0.4,0.2 --distill_alpha=0.7 --distill_beta=0.3 --depth=16 --bs=256 --ep=20 --fp16=1 --alng=1e-3 --wpe=0.1 --sparsity=0.4 --var_path=/home/project/real_prune/VAR_train/train_result/distill_d16_normal_256/ar-ckpt-best.pth --vae_path=/home/project/daily/AR/model_zoo/vae_ch160v4096z32.pth --data_path=/home/project/ImageNet-1K --local_out_dir_path=/home/project/real_prune/VAR_train/distill_d16_scale_aware_256_0.6_3_fromft20_withoutprogress
  branch              : main
  commit_id           : 1bf7cb2895b8461062f9dbaf1daffb729258724e
  commit_msg          : 25.9.25
  acc_mean            : 3.786395617893764
  acc_tail            : 5.90281143784523
  L_mean              : 6.393582398550851
  L_tail              : 5.718987778254918
  vacc_mean           : 3.8584141731262207
  vacc_tail           : 6.1900858879089355
  vL_mean             : 6.371453762054443
  vL_tail             : 5.650690078735352
  grad_norm           : 0.0
  cur_lr              : 1.0117187500000001e-05
  cur_wd              : 0.05
  cur_it              : 4947/4947
  cur_ep              : 20/20
  remain_time         : -
  finish_time         : 2025-11-09 00:05
  local_out_dir_path  : /home/project/real_prune/VAR_train/distill_d16_scale_aware_256_0.6_3_fromft20_withoutprogress
  tb_log_dir_path     : /home/project/real_prune/VAR_train/distill_d16_scale_aware_256_0.6_3_fromft20_withoutprogress/tb-VARd16__pn1_2_3_4_5_6_8_10_13_16__b259ep20adamlr0.0001wd0.05
  log_txt_path        : /home/project/real_prune/VAR_train/distill_d16_scale_aware_256_0.6_3_fromft20_withoutprogress/log.txt
  last_ckpt_path      : /home/project/real_prune/VAR_train/distill_d16_scale_aware_256_0.6_3_fromft20_withoutprogress/ar-ckpt-last.pth
  tf32                : True
  seed                : None
  transfer            : False
  enable_distillation : True
  teacher_model_path  : /home/project/daily/AR/model_zoo/var_d16.pth
  teacher_depth       : 16
  distill_type        : scale_aware
  distill_alpha       : 0.7
  distill_beta        : 0.3
  distill_temperature : 4.0
  scale_weights_str   : 2.0,1.8,1.6,1.4,1.2,1.0,0.8,0.6,0.4,0.2
  use_feature_distill : False
  feature_layers_str  : 4,8,12,15
  use_attention_distill: False
  distill_warmup_epochs: 5
  distill_schedule    : constant
  same_seed_for_all_ranks: 0
  local_debug         : False
  dbg_nan             : False
}

