{
  "T1": {
    "tokens": 4800.0,
    "trace_sum": 9440848.551381567,
    "trace_per_token": 1966.8434482044931,
    "dim": 4096,
    "mean_diag": 2304.894665864642
  },
  "T4": {
    "tokens": 19200.0,
    "trace_sum": 3837814.584183634,
    "trace_per_token": 199.88617625956425,
    "dim": 4096,
    "mean_diag": 936.9664512167096
  },
  "T9": {
    "tokens": 43200.0,
    "trace_sum": 7081182.62244825,
    "trace_per_token": 163.9162644085243,
    "dim": 4096,
    "mean_diag": 1728.8043511836547
  },
  "T16": {
    "tokens": 76800.0,
    "trace_sum": 9793332.745757904,
    "trace_per_token": 127.51735346038937,
    "dim": 4096,
    "mean_diag": 2390.9503773823017
  },
  "T25": {
    "tokens": 120000.0,
    "trace_sum": 14671722.258745853,
    "trace_per_token": 122.26435215621544,
    "dim": 4096,
    "mean_diag": 3581.963442076621
  },
  "T36": {
    "tokens": 172800.0,
    "trace_sum": 20286548.1867564,
    "trace_per_token": 117.39900571039583,
    "dim": 4096,
    "mean_diag": 4952.770553407303
  },
  "T64": {
    "tokens": 307200.0,
    "trace_sum": 36635164.652497366,
    "trace_per_token": 119.2550932698482,
    "dim": 4096,
    "mean_diag": 8944.131995238607
  },
  "T100": {
    "tokens": 480000.0,
    "trace_sum": 61616662.09260127,
    "trace_per_token": 128.36804602625264,
    "dim": 4096,
    "mean_diag": 15043.130393701525
  },
  "T169": {
    "tokens": 811200.0,
    "trace_sum": 112142360.34244956,
    "trace_per_token": 138.242554662783,
    "dim": 4096,
    "mean_diag": 27378.50594298082
  },
  "T256": {
    "tokens": 1228800.0,
    "trace_sum": 212593336.2958369,
    "trace_per_token": 173.00889998033603,
    "dim": 4096,
    "mean_diag": 51902.66999410075
  }
}