{
  "T1": {
    "tokens": 4800.0,
    "trace_sum": 427316.3541640049,
    "trace_per_token": 89.02424045083436,
    "dim": 1024,
    "mean_diag": 417.3011271132872,
    "lambda_max": 46417.73295339724,
    "lambda_min": 0.011244419044856091,
    "cond": 4128068.5794640183
  },
  "T4": {
    "tokens": 19200.0,
    "trace_sum": 1199394.0397325903,
    "trace_per_token": 62.468439569405746,
    "dim": 1024,
    "mean_diag": 1171.2832419263573,
    "lambda_max": 132375.82061896397,
    "lambda_min": 0.3666068686605407,
    "cond": 361083.85285475175
  },
  "T9": {
    "tokens": 43200.0,
    "trace_sum": 4770873.864818697,
    "trace_per_token": 110.43689501895132,
    "dim": 1024,
    "mean_diag": 4659.056508612011,
    "lambda_max": 731440.3026373632,
    "lambda_min": 2.7547292620646786,
    "cond": 265521.6658529798
  },
  "T16": {
    "tokens": 76800.0,
    "trace_sum": 9365999.080857597,
    "trace_per_token": 121.95311303199996,
    "dim": 1024,
    "mean_diag": 9146.4834774,
    "lambda_max": 1446900.1551293686,
    "lambda_min": 9.681240775321612,
    "cond": 149453.99961724455
  },
  "T25": {
    "tokens": 120000.0,
    "trace_sum": 14959494.297134943,
    "trace_per_token": 124.66245247612453,
    "dim": 1024,
    "mean_diag": 14608.88114954586,
    "lambda_max": 2247760.262412113,
    "lambda_min": 33.7065580203683,
    "cond": 66686.14045533305
  },
  "T36": {
    "tokens": 172800.0,
    "trace_sum": 21713976.409357764,
    "trace_per_token": 125.65958570230187,
    "dim": 1024,
    "mean_diag": 21205.05508726344,
    "lambda_max": 3202884.367763599,
    "lambda_min": 86.50616090321068,
    "cond": 37024.927870134205
  },
  "T64": {
    "tokens": 307200.0,
    "trace_sum": 39963935.5016442,
    "trace_per_token": 130.09093587774805,
    "dim": 1024,
    "mean_diag": 39027.280763324394,
    "lambda_max": 5539271.313674223,
    "lambda_min": 379.5050509951108,
    "cond": 14596.0410781083
  },
  "T100": {
    "tokens": 480000.0,
    "trace_sum": 64577797.666302755,
    "trace_per_token": 134.53707847146407,
    "dim": 1024,
    "mean_diag": 63064.25553349877,
    "lambda_max": 8294356.26445137,
    "lambda_min": 1120.2121304146033,
    "cond": 7404.272850876498
  },
  "T169": {
    "tokens": 811200.0,
    "trace_sum": 114164860.89133117,
    "trace_per_token": 140.73577526051673,
    "dim": 1024,
    "mean_diag": 111489.12196419062,
    "lambda_max": 13495548.692911576,
    "lambda_min": 3644.4378318480212,
    "cond": 3703.0536163840266
  },
  "T256": {
    "tokens": 1228800.0,
    "trace_sum": 196702623.87636217,
    "trace_per_token": 160.07700510771662,
    "dim": 1024,
    "mean_diag": 192092.40612925976,
    "lambda_max": 20843427.77338759,
    "lambda_min": 11100.145486712818,
    "cond": 1877.761674235509
  }
}