{
  "T1": {
    "tokens": 480.0,
    "trace_sum": 48726.43910798107,
    "trace_per_token": 101.51341480829389,
    "dim": 1024,
    "mean_diag": 47.58441319138774,
    "lambda_max": 10552.169574847303,
    "lambda_min": 1e-12,
    "cond": 1.0552169574847304e+16
  },
  "T100": {
    "tokens": 48000.0,
    "trace_sum": 4315707.401190444,
    "trace_per_token": 89.91057085813425,
    "dim": 1024,
    "mean_diag": 4214.55800897504,
    "lambda_max": 259340.19129899197,
    "lambda_min": 146.12072128679318,
    "cond": 1774.8351432647348
  },
  "T16": {
    "tokens": 7680.0,
    "trace_sum": 545879.9826100594,
    "trace_per_token": 71.07812273568483,
    "dim": 1024,
    "mean_diag": 533.0859205176362,
    "lambda_max": 53267.13281481297,
    "lambda_min": 1.0736904224909531,
    "cond": 49611.25823515651
  },
  "T169": {
    "tokens": 81120.0,
    "trace_sum": 7930058.1795901405,
    "trace_per_token": 97.75712746043072,
    "dim": 1024,
    "mean_diag": 7744.197441005996,
    "lambda_max": 410023.5380648972,
    "lambda_min": 427.1113531123149,
    "cond": 959.9921310381927
  },
  "T25": {
    "tokens": 12000.0,
    "trace_sum": 903700.3995399168,
    "trace_per_token": 75.3083666283264,
    "dim": 1024,
    "mean_diag": 882.5199214256996,
    "lambda_max": 77249.59474416613,
    "lambda_min": 4.742294113306936,
    "cond": 16289.498900416744
  },
  "T256": {
    "tokens": 122880.0,
    "trace_sum": 14112823.936983151,
    "trace_per_token": 114.85045521633424,
    "dim": 1024,
    "mean_diag": 13782.054625960116,
    "lambda_max": 609317.9940572463,
    "lambda_min": 1177.127747427429,
    "cond": 517.631153788439
  },
  "T36": {
    "tokens": 17280.0,
    "trace_sum": 1347852.967602132,
    "trace_per_token": 78.00075043993819,
    "dim": 1024,
    "mean_diag": 1316.2626636739571,
    "lambda_max": 108286.31310348678,
    "lambda_min": 12.966694741983835,
    "cond": 8351.111463500032
  },
  "T4": {
    "tokens": 1920.0,
    "trace_sum": 78366.83504127269,
    "trace_per_token": 40.816059917329525,
    "dim": 1024,
    "mean_diag": 76.53011234499286,
    "lambda_max": 6537.518601291016,
    "lambda_min": 0.0030655777850429927,
    "cond": 2132556.7510267342
  },
  "T64": {
    "tokens": 30720.0,
    "trace_sum": 2594831.0880531073,
    "trace_per_token": 84.46715781422876,
    "dim": 1024,
    "mean_diag": 2534.014734426863,
    "lambda_max": 184955.97783683165,
    "lambda_min": 55.895203538052165,
    "cond": 3308.9776247244163
  },
  "T9": {
    "tokens": 4320.0,
    "trace_sum": 276162.0897150824,
    "trace_per_token": 63.926409656269065,
    "dim": 1024,
    "mean_diag": 269.6895407373852,
    "lambda_max": 29131.049061522215,
    "lambda_min": 0.16858952482723738,
    "cond": 172792.75857366787
  }
}